ros_time,state,stage,phase,progress,energy_min_remaining_fraction,energy_min_usable_margin_wh,energy_max_required_to_land_wh,energy_all_reserve_safe,energy_return_level,energy_return_action,energy_return_safety_override,energy_return_slots,energy_landing_order,energy_return_control_mode,energy_return_control_applied,energy_alternate_landing,energy_diversion_state,dynamic_action,dynamic_risk,speed_scale,avoidance_state,avoidance_offset_x,avoidance_offset_y,avoidance_offset_z,avoidance_failure,avoidance_algorithm,orca_max_command_speed_mps,planner_viable,planner_reason,planner_time_ms,planner_rejections,mpc_viable,mpc_total_solve_ms,mpc_max_solve_ms,mpc_solver_retries,mpc_warm_started_vehicles,mpc_rejections,mpc_consensus_strength,predicted_separation_m,dynamic_clearance_m,dynamic_time_to_conflict_s,safety_level,safety_message,min_separation_m,min_clearance_m,max_tracking_error_m,track_count,observed_track_count,mean_track_confidence,max_occlusion_s,track_ids,uav0_x,uav0_y,uav0_z,uav1_x,uav1_y,uav1_z,uav2_x,uav2_y,uav2_z
0.296,INITIALIZING,0,,0.0,1.0,160.0,11.127,True,STALE,HOLD_RECOMMENDED,False,{},[],,,{},,,,,,0.0,0.0,0.0,,,0.0,,,,{},,,,,,,,,,,,,,,,0,0,0.0,0.0,[],,,,,,,,,
0.4,INITIALIZING,0,,0.0,1.0,160.0,11.127,True,STALE,HOLD_RECOMMENDED,False,{},[],,,{},,,,,,0.0,0.0,0.0,,,0.0,,,,{},,,,,,,,,,,,,,,,0,0,0.0,0.0,[],,,,,,,,,
0.6,INITIALIZING,2,TAKEOFF_HOLD,0.0,0.9998,159.9683,11.127,True,NORMAL,MONITOR,False,{},"[""uav2"", ""uav1"", ""uav0""]",limited,False,{},NONE,SLOW,STALE,0.35,IDLE,0.0,0.0,0.0,,,0.0,,,,{},,,,,,,,,,,,,,,,0,0,0.0,0.0,[],,,,,,,,,
0.8,INITIALIZING,2,TAKEOFF_HOLD,0.0,0.9998,159.9683,11.127,True,NORMAL,MONITOR,False,{},"[""uav2"", ""uav1"", ""uav0""]",limited,False,{},NONE,SLOW,STALE,0.35,IDLE,0.0,0.0,0.0,,,0.0,,,,{},,,,,,,,,,,,,,,,0,0,0.0,0.0,[],,,,,,,,,
1.0,INITIALIZING,2,TAKEOFF_HOLD,0.0,0.9998,159.9683,11.127,True,NORMAL,MONITOR,False,{},"[""uav2"", ""uav1"", ""uav0""]",limited,False,{},NONE,SLOW,STALE,0.35,IDLE,0.0,0.0,0.0,,,0.0,,,,{},,,,,,,,,,,,,,,,0,0,0.0,0.0,[],,,,,,,,,
1.2,INITIALIZING,2,TAKEOFF_HOLD,0.0,0.9997,159.9465,11.127,True,NORMAL,MONITOR,False,{},"[""uav2"", ""uav1"", ""uav0""]",limited,False,{},NONE,SLOW,STALE,0.35,IDLE,0.0,0.0,0.0,,,0.0,,,,{},,,,,,,,,,,,,,,,0,0,0.0,0.0,[],,,,,,,,,
1.4,INITIALIZING,2,TAKEOFF_HOLD,0.0,0.9997,159.9465,11.127,True,NORMAL,MONITOR,False,{},"[""uav2"", ""uav1"", ""uav0""]",limited,False,{},NONE,SLOW,STALE,0.35,IDLE,0.0,0.0,0.0,,,0.0,,,,{},,,,,,,,,,,,,,,,0,0,0.0,0.0,[],,,,,,,,,
1.6,INITIALIZING,2,TAKEOFF_HOLD,0.0,0.9996,159.9198,11.127,True,NORMAL,MONITOR,False,{},"[""uav2"", ""uav1"", ""uav0""]",limited,False,{},NONE,SLOW,STALE,0.35,IDLE,0.0,0.0,0.0,,,0.0,,,,{},,,,,,,,,,,,,,,,0,0,0.0,0.0,[],,,,,,,,,
1.8,INITIALIZING,2,TAKEOFF_HOLD,0.0,0.9996,159.9198,11.127,True,NORMAL,MONITOR,False,{},"[""uav2"", ""uav1"", ""uav0""]",limited,False,{},NONE,SLOW,STALE,0.35,IDLE,0.0,0.0,0.0,,,0.0,,,,{},,,,,,,,,,,,,,,,0,0,0.0,0.0,[],,,,,,,,,
2.0,INITIALIZING,2,TAKEOFF_HOLD,0.0,0.9996,159.9198,11.127,True,NORMAL,MONITOR,False,{},"[""uav2"", ""uav1"", ""uav0""]",limited,False,{},NONE,SLOW,STALE,0.35,IDLE,0.0,0.0,0.0,,,0.0,,,,{},,,,,,,,,,,,,,,,0,0,0.0,0.0,[],,,,,,,,,
2.2,INITIALIZING,2,TAKEOFF_HOLD,0.0,0.9995,159.8931,11.127,True,NORMAL,MONITOR,False,{},"[""uav2"", ""uav1"", ""uav0""]",limited,False,{},NONE,HOLD,STALE,0.0,IDLE,0.0,0.0,0.0,,,0.0,,,,{},,,,,,,,,,,,,,,,0,0,0.0,0.0,[],,,,,,,,,
2.4,INITIALIZING,2,TAKEOFF_HOLD,0.0,0.9995,159.8931,11.127,True,NORMAL,MONITOR,False,{},"[""uav2"", ""uav1"", ""uav0""]",limited,False,{},NONE,HOLD,STALE,0.0,IDLE,0.0,0.0,0.0,,,0.0,,,,{},,,,,,,,,,,,,,,,0,0,0.0,0.0,[],,,,,,,,,
2.6,INITIALIZING,2,TAKEOFF_HOLD,0.0,0.9993,159.8663,11.127,True,NORMAL,MONITOR,True,{},"[""uav2"", ""uav1"", ""uav0""]",limited,False,{},NONE,HOLD,STALE,0.0,IDLE,0.0,0.0,0.0,,,0.0,,,,{},,,,,,,,,,,,,,,,0,0,0.0,0.0,[],,,,,,,,,
2.8,INITIALIZING,2,TAKEOFF_HOLD,0.0,0.9993,159.8663,11.127,True,NORMAL,MONITOR,True,{},"[""uav2"", ""uav1"", ""uav0""]",limited,False,{},NONE,HOLD,STALE,0.0,IDLE,0.0,0.0,0.0,,,0.0,,,,{},,,,,,,,,,,,,,,,0,0,0.0,0.0,[],,,,,,,,,
3.0,INITIALIZING,2,TAKEOFF_HOLD,0.0,0.9993,159.8663,11.127,True,NORMAL,MONITOR,True,{},"[""uav2"", ""uav1"", ""uav0""]",limited,False,{},NONE,HOLD,STALE,0.0,IDLE,0.0,0.0,0.0,,,0.0,,,,{},,,,,,,,,,,,,,,,0,0,0.0,0.0,[],,,,,,,,,
3.2,INITIALIZING,2,TAKEOFF_HOLD,0.0,0.9992,159.8396,11.127,True,NORMAL,MONITOR,True,{},"[""uav2"", ""uav1"", ""uav0""]",limited,False,{},NONE,HOLD,STALE,0.0,IDLE,0.0,0.0,0.0,,,0.0,,,,{},,,,,,,,,,,,,,,,0,0,0.0,0.0,[],,,,,,,,,
3.4,INITIALIZING,2,TAKEOFF_HOLD,0.0,0.9992,159.8396,11.127,True,NORMAL,MONITOR,True,{},"[""uav2"", ""uav1"", ""uav0""]",limited,False,{},NONE,HOLD,STALE,0.0,IDLE,0.0,0.0,0.0,,,0.0,,,,{},,,,,,,,,,,,,,,,0,0,0.0,0.0,[],,,,,,,,,
3.6,INITIALIZING,2,TAKEOFF_HOLD,0.0,0.9991,159.8128,11.127,True,NORMAL,MONITOR,True,{},"[""uav2"", ""uav1"", ""uav0""]",limited,False,{},NONE,HOLD,STALE,0.0,IDLE,0.0,0.0,0.0,,,0.0,,,,{},,,,,,,,,,,,,,,,0,0,0.0,0.0,[],,,,,,,,,
3.8,INITIALIZING,2,TAKEOFF_HOLD,0.0,0.9991,159.8128,11.127,True,NORMAL,MONITOR,True,{},"[""uav2"", ""uav1"", ""uav0""]",limited,False,{},NONE,HOLD,STALE,0.0,IDLE,0.0,0.0,0.0,,,0.0,,,,{},,,,,,,,,,,,,,,,0,0,0.0,0.0,[],,,,,,,,,
4.0,INITIALIZING,2,TAKEOFF_HOLD,0.0,0.9991,159.8128,11.127,True,NORMAL,MONITOR,True,{},"[""uav2"", ""uav1"", ""uav0""]",limited,False,{},NONE,HOLD,STALE,0.0,IDLE,0.0,0.0,0.0,,,0.0,,,,{},,,,,,,,,,,,,,,,0,0,0.0,0.0,[],,,,,,,,,
4.2,INITIALIZING,2,TAKEOFF_HOLD,0.0,0.9989,159.7861,11.127,True,NORMAL,MONITOR,True,{},"[""uav2"", ""uav1"", ""uav0""]",limited,False,{},NONE,HOLD,STALE,0.0,IDLE,0.0,0.0,0.0,,,0.0,,,,{},,,,,,,,,,,,,,,,0,0,0.0,0.0,[],,,,,,,,,
4.4,INITIALIZING,2,TAKEOFF_HOLD,0.0,0.9989,159.7861,11.127,True,NORMAL,MONITOR,True,{},"[""uav2"", ""uav1"", ""uav0""]",limited,False,{},NONE,HOLD,STALE,0.0,IDLE,0.0,0.0,0.0,,,0.0,,,,{},,,,,,,,,,,,,,,,0,0,0.0,0.0,[],,,,,,,,,
4.6,INITIALIZING,2,TAKEOFF_HOLD,0.0,0.9988,159.7594,11.127,True,NORMAL,MONITOR,True,{},"[""uav2"", ""uav1"", ""uav0""]",limited,False,{},NONE,HOLD,STALE,0.0,IDLE,0.0,0.0,0.0,,,0.0,,,,{},,,,,,,,,,,,,,,,0,0,0.0,0.0,[],,,,,,,,,
4.8,INITIALIZING,2,TAKEOFF_HOLD,0.0,0.9988,159.7594,11.127,True,NORMAL,MONITOR,True,{},"[""uav2"", ""uav1"", ""uav0""]",limited,False,{},NONE,HOLD,STALE,0.0,IDLE,0.0,0.0,0.0,,,0.0,,,,{},,,,,,,,,,,,,,,,0,0,0.0,0.0,[],,,,,,,,,
5.0,INITIALIZING,2,TAKEOFF_HOLD,0.0,0.9988,159.7594,11.127,True,NORMAL,MONITOR,True,{},"[""uav2"", ""uav1"", ""uav0""]",limited,False,{},NONE,HOLD,STALE,0.0,IDLE,0.0,0.0,0.0,,,0.0,,,,{},,,,,,,,,,,,,,,,0,0,0.0,0.0,[],,,,,,,,,
5.2,INITIALIZING,2,TAKEOFF_HOLD,0.0,0.9987,159.7326,11.127,True,NORMAL,MONITOR,True,{},"[""uav2"", ""uav1"", ""uav0""]",limited,False,{},NONE,HOLD,STALE,0.0,IDLE,0.0,0.0,0.0,,,0.0,,,,{},,,,,,,,,,,,,,,,0,0,0.0,0.0,[],,,,,,,,,
5.4,INITIALIZING,2,TAKEOFF_HOLD,0.0,0.9987,159.7326,11.127,True,NORMAL,MONITOR,True,{},"[""uav2"", ""uav1"", ""uav0""]",limited,False,{},NONE,HOLD,STALE,0.0,IDLE,0.0,0.0,0.0,,,0.0,,,,{},,,,,,,,,,,,,,,,0,0,0.0,0.0,[],,,,,,,,,
5.6,INITIALIZING,2,TAKEOFF_HOLD,0.0,0.9985,159.7059,11.127,True,NORMAL,MONITOR,True,{},"[""uav2"", ""uav1"", ""uav0""]",limited,False,{},NONE,HOLD,STALE,0.0,IDLE,0.0,0.0,0.0,,,0.0,,,,{},,,,,,,,,,,,,,,,0,0,0.0,0.0,[],,,,,,,,,
5.8,INITIALIZING,2,TAKEOFF_HOLD,0.0,0.9985,159.7059,11.127,True,NORMAL,MONITOR,True,{},"[""uav2"", ""uav1"", ""uav0""]",limited,False,{},NONE,HOLD,STALE,0.0,IDLE,0.0,0.0,0.0,,,0.0,,,,{},,,,,,,,,,,,,,,,0,0,0.0,0.0,[],,,,,,,,,
6.0,INITIALIZING,2,TAKEOFF_HOLD,0.0,0.9985,159.7059,11.127,True,NORMAL,MONITOR,True,{},"[""uav2"", ""uav1"", ""uav0""]",limited,False,{},NONE,HOLD,STALE,0.0,IDLE,0.0,0.0,0.0,,,0.0,,,,{},,,,,,,,,,,,,,,,0,0,0.0,0.0,[],,,,,,,0.007618171628564596,0.0002694927388802171,0.007958968169987202
6.2,INITIALIZING,2,TAKEOFF_HOLD,0.0,0.9984,159.6786,11.127,True,NORMAL,MONITOR,True,{},"[""uav2"", ""uav1"", ""uav0""]",limited,False,{},NONE,HOLD,STALE,0.0,IDLE,0.0,0.0,0.0,,,0.0,,,,{},,,,,,,,,,,,,,,,0,0,0.0,0.0,[],0.007576970383524895,0.0055627780966460705,-0.012616593390703201,,,,0.007787145674228668,0.0003425680915825069,0.01648520864546299
6.4,INITIALIZING,2,TAKEOFF_HOLD,0.0,0.9984,159.6786,11.127,True,NORMAL,MONITOR,True,{},"[""uav2"", ""uav1"", ""uav0""]",limited,False,{},NONE,HOLD,STALE,0.0,IDLE,0.0,0.0,0.0,,,0.0,,,,{},,,,,,,,,,,,,,,,0,0,0.0,0.0,[],0.0075986203737556934,0.00933134090155363,-0.013482766225934029,0.015111146494746208,0.005749381612986326,-0.011000595986843109,0.007222745567560196,0.0002767096448224038,0.017997175455093384
6.6,INITIALIZING,2,TAKEOFF_HOLD,0.0,0.9983,159.6515,11.127,True,NORMAL,MONITOR,True,{},"[""uav2"", ""uav1"", ""uav0""]",limited,False,{},NONE,HOLD,SAFE,0.0,IDLE,0.0,0.0,0.0,,,0.0,False,avoidance not required,,{},,,,,,,,,,,3,fleet initializing,3.292,14.279,8.013,0,0,0.0,0.0,[],0.006627397146075964,0.00755299674347043,-0.014006081968545914,0.014811374247074127,0.009251007810235023,-0.011493255384266376,0.00614023907110095,-8.105971210170537e-05,0.019510725513100624
6.8,INITIALIZING,2,TAKEOFF_HOLD,0.0,0.9983,159.6515,11.127,True,NORMAL,MONITOR,True,{},"[""uav2"", ""uav1"", ""uav0""]",limited,False,{},NONE,HOLD,SAFE,0.0,IDLE,0.0,0.0,0.0,,,0.0,False,avoidance not required,,{},,,,,,,,,,,3,fleet initializing,3.291,14.280,0.004,0,0,0.0,0.0,[],0.005244395695626736,0.005478231236338615,-0.014254312962293625,0.012348271906375885,0.007707615382969379,-0.01145700179040432,0.003160063875839114,-0.0020624662283807993,0.0204610712826252
7.0,INITIALIZING,2,TAKEOFF_HOLD,0.0,0.9983,159.6515,11.127,True,NORMAL,MONITOR,True,{},"[""uav2"", ""uav1"", ""uav0""]",limited,False,{},NONE,HOLD,SAFE,0.0,IDLE,0.0,0.0,0.0,,,0.0,False,avoidance not required,,{},,,,,,,,,,,3,fleet initializing,3.291,14.283,0.005,0,0,0.0,0.0,[],0.004823802039027214,0.004118380602449179,-0.014756503514945507,0.01050581131130457,0.00655711255967617,-0.010004010982811451,0.001622350187972188,-0.004077785182744265,0.020328421145677567
7.2,INITIALIZING,2,TAKEOFF_HOLD,0.0,0.9981,159.6245,11.127,True,NORMAL,MONITOR,True,{},"[""uav2"", ""uav1"", ""uav0""]",limited,False,{},NONE,HOLD,SAFE,0.0,IDLE,0.0,0.0,0.0,,,0.0,False,avoidance not required,,{},,,,,,,,,,,3,fleet initializing,3.291,14.286,0.007,0,0,0.0,0.0,[],0.005073555279523134,0.00233037699945271,-0.01613287441432476,0.0077783335000276566,0.002940953942015767,-0.008196140639483929,0.003211305709555745,-0.005128338932991028,0.015990205109119415
7.4,INITIALIZING,2,TAKEOFF_HOLD,0.0,0.9981,159.6245,11.127,True,NORMAL,MONITOR,True,{},"[""uav2"", ""uav1"", ""uav0""]",limited,False,{},NONE,HOLD,SAFE,0.0,IDLE,0.0,0.0,0.0,,,0.0,False,avoidance not required,,{},,,,,,,,,,,3,fleet initializing,3.296,14.286,0.008,0,0,0.0,0.0,[],0.0052911569364368916,0.0009486899944022298,-0.018276335671544075,0.006208048202097416,0.00023406505351886153,-0.008248875848948956,0.004231342580169439,-0.006348191294819117,0.011904492974281311
7.6,INITIALIZING,2,TAKEOFF_HOLD,0.0,0.998,159.5977,11.127,True,NORMAL,MONITOR,True,{},"[""uav2"", ""uav1"", ""uav0""]",limited,False,{},NONE,HOLD,SAFE,0.0,IDLE,0.0,0.0,0.0,,,0.0,False,avoidance not required,,{},,,,,,,,,,,3,fleet initializing,3.298,14.286,0.011,0,0,0.0,0.0,[],0.004989644978195429,0.0007932768203318119,-0.02301168255507946,0.0071687642484903336,-0.0018524322658777237,-0.011409537866711617,0.004376434721052647,-0.0051172091625630856,0.0033819307573139668
7.8,INITIALIZING,2,TAKEOFF_HOLD,0.0,0.998,159.5977,11.127,True,NORMAL,MONITOR,True,{},"[""uav2"", ""uav1"", ""uav0""]",limited,False,{},NONE,HOLD,SAFE,0.0,IDLE,0.0,0.0,0.0,,,0.0,False,avoidance not required,,{},,,,,,,,,,,3,fleet initializing,3.297,14.285,0.016,0,0,0.0,0.0,[],0.00493339728564024,9.299888915847987e-05,-0.025867678225040436,0.007959049195051193,-0.00351930083706975,-0.015222626738250256,0.004377728793770075,-0.005345829296857119,-0.001878457493148744
8.0,INITIALIZING,2,TAKEOFF_HOLD,0.0,0.998,159.5977,11.127,True,NORMAL,MONITOR,True,{},"[""uav2"", ""uav1"", ""uav0""]",limited,False,{},NONE,HOLD,SAFE,0.0,IDLE,0.0,0.0,0.0,,,0.0,False,avoidance not required,,{},,,,,,,,,,,3,fleet initializing,3.296,14.285,0.021,0,0,0.0,0.0,[],0.004418570548295975,-0.0006710005691275001,-0.025979258120059967,0.008352328091859818,-0.002792743034660816,-0.02259596437215805,0.0033445178996771574,-0.006554264109581709,-0.007720270659774542
8.2,INITIALIZING,2,TAKEOFF_HOLD,0.0,0.9979,159.5709,11.127,True,NORMAL,MONITOR,True,{},"[""uav2"", ""uav1"", ""uav0""]",limited,False,{},NONE,HOLD,SAFE,0.0,IDLE,0.0,0.0,0.0,,,0.0,False,avoidance not required,,{},,,,,,,,,,,3,fleet initializing,3.295,14.286,0.027,0,0,0.0,0.0,[],0.00413466664031148,-0.0018116481369361281,-0.026079561561346054,0.008598247542977333,-0.0025334004312753677,-0.025973137468099594,0.002505625132471323,-0.007743018213659525,-0.00971044972538948
8.4,INITIALIZING,2,TAKEOFF_HOLD,0.0,0.9979,159.5709,11.127,True,NORMAL,MONITOR,True,{},"[""uav2"", ""uav1"", ""uav0""]",limited,False,{},NONE,HOLD,SAFE,0.0,IDLE,0.0,0.0,0.0,,,0.0,False,avoidance not required,,{},,,,,,,,,,,3,fleet initializing,3.294,14.288,0.029,0,0,0.0,0.0,[],0.003351385472342372,-0.002508388599380851,-0.028069471940398216,0.008569452911615372,-0.001263648271560669,-0.027730124071240425,0.0025727853644639254,-0.005211027339100838,-0.00893112737685442
8.6,INITIALIZING,2,TAKEOFF_HOLD,0.0,0.9977,159.5442,11.127,True,NORMAL,MONITOR,False,{},"[""uav2"", ""uav1"", ""uav0""]",limited,False,{},NONE,NORMAL,SAFE,1.0,IDLE,0.0,0.0,0.0,,,0.0,False,avoidance not required,,{},,,,,,,,,,,3,fleet initializing,3.295,14.286,8.029,0,0,0.0,0.0,[],0.0025631568860262632,-0.0036805111449211836,-0.028675878420472145,0.008087418042123318,-0.0008006686111912131,-0.02821882627904415,0.0026697437278926373,-0.005125874653458595,-0.008555982261896133
8.8,INITIALIZING,2,TAKEOFF_HOLD,0.0,0.9977,159.5442,11.127,True,NORMAL,MONITOR,False,{},"[""uav2"", ""uav1"", ""uav0""]",limited,False,{},NONE,NORMAL,SAFE,1.0,IDLE,0.0,0.0,0.0,,,0.0,False,avoidance not required,,{},,,,,,,,,,,3,fleet initializing,3.295,14.286,8.029,0,0,0.0,0.0,[],-0.00010884096991503611,-0.0025709872134029865,-0.030955597758293152,0.0065458533354103565,0.0004998545628041029,-0.025207960978150368,0.003359469585120678,-0.006954382639378309,-0.013174393214285374
9.0,INITIALIZING,2,TAKEOFF_HOLD,0.0,0.9977,159.5442,11.127,True,NORMAL,MONITOR,False,{},"[""uav2"", ""uav1"", ""uav0""]",limited,False,{},NONE,NORMAL,SAFE,1.0,IDLE,0.0,0.0,0.0,,,0.0,False,avoidance not required,,{},,,,,,,,,,,3,fleet initializing,3.297,14.287,8.031,0,0,0.0,0.0,[],-0.0013603587867692113,-0.002240935107693076,-0.02907741442322731,0.005573534872382879,2.595490514067933e-06,-0.02389313280582428,0.004318254068493843,-0.006806223653256893,-0.013476335443556309
9.2,INITIALIZING,2,TAKEOFF_HOLD,0.0,0.9976,159.5174,11.127,True,NORMAL,MONITOR,False,{},"[""uav2"", ""uav1"", ""uav0""]",limited,False,{},NONE,NORMAL,SAFE,1.0,IDLE,0.0,0.0,0.0,,,0.0,False,avoidance not required,,{},,,,,,,,,,,3,fleet initializing,3.299,14.286,8.029,0,0,0.0,0.0,[],-0.0018602354684844613,-0.003352643921971321,-0.028534870594739914,0.005510447081178427,-0.0034511631820350885,-0.028370767831802368,0.005278969183564186,-0.007777297869324684,-0.013435984961688519
9.4,INITIALIZING,2,TAKEOFF_HOLD,0.0,0.9976,159.5174,11.127,True,NORMAL,MONITOR,False,{},"[""uav2"", ""uav1"", ""uav0""]",limited,False,{},NONE,NORMAL,SAFE,1.0,IDLE,0.0,0.0,0.0,,,0.0,False,avoidance not required,,{},,,,,,,,,,,3,fleet initializing,3.300,14.286,8.029,0,0,0.0,0.0,[],-0.0012261348310858011,-0.0038867006078362465,-0.026377487927675247,0.005765620619058609,-0.007539779879152775,-0.03130945935845375,0.005970279220491648,-0.006510681938380003,-0.01817202754318714
9.6,INITIALIZING,2,TAKEOFF_HOLD,0.0,0.9975,159.4906,11.127,True,NORMAL,MONITOR,False,{},"[""uav2"", ""uav1"", ""uav0""]",limited,False,{},NONE,NORMAL,SAFE,1.0,IDLE,0.0,0.0,0.0,,,0.0,False,avoidance not required,,{},,,,,,,,,,,3,fleet initializing,3.300,14.285,8.031,0,0,0.0,0.0,[],-0.0011700104223564267,-0.005572063848376274,-0.025011422112584114,0.00635620579123497,-0.012075267732143402,-0.03062313050031662,0.006909036077558994,-0.007006027270108461,-0.021074211224913597
9.8,INITIALIZING,2,TAKEOFF_HOLD,0.0,0.9975,159.4906,11.127,True,NORMAL,MONITOR,False,{},"[""uav2"", ""uav1"", ""uav0""]",limited,False,{},NONE,NORMAL,SAFE,1.0,IDLE,0.0,0.0,0.0,,,0.0,False,avoidance not required,,{},,,,,,,,,,,3,fleet initializing,3.301,14.284,8.031,0,0,0.0,0.0,[],-0.00326531077735126,-0.005909138824790716,-0.02429957687854767,0.007104657124727964,-0.01637033186852932,-0.031158819794654846,0.00758599815890193,-0.006813795771449804,-0.022875232622027397
10.0,INITIALIZING,2,TAKEOFF_HOLD,0.0,0.9975,159.4906,11.127,True,NORMAL,MONITOR,False,{},"[""uav2"", ""uav1"", ""uav0""]",limited,False,{},NONE,NORMAL,SAFE,1.0,IDLE,0.0,0.0,0.0,,,0.0,False,avoidance not required,,{},,,,,,,,,,,3,fleet initializing,3.301,14.284,8.031,0,0,0.0,0.0,[],-0.004253669176250696,-0.007426388096064329,-0.02485787868499756,0.00817845854908228,-0.015093774534761906,-0.03809001296758652,0.007993721403181553,-0.008244100026786327,-0.02442268282175064
10.2,INITIALIZING,2,TAKEOFF_HOLD,0.0,0.9973,159.4638,11.127,True,NORMAL,MONITOR,False,{},"[""uav2"", ""uav1"", ""uav0""]",limited,False,{},NONE,NORMAL,SAFE,1.0,IDLE,0.0,0.0,0.0,,,0.0,False,avoidance not required,,{},,,,,,,,,,,3,fleet initializing,3.300,14.284,8.038,0,0,0.0,0.0,[],-0.002916437340900302,-0.00522355642169714,-0.026001418009400368,0.00963110476732254,-0.01652800850570202,-0.04128975421190262,0.00625966303050518,-0.009426874108612537,-0.026186633855104446
10.4,INITIALIZING,2,TAKEOFF_HOLD,0.0,0.9973,159.4638,11.127,True,NORMAL,MONITOR,False,{},"[""uav2"", ""uav1"", ""uav0""]",limited,False,{},NONE,NORMAL,SAFE,1.0,IDLE,0.0,0.0,0.0,,,0.0,False,avoidance not required,,{},,,,,,,,,,,3,fleet initializing,3.297,14.286,8.041,0,0,0.0,0.0,[],-0.0018670965218916535,-0.005335673224180937,-0.028501072898507118,0.011526234447956085,-0.0184207521378994,-0.037947360426187515,0.005771649070084095,-0.011221736669540405,-0.02563433162868023
10.6,INITIALIZING,2,TAKEOFF_HOLD,0.0,0.9972,159.4371,11.127,True,NORMAL,MONITOR,False,{},"[""uav2"", ""uav1"", ""uav0""]",limited,False,{},NONE,NORMAL,SAFE,1.0,IDLE,0.0,0.0,0.0,,,0.0,False,avoidance not required,,{},,,,,,,,,,,3,fleet initializing,3.294,14.288,8.038,0,0,0.0,0.0,[],-0.0009147975360974669,-0.005765622016042471,-0.03398614376783371,0.013145556673407555,-0.021445373073220253,-0.036846987903118134,0.007028202060610056,-0.010606120340526104,-0.022700900211930275
10.8,INITIALIZING,2,TAKEOFF_HOLD,0.0,0.9972,159.4371,11.127,True,NORMAL,MONITOR,False,{},"[""uav2"", ""uav1"", ""uav0""]",limited,False,{},NONE,NORMAL,SAFE,1.0,IDLE,0.0,0.0,0.0,,,0.0,False,avoidance not required,,{},,,,,,,,,,,3,fleet initializing,3.294,14.287,8.037,0,0,0.0,0.0,[],-0.000675120681989938,-0.0075704180635511875,-0.03570489585399628,0.013638735748827457,-0.021931085735559464,-0.03420992195606232,0.008791857399046421,-0.011119113303720951,-0.023126348853111267
11.0,INITIALIZING,2,TAKEOFF_HOLD,0.0,0.9972,159.4371,11.127,True,NORMAL,MONITOR,False,{},"[""uav2"", ""uav1"", ""uav0""]",limited,False,{},NONE,NORMAL,SAFE,1.0,IDLE,0.0,0.0,0.0,,,0.0,False,avoidance not required,,{},,,,,,,,,,,3,fleet initializing,3.295,14.286,8.036,0,0,0.0,0.0,[],-0.002013823250308633,-0.00836164504289627,-0.033054936677217484,0.014238459058105946,-0.023904604837298393,-0.03364599496126175,0.010915922932326794,-0.00965799205005169,-0.025717362761497498
11.2,INITIALIZING,2,TAKEOFF_HOLD,0.0,0.9971,159.4102,11.127,True,NORMAL,MONITOR,False,{},"[""uav2"", ""uav1"", ""uav0""]",limited,False,{},NONE,NORMAL,SAFE,1.0,IDLE,0.0,0.0,0.0,,,0.0,False,avoidance not required,,{},,,,,,,,,,,3,fleet initializing,3.297,14.283,8.034,0,0,0.0,0.0,[],-0.002725383499637246,-0.009136470966041088,-0.03186025470495224,0.01399957574903965,-0.021513840183615685,-0.035594288259744644,0.011577174998819828,-0.009127414785325527,-0.027049915865063667
11.4,INITIALIZING,2,TAKEOFF_HOLD,0.0,0.9971,159.4102,11.127,True,NORMAL,MONITOR,False,{},"[""uav2"", ""uav1"", ""uav0""]",limited,False,{},NONE,NORMAL,SAFE,1.0,IDLE,0.0,0.0,0.0,,,0.0,False,avoidance not required,,{},,,,,,,,,,,3,fleet initializing,3.298,14.282,8.036,0,0,0.0,0.0,[],-0.0032879274804145098,-0.010691462084650993,-0.03129642829298973,0.014258112758398056,-0.021980667486786842,-0.03539146110415459,0.006880755536258221,-0.005387233570218086,-0.027657467871904373
11.6,INITIALIZING,2,TAKEOFF_HOLD,0.0,0.9969,159.3834,11.127,True,NORMAL,MONITOR,False,{},"[""uav2"", ""uav1"", ""uav0""]",limited,False,{},NONE,NORMAL,SAFE,1.0,IDLE,0.0,0.0,0.0,,,0.0,False,avoidance not required,,{},,,,,,,,,,,3,fleet initializing,3.293,14.283,8.035,0,0,0.0,0.0,[],-0.0035357587039470673,-0.00903293676674366,-0.029816756024956703,0.01324896514415741,-0.023002099245786667,-0.03129331022500992,0.0041734036058187485,-0.0035198810510337353,-0.030407877638936043
11.8,INITIALIZING,2,TAKEOFF_HOLD,0.0,0.9969,159.3834,11.127,True,NORMAL,MONITOR,False,{},"[""uav2"", ""uav1"", ""uav0""]",limited,False,{},NONE,NORMAL,SAFE,1.0,IDLE,0.0,0.0,0.0,,,0.0,False,avoidance not required,,{},,,,,,,,,,,3,fleet initializing,3.291,14.284,8.031,0,0,0.0,0.0,[],-0.003468313254415989,-0.00582600012421608,-0.03205687552690506,0.012826601974666119,-0.02503281645476818,-0.03118644282221794,0.002589453710243106,-0.001895885681733489,-0.031375348567962646
12.0,INITIALIZING,2,TAKEOFF_HOLD,0.0,0.9969,159.3834,11.127,True,NORMAL,MONITOR,False,{},"[""uav2"", ""uav1"", ""uav0""]",limited,False,{},NONE,NORMAL,SAFE,1.0,IDLE,0.0,0.0,0.0,,,0.0,False,avoidance not required,,{},,,,,,,,,,,1,tracking error high,3.290,14.284,8.032,0,0,0.0,0.0,[],-0.0031888994853943586,-0.004604463931173086,-0.03521500155329704,0.011983239091932774,-0.024835672229528427,-0.0322229377925396,0.0014812368899583817,-0.001539957826025784,-0.03304179385304451
12.2,INITIALIZING,2,TAKEOFF_HOLD,0.0,0.9968,159.3566,11.127,True,NORMAL,MONITOR,False,{},"[""uav2"", ""uav1"", ""uav0""]",limited,False,{},NONE,NORMAL,SAFE,1.0,IDLE,0.0,0.0,0.0,,,0.0,False,avoidance not required,,{},,,,,,,,,,,1,tracking error high,3.290,14.284,8.035,0,0,0.0,0.0,[],0.0003063953190576285,-0.00408799946308136,-0.04040674865245819,0.011497795581817627,-0.02614213153719902,-0.03374166041612625,0.0010579064255580306,-0.0004354136763140559,-0.03488561883568764
12.4,INITIALIZING,2,TAKEOFF_HOLD,0.0,0.9968,159.3566,11.127,True,NORMAL,MONITOR,False,{},"[""uav2"", ""uav1"", ""uav0""]",limited,False,{},NONE,NORMAL,SAFE,1.0,IDLE,0.0,0.0,0.0,,,0.0,False,avoidance not required,,{},,,,,,,,,,,1,tracking error high,3.290,14.284,8.040,0,0,0.0,0.0,[],0.0025103362277150154,-0.004419684875756502,-0.04441889375448227,0.01064517442137003,-0.024515001103281975,-0.03277517110109329,0.0012810582993552089,0.0004973036120645702,-0.03513401001691818
12.6,INITIALIZING,2,TAKEOFF_HOLD,0.0,0.9966,159.3298,11.127,True,NORMAL,MONITOR,False,{},"[""uav2"", ""uav1"", ""uav0""]",limited,False,{},NONE,NORMAL,SAFE,1.0,IDLE,0.0,0.0,0.0,,,0.0,False,avoidance not required,,{},,,,,,,,,,,1,tracking error high,3.291,14.283,8.044,0,0,0.0,0.0,[],0.003587874583899975,-0.0035439874045550823,-0.04513358697295189,0.010165178216993809,-0.024744901806116104,-0.0332556888461113,0.0012161574559286237,0.0009510734234936535,-0.03637559711933136
12.8,INITIALIZING,2,TAKEOFF_HOLD,0.0,0.9966,159.3298,11.127,True,NORMAL,MONITOR,False,{},"[""uav2"", ""uav1"", ""uav0""]",limited,False,{},NONE,NORMAL,SAFE,1.0,IDLE,0.0,0.0,0.0,,,0.0,False,avoidance not required,,{},,,,,,,,,,,1,tracking error high,3.291,14.283,8.045,0,0,0.0,0.0,[],0.002864294685423374,-0.003233537543565035,-0.04422823712229729,0.009725050069391727,-0.023937774822115898,-0.03332480043172836,-4.6359105908777565e-05,0.004211796913295984,-0.038214873522520065
13.0,INITIALIZING,2,TAKEOFF_HOLD,0.0,0.9966,159.3298,11.127,True,NORMAL,MONITOR,False,{},"[""uav2"", ""uav1"", ""uav0""]",limited,False,{},NONE,NORMAL,SAFE,1.0,IDLE,0.0,0.0,0.0,,,0.0,False,avoidance not required,,{},,,,,,,,,,,1,tracking error high,3.290,14.281,8.044,0,0,0.0,0.0,[],0.0021773914340883493,-0.004543705377727747,-0.04387199878692627,0.010020634159445763,-0.025119464844465256,-0.03351188451051712,-0.0005187010392546654,0.0055685690604150295,-0.04060366377234459
13.2,INITIALIZING,2,TAKEOFF_HOLD,0.0,0.9965,159.3029,11.127,True,NORMAL,MONITOR,False,{},"[""uav2"", ""uav1"", ""uav0""]",limited,False,{},NONE,NORMAL,SAFE,1.0,IDLE,0.0,0.0,0.0,,,0.0,False,avoidance not required,,{},,,,,,,,,,,1,tracking error high,3.290,14.281,8.044,0,0,0.0,0.0,[],9.240559302270412e-05,-0.005715110804885626,-0.0424778088927269,0.01195178460329771,-0.025458388030529022,-0.02935885265469551,0.0023443391546607018,0.006277137435972691,-0.04202288016676903
13.4,INITIALIZING,2,TAKEOFF_HOLD,0.0,0.9965,159.3029,11.127,True,NORMAL,MONITOR,False,{},"[""uav2"", ""uav1"", ""uav0""]",limited,False,{},NONE,NORMAL,SAFE,1.0,IDLE,0.0,0.0,0.0,,,0.0,False,avoidance not required,,{},,,,,,,,,,,1,tracking error high,3.291,14.278,8.042,0,0,0.0,0.0,[],-0.003489261958748102,-0.0057169655337929726,-0.04074869677424431,0.01363215409219265,-0.026839202269911766,-0.02778160199522972,0.0072535742074251175,0.00617850199341774,-0.0428067110478878
13.6,INITIALIZING,2,TAKEOFF_HOLD,0.0,0.9964,159.2761,11.127,True,NORMAL,MONITOR,False,{},"[""uav2"", ""uav1"", ""uav0""]",limited,False,{},NONE,NORMAL,SAFE,1.0,IDLE,0.0,0.0,0.0,,,0.0,False,avoidance not required,,{},,,,,,,,,,,1,tracking error high,3.294,14.275,8.043,0,0,0.0,0.0,[],-0.0057128737680613995,-0.006939424201846123,-0.04196203872561455,0.016322152689099312,-0.024533314630389214,-0.027687277644872665,0.010730006732046604,0.005278945434838533,-0.04315483942627907
13.8,INITIALIZING,2,TAKEOFF_HOLD,0.0,0.9964,159.2761,11.127,True,NORMAL,MONITOR,False,{},"[""uav2"", ""uav1"", ""uav0""]",limited,False,{},NONE,NORMAL,SAFE,1.0,IDLE,0.0,0.0,0.0,,,0.0,False,avoidance not required,,{},,,,,,,,,,,1,tracking error high,3.295,14.273,8.043,0,0,0.0,0.0,[],-0.005214760545641184,-0.006437328644096851,-0.042286887764930725,0.018182404339313507,-0.024430612102150917,-0.029933789744973183,0.010997196659445763,0.00488696526736021,-0.03597645089030266
14.0,INITIALIZING,2,TAKEOFF_HOLD,0.0,0.9964,159.2761,11.127,True,NORMAL,MONITOR,False,{},"[""uav2"", ""uav1"", ""uav0""]",limited,False,{},NONE,NORMAL,SAFE,1.0,IDLE,0.0,0.0,0.0,,,0.0,False,avoidance not required,,{},,,,,,,,,,,1,tracking error high,3.293,14.273,8.042,0,0,0.0,0.0,[],-0.0037896055728197098,-0.005103921517729759,-0.04162071272730827,0.018417607992887497,-0.021811064332723618,-0.03113209828734398,0.004780279938131571,0.0012892563827335835,0.007627942133694887
14.2,INITIALIZING,2,TAKEOFF_HOLD,0.0,0.9962,159.2439,11.127,True,NORMAL,MONITOR,False,{},"[""uav2"", ""uav1"", ""uav0""]",limited,False,{},NONE,NORMAL,SAFE,1.0,IDLE,0.0,0.0,0.0,,,0.0,False,avoidance not required,,{},,,,,,,,,,,1,tracking error high,3.287,14.280,8.042,0,0,0.0,0.0,[],-0.009415309876203537,-0.006655953824520111,-0.004234780091792345,0.018154017627239227,-0.021415429189801216,-0.028717944398522377,-0.013432477600872517,-0.012749121524393559,0.1259070485830307
14.4,INITIALIZING,2,TAKEOFF_HOLD,0.0,0.9962,159.2439,11.127,True,NORMAL,MONITOR,False,{},"[""uav2"", ""uav1"", ""uav0""]",limited,False,{},NONE,NORMAL,SAFE,1.0,IDLE,0.0,0.0,0.0,,,0.0,False,avoidance not required,,{},,,,,,,,,,,1,tracking error high,3.272,14.303,8.029,0,0,0.0,0.0,[],-0.029068704694509506,-0.017183640971779823,0.11137136816978455,0.008355620317161083,-0.02081187441945076,0.01677337847650051,-0.0388302281498909,-0.03214521333575249,0.33563724160194397
14.6,INITIALIZING,2,TAKEOFF_HOLD,0.0,0.996,159.196,11.127,True,NORMAL,MONITOR,False,{},"[""uav2"", ""uav1"", ""uav0""]",limited,False,{},NONE,NORMAL,SAFE,1.0,IDLE,0.0,0.0,0.0,,,0.0,False,avoidance not required,,{},,,,,,,,,,,1,tracking error high,3.294,14.366,7.860,0,0,0.0,0.0,[],-0.053208306431770325,-0.035228729248046875,0.3188718557357788,-0.01753711886703968,-0.027590792626142502,0.1400832235813141,-0.06188899278640747,-0.05406418442726135,0.6412997841835022
14.8,INITIALIZING,2,TAKEOFF_HOLD,0.0,0.996,159.196,11.127,True,NORMAL,MONITOR,False,{},"[""uav2"", ""uav1"", ""uav0""]",limited,False,{},NONE,NORMAL,SAFE,1.0,IDLE,0.0,0.0,0.0,,,0.0,False,avoidance not required,,{},,,,,,,,,,,1,tracking error high,3.294,14.366,7.860,0,0,0.0,0.0,[],-0.07432065159082413,-0.05152326077222824,0.6156025528907776,-0.052840813994407654,-0.03316257521510124,0.34528306126594543,-0.08234734833240509,-0.07834086567163467,1.0218822956085205
15.0,INITIALIZING,2,TAKEOFF_HOLD,0.0,0.996,159.196,11.127,True,NORMAL,MONITOR,False,{},"[""uav2"", ""uav1"", ""uav0""]",limited,False,{},NONE,NORMAL,SAFE,1.0,IDLE,0.0,0.0,0.0,,,0.0,False,avoidance not required,,{},,,,,,,,,,,1,tracking error high,3.333,14.398,7.655,0,0,0.0,0.0,[],-0.09000690281391144,-0.06586119532585144,0.9948785901069641,-0.08295205235481262,-0.04186790809035301,0.6497703194618225,-0.09786773473024368,-0.09713449329137802,1.4420698881149292
15.2,INITIALIZING,2,TAKEOFF_HOLD,0.0,0.9957,159.143,11.127,True,NORMAL,MONITOR,False,{},"[""uav2"", ""uav1"", ""uav0""]",limited,False,{},NONE,NORMAL,SAFE,1.0,IDLE,0.0,0.0,0.0,,,0.0,False,avoidance not required,,{},,,,,,,,,,,1,tracking error high,3.325,14.422,7.351,0,0,0.0,0.0,[],-0.10844074189662933,-0.07932791113853455,1.4127922058105469,-0.11282707005739212,-0.049128852784633636,1.0302231311798096,-0.11528541147708893,-0.11389470845460892,1.8889586925506592
15.4,INITIALIZING,2,TAKEOFF_HOLD,0.0,0.9957,159.143,11.127,True,NORMAL,MONITOR,False,{},"[""uav2"", ""uav1"", ""uav0""]",limited,False,{},NONE,NORMAL,SAFE,1.0,IDLE,0.0,0.0,0.0,,,0.0,False,avoidance not required,,{},,,,,,,,,,,1,tracking error high,3.318,14.446,6.971,0,0,0.0,0.0,[],-0.1177445501089096,-0.08784662187099457,1.8547450304031372,-0.13124826550483704,-0.057008858770132065,1.4500391483306885,-0.1241835504770279,-0.12089644372463226,2.3525726795196533
15.6,INITIALIZING,2,TAKEOFF_HOLD,0.0,0.9954,159.0894,11.127,True,NORMAL,MONITOR,False,{},"[""uav2"", ""uav1"", ""uav0""]",limited,False,{},NONE,NORMAL,SAFE,1.0,IDLE,0.0,0.0,0.0,,,0.0,False,avoidance not required,,{},,,,,,,,,,,1,tracking error high,3.311,14.458,6.552,0,0,0.0,0.0,[],-0.12331157922744751,-0.09369560331106186,2.31689715385437,-0.14408208429813385,-0.06762351840734482,1.8982336521148682,-0.13703499734401703,-0.12184572219848633,2.8328773975372314
15.8,INITIALIZING,2,TAKEOFF_HOLD,0.0,0.9954,159.0894,11.127,True,NORMAL,MONITOR,False,{},"[""uav2"", ""uav1"", ""uav0""]",limited,False,{},NONE,NORMAL,SAFE,1.0,IDLE,0.0,0.0,0.0,,,0.0,False,avoidance not required,,{},,,,,,,,,,,1,tracking error high,3.306,14.467,6.104,0,0,0.0,0.0,[],-0.12016521394252777,-0.09240097552537918,2.814653158187866,-0.14611460268497467,-0.07374909520149231,2.363232374191284,-0.13919076323509216,-0.11478418111801147,3.3226120471954346
16.0,INITIALIZING,2,TAKEOFF_HOLD,0.0,0.9954,159.0894,11.127,True,NORMAL,MONITOR,False,{},"[""uav2"", ""uav1"", ""uav0""]",limited,False,{},NONE,NORMAL,SAFE,1.0,IDLE,0.0,0.0,0.0,,,0.0,False,avoidance not required,,{},,,,,,,,,,,1,tracking error high,3.305,14.464,5.639,0,0,0.0,0.0,[],-0.11813205480575562,-0.08626855909824371,3.3088462352752686,-0.1472235769033432,-0.0765506848692894,2.844954013824463,-0.14111709594726562,-0.10231905430555344,3.8262386322021484
16.2,INITIALIZING,2,TAKEOFF_HOLD,0.0,0.9951,159.0278,11.127,True,NORMAL,MONITOR,False,{},"[""uav2"", ""uav1"", ""uav0""]",limited,False,{},NONE,NORMAL,SAFE,1.0,IDLE,0.0,0.0,0.0,,,0.0,False,avoidance not required,,{},,,,,,,,,,,1,tracking error high,3.304,14.457,5.158,0,0,0.0,0.0,[],-0.11017738282680511,-0.07566085457801819,3.8121681213378906,-0.13918492197990417,-0.07466655224561691,3.3362321853637695,-0.1339225172996521,-0.08522049337625504,4.33915901184082
16.4,INITIALIZING,2,TAKEOFF_HOLD,0.0,0.9951,159.0278,11.127,True,NORMAL,MONITOR,False,{},"[""uav2"", ""uav1"", ""uav0""]",limited,False,{},NONE,NORMAL,SAFE,1.0,IDLE,0.0,0.0,0.0,,,0.0,False,avoidance not required,,{},,,,,,,,,,,1,tracking error high,3.305,14.440,4.666,0,0,0.0,0.0,[],-0.10875805467367172,-0.060907162725925446,4.3065900802612305,-0.1294647455215454,-0.06859510391950607,3.8407161235809326,-0.1285295933485031,-0.06412740796804428,4.862271308898926
16.6,INITIALIZING,2,TAKEOFF_HOLD,0.0,0.9949,158.9716,11.127,True,NORMAL,MONITOR,False,{},"[""uav2"", ""uav1"", ""uav0""]",limited,False,{},NONE,NORMAL,SAFE,1.0,IDLE,0.0,0.0,0.0,,,0.0,False,avoidance not required,,{},,,,,,,,,,,1,tracking error high,3.312,14.421,4.162,0,0,0.0,0.0,[],-0.10065903514623642,-0.04406622052192688,4.826789855957031,-0.1137845367193222,-0.05929349362850189,4.353191375732422,-0.11593161523342133,-0.04193905368447304,5.390318393707275
16.8,INITIALIZING,2,TAKEOFF_HOLD,0.0,0.9949,158.9716,11.127,True,NORMAL,MONITOR,False,{},"[""uav2"", ""uav1"", ""uav0""]",limited,False,{},NONE,NORMAL,SAFE,1.0,IDLE,0.0,0.0,0.0,,,0.0,False,avoidance not required,,{},,,,,,,,,,,1,tracking error high,3.321,14.396,3.649,0,0,0.0,0.0,[],-0.09100225567817688,-0.026472536846995354,5.3526716232299805,-0.10159369558095932,-0.04576270654797554,4.875342845916748,-0.10444709658622742,-0.018684275448322296,5.888899326324463
17.0,INITIALIZING,2,TAKEOFF_HOLD,0.0,0.9949,158.9716,11.127,True,NORMAL,MONITOR,False,{},"[""uav2"", ""uav1"", ""uav0""]",limited,False,{},NONE,NORMAL,SAFE,1.0,IDLE,0.0,0.0,0.0,,,0.0,False,avoidance not required,,{},,,,,,,,,,,1,tracking error high,3.324,14.372,3.127,0,0,0.0,0.0,[],-0.07740975171327591,-0.010821590200066566,5.85282564163208,-0.08561611920595169,-0.031676292419433594,5.402177810668945,-0.08801250159740448,0.002573883393779397,6.308596611022949
17.2,INITIALIZING,2,TAKEOFF_HOLD,0.0,0.9946,158.9216,11.127,True,NORMAL,MONITOR,False,{},"[""uav2"", ""uav1"", ""uav0""]",limited,False,{},NONE,NORMAL,SAFE,1.0,IDLE,0.0,0.0,0.0,,,0.0,False,avoidance not required,,{},,,,,,,,,,,1,tracking error high,3.323,14.345,2.599,0,0,0.0,0.0,[],-0.06771006435155869,0.00011756550520658493,6.288044452667236,-0.07355428487062454,-0.017906207591295242,5.898413181304932,-0.06553356349468231,0.027436543256044388,6.648350715637207
17.4,INITIALIZING,2,TAKEOFF_HOLD,0.0,0.9946,158.9216,11.127,True,NORMAL,MONITOR,False,{},"[""uav2"", ""uav1"", ""uav0""]",limited,False,{},NONE,NORMAL,SAFE,1.0,IDLE,0.0,0.0,0.0,,,0.0,False,avoidance not required,,{},,,,,,,,,,,1,tracking error high,3.317,14.312,2.103,0,0,0.0,0.0,[],-0.0538291335105896,0.008979677222669125,6.634744644165039,-0.058474086225032806,-0.006116846110671759,6.316486835479736,-0.04021291807293892,0.0462239570915699,6.9170637130737305
17.6,INITIALIZING,2,TAKEOFF_HOLD,0.0,0.9944,158.8803,11.127,True,NORMAL,MONITOR,False,{},"[""uav2"", ""uav1"", ""uav0""]",limited,False,{},NONE,NORMAL,SAFE,1.0,IDLE,0.0,0.0,0.0,,,0.0,False,avoidance not required,,{},,,,,,,,,,,0,safe,3.311,14.281,1.685,0,0,0.0,0.0,[],-0.026345418766140938,0.016518617048859596,6.91739559173584,-0.03761279582977295,0.0074791754595935345,6.659058570861816,-0.004631809890270233,0.058145616203546524,7.137855052947998
17.8,INITIALIZING,2,TAKEOFF_HOLD,0.0,0.9944,158.8803,11.127,True,NORMAL,MONITOR,False,{},"[""uav2"", ""uav1"", ""uav0""]",limited,False,{},NONE,NORMAL,SAFE,1.0,IDLE,0.0,0.0,0.0,,,0.0,False,avoidance not required,,{},,,,,,,,,,,0,safe,3.299,14.247,1.341,0,0,0.0,0.0,[],-0.0006992879789322615,0.023013368248939514,7.133904457092285,-0.016431370750069618,0.018560055643320084,6.926595687866211,0.02563604898750782,0.06551598012447357,7.30510950088501
18.0,RUNNING,2,TAKEOFF_HOLD,0.0,0.9944,158.8803,11.127,True,NORMAL,MONITOR,False,{},"[""uav2"", ""uav1"", ""uav0""]",limited,False,{},NONE,NORMAL,SAFE,1.0,IDLE,0.0,0.0,0.0,,,0.0,False,avoidance not required,,{},,,,,,,,,,,0,safe,3.291,14.220,1.074,0,0,0.0,0.0,[],0.028184285387396812,0.03573372960090637,7.305851459503174,0.006693921983242035,0.03062337264418602,7.139358043670654,0.05412985384464264,0.07399236410856247,7.444184303283691
18.2,RUNNING,2,TAKEOFF_HOLD,0.001,0.9942,158.8454,11.127,True,NORMAL,MONITOR,False,{},"[""uav2"", ""uav1"", ""uav0""]",limited,False,{},NONE,NORMAL,SAFE,1.0,IDLE,0.0,0.0,0.0,,,0.0,False,avoidance not required,,{},,,,,,,,,,,0,safe,3.283,14.194,0.861,0,0,0.0,0.0,[],0.06200495734810829,0.0502966046333313,7.445215225219727,0.02835124358534813,0.03946129232645035,7.303467273712158,0.07906407117843628,0.08565481007099152,7.553447723388672
18.4,RUNNING,2,TAKEOFF_HOLD,0.002,0.9942,158.8454,11.127,True,NORMAL,MONITOR,False,{},"[""uav2"", ""uav1"", ""uav0""]",limited,False,{},NONE,NORMAL,SAFE,1.0,IDLE,0.0,0.0,0.0,,,0.0,False,avoidance not required,,{},,,,,,,,,,,0,safe,3.269,14.168,0.698,0,0,0.0,0.0,[],0.085513636469841,0.05951893702149391,7.5456037521362305,0.061663269996643066,0.05314953252673149,7.437230587005615,0.09523476660251617,0.0913282260298729,7.633304595947266
18.6,RUNNING,2,TAKEOFF_HOLD,0.003,0.9941,158.8147,11.127,True,NORMAL,MONITOR,False,{},"[""uav2"", ""uav1"", ""uav0""]",limited,False,{},NONE,NORMAL,SAFE,1.0,IDLE,0.0,0.0,0.0,,,0.0,False,avoidance not required,,{},,,,,,,,,,,0,safe,3.278,14.152,0.569,0,0,0.0,0.0,[],0.10134822875261307,0.06522208452224731,7.6203413009643555,0.08738721162080765,0.06238911673426628,7.539423942565918,0.1036323681473732,0.09147670865058899,7.693702220916748
18.8,RUNNING,2,TAKEOFF_HOLD,0.003,0.9941,158.8147,11.127,True,NORMAL,MONITOR,False,{},"[""uav2"", ""uav1"", ""uav0""]",limited,False,{},NONE,NORMAL,SAFE,1.0,IDLE,0.0,0.0,0.0,,,0.0,False,avoidance not required,,{},,,,,,,,,,,0,safe,3.287,14.146,0.473,0,0,0.0,0.0,[],0.10962464660406113,0.06724639236927032,7.679999828338623,0.10944011062383652,0.07150665670633316,7.620011329650879,0.10751530528068542,0.08766981959342957,7.74079704284668
19.0,RUNNING,2,TAKEOFF_HOLD,0.004,0.9941,158.8147,11.127,True,NORMAL,MONITOR,False,{},"[""uav2"", ""uav1"", ""uav0""]",limited,False,{},NONE,NORMAL,SAFE,1.0,IDLE,0.0,0.0,0.0,,,0.0,False,avoidance not required,,{},,,,,,,,,,,0,safe,3.300,14.146,0.402,0,0,0.0,0.0,[],0.11110366135835648,0.06597959250211716,7.728382587432861,0.12146400660276413,0.07501333951950073,7.680934906005859,0.11290915310382843,0.0793948695063591,7.779170036315918
19.2,RUNNING,2,TAKEOFF_HOLD,0.005,0.9939,158.7857,11.127,True,NORMAL,MONITOR,False,{},"[""uav2"", ""uav1"", ""uav0""]",limited,False,{},NONE,NORMAL,SAFE,1.0,IDLE,0.0,0.0,0.0,,,0.0,False,avoidance not required,,{},,,,,,,,,,,0,safe,3.293,14.148,0.350,0,0,0.0,0.0,[],0.10833753645420074,0.06294060498476028,7.768610000610352,0.1250344067811966,0.07443226873874664,7.7322773933410645,0.11425287276506424,0.07185068726539612,7.80966854095459
19.4,RUNNING,2,TAKEOFF_HOLD,0.006,0.9939,158.7857,11.127,True,NORMAL,MONITOR,False,{},"[""uav2"", ""uav1"", ""uav0""]",limited,False,{},NONE,NORMAL,SAFE,1.0,IDLE,0.0,0.0,0.0,,,0.0,False,avoidance not required,,{},,,,,,,,,,,0,safe,3.290,14.152,0.305,0,0,0.0,0.0,[],0.10709194093942642,0.057416778057813644,7.80293607711792,0.12278588116168976,0.06974310427904129,7.774057388305664,0.11937990039587021,0.07021870464086533,7.835238933563232
19.6,RUNNING,2,TAKEOFF_HOLD,0.006,0.9938,158.7576,11.127,True,NORMAL,MONITOR,False,{},"[""uav2"", ""uav1"", ""uav0""]",limited,False,{},NONE,NORMAL,SAFE,1.0,IDLE,0.0,0.0,0.0,,,0.0,False,avoidance not required,,{},,,,,,,,,,,0,safe,3.297,14.150,0.266,0,0,0.0,0.0,[],0.10328361392021179,0.051801327615976334,7.831690788269043,0.1186978667974472,0.05529812350869179,7.808488845825195,0.12034785747528076,0.06637955456972122,7.858756065368652
19.8,RUNNING,2,TAKEOFF_HOLD,0.007,0.9938,158.7576,11.127,True,NORMAL,MONITOR,False,{},"[""uav2"", ""uav1"", ""uav0""]",limited,False,{},NONE,NORMAL,SAFE,1.0,IDLE,0.0,0.0,0.0,,,0.0,False,avoidance not required,,{},,,,,,,,,,,0,safe,3.302,14.152,0.232,0,0,0.0,0.0,[],0.10187336802482605,0.047254085540771484,7.855889320373535,0.11205452680587769,0.04284711182117462,7.8353352546691895,0.1265053153038025,0.05923895165324211,7.8846917152404785
20.0,RUNNING,2,TAKEOFF_HOLD,0.008,0.9938,158.7576,11.127,True,NORMAL,MONITOR,False,{},"[""uav2"", ""uav1"", ""uav0""]",limited,False,{},NONE,NORMAL,SAFE,1.0,IDLE,0.0,0.0,0.0,,,0.0,False,avoidance not required,,{},,,,,,,,,,,0,safe,3.310,14.153,0.204,0,0,0.0,0.0,[],0.09704390168190002,0.04127083346247673,7.8783111572265625,0.10558603703975677,0.03097553364932537,7.860558986663818,0.12628674507141113,0.05119846761226654,7.903225421905518
20.2,RUNNING,2,TAKEOFF_HOLD,0.009,0.9936,158.7238,11.127,True,NORMAL,MONITOR,False,{},"[""uav2"", ""uav1"", ""uav0""]",limited,False,{},NONE,NORMAL,SAFE,1.0,IDLE,0.0,0.0,0.0,,,0.0,False,avoidance not required,,{},,,,,,,,,,,0,safe,3.309,14.158,0.178,0,0,0.0,0.0,[],0.09209553897380829,0.030699914321303368,7.89666748046875,0.09740953147411346,0.021198121830821037,7.882522106170654,0.12640918791294098,0.038896407932043076,7.917203903198242
20.4,RUNNING,2,TAKEOFF_HOLD,0.009,0.9936,158.7238,11.127,True,NORMAL,MONITOR,False,{},"[""uav2"", ""uav1"", ""uav0""]",limited,False,{},NONE,NORMAL,SAFE,1.0,IDLE,0.0,0.0,0.0,,,0.0,False,avoidance not required,,{},,,,,,,,,,,0,safe,3.305,14.167,0.156,0,0,0.0,0.0,[],0.084396593272686,0.021695801988244057,7.911449432373047,0.08952174335718155,0.007885366678237915,7.902655124664307,0.1205691322684288,0.029444919899106026,7.92652702331543
20.6,RUNNING,2,TAKEOFF_HOLD,0.01,0.9935,158.6962,11.127,True,NORMAL,MONITOR,False,{},"[""uav2"", ""uav1"", ""uav0""]",limited,False,{},NONE,NORMAL,SAFE,1.0,IDLE,0.0,0.0,0.0,,,0.0,False,avoidance not required,,{},,,,,,,,,,,0,safe,3.305,14.178,0.144,0,0,0.0,0.0,[],0.07494452595710754,0.01226876862347126,7.923344612121582,0.0807560607790947,-0.0013042272767052054,7.915491580963135,0.11351533234119415,0.021502528339624405,7.940091133117676
20.8,RUNNING,2,TAKEOFF_HOLD,0.011,0.9935,158.6962,11.127,True,NORMAL,MONITOR,False,{},"[""uav2"", ""uav1"", ""uav0""]",limited,False,{},NONE,NORMAL,SAFE,1.0,IDLE,0.0,0.0,0.0,,,0.0,False,avoidance not required,,{},,,,,,,,,,,0,safe,3.306,14.188,0.130,0,0,0.0,0.0,[],0.0653030127286911,0.005784966982901096,7.9349141120910645,0.07033476233482361,-0.01060057058930397,7.922815322875977,0.10323569923639297,0.016229601576924324,7.949768543243408
21.0,RUNNING,2,TAKEOFF_HOLD,0.012,0.9935,158.6962,11.127,True,NORMAL,MONITOR,False,{},"[""uav2"", ""uav1"", ""uav0""]",limited,False,{},NONE,NORMAL,SAFE,1.0,IDLE,0.0,0.0,0.0,,,0.0,False,avoidance not required,,{},,,,,,,,,,,0,safe,3.305,14.199,0.116,0,0,0.0,0.0,[],0.05670812726020813,-0.0022372237872332335,7.949322700500488,0.06050337851047516,-0.01575244963169098,7.9330620765686035,0.09448272734880447,0.012135934084653854,7.956214904785156
21.2,RUNNING,2,TAKEOFF_HOLD,0.012,0.9933,158.6687,11.127,True,NORMAL,MONITOR,False,{},"[""uav2"", ""uav1"", ""uav0""]",limited,False,{},NONE,NORMAL,SAFE,1.0,IDLE,0.0,0.0,0.0,,,0.0,False,avoidance not required,,{},,,,,,,,,,,0,safe,3.304,14.208,0.105,0,0,0.0,0.0,[],0.04954497516155243,-0.006565313320606947,7.956725120544434,0.049699749797582626,-0.02344619110226631,7.946585655212402,0.08397554606199265,0.009470060467720032,7.958527565002441
21.4,RUNNING,2,TAKEOFF_HOLD,0.013,0.9933,158.6687,11.127,True,NORMAL,MONITOR,False,{},"[""uav2"", ""uav1"", ""uav0""]",limited,False,{},NONE,NORMAL,SAFE,1.0,IDLE,0.0,0.0,0.0,,,0.0,False,avoidance not required,,{},,,,,,,,,,,0,safe,3.300,14.218,0.094,0,0,0.0,0.0,[],0.04397491738200188,-0.012941575609147549,7.962864398956299,0.04084277153015137,-0.027496499940752983,7.955650329589844,0.07680769264698029,0.004417710937559605,7.963755130767822
21.6,RUNNING,2,TAKEOFF_HOLD,0.014,0.9932,158.6414,11.127,True,NORMAL,MONITOR,False,{},"[""uav2"", ""uav1"", ""uav0""]",limited,False,{},NONE,NORMAL,SAFE,1.0,IDLE,0.0,0.0,0.0,,,0.0,False,avoidance not required,,{},,,,,,,,,,,0,safe,3.297,14.226,0.085,0,0,0.0,0.0,[],0.0385374091565609,-0.01630067639052868,7.968204498291016,0.03260038420557976,-0.03397437557578087,7.9679036140441895,0.07153886556625366,-0.0015163245843723416,7.973469257354736
21.8,RUNNING,2,TAKEOFF_HOLD,0.015,0.9932,158.6414,11.127,True,NORMAL,MONITOR,False,{},"[""uav2"", ""uav1"", ""uav0""]",limited,False,{},NONE,NORMAL,SAFE,1.0,IDLE,0.0,0.0,0.0,,,0.0,False,avoidance not required,,{},,,,,,,,,,,0,safe,3.294,14.234,0.076,0,0,0.0,0.0,[],0.033098891377449036,-0.02461322396993637,7.977108955383301,0.026324179023504257,-0.0361335426568985,7.974704742431641,0.06461246311664581,-0.004333089105784893,7.978147983551025
22.0,RUNNING,2,TAKEOFF_HOLD,0.015,0.9932,158.6414,11.127,True,NORMAL,MONITOR,False,{},"[""uav2"", ""uav1"", ""uav0""]",limited,False,{},NONE,NORMAL,SAFE,1.0,IDLE,0.0,0.0,0.0,,,0.0,False,avoidance not required,,{},,,,,,,,,,,0,safe,3.293,14.241,0.068,0,0,0.0,0.0,[],0.028425434604287148,-0.02819189801812172,7.982224941253662,0.02042137272655964,-0.042269863188266754,7.9816389083862305,0.0597020648419857,-0.0066782827489078045,7.984786510467529
22.2,RUNNING,2,TAKEOFF_HOLD,0.016,0.9931,158.6146,11.127,True,NORMAL,MONITOR,False,{},"[""uav2"", ""uav1"", ""uav0""]",limited,False,{},NONE,NORMAL,SAFE,1.0,IDLE,0.0,0.0,0.0,,,0.0,False,avoidance not required,,{},,,,,,,,,,,0,safe,3.292,14.250,0.055,0,0,0.0,0.0,[],0.024196060374379158,-0.03542148694396019,7.989140033721924,0.016539158299565315,-0.043444592505693436,7.9853739738464355,0.05389637127518654,-0.006576094776391983,7.989700794219971
22.4,RUNNING,2,TAKEOFF_HOLD,0.017,0.9931,158.6146,11.127,True,NORMAL,MONITOR,False,{},"[""uav2"", ""uav1"", ""uav0""]",limited,False,{},NONE,NORMAL,SAFE,1.0,IDLE,0.0,0.0,0.0,,,0.0,False,avoidance not required,,{},,,,,,,,,,,0,safe,3.292,14.250,0.055,0,0,0.0,0.0,[],0.02069404348731041,-0.03665339946746826,7.993205547332764,0.01357799768447876,-0.04631264507770538,7.990233421325684,0.05331598222255707,-0.007566636893898249,7.99650239944458
22.6,RUNNING,2,TAKEOFF_HOLD,0.018,0.9929,158.5878,11.127,True,NORMAL,MONITOR,False,{},"[""uav2"", ""uav1"", ""uav0""]",limited,False,{},NONE,NORMAL,SAFE,1.0,IDLE,0.0,0.0,0.0,,,0.0,False,avoidance not required,,{},,,,,,,,,,,0,safe,3.293,14.252,0.054,0,0,0.0,0.0,[],0.017630426213145256,-0.038696788251399994,7.99722957611084,0.012327468022704124,-0.045002955943346024,7.992885112762451,0.054972730576992035,-0.009918734431266785,8.001443862915039
22.8,RUNNING,2,TAKEOFF_HOLD,0.018,0.9929,158.5878,11.127,True,NORMAL,MONITOR,False,{},"[""uav2"", ""uav1"", ""uav0""]",limited,False,{},NONE,NORMAL,SAFE,1.0,IDLE,0.0,0.0,0.0,,,0.0,False,avoidance not required,,{},,,,,,,,,,,0,safe,3.295,14.252,0.056,0,0,0.0,0.0,[],0.012408829294145107,-0.042813003063201904,8.004583358764648,0.013183175586163998,-0.04676726087927818,7.996490955352783,0.05357878655195236,-0.009162659756839275,8.003856658935547
23.0,RUNNING,2,TAKEOFF_HOLD,0.019,0.9929,158.5878,11.127,True,NORMAL,MONITOR,False,{},"[""uav2"", ""uav1"", ""uav0""]",limited,False,{},NONE,NORMAL,SAFE,1.0,IDLE,0.0,0.0,0.0,,,0.0,False,avoidance not required,,{},,,,,,,,,,,0,safe,3.301,14.252,0.054,0,0,0.0,0.0,[],0.009488698095083237,-0.0409066341817379,8.008405685424805,0.015064987353980541,-0.04484836012125015,8.001825332641602,0.05238671228289604,-0.0074078114703297615,8.006564140319824
23.2,RUNNING,2,TAKEOFF_HOLD,0.02,0.9928,158.561,11.127,True,NORMAL,MONITOR,False,{},"[""uav2"", ""uav1"", ""uav0""]",limited,False,{},NONE,NORMAL,SAFE,1.0,IDLE,0.0,0.0,0.0,,,0.0,False,avoidance not required,,{},,,,,,,,,,,0,safe,3.306,14.252,0.053,0,0,0.0,0.0,[],0.009333392605185509,-0.03659522533416748,8.011908531188965,0.020077483728528023,-0.04642505943775177,8.011590957641602,0.04851989075541496,-0.005550073925405741,8.008776664733887
23.4,RUNNING,2,TAKEOFF_HOLD,0.021,0.9928,158.561,11.127,True,NORMAL,MONITOR,False,{},"[""uav2"", ""uav1"", ""uav0""]",limited,False,{},NONE,NORMAL,SAFE,1.0,IDLE,0.0,0.0,0.0,,,0.0,False,avoidance not required,,{},,,,,,,,,,,0,safe,3.311,14.254,0.052,0,0,0.0,0.0,[],0.010080739855766296,-0.02996061183512211,8.01535415649414,0.023719359189271927,-0.04232281818985939,8.01789379119873,0.0432201586663723,-0.00970089714974165,8.012523651123047
23.6,RUNNING,2,TAKEOFF_HOLD,0.021,0.9927,158.5342,11.127,True,NORMAL,MONITOR,False,{},"[""uav2"", ""uav1"", ""uav0""]",limited,False,{},NONE,NORMAL,SAFE,1.0,IDLE,0.0,0.0,0.0,,,0.0,False,avoidance not required,,{},,,,,,,,,,,0,safe,3.314,14.260,0.052,0,0,0.0,0.0,[],0.011969699524343014,-0.025204084813594818,8.024696350097656,0.02633071132004261,-0.03468212112784386,8.024036407470703,0.0400552935898304,-0.013880914077162743,8.01497745513916
23.8,RUNNING,2,TAKEOFF_HOLD,0.022,0.9927,158.5342,11.127,True,NORMAL,MONITOR,False,{},"[""uav2"", ""uav1"", ""uav0""]",limited,False,{},NONE,NORMAL,SAFE,1.0,IDLE,0.0,0.0,0.0,,,0.0,False,avoidance not required,,{},,,,,,,,,,,0,safe,3.314,14.265,0.050,0,0,0.0,0.0,[],0.01393219269812107,-0.019078094512224197,8.027111053466797,0.027499627321958542,-0.0265622828155756,8.025601387023926,0.036723680794239044,-0.014634981751441956,8.014541625976562
24.0,RUNNING,2,TAKEOFF_HOLD,0.023,0.9927,158.5342,11.127,True,NORMAL,MONITOR,False,{},"[""uav2"", ""uav1"", ""uav0""]",limited,False,{},NONE,NORMAL,SAFE,1.0,IDLE,0.0,0.0,0.0,,,0.0,False,avoidance not required,,{},,,,,,,,,,,0,safe,3.309,14.268,0.046,0,0,0.0,0.0,[],0.017624132335186005,-0.014703989960253239,8.027785301208496,0.026766976341605186,-0.021791556850075722,8.026164054870605,0.03569088503718376,-0.01448439434170723,8.01168155670166
24.2,RUNNING,2,TAKEOFF_HOLD,0.024,0.9925,158.5073,11.127,True,NORMAL,MONITOR,False,{},"[""uav2"", ""uav1"", ""uav0""]",limited,False,{},NONE,NORMAL,SAFE,1.0,IDLE,0.0,0.0,0.0,,,0.0,False,avoidance not required,,{},,,,,,,,,,,0,safe,3.309,14.269,0.043,0,0,0.0,0.0,[],0.019827840849757195,-0.009607549756765366,8.025009155273438,0.02597024478018284,-0.01565713621675968,8.023041725158691,0.03255012258887291,-0.012066696770489216,8.008966445922852
24.4,RUNNING,2,TAKEOFF_HOLD,0.024,0.9925,158.5073,11.127,True,NORMAL,MONITOR,False,{},"[""uav2"", ""uav1"", ""uav0""]",limited,False,{},NONE,NORMAL,SAFE,1.0,IDLE,0.0,0.0,0.0,,,0.0,False,avoidance not required,,{},,,,,,,,,,,0,safe,3.306,14.269,0.038,0,0,0.0,0.0,[],0.019548187032341957,-0.006790054962038994,8.023012161254883,0.022847741842269897,-0.009967728517949581,8.021910667419434,0.02723092772066593,-0.009637316688895226,8.011837005615234
24.6,RUNNING,2,TAKEOFF_HOLD,0.025,0.9924,158.4805,11.127,True,NORMAL,MONITOR,False,{},"[""uav2"", ""uav1"", ""uav0""]",limited,False,{},NONE,NORMAL,SAFE,1.0,IDLE,0.0,0.0,0.0,,,0.0,False,avoidance not required,,{},,,,,,,,,,,0,safe,3.303,14.272,0.033,0,0,0.0,0.0,[],0.018645526841282845,-0.002889710944145918,8.02238941192627,0.020341893658041954,-0.004839519504457712,8.020028114318848,0.022208865731954575,-0.0062962863594293594,8.014827728271484
24.8,RUNNING,2,TAKEOFF_HOLD,0.026,0.9924,158.4805,11.127,True,NORMAL,MONITOR,False,{},"[""uav2"", ""uav1"", ""uav0""]",limited,False,{},NONE,NORMAL,SAFE,1.0,IDLE,0.0,0.0,0.0,,,0.0,False,avoidance not required,,{},,,,,,,,,,,0,safe,3.302,14.273,0.029,0,0,0.0,0.0,[],0.016972729936242104,-4.780069866683334e-05,8.025177001953125,0.017319051548838615,-0.0047633107751607895,8.02462387084961,0.01947970688343048,-0.005531661212444305,8.022825241088867
25.0,RUNNING,2,TAKEOFF_HOLD,0.027,0.9923,158.4537,11.127,True,NORMAL,MONITOR,False,{},"[""uav2"", ""uav1"", ""uav0""]",limited,False,{},NONE,NORMAL,SAFE,1.0,IDLE,0.0,0.0,0.0,,,0.0,False,avoidance not required,,{},,,,,,,,,,,0,safe,3.299,14.272,0.037,0,0,0.0,0.0,[],0.015746265649795532,0.0027460423298180103,8.025299072265625,0.014721247367560863,-0.0035928613506257534,8.025568008422852,0.019512303173542023,-0.0029492604080587626,8.031482696533203
25.2,RUNNING,2,TAKEOFF_HOLD,0.027,0.9923,158.4537,11.127,True,NORMAL,MONITOR,False,{},"[""uav2"", ""uav1"", ""uav0""]",limited,False,{},NONE,NORMAL,SAFE,1.0,IDLE,0.0,0.0,0.0,,,0.0,False,avoidance not required,,{},,,,,,,,,,,0,safe,3.299,14.272,0.037,0,0,0.0,0.0,[],0.016116688027977943,0.0016583810793235898,8.025809288024902,0.010491817258298397,-0.006396721117198467,8.027209281921387,0.018520599231123924,-0.0001643310533836484,8.032355308532715
25.4,RUNNING,2,TAKEOFF_HOLD,0.028,0.9923,158.4537,11.127,True,NORMAL,MONITOR,False,{},"[""uav2"", ""uav1"", ""uav0""]",limited,False,{},NONE,NORMAL,SAFE,1.0,IDLE,0.0,0.0,0.0,,,0.0,False,avoidance not required,,{},,,,,,,,,,,0,safe,3.294,14.271,0.037,0,0,0.0,0.0,[],0.01690414547920227,0.0017980493139475584,8.023795127868652,0.0073791006579995155,-0.0069224596954882145,8.02784252166748,0.01787473075091839,0.0007513993768952787,8.03370475769043
25.6,RUNNING,2,TAKEOFF_HOLD,0.029,0.9921,158.4268,11.127,True,NORMAL,MONITOR,False,{},"[""uav2"", ""uav1"", ""uav0""]",limited,False,{},NONE,NORMAL,SAFE,1.0,IDLE,0.0,0.0,0.0,,,0.0,False,avoidance not required,,{},,,,,,,,,,,0,safe,3.290,14.271,0.038,0,0,0.0,0.0,[],0.02323516458272934,0.00018521968740969896,8.02664852142334,0.0030192879494279623,-0.009517953731119633,8.026450157165527,0.017595311626791954,0.0027697673067450523,8.034246444702148
25.8,RUNNING,2,TAKEOFF_HOLD,0.03,0.9921,158.4268,11.127,True,NORMAL,MONITOR,False,{},"[""uav2"", ""uav1"", ""uav0""]",limited,False,{},NONE,NORMAL,SAFE,1.0,IDLE,0.0,0.0,0.0,,,0.0,False,avoidance not required,,{},,,,,,,,,,,0,safe,3.280,14.270,0.039,0,0,0.0,0.0,[],0.026824330911040306,5.655652785208076e-05,8.028120040893555,0.0008783495286479592,-0.009952926076948643,8.025306701660156,0.022946709766983986,0.006086342036724091,8.039690971374512
26.0,RUNNING,3,DEPARTURE_FORMATION,0.03,0.9921,158.4268,11.127,True,NORMAL,MONITOR,False,{},"[""uav2"", ""uav1"", ""uav0""]",limited,False,{},NONE,NORMAL,SAFE,1.0,IDLE,0.0,0.0,0.0,,,0.0,False,avoidance not required,,{},,,,,,,,,,,0,safe,3.274,14.264,0.046,0,0,0.0,0.0,[],0.03258131816983223,-0.001623631687834859,8.037256240844727,0.00032629177439957857,-0.013766517862677574,8.026176452636719,0.025784481316804886,0.00934396218508482,8.042476654052734
26.2,RUNNING,3,DEPARTURE_FORMATION,0.031,0.992,158.3999,11.127,True,NORMAL,MONITOR,False,{},"[""uav2"", ""uav1"", ""uav0""]",limited,False,{},NONE,NORMAL,SAFE,1.0,IDLE,0.0,0.0,0.0,,,0.0,False,avoidance not required,,{},,,,,,,,,,,0,safe,3.268,14.259,0.051,0,0,0.0,0.0,[],0.038082852959632874,-0.003381000831723213,8.04468822479248,0.0005813159514218569,-0.014739129692316055,8.027698516845703,0.03055099956691265,0.014187485910952091,8.046971321105957
26.4,RUNNING,3,DEPARTURE_FORMATION,0.032,0.992,158.3999,11.127,True,NORMAL,MONITOR,False,{},"[""uav2"", ""uav1"", ""uav0""]",limited,False,{},NONE,NORMAL,SAFE,1.0,IDLE,0.0,0.0,0.0,,,0.0,False,avoidance not required,,{},,,,,,,,,,,0,safe,3.263,14.253,0.060,0,0,0.0,0.0,[],0.039481889456510544,-0.003892880165949464,8.045434951782227,0.0006138503667898476,-0.017297502607107162,8.03429889678955,0.03271091356873512,0.016998644918203354,8.045954704284668
26.6,RUNNING,3,DEPARTURE_FORMATION,0.033,0.9919,158.373,11.127,True,NORMAL,MONITOR,False,{},"[""uav2"", ""uav1"", ""uav0""]",limited,False,{},NONE,NORMAL,SAFE,1.0,IDLE,0.0,0.0,0.0,,,0.0,False,avoidance not required,,{},,,,,,,,,,,0,safe,3.261,14.249,0.069,0,0,0.0,0.0,[],0.0401415079832077,-0.00477199349552393,8.04634952545166,0.000856917817145586,-0.01675017923116684,8.036497116088867,0.03732915222644806,0.016389627009630203,8.046018600463867
26.8,RUNNING,3,DEPARTURE_FORMATION,0.033,0.9919,158.373,11.127,True,NORMAL,MONITOR,False,{},"[""uav2"", ""uav1"", ""uav0""]",limited,False,{},NONE,NORMAL,SAFE,1.0,IDLE,0.0,0.0,0.0,,,0.0,False,avoidance not required,,{},,,,,,,,,,,0,safe,3.261,14.246,0.084,0,0,0.0,0.0,[],0.03876100108027458,-0.005670921411365271,8.04578971862793,-0.0005918574752286077,-0.015387773513793945,8.042275428771973,0.03822999820113182,0.014334028586745262,8.046236991882324
27.0,RUNNING,3,DEPARTURE_FORMATION,0.034,0.9919,158.373,11.127,True,NORMAL,MONITOR,False,{},"[""uav2"", ""uav1"", ""uav0""]",limited,False,{},NONE,NORMAL,SAFE,1.0,IDLE,0.0,0.0,0.0,,,0.0,False,avoidance not required,,{},,,,,,,,,,,0,safe,3.261,14.247,0.103,0,0,0.0,0.0,[],0.04078570753335953,-0.008447738364338875,8.0491304397583,-0.0007523482199758291,-0.010744428262114525,8.045177459716797,0.03962638974189758,0.011467915959656239,8.049592971801758
27.2,RUNNING,3,DEPARTURE_FORMATION,0.035,0.9917,158.346,11.127,True,NORMAL,MONITOR,False,{},"[""uav2"", ""uav1"", ""uav0""]",limited,False,{},NONE,NORMAL,SAFE,1.0,IDLE,0.0,0.0,0.0,,,0.0,False,avoidance not required,,{},,,,,,,,,,,0,safe,3.258,14.248,0.131,0,0,0.0,0.0,[],0.03986753523349762,-0.013648726046085358,8.049277305603027,0.001531938323751092,-0.0071056801825761795,8.050691604614258,0.039118800312280655,0.004898665938526392,8.049823760986328
27.4,RUNNING,3,DEPARTURE_FORMATION,0.036,0.9917,158.346,11.127,True,NORMAL,MONITOR,False,{},"[""uav2"", ""uav1"", ""uav0""]",limited,False,{},NONE,NORMAL,SAFE,1.0,IDLE,0.0,0.0,0.0,,,0.0,False,avoidance not required,,{},,,,,,,,,,,0,safe,3.262,14.253,0.161,0,0,0.0,0.0,[],0.040140263736248016,-0.021693192422389984,8.051496505737305,0.003300685668364167,0.0027341111563146114,8.051980972290039,0.04391328990459442,-0.005266744643449783,8.0521240234375
27.6,RUNNING,3,DEPARTURE_FORMATION,0.036,0.9916,158.3162,11.127,True,NORMAL,MONITOR,False,{},"[""uav2"", ""uav1"", ""uav0""]",limited,False,{},NONE,NORMAL,SAFE,1.0,IDLE,0.0,0.0,0.0,,,0.0,False,avoidance not required,,{},,,,,,,,,,,0,safe,3.263,14.257,0.195,0,0,0.0,0.0,[],0.039284802973270416,-0.03404085338115692,8.050681114196777,0.005157127510756254,0.016759604215621948,8.051413536071777,0.043971557170152664,-0.019695589318871498,8.051050186157227
27.8,RUNNING,3,DEPARTURE_FORMATION,0.037,0.9916,158.3162,11.127,True,NORMAL,MONITOR,False,{},"[""uav2"", ""uav1"", ""uav0""]",limited,False,{},NONE,NORMAL,SAFE,1.0,IDLE,0.0,0.0,0.0,,,0.0,False,avoidance not required,,{},,,,,,,,,,,0,safe,3.266,14.267,0.227,0,0,0.0,0.0,[],0.044967349618673325,-0.049081865698099136,8.05229377746582,0.0076158358715474606,0.03771471977233887,8.049029350280762,0.045084159821271896,-0.035354647785425186,8.054495811462402
28.0,RUNNING,3,DEPARTURE_FORMATION,0.038,0.9916,158.3162,11.127,True,NORMAL,MONITOR,False,{},"[""uav2"", ""uav1"", ""uav0""]",limited,False,{},NONE,NORMAL,SAFE,1.0,IDLE,0.0,0.0,0.0,,,0.0,False,avoidance not required,,{},,,,,,,,,,,0,safe,3.264,14.277,0.265,0,0,0.0,0.0,[],0.04780266806483269,-0.07034196704626083,8.05252742767334,0.014526632614433765,0.06591425091028214,8.051923751831055,0.04219137504696846,-0.057687871158123016,8.05389404296875
28.2,RUNNING,3,DEPARTURE_FORMATION,0.039,0.9914,158.2889,11.127,True,NORMAL,MONITOR,False,{},"[""uav2"", ""uav1"", ""uav0""]",limited,False,{},NONE,NORMAL,SAFE,1.0,IDLE,0.0,0.0,0.0,,,0.0,False,avoidance not required,,{},,,,,,,,,,,0,safe,3.270,14.295,0.299,0,0,0.0,0.0,[],0.05586457997560501,-0.09683000296354294,8.061372756958008,0.01781846210360527,0.09925032407045364,8.051648139953613,0.043234698474407196,-0.08328261971473694,8.054369926452637
28.4,RUNNING,3,DEPARTURE_FORMATION,0.039,0.9914,158.2889,11.127,True,NORMAL,MONITOR,False,{},"[""uav2"", ""uav1"", ""uav0""]",limited,False,{},NONE,NORMAL,SAFE,1.0,IDLE,0.0,0.0,0.0,,,0.0,False,avoidance not required,,{},,,,,,,,,,,0,safe,3.268,14.312,0.335,0,0,0.0,0.0,[],0.06005218252539635,-0.12858586013317108,8.061326026916504,0.017636099830269814,0.13667897880077362,8.054455757141113,0.039549682289361954,-0.11675774306058884,8.052059173583984
28.6,RUNNING,3,DEPARTURE_FORMATION,0.04,0.9913,158.2615,11.127,True,NORMAL,MONITOR,False,{},"[""uav2"", ""uav1"", ""uav0""]",limited,False,{},NONE,NORMAL,SAFE,1.0,IDLE,0.0,0.0,0.0,,,0.0,False,avoidance not required,,{},,,,,,,,,,,0,safe,3.268,14.338,0.366,0,0,0.0,0.0,[],0.06816131621599197,-0.16843074560165405,8.06457233428955,0.016632087528705597,0.18039213120937347,8.053092002868652,0.03867272660136223,-0.1546209752559662,8.055317878723145
28.8,RUNNING,3,DEPARTURE_FORMATION,0.041,0.9913,158.2615,11.127,True,NORMAL,MONITOR,False,{},"[""uav2"", ""uav1"", ""uav0""]",limited,False,{},NONE,NORMAL,SAFE,1.0,IDLE,0.0,0.0,0.0,,,0.0,False,avoidance not required,,{},,,,,,,,,,,0,safe,3.267,14.366,0.398,0,0,0.0,0.0,[],0.07164140045642853,-0.2151733636856079,8.064775466918945,0.016238754615187645,0.23269718885421753,8.058805465698242,0.03349916636943817,-0.20086310803890228,8.057016372680664
29.0,RUNNING,3,DEPARTURE_FORMATION,0.042,0.9913,158.2615,11.127,True,NORMAL,MONITOR,False,{},"[""uav2"", ""uav1"", ""uav0""]",limited,False,{},NONE,NORMAL,SAFE,1.0,IDLE,0.0,0.0,0.0,,,0.0,False,avoidance not required,,{},,,,,,,,,,,0,safe,3.275,14.402,0.424,0,0,0.0,0.0,[],0.07589657604694366,-0.2695676386356354,8.071059226989746,0.01568867452442646,0.2893064320087433,8.061079025268555,0.0345940925180912,-0.25288623571395874,8.065359115600586
29.2,RUNNING,3,DEPARTURE_FORMATION,0.042,0.9912,158.234,11.127,True,NORMAL,MONITOR,False,{},"[""uav2"", ""uav1"", ""uav0""]",limited,False,{},NONE,NORMAL,SAFE,1.0,IDLE,0.0,0.0,0.0,,,0.0,False,avoidance not required,,{},,,,,,,,,,,0,safe,3.288,14.438,0.450,0,0,0.0,0.0,[],0.07748223096132278,-0.32823407649993896,8.071195602416992,0.019498152658343315,0.3521781861782074,8.066434860229492,0.030090950429439545,-0.31224676966667175,8.068638801574707
29.4,RUNNING,3,DEPARTURE_FORMATION,0.043,0.9912,158.234,11.127,True,NORMAL,MONITOR,False,{},"[""uav2"", ""uav1"", ""uav0""]",limited,False,{},NONE,NORMAL,SAFE,1.0,IDLE,0.0,0.0,0.0,,,0.0,False,avoidance not required,,{},,,,,,,,,,,0,safe,3.313,14.483,0.470,0,0,0.0,0.0,[],0.08220333606004715,-0.39025112986564636,8.074976921081543,0.02091456949710846,0.4179280400276184,8.068198204040527,0.02985098958015442,-0.3768656253814697,8.075263977050781
29.6,RUNNING,3,DEPARTURE_FORMATION,0.044,0.991,158.2066,11.127,True,NORMAL,MONITOR,False,{},"[""uav2"", ""uav1"", ""uav0""]",limited,False,{},NONE,NORMAL,SAFE,1.0,IDLE,0.0,0.0,0.0,,,0.0,False,avoidance not required,,{},,,,,,,,,,,0,safe,3.338,14.530,0.488,0,0,0.0,0.0,[],0.08536507934331894,-0.4562811553478241,8.074341773986816,0.024358239024877548,0.4895997643470764,8.079094886779785,0.02411382645368576,-0.447160005569458,8.074519157409668
29.8,RUNNING,3,DEPARTURE_FORMATION,0.045,0.991,158.2066,11.127,True,NORMAL,MONITOR,False,{},"[""uav2"", ""uav1"", ""uav0""]",limited,False,{},NONE,NORMAL,SAFE,1.0,IDLE,0.0,0.0,0.0,,,0.0,False,avoidance not required,,{},,,,,,,,,,,0,safe,3.374,14.584,0.501,0,0,0.0,0.0,[],0.09607589244842529,-0.5257353186607361,8.079787254333496,0.025677621364593506,0.5629748702049255,8.078482627868652,0.02468033693730831,-0.5226584076881409,8.076421737670898
30.0,RUNNING,3,DEPARTURE_FORMATION,0.045,0.991,158.2066,11.127,True,NORMAL,MONITOR,False,{},"[""uav2"", ""uav1"", ""uav0""]",limited,False,{},NONE,NORMAL,SAFE,1.0,IDLE,0.0,0.0,0.0,,,0.0,False,avoidance not required,,{},,,,,,,,,,,0,safe,3.457,14.700,0.519,0,0,0.0,0.0,[],0.10307855159044266,-0.5999011993408203,8.07801628112793,0.030503759160637856,0.6396194100379944,8.073548316955566,0.016831466928124428,-0.6013091206550598,8.075607299804688
30.2,RUNNING,3,DEPARTURE_FORMATION,0.046,0.9909,158.179,11.127,True,NORMAL,MONITOR,False,{},"[""uav2"", ""uav1"", ""uav0""]",limited,False,{},NONE,NORMAL,SAFE,1.0,IDLE,0.0,0.0,0.0,,,0.0,False,avoidance not required,,{},,,,,,,,,,,0,safe,3.457,14.700,0.519,0,0,0.0,0.0,[],0.11546154320240021,-0.6821605563163757,8.084035873413086,0.03258473798632622,0.7182015180587769,8.070223808288574,0.009678983129560947,-0.6817871928215027,8.078947067260742
30.4,RUNNING,3,DEPARTURE_FORMATION,0.047,0.9909,158.179,11.127,True,NORMAL,MONITOR,False,{},"[""uav2"", ""uav1"", ""uav0""]",limited,False,{},NONE,NORMAL,SAFE,1.0,IDLE,0.0,0.0,0.0,,,0.0,False,avoidance not required,,{},,,,,,,,,,,0,safe,3.509,14.763,0.527,0,0,0.0,0.0,[],0.1234186589717865,-0.765424370765686,8.082537651062012,0.0389997661113739,0.8018299341201782,8.076894760131836,-0.003016421804204583,-0.7635332942008972,8.07896900177002
30.6,RUNNING,3,DEPARTURE_FORMATION,0.048,0.9908,158.1515,11.127,True,NORMAL,MONITOR,False,{},"[""uav2"", ""uav1"", ""uav0""]",limited,False,{},NONE,NORMAL,SAFE,1.0,IDLE,0.0,0.0,0.0,,,0.0,False,avoidance not required,,{},,,,,,,,,,,0,safe,3.577,14.831,0.533,0,0,0.0,0.0,[],0.13595253229141235,-0.8501099348068237,8.08462905883789,0.041256848722696304,0.8866246938705444,8.078595161437988,-0.012920171022415161,-0.8433119058609009,8.084549903869629
30.8,RUNNING,3,DEPARTURE_FORMATION,0.048,0.9908,158.1515,11.127,True,NORMAL,MONITOR,False,{},"[""uav2"", ""uav1"", ""uav0""]",limited,False,{},NONE,NORMAL,SAFE,1.0,IDLE,0.0,0.0,0.0,,,0.0,False,avoidance not required,,{},,,,,,,,,,,0,safe,3.646,14.896,0.543,0,0,0.0,0.0,[],0.1432429403066635,-0.9356340169906616,8.080452919006348,0.04603354260325432,0.9781875610351562,8.08689022064209,-0.027952415868639946,-0.9266821146011353,8.0847806930542
31.0,RUNNING,3,DEPARTURE_FORMATION,0.049,0.9908,158.1515,11.127,True,NORMAL,MONITOR,False,{},"[""uav2"", ""uav1"", ""uav0""]",limited,False,{},NONE,NORMAL,SAFE,1.0,IDLE,0.0,0.0,0.0,,,0.0,False,avoidance not required,,{},,,,,,,,,,,0,safe,3.731,14.967,0.548,0,0,0.0,0.0,[],0.15250267088413239,-1.0233350992202759,8.078883171081543,0.045716725289821625,1.0683388710021973,8.085525512695312,-0.04158579930663109,-1.0118579864501953,8.091330528259277
31.2,RUNNING,3,DEPARTURE_FORMATION,0.05,0.9906,158.1239,11.127,True,NORMAL,MONITOR,False,{},"[""uav2"", ""uav1"", ""uav0""]",limited,False,{},NONE,NORMAL,SAFE,1.0,IDLE,0.0,0.0,0.0,,,0.0,False,avoidance not required,,{},,,,,,,,,,,0,safe,3.817,15.038,0.553,0,0,0.0,0.0,[],0.15831194818019867,-1.1131199598312378,8.076264381408691,0.04840428754687309,1.164381504058838,8.086319923400879,-0.05867738649249077,-1.0990649461746216,8.089972496032715
31.4,RUNNING,3,DEPARTURE_FORMATION,0.051,0.9906,158.1239,11.127,True,NORMAL,MONITOR,False,{},"[""uav2"", ""uav1"", ""uav0""]",limited,False,{},NONE,NORMAL,SAFE,1.0,IDLE,0.0,0.0,0.0,,,0.0,False,avoidance not required,,{},,,,,,,,,,,0,safe,3.914,15.114,0.553,0,0,0.0,0.0,[],0.16883230209350586,-1.2114577293395996,8.079222679138184,0.05372590944170952,1.2592262029647827,8.092171669006348,-0.07425089180469513,-1.1843355894088745,8.090536117553711
31.6,RUNNING,3,DEPARTURE_FORMATION,0.051,0.9905,158.0963,11.127,True,NORMAL,MONITOR,False,{},"[""uav2"", ""uav1"", ""uav0""]",limited,False,{},NONE,NORMAL,SAFE,1.0,IDLE,0.0,0.0,0.0,,,0.0,False,avoidance not required,,{},,,,,,,,,,,0,safe,4.004,15.187,0.556,0,0,0.0,0.0,[],0.17485064268112183,-1.306876301765442,8.076278686523438,0.05324392020702362,1.349838376045227,8.088068962097168,-0.09259729832410812,-1.2729856967926025,8.086112022399902
31.8,RUNNING,3,DEPARTURE_FORMATION,0.052,0.9905,158.0963,11.127,True,NORMAL,MONITOR,False,{},"[""uav2"", ""uav1"", ""uav0""]",limited,False,{},NONE,NORMAL,SAFE,1.0,IDLE,0.0,0.0,0.0,,,0.0,False,avoidance not required,,{},,,,,,,,,,,0,safe,4.102,15.265,0.554,0,0,0.0,0.0,[],0.1852715015411377,-1.4041764736175537,8.08061408996582,0.0536467619240284,1.440036416053772,8.083593368530273,-0.10981971770524979,-1.3644728660583496,8.08777904510498
32.0,RUNNING,3,DEPARTURE_FORMATION,0.053,0.9905,158.0963,11.127,True,NORMAL,MONITOR,False,{},"[""uav2"", ""uav1"", ""uav0""]",limited,False,{},NONE,NORMAL,SAFE,1.0,IDLE,0.0,0.0,0.0,,,0.0,False,avoidance not required,,{},,,,,,,,,,,0,safe,4.208,15.344,0.549,0,0,0.0,0.0,[],0.19871026277542114,-1.4997704029083252,8.083752632141113,0.050392236560583115,1.5280770063400269,8.077031135559082,-0.1221502274274826,-1.46060049533844,8.091474533081055
32.2,RUNNING,3,DEPARTURE_FORMATION,0.054,0.9903,158.0686,11.127,True,NORMAL,MONITOR,False,{},"[""uav2"", ""uav1"", ""uav0""]",limited,False,{},NONE,NORMAL,SAFE,1.0,IDLE,0.0,0.0,0.0,,,0.0,False,avoidance not required,,{},,,,,,,,,,,0,safe,4.326,15.424,0.540,0,0,0.0,0.0,[],0.20614323019981384,-1.5919828414916992,8.080487251281738,0.05043512582778931,1.6171551942825317,8.075142860412598,-0.13608820736408234,-1.5556086301803589,8.090850830078125
32.4,RUNNING,3,DEPARTURE_FORMATION,0.054,0.9903,158.0686,11.127,True,NORMAL,MONITOR,False,{},"[""uav2"", ""uav1"", ""uav0""]",limited,False,{},NONE,NORMAL,SAFE,1.0,IDLE,0.0,0.0,0.0,,,0.0,False,avoidance not required,,{},,,,,,,,,,,0,safe,4.445,15.504,0.529,0,0,0.0,0.0,[],0.21241536736488342,-1.685173749923706,8.08204174041748,0.04686155170202255,1.7044706344604492,8.070414543151855,-0.14702999591827393,-1.6468778848648071,8.09288501739502
32.6,RUNNING,3,DEPARTURE_FORMATION,0.055,0.9902,158.0409,11.127,True,NORMAL,MONITOR,False,{},"[""uav2"", ""uav1"", ""uav0""]",limited,False,{},NONE,NORMAL,SAFE,1.0,IDLE,0.0,0.0,0.0,,,0.0,False,avoidance not required,,{},,,,,,,,,,,0,safe,4.569,15.579,0.521,0,0,0.0,0.0,[],0.21591900289058685,-1.7749090194702148,8.078930854797363,0.04546957090497017,1.792594075202942,8.071504592895508,-0.15963321924209595,-1.738944411277771,8.089091300964355
32.8,RUNNING,3,DEPARTURE_FORMATION,0.056,0.9902,158.0409,11.127,True,NORMAL,MONITOR,False,{},"[""uav2"", ""uav1"", ""uav0""]",limited,False,{},NONE,NORMAL,SAFE,1.0,IDLE,0.0,0.0,0.0,,,0.0,False,avoidance not required,,{},,,,,,,,,,,0,safe,4.696,15.656,0.509,0,0,0.0,0.0,[],0.22341516613960266,-1.867377758026123,8.077386856079102,0.0409008264541626,1.8783180713653564,8.068913459777832,-0.17045247554779053,-1.8347748517990112,8.089924812316895
33.0,RUNNING,3,DEPARTURE_FORMATION,0.057,0.9902,158.0409,11.127,True,NORMAL,MONITOR,False,{},"[""uav2"", ""uav1"", ""uav0""]",limited,False,{},NONE,NORMAL,SAFE,1.0,IDLE,0.0,0.0,0.0,,,0.0,False,avoidance not required,,{},,,,,,,,,,,0,safe,4.830,15.720,0.491,0,0,0.0,0.0,[],0.22784167528152466,-1.9558244943618774,8.073586463928223,0.03989564999938011,1.9605796337127686,8.0677490234375,-0.18218070268630981,-1.9277278184890747,8.08592414855957
33.2,RUNNING,3,DEPARTURE_FORMATION,0.057,0.9901,158.0134,11.127,True,NORMAL,MONITOR,False,{},"[""uav2"", ""uav1"", ""uav0""]",limited,False,{},NONE,NORMAL,SAFE,1.0,IDLE,0.0,0.0,0.0,,,0.0,False,avoidance not required,,{},,,,,,,,,,,0,safe,4.959,15.678,0.473,0,0,0.0,0.0,[],0.23475345969200134,-2.050471067428589,8.076876640319824,0.03668241947889328,2.0412681102752686,8.066343307495117,-0.18999649584293365,-2.0214920043945312,8.087095260620117
33.4,RUNNING,3,DEPARTURE_FORMATION,0.058,0.9901,158.0134,11.127,True,NORMAL,MONITOR,False,{},"[""uav2"", ""uav1"", ""uav0""]",limited,False,{},NONE,NORMAL,SAFE,1.0,IDLE,0.0,0.0,0.0,,,0.0,False,avoidance not required,,{},,,,,,,,,,,0,safe,5.094,15.640,0.453,0,0,0.0,0.0,[],0.23958678543567657,-2.1350464820861816,8.081748008728027,0.0377967469394207,2.1190412044525146,8.071761131286621,-0.19478081166744232,-2.1154181957244873,8.091341018676758
33.6,RUNNING,3,DEPARTURE_FORMATION,0.059,0.9899,157.9858,11.127,True,NORMAL,MONITOR,False,{},"[""uav2"", ""uav1"", ""uav0""]",limited,False,{},NONE,NORMAL,SAFE,1.0,IDLE,0.0,0.0,0.0,,,0.0,False,avoidance not required,,{},,,,,,,,,,,0,safe,5.229,15.599,0.430,0,0,0.0,0.0,[],0.24280402064323425,-2.2171082496643066,8.081296920776367,0.03514186665415764,2.196073293685913,8.07361888885498,-0.20185109972953796,-2.204244613647461,8.088897705078125
33.8,RUNNING,3,DEPARTURE_FORMATION,0.06,0.9899,157.9858,11.127,True,NORMAL,MONITOR,False,{},"[""uav2"", ""uav1"", ""uav0""]",limited,False,{},NONE,NORMAL,SAFE,1.0,IDLE,0.0,0.0,0.0,,,0.0,False,avoidance not required,,{},,,,,,,,,,,0,safe,5.361,15.563,0.409,0,0,0.0,0.0,[],0.2504677474498749,-2.2966580390930176,8.084542274475098,0.03474769368767738,2.269164800643921,8.077672958374023,-0.20624424517154694,-2.2925078868865967,8.089020729064941
34.0,RUNNING,3,DEPARTURE_FORMATION,0.06,0.9899,157.9858,11.127,True,NORMAL,MONITOR,False,{},"[""uav2"", ""uav1"", ""uav0""]",limited,False,{},NONE,NORMAL,SAFE,1.0,IDLE,0.0,0.0,0.0,,,0.0,False,avoidance not required,,{},,,,,,,,,,,0,safe,5.492,15.527,0.399,0,0,0.0,0.0,[],0.25551551580429077,-2.371687889099121,8.081265449523926,0.031576573848724365,2.3413703441619873,8.07602310180664,-0.21397480368614197,-2.375260353088379,8.086137771606445
34.2,RUNNING,3,DEPARTURE_FORMATION,0.061,0.9898,157.9583,11.127,True,NORMAL,MONITOR,False,{},"[""uav2"", ""uav1"", ""uav0""]",limited,False,{},NONE,NORMAL,SAFE,1.0,IDLE,0.0,0.0,0.0,,,0.0,False,avoidance not required,,{},,,,,,,,,,,0,safe,5.619,15.494,0.384,0,0,0.0,0.0,[],0.2632019817829132,-2.4477453231811523,8.083807945251465,0.03263644874095917,2.404019355773926,8.078012466430664,-0.22172926366329193,-2.4586596488952637,8.088236808776855
34.4,RUNNING,3,DEPARTURE_FORMATION,0.062,0.9898,157.9583,11.127,True,NORMAL,MONITOR,False,{},"[""uav2"", ""uav1"", ""uav0""]",limited,False,{},NONE,NORMAL,SAFE,1.0,IDLE,0.0,0.0,0.0,,,0.0,False,avoidance not required,,{},,,,,,,,,,,0,safe,5.738,15.462,0.375,0,0,0.0,0.0,[],0.2689492106437683,-2.52059268951416,8.08096981048584,0.030332036316394806,2.4687623977661133,8.078039169311523,-0.23096881806850433,-2.5338377952575684,8.085589408874512
34.6,RUNNING,3,DEPARTURE_FORMATION,0.063,0.9897,157.9309,11.127,True,NORMAL,MONITOR,False,{},"[""uav2"", ""uav1"", ""uav0""]",limited,False,{},NONE,NORMAL,SAFE,1.0,IDLE,0.0,0.0,0.0,,,0.0,False,avoidance not required,,{},,,,,,,,,,,0,safe,5.853,15.432,0.359,0,0,0.0,0.0,[],0.27803128957748413,-2.5875816345214844,8.082337379455566,0.03176744282245636,2.527963876724243,8.084737777709961,-0.2368992120027542,-2.6047542095184326,8.086573600769043
34.8,RUNNING,3,DEPARTURE_FORMATION,0.063,0.9897,157.9309,11.127,True,NORMAL,MONITOR,False,{},"[""uav2"", ""uav1"", ""uav0""]",limited,False,{},NONE,NORMAL,SAFE,1.0,IDLE,0.0,0.0,0.0,,,0.0,False,avoidance not required,,{},,,,,,,,,,,0,safe,5.958,15.402,0.345,0,0,0.0,0.0,[],0.28300127387046814,-2.6468663215637207,8.079652786254883,0.030484968796372414,2.590306282043457,8.083837509155273,-0.24496302008628845,-2.6697397232055664,8.082584381103516
35.0,RUNNING,3,DEPARTURE_FORMATION,0.064,0.9897,157.9309,11.127,True,NORMAL,MONITOR,False,{},"[""uav2"", ""uav1"", ""uav0""]",limited,False,{},NONE,NORMAL,SAFE,1.0,IDLE,0.0,0.0,0.0,,,0.0,False,avoidance not required,,{},,,,,,,,,,,0,safe,6.059,15.373,0.321,0,0,0.0,0.0,[],0.286734402179718,-2.706258535385132,8.081005096435547,0.033960163593292236,2.652848243713379,8.084969520568848,-0.25068098306655884,-2.7355568408966064,8.081201553344727
35.2,RUNNING,3,DEPARTURE_FORMATION,0.065,0.9895,157.9035,11.127,True,NORMAL,MONITOR,False,{},"[""uav2"", ""uav1"", ""uav0""]",limited,False,{},NONE,NORMAL,SAFE,1.0,IDLE,0.0,0.0,0.0,,,0.0,False,avoidance not required,,{},,,,,,,,,,,0,safe,6.063,15.340,0.293,0,0,0.0,0.0,[],0.28869715332984924,-2.761307716369629,8.076842308044434,0.03322182968258858,2.7126882076263428,8.080696105957031,-0.259275883436203,-2.7933475971221924,8.077099800109863
35.4,RUNNING,3,DEPARTURE_FORMATION,0.066,0.9895,157.9035,11.127,True,NORMAL,MONITOR,False,{},"[""uav2"", ""uav1"", ""uav0""]",limited,False,{},NONE,NORMAL,SAFE,1.0,IDLE,0.0,0.0,0.0,,,0.0,False,avoidance not required,,{},,,,,,,,,,,0,safe,6.052,15.312,0.260,0,0,0.0,0.0,[],0.29409170150756836,-2.8195526599884033,8.070167541503906,0.034855298697948456,2.76295804977417,8.081774711608887,-0.2697160840034485,-2.8491291999816895,8.077774047851562
35.6,RUNNING,3,DEPARTURE_FORMATION,0.066,0.9894,157.8761,11.127,True,NORMAL,MONITOR,False,{},"[""uav2"", ""uav1"", ""uav0""]",limited,False,{},NONE,NORMAL,SAFE,1.0,IDLE,0.0,0.0,0.0,,,0.0,False,avoidance not required,,{},,,,,,,,,,,0,safe,6.036,15.287,0.233,0,0,0.0,0.0,[],0.2966746985912323,-2.8664519786834717,8.06534194946289,0.03197813406586647,2.8116557598114014,8.077528953552246,-0.2789417505264282,-2.8954100608825684,8.07506275177002
35.8,RUNNING,3,DEPARTURE_FORMATION,0.067,0.9894,157.8761,11.127,True,NORMAL,MONITOR,False,{},"[""uav2"", ""uav1"", ""uav0""]",limited,False,{},NONE,NORMAL,SAFE,1.0,IDLE,0.0,0.0,0.0,,,0.0,False,avoidance not required,,{},,,,,,,,,,,0,safe,6.024,15.266,0.199,0,0,0.0,0.0,[],0.30276235938072205,-2.9148905277252197,8.066082954406738,0.030245522037148476,2.850654125213623,8.077079772949219,-0.2824002206325531,-2.9348037242889404,8.073647499084473
36.0,RUNNING,4,OUTBOUND,0.068,0.9894,157.8761,11.127,True,NORMAL,MONITOR,False,{},"[""uav2"", ""uav1"", ""uav0""]",limited,False,{},NONE,NORMAL,SAFE,1.0,IDLE,0.0,0.0,0.0,,,0.0,False,avoidance not required,,{},,,,,,,,,,,0,safe,6.015,15.250,0.170,0,0,0.0,0.0,[],0.3054488003253937,-2.951625108718872,8.064062118530273,0.0267688799649477,2.8877484798431396,8.074506759643555,-0.2864502966403961,-2.967212200164795,8.069073677062988
36.2,RUNNING,4,OUTBOUND,0.069,0.9892,157.8488,11.127,True,NORMAL,MONITOR,False,{},"[""uav2"", ""uav1"", ""uav0""]",limited,False,{},NONE,NORMAL,SAFE,1.0,IDLE,0.0,0.0,0.0,,,0.0,False,avoidance not required,,{},,,,,,,,,,,0,safe,6.008,15.235,0.137,0,0,0.0,0.0,[],0.30989715456962585,-2.986598014831543,8.064371109008789,0.028680212795734406,2.915994167327881,8.074553489685059,-0.28674736618995667,-2.9967832565307617,8.066530227661133
36.4,RUNNING,4,OUTBOUND,0.069,0.9892,157.8488,11.127,True,NORMAL,MONITOR,False,{},"[""uav2"", ""uav1"", ""uav0""]",limited,False,{},NONE,NORMAL,SAFE,1.0,IDLE,0.0,0.0,0.0,,,0.0,False,avoidance not required,,{},,,,,,,,,,,0,safe,6.003,15.220,0.119,0,0,0.0,0.0,[],0.3120797872543335,-3.0123910903930664,8.06377124786377,0.02786935307085514,2.9429917335510254,8.071167945861816,-0.28851979970932007,-3.0184433460235596,8.063813209533691
36.6,RUNNING,4,OUTBOUND,0.07,0.9891,157.8215,11.127,True,NORMAL,MONITOR,False,{},"[""uav2"", ""uav1"", ""uav0""]",limited,False,{},NONE,NORMAL,SAFE,1.0,IDLE,0.0,0.0,0.0,,,0.0,False,avoidance not required,,{},,,,,,,,,,,0,safe,5.993,15.193,0.107,0,0,0.0,0.0,[],0.3204437494277954,-3.0338661670684814,8.070192337036133,0.035217203199863434,2.962526321411133,8.070201873779297,-0.28612497448921204,-3.0345799922943115,8.07081413269043
36.8,RUNNING,4,OUTBOUND,0.071,0.9891,157.8215,11.127,True,NORMAL,MONITOR,False,{},"[""uav2"", ""uav1"", ""uav0""]",limited,False,{},NONE,NORMAL,SAFE,1.0,IDLE,0.0,0.0,0.0,,,0.0,False,avoidance not required,,{},,,,,,,,,,,0,safe,5.993,15.193,0.107,0,0,0.0,0.0,[],0.3277702331542969,-3.043330192565918,8.083624839782715,0.0388636514544487,2.9823172092437744,8.070592880249023,-0.28530433773994446,-3.0427303314208984,8.076139450073242
37.0,RUNNING,4,OUTBOUND,0.072,0.9891,157.8215,11.127,True,NORMAL,MONITOR,False,{},"[""uav2"", ""uav1"", ""uav0""]",limited,False,{},NONE,NORMAL,SAFE,1.0,IDLE,0.0,0.0,0.0,,,0.0,False,avoidance not required,,{},,,,,,,,,,,0,safe,5.987,15.181,0.158,0,0,0.0,0.0,[],0.3325338661670685,-3.04386305809021,8.092824935913086,0.04834568127989769,2.9988510608673096,8.078821182250977,-0.28166112303733826,-3.045888662338257,8.0828857421875
37.2,RUNNING,4,OUTBOUND,0.072,0.989,157.7944,11.127,True,NORMAL,MONITOR,False,{},"[""uav2"", ""uav1"", ""uav0""]",limited,False,{},NONE,NORMAL,SAFE,1.0,IDLE,0.0,0.0,0.0,,,0.0,False,avoidance not required,,{},,,,,,,,,,,0,safe,5.986,15.165,0.218,0,0,0.0,0.0,[],0.341729998588562,-3.037107229232788,8.101274490356445,0.0554509274661541,3.017611503601074,8.091114044189453,-0.2767573595046997,-3.0393850803375244,8.091120719909668
37.4,RUNNING,4,OUTBOUND,0.073,0.989,157.7944,11.127,True,NORMAL,MONITOR,False,{},"[""uav2"", ""uav1"", ""uav0""]",limited,False,{},NONE,NORMAL,SAFE,1.0,IDLE,0.0,0.0,0.0,,,0.0,False,avoidance not required,,{},,,,,,,,,,,0,safe,5.982,15.150,0.285,0,0,0.0,0.0,[],0.3500516712665558,-3.020779609680176,8.113388061523438,0.06995564699172974,3.032325029373169,8.111669540405273,-0.26537102460861206,-3.0270392894744873,8.105912208557129
37.6,RUNNING,4,OUTBOUND,0.074,0.9888,157.7595,11.127,True,NORMAL,MONITOR,False,{},"[""uav2"", ""uav1"", ""uav0""]",limited,False,{},NONE,NORMAL,SAFE,1.0,IDLE,0.0,0.0,0.0,,,0.0,False,avoidance not required,,{},,,,,,,,,,,0,safe,5.985,15.130,0.354,0,0,0.0,0.0,[],0.3617360293865204,-2.9972116947174072,8.130569458007812,0.08310241997241974,3.0560317039489746,8.13139820098877,-0.25138628482818604,-3.003094434738159,8.125436782836914
37.8,RUNNING,4,OUTBOUND,0.075,0.9888,157.7595,11.127,True,NORMAL,MONITOR,False,{},"[""uav2"", ""uav1"", ""uav0""]",limited,False,{},NONE,NORMAL,SAFE,1.0,IDLE,0.0,0.0,0.0,,,0.0,False,avoidance not required,,{},,,,,,,,,,,0,safe,5.987,15.107,0.426,0,0,0.0,0.0,[],0.38136160373687744,-2.965277671813965,8.160143852233887,0.10598980635404587,3.0815327167510986,8.154452323913574,-0.2286020964384079,-2.969869613647461,8.153239250183105
38.0,RUNNING,4,OUTBOUND,0.075,0.9887,157.7303,11.127,True,NORMAL,MONITOR,False,{},"[""uav2"", ""uav1"", ""uav0""]",limited,False,{},NONE,NORMAL,SAFE,1.0,IDLE,0.0,0.0,0.0,,,0.0,False,avoidance not required,,{},,,,,,,,,,,0,safe,5.993,15.037,0.564,0,0,0.0,0.0,[],0.40312546491622925,-2.920633316040039,8.192708969116211,0.1292409896850586,3.1195685863494873,8.182947158813477,-0.2035924792289734,-2.9256179332733154,8.185462951660156
38.2,RUNNING,4,OUTBOUND,0.076,0.9887,157.7303,11.127,True,NORMAL,MONITOR,False,{},"[""uav2"", ""uav1"", ""uav0""]",limited,False,{},NONE,NORMAL,SAFE,1.0,IDLE,0.0,0.0,0.0,,,0.0,False,avoidance not required,,{},,,,,,,,,,,0,safe,5.993,15.037,0.564,0,0,0.0,0.0,[],0.4336392283439636,-2.858339548110962,8.23283576965332,0.1629113405942917,3.1665055751800537,8.218222618103027,-0.1704893410205841,-2.873828411102295,8.225708961486816
38.4,RUNNING,4,OUTBOUND,0.077,0.9887,157.7303,11.127,True,NORMAL,MONITOR,False,{},"[""uav2"", ""uav1"", ""uav0""]",limited,False,{},NONE,NORMAL,SAFE,1.0,IDLE,0.0,0.0,0.0,,,0.0,False,avoidance not required,,{},,,,,,,,,,,0,safe,5.996,14.986,0.632,0,0,0.0,0.0,[],0.46799513697624207,-2.7857666015625,8.27906608581543,0.19736728072166443,3.2255382537841797,8.260229110717773,-0.13533452153205872,-2.810410499572754,8.270149230957031
38.6,RUNNING,4,OUTBOUND,0.078,0.9885,157.7002,11.127,True,NORMAL,MONITOR,False,{},"[""uav2"", ""uav1"", ""uav0""]",limited,False,{},NONE,NORMAL,SAFE,1.0,IDLE,0.0,0.0,0.0,,,0.0,False,avoidance not required,,{},,,,,,,,,,,0,safe,5.997,14.928,0.700,0,0,0.0,0.0,[],0.5059962868690491,-2.7096633911132812,8.329459190368652,0.24335509538650513,3.291736364364624,8.310795783996582,-0.09430191665887833,-2.7380099296569824,8.322714805603027
38.8,RUNNING,4,OUTBOUND,0.078,0.9885,157.7002,11.127,True,NORMAL,MONITOR,False,{},"[""uav2"", ""uav1"", ""uav0""]",limited,False,{},NONE,NORMAL,SAFE,1.0,IDLE,0.0,0.0,0.0,,,0.0,False,avoidance not required,,{},,,,,,,,,,,0,safe,6.000,14.857,0.766,0,0,0.0,0.0,[],0.5488860607147217,-2.6228935718536377,8.385004997253418,0.2885611951351166,3.3710081577301025,8.368008613586426,-0.04936123266816139,-2.6541361808776855,8.37720775604248
39.0,RUNNING,4,OUTBOUND,0.079,0.9885,157.7002,11.127,True,NORMAL,MONITOR,False,{},"[""uav2"", ""uav1"", ""uav0""]",limited,False,{},NONE,NORMAL,SAFE,1.0,IDLE,0.0,0.0,0.0,,,0.0,False,avoidance not required,,{},,,,,,,,,,,0,safe,6.002,14.781,0.830,0,0,0.0,0.0,[],0.5996459126472473,-2.524202346801758,8.44370174407959,0.3425765037536621,3.459528684616089,8.43242073059082,0.005965190939605236,-2.561612844467163,8.441397666931152
39.2,RUNNING,4,OUTBOUND,0.08,0.9883,157.6691,11.127,True,NORMAL,MONITOR,False,{},"[""uav2"", ""uav1"", ""uav0""]",limited,False,{},NONE,NORMAL,SAFE,1.0,IDLE,0.0,0.0,0.0,,,0.0,False,avoidance not required,,{},,,,,,,,,,,0,safe,6.010,14.600,0.950,0,0,0.0,0.0,[],0.6537504196166992,-2.4190378189086914,8.50913143157959,0.3974904417991638,3.559715509414673,8.49873161315918,0.06401608884334564,-2.458239793777466,8.508151054382324
39.4,RUNNING,4,OUTBOUND,0.081,0.9883,157.6691,11.127,True,NORMAL,MONITOR,False,{},"[""uav2"", ""uav1"", ""uav0""]",limited,False,{},NONE,NORMAL,SAFE,1.0,IDLE,0.0,0.0,0.0,,,0.0,False,avoidance not required,,{},,,,,,,,,,,0,safe,6.010,14.600,0.950,0,0,0.0,0.0,[],0.7162539958953857,-2.2964091300964355,8.589231491088867,0.46338725090026855,3.6668081283569336,8.574307441711426,0.13069656491279602,-2.34671688079834,8.584131240844727
39.6,RUNNING,4,OUTBOUND,0.081,0.9882,157.6369,11.127,True,NORMAL,MONITOR,False,{},"[""uav2"", ""uav1"", ""uav0""]",limited,False,{},NONE,NORMAL,SAFE,1.0,IDLE,0.0,0.0,0.0,,,0.0,False,avoidance not required,,{},,,,,,,,,,,0,safe,6.015,14.494,1.005,0,0,0.0,0.0,[],0.7792839407920837,-2.178725481033325,8.664884567260742,0.5292880535125732,3.7859487533569336,8.653387069702148,0.1985880732536316,-2.2255401611328125,8.662705421447754
39.8,RUNNING,4,OUTBOUND,0.082,0.9882,157.6369,11.127,True,NORMAL,MONITOR,False,{},"[""uav2"", ""uav1"", ""uav0""]",limited,False,{},NONE,NORMAL,SAFE,1.0,IDLE,0.0,0.0,0.0,,,0.0,False,avoidance not required,,{},,,,,,,,,,,0,safe,6.019,14.382,1.060,0,0,0.0,0.0,[],0.8572585582733154,-2.0469298362731934,8.752373695373535,0.6061317920684814,3.913365125656128,8.742766380310059,0.2717713415622711,-2.0973024368286133,8.750154495239258
40.0,RUNNING,4,OUTBOUND,0.083,0.9882,157.6369,11.127,True,NORMAL,MONITOR,False,{},"[""uav2"", ""uav1"", ""uav0""]",limited,False,{},NONE,NORMAL,SAFE,1.0,IDLE,0.0,0.0,0.0,,,0.0,False,avoidance not required,,{},,,,,,,,,,,0,safe,6.015,14.258,1.113,0,0,0.0,0.0,[],0.9367642402648926,-1.911069393157959,8.840300559997559,0.6825243830680847,4.05219030380249,8.833407402038574,0.34707507491111755,-1.9597434997558594,8.838515281677246
40.2,RUNNING,4,OUTBOUND,0.084,0.988,157.6037,11.127,True,NORMAL,MONITOR,False,{},"[""uav2"", ""uav1"", ""uav0""]",limited,False,{},NONE,NORMAL,SAFE,1.0,IDLE,0.0,0.0,0.0,,,0.0,False,avoidance not required,,{},,,,,,,,,,,0,safe,6.011,14.130,1.168,0,0,0.0,0.0,[],1.022042989730835,-1.7610210180282593,8.938369750976562,0.7672773599624634,4.2035980224609375,8.936091423034668,0.42530936002731323,-1.814146637916565,8.936162948608398
40.4,RUNNING,4,OUTBOUND,0.084,0.988,157.6037,11.127,True,NORMAL,MONITOR,False,{},"[""uav2"", ""uav1"", ""uav0""]",limited,False,{},NONE,NORMAL,SAFE,1.0,IDLE,0.0,0.0,0.0,,,0.0,False,avoidance not required,,{},,,,,,,,,,,0,safe,6.004,13.990,1.219,0,0,0.0,0.0,[],1.1049214601516724,-1.6169393062591553,9.02999496459961,0.8510241508483887,4.361807346343994,9.035555839538574,0.5080884099006653,-1.6601941585540771,9.03226089477539
40.6,RUNNING,4,OUTBOUND,0.085,0.9878,157.5695,11.127,True,NORMAL,MONITOR,False,{},"[""uav2"", ""uav1"", ""uav0""]",limited,False,{},NONE,NORMAL,SAFE,1.0,IDLE,0.0,0.0,0.0,,,0.0,False,avoidance not required,,{},,,,,,,,,,,0,safe,6.003,13.849,1.270,0,0,0.0,0.0,[],1.20189368724823,-1.4537445306777954,9.131769180297852,0.9371655583381653,4.526401042938232,9.14336109161377,0.5972299575805664,-1.4999136924743652,9.131946563720703
40.8,RUNNING,4,OUTBOUND,0.086,0.9878,157.5695,11.127,True,NORMAL,MONITOR,False,{},"[""uav2"", ""uav1"", ""uav0""]",limited,False,{},NONE,NORMAL,SAFE,1.0,IDLE,0.0,0.0,0.0,,,0.0,False,avoidance not required,,{},,,,,,,,,,,0,safe,5.996,13.703,1.322,0,0,0.0,0.0,[],1.3005614280700684,-1.2871313095092773,9.234687805175781,1.026168704032898,4.697324275970459,9.248767852783203,0.6920097470283508,-1.3306137323379517,9.234635353088379
41.0,RUNNING,4,OUTBOUND,0.087,0.9878,157.5695,11.127,True,NORMAL,MONITOR,False,{},"[""uav2"", ""uav1"", ""uav0""]",limited,False,{},NONE,NORMAL,SAFE,1.0,IDLE,0.0,0.0,0.0,,,0.0,False,avoidance not required,,{},,,,,,,,,,,0,safe,5.992,13.554,1.370,0,0,0.0,0.0,[],1.4092187881469727,-1.1049270629882812,9.352180480957031,1.1245653629302979,4.8753228187561035,9.356854438781738,0.7965015172958374,-1.1501102447509766,9.348772048950195
41.2,RUNNING,4,OUTBOUND,0.087,0.9877,157.534,11.127,True,NORMAL,MONITOR,False,{},"[""uav2"", ""uav1"", ""uav0""]",limited,False,{},NONE,NORMAL,SAFE,1.0,IDLE,0.0,0.0,0.0,,,0.0,False,avoidance not required,,{},,,,,,,,,,,0,safe,5.987,13.395,1.408,0,0,0.0,0.0,[],1.5105637311935425,-0.9334014058113098,9.463132858276367,1.2254019975662231,5.058804512023926,9.467753410339355,0.9036036729812622,-0.9634702801704407,9.465560913085938
41.4,RUNNING,4,OUTBOUND,0.088,0.9877,157.534,11.127,True,NORMAL,MONITOR,False,{},"[""uav2"", ""uav1"", ""uav0""]",limited,False,{},NONE,NORMAL,SAFE,1.0,IDLE,0.0,0.0,0.0,,,0.0,False,avoidance not required,,{},,,,,,,,,,,0,safe,5.993,13.232,1.447,0,0,0.0,0.0,[],1.6226434707641602,-0.7460438013076782,9.586359977722168,1.3342163562774658,5.248447418212891,9.592970848083496,1.0175162553787231,-0.7678793668746948,9.595357894897461
41.6,RUNNING,4,OUTBOUND,0.089,0.9875,157.4977,11.127,True,NORMAL,MONITOR,False,{},"[""uav2"", ""uav1"", ""uav0""]",limited,False,{},NONE,NORMAL,SAFE,1.0,IDLE,0.0,0.0,0.0,,,0.0,False,avoidance not required,,{},,,,,,,,,,,0,safe,5.995,13.061,1.477,0,0,0.0,0.0,[],1.7359013557434082,-0.5552265644073486,9.71003246307373,1.4451388120651245,5.444244384765625,9.716442108154297,1.1330091953277588,-0.5692570805549622,9.720807075500488
41.8,RUNNING,4,OUTBOUND,0.09,0.9875,157.4977,11.127,True,NORMAL,MONITOR,False,{},"[""uav2"", ""uav1"", ""uav0""]",limited,False,{},NONE,NORMAL,SAFE,1.0,IDLE,0.0,0.0,0.0,,,0.0,False,avoidance not required,,{},,,,,,,,,,,0,safe,5.997,12.887,1.511,0,0,0.0,0.0,[],1.855825662612915,-0.3532717823982239,9.843652725219727,1.5660731792449951,5.650751113891602,9.852839469909668,1.2545578479766846,-0.3659416735172272,9.85154914855957
42.0,RUNNING,4,OUTBOUND,0.09,0.9875,157.4977,11.127,True,NORMAL,MONITOR,False,{},"[""uav2"", ""uav1"", ""uav0""]",limited,False,{},NONE,NORMAL,SAFE,1.0,IDLE,0.0,0.0,0.0,,,0.0,False,avoidance not required,,{},,,,,,,,,,,0,safe,5.999,12.702,1.541,0,0,0.0,0.0,[],1.9834619760513306,-0.14455366134643555,9.97711181640625,1.6872481107711792,5.859554767608643,9.983512878417969,1.3813581466674805,-0.15743955969810486,9.987764358520508
42.2,RUNNING,4,OUTBOUND,0.091,0.9873,157.4606,11.127,True,NORMAL,MONITOR,False,{},"[""uav2"", ""uav1"", ""uav0""]",limited,False,{},NONE,NORMAL,SAFE,1.0,IDLE,0.0,0.0,0.0,,,0.0,False,avoidance not required,,{},,,,,,,,,,,0,safe,5.998,12.517,1.568,0,0,0.0,0.0,[],2.1105828285217285,0.06569825857877731,10.110605239868164,1.816585659980774,6.073110580444336,10.118603706359863,1.5079121589660645,0.05488618090748787,10.12100601196289
42.4,RUNNING,4,OUTBOUND,0.092,0.9873,157.4606,11.127,True,NORMAL,MONITOR,False,{},"[""uav2"", ""uav1"", ""uav0""]",limited,False,{},NONE,NORMAL,SAFE,1.0,IDLE,0.0,0.0,0.0,,,0.0,False,avoidance not required,,{},,,,,,,,,,,0,safe,5.997,12.326,1.597,0,0,0.0,0.0,[],2.243939161300659,0.2851356267929077,10.250323295593262,1.951736330986023,6.293143272399902,10.258440017700195,1.6362290382385254,0.2745633125305176,10.25876522064209
42.6,RUNNING,4,OUTBOUND,0.093,0.9871,157.4228,11.127,True,NORMAL,MONITOR,False,{},"[""uav2"", ""uav1"", ""uav0""]",limited,False,{},NONE,NORMAL,SAFE,1.0,IDLE,0.0,0.0,0.0,,,0.0,False,avoidance not required,,{},,,,,,,,,,,0,safe,5.992,12.129,1.619,0,0,0.0,0.0,[],2.376612901687622,0.5057467222213745,10.386488914489746,2.085336685180664,6.515413284301758,10.395545959472656,1.7658894062042236,0.4964630901813507,10.396040916442871
42.8,RUNNING,4,OUTBOUND,0.093,0.9871,157.4228,11.127,True,NORMAL,MONITOR,False,{},"[""uav2"", ""uav1"", ""uav0""]",limited,False,{},NONE,NORMAL,SAFE,1.0,IDLE,0.0,0.0,0.0,,,0.0,False,avoidance not required,,{},,,,,,,,,,,0,safe,5.989,11.935,1.642,0,0,0.0,0.0,[],2.516507387161255,0.7354353666305542,10.528225898742676,2.223604440689087,6.743784427642822,10.534713745117188,1.9013252258300781,0.7228453159332275,10.542098045349121
43.0,RUNNING,4,OUTBOUND,0.094,0.9871,157.4228,11.127,True,NORMAL,MONITOR,False,{},"[""uav2"", ""uav1"", ""uav0""]",limited,False,{},NONE,NORMAL,SAFE,1.0,IDLE,0.0,0.0,0.0,,,0.0,False,avoidance not required,,{},,,,,,,,,,,0,safe,5.985,11.737,1.656,0,0,0.0,0.0,[],2.65362286567688,0.9644681215286255,10.670954704284668,2.359158515930176,6.973640441894531,10.674072265625,2.0371248722076416,0.952102541923523,10.682794570922852
43.2,RUNNING,4,OUTBOUND,0.095,0.9869,157.3845,11.127,True,NORMAL,MONITOR,False,{},"[""uav2"", ""uav1"", ""uav0""]",limited,False,{},NONE,NORMAL,SAFE,1.0,IDLE,0.0,0.0,0.0,,,0.0,False,avoidance not required,,{},,,,,,,,,,,0,safe,5.984,11.545,1.670,0,0,0.0,0.0,[],2.7953691482543945,1.201834797859192,10.823726654052734,2.498626947402954,7.211684226989746,10.826485633850098,2.17732310295105,1.1899629831314087,10.827516555786133
43.4,RUNNING,4,OUTBOUND,0.096,0.9869,157.3845,11.127,True,NORMAL,MONITOR,False,{},"[""uav2"", ""uav1"", ""uav0""]",limited,False,{},NONE,NORMAL,SAFE,1.0,IDLE,0.0,0.0,0.0,,,0.0,False,avoidance not required,,{},,,,,,,,,,,0,safe,5.982,11.349,1.674,0,0,0.0,0.0,[],2.940683126449585,1.441158413887024,10.980193138122559,2.6362435817718506,7.449214935302734,10.973508834838867,2.315126895904541,1.4308946132659912,10.973529815673828
43.6,RUNNING,4,OUTBOUND,0.096,0.9867,157.3457,11.127,True,NORMAL,MONITOR,False,{},"[""uav2"", ""uav1"", ""uav0""]",limited,False,{},NONE,NORMAL,SAFE,1.0,IDLE,0.0,0.0,0.0,,,0.0,False,avoidance not required,,{},,,,,,,,,,,0,safe,5.974,11.159,1.674,0,0,0.0,0.0,[],3.081150531768799,1.6771018505096436,11.130043983459473,2.776925802230835,7.692115783691406,11.123518943786621,2.453566074371338,1.6698064804077148,11.117949485778809
43.8,RUNNING,4,OUTBOUND,0.097,0.9867,157.3457,11.127,True,NORMAL,MONITOR,False,{},"[""uav2"", ""uav1"", ""uav0""]",limited,False,{},NONE,NORMAL,SAFE,1.0,IDLE,0.0,0.0,0.0,,,0.0,False,avoidance not required,,{},,,,,,,,,,,0,safe,5.972,10.969,1.676,0,0,0.0,0.0,[],3.221362829208374,1.9152690172195435,11.288703918457031,2.915670394897461,7.932766437530518,11.2705717086792,2.595968246459961,1.9096379280090332,11.269256591796875
44.0,RUNNING,4,OUTBOUND,0.098,0.9867,157.3457,11.127,True,NORMAL,MONITOR,False,{},"[""uav2"", ""uav1"", ""uav0""]",limited,False,{},NONE,NORMAL,SAFE,1.0,IDLE,0.0,0.0,0.0,,,0.0,False,avoidance not required,,{},,,,,,,,,,,0,safe,5.975,10.784,1.669,0,0,0.0,0.0,[],3.3615596294403076,2.154644012451172,11.444480895996094,3.0579006671905518,8.179122924804688,11.423449516296387,2.739330530166626,2.15259051322937,11.418052673339844
44.2,RUNNING,4,OUTBOUND,0.099,0.9865,157.3069,11.127,True,NORMAL,MONITOR,False,{},"[""uav2"", ""uav1"", ""uav0""]",limited,False,{},NONE,NORMAL,SAFE,1.0,IDLE,0.0,0.0,0.0,,,0.0,False,avoidance not required,,{},,,,,,,,,,,0,safe,5.978,10.600,1.659,0,0,0.0,0.0,[],3.499202251434326,2.390643835067749,11.589075088500977,3.196815252304077,8.421104431152344,11.570953369140625,2.880748987197876,2.393108367919922,11.56423568725586
44.4,RUNNING,4,OUTBOUND,0.099,0.9865,157.3069,11.127,True,NORMAL,MONITOR,False,{},"[""uav2"", ""uav1"", ""uav0""]",limited,False,{},NONE,NORMAL,SAFE,1.0,IDLE,0.0,0.0,0.0,,,0.0,False,avoidance not required,,{},,,,,,,,,,,0,safe,5.982,10.423,1.651,0,0,0.0,0.0,[],3.6452107429504395,2.6393680572509766,11.743267059326172,3.3335633277893066,8.66640567779541,11.723442077636719,3.0239150524139404,2.636113405227661,11.718422889709473
44.6,RUNNING,4,OUTBOUND,0.1,0.9863,157.2682,11.127,True,NORMAL,MONITOR,False,{},"[""uav2"", ""uav1"", ""uav0""]",limited,False,{},NONE,NORMAL,SAFE,1.0,IDLE,0.0,0.0,0.0,,,0.0,False,avoidance not required,,{},,,,,,,,,,,0,safe,5.979,10.254,1.637,0,0,0.0,0.0,[],3.7776272296905518,2.865596294403076,11.880904197692871,3.4702630043029785,8.907085418701172,11.870135307312012,3.1658332347869873,2.87673020362854,11.864757537841797
44.8,RUNNING,4,OUTBOUND,0.101,0.9863,157.2682,11.127,True,NORMAL,MONITOR,False,{},"[""uav2"", ""uav1"", ""uav0""]",limited,False,{},NONE,NORMAL,SAFE,1.0,IDLE,0.0,0.0,0.0,,,0.0,False,avoidance not required,,{},,,,,,,,,,,0,safe,5.988,10.011,1.626,0,0,0.0,0.0,[],3.925483226776123,3.1114959716796875,12.03383731842041,3.61224102973938,9.151992797851562,12.024654388427734,3.311877727508545,3.121277332305908,12.012368202209473
45.0,RUNNING,4,OUTBOUND,0.102,0.9863,157.2682,11.127,True,NORMAL,MONITOR,False,{},"[""uav2"", ""uav1"", ""uav0""]",limited,False,{},NONE,NORMAL,SAFE,1.0,IDLE,0.0,0.0,0.0,,,0.0,False,avoidance not required,,{},,,,,,,,,,,0,safe,5.986,9.735,1.610,0,0,0.0,0.0,[],4.057714939117432,3.336381435394287,12.168644905090332,3.751209259033203,9.390670776367188,12.17081069946289,3.4548873901367188,3.3606786727905273,12.15634822845459
45.2,RUNNING,4,OUTBOUND,0.102,0.9861,157.2296,11.127,True,NORMAL,MONITOR,False,{},"[""uav2"", ""uav1"", ""uav0""]",limited,False,{},NONE,NORMAL,SAFE,1.0,IDLE,0.0,0.0,0.0,,,0.0,False,avoidance not required,,{},,,,,,,,,,,0,safe,5.997,9.465,1.612,0,0,0.0,0.0,[],4.193604469299316,3.5756304264068604,12.311279296875,3.8886051177978516,9.630020141601562,12.320767402648926,3.6018943786621094,3.6001133918762207,12.305237770080566
45.4,RUNNING,4,OUTBOUND,0.103,0.9861,157.2296,11.127,True,NORMAL,MONITOR,False,{},"[""uav2"", ""uav1"", ""uav0""]",limited,False,{},NONE,NORMAL,SAFE,1.0,IDLE,0.0,0.0,0.0,,,0.0,False,avoidance not required,,{},,,,,,,,,,,0,safe,6.008,9.192,1.605,0,0,0.0,0.0,[],4.327485084533691,3.8104143142700195,12.452191352844238,4.025285720825195,9.863225936889648,12.466017723083496,3.7438764572143555,3.8354384899139404,12.449377059936523
45.6,RUNNING,4,OUTBOUND,0.104,0.986,157.1911,11.127,True,NORMAL,MONITOR,False,{},"[""uav2"", ""uav1"", ""uav0""]",limited,False,{},NONE,NORMAL,SAFE,1.0,IDLE,0.0,0.0,0.0,,,0.0,False,avoidance not required,,{},,,,,,,,,,,0,safe,6.016,8.927,1.604,0,0,0.0,0.0,[],4.461469650268555,4.045108795166016,12.601582527160645,4.166328430175781,10.09645938873291,12.613533973693848,3.8852880001068115,4.073440074920654,12.596806526184082
45.8,RUNNING,4,OUTBOUND,0.105,0.986,157.1911,11.127,True,NORMAL,MONITOR,False,{},"[""uav2"", ""uav1"", ""uav0""]",limited,False,{},NONE,NORMAL,SAFE,1.0,IDLE,0.0,0.0,0.0,,,0.0,False,avoidance not required,,{},,,,,,,,,,,0,safe,6.024,8.660,1.598,0,0,0.0,0.0,[],4.594956398010254,4.276253700256348,12.7463960647583,4.3052496910095215,10.324935913085938,12.755547523498535,4.023510456085205,4.306564807891846,12.741003036499023
46.0,RUNNING,4,OUTBOUND,0.105,0.986,157.1911,11.127,True,NORMAL,MONITOR,False,{},"[""uav2"", ""uav1"", ""uav0""]",limited,False,{},NONE,NORMAL,SAFE,1.0,IDLE,0.0,0.0,0.0,,,0.0,False,avoidance not required,,{},,,,,,,,,,,0,safe,6.029,8.400,1.599,0,0,0.0,0.0,[],4.739675045013428,4.519433498382568,12.899909019470215,4.445919990539551,10.554163932800293,12.899405479431152,4.16656494140625,4.540342807769775,12.890130043029785
46.2,RUNNING,4,OUTBOUND,0.106,0.9858,157.1527,11.127,True,NORMAL,MONITOR,False,{},"[""uav2"", ""uav1"", ""uav0""]",limited,False,{},NONE,NORMAL,SAFE,1.0,IDLE,0.0,0.0,0.0,,,0.0,False,avoidance not required,,{},,,,,,,,,,,0,safe,6.027,8.137,1.580,0,0,0.0,0.0,[],4.872168064117432,4.746922016143799,13.042250633239746,4.582896709442139,10.779983520507812,13.04391860961914,4.304398059844971,4.770280361175537,13.031822204589844
46.4,RUNNING,4,OUTBOUND,0.107,0.9858,157.1527,11.127,True,NORMAL,MONITOR,False,{},"[""uav2"", ""uav1"", ""uav0""]",limited,False,{},NONE,NORMAL,SAFE,1.0,IDLE,0.0,0.0,0.0,,,0.0,False,avoidance not required,,{},,,,,,,,,,,0,safe,6.032,7.881,1.587,0,0,0.0,0.0,[],5.007911205291748,4.979474067687988,13.18435287475586,4.717933654785156,11.003724098205566,13.184651374816895,4.442576885223389,5.001659870147705,13.174759864807129
46.6,RUNNING,4,OUTBOUND,0.108,0.9856,157.1144,11.127,True,NORMAL,MONITOR,False,{},"[""uav2"", ""uav1"", ""uav0""]",limited,False,{},NONE,NORMAL,SAFE,1.0,IDLE,0.0,0.0,0.0,,,0.0,False,avoidance not required,,{},,,,,,,,,,,0,safe,6.035,7.624,1.587,0,0,0.0,0.0,[],5.145771503448486,5.213932514190674,13.33492660522461,4.854332447052002,11.229506492614746,13.328649520874023,4.576612949371338,5.229393482208252,13.31739330291748
46.8,RUNNING,4,OUTBOUND,0.108,0.9856,157.1144,11.127,True,NORMAL,MONITOR,False,{},"[""uav2"", ""uav1"", ""uav0""]",limited,False,{},NONE,NORMAL,SAFE,1.0,IDLE,0.0,0.0,0.0,,,0.0,False,avoidance not required,,{},,,,,,,,,,,0,safe,6.031,7.374,1.583,0,0,0.0,0.0,[],5.282304286956787,5.444177627563477,13.480515480041504,4.989583492279053,11.453720092773438,13.471684455871582,4.710968494415283,5.455943584442139,13.469756126403809
47.0,RUNNING,4,OUTBOUND,0.109,0.9856,157.1144,11.127,True,NORMAL,MONITOR,False,{},"[""uav2"", ""uav1"", ""uav0""]",limited,False,{},NONE,NORMAL,SAFE,1.0,IDLE,0.0,0.0,0.0,,,0.0,False,avoidance not required,,{},,,,,,,,,,,0,safe,6.029,7.126,1.584,0,0,0.0,0.0,[],5.425452709197998,5.6739959716796875,13.63256549835205,5.1276702880859375,11.677833557128906,13.62441349029541,4.844065189361572,5.680569648742676,13.616185188293457
47.2,RUNNING,4,OUTBOUND,0.11,0.9854,157.0761,11.127,True,NORMAL,MONITOR,False,{},"[""uav2"", ""uav1"", ""uav0""]",limited,False,{},NONE,NORMAL,SAFE,1.0,IDLE,0.0,0.0,0.0,,,0.0,False,avoidance not required,,{},,,,,,,,,,,0,safe,6.019,6.881,1.580,0,0,0.0,0.0,[],5.564128398895264,5.901473522186279,13.777870178222656,5.263821125030518,11.901931762695312,13.771584510803223,4.986467361450195,5.904538154602051,13.76270580291748
47.4,RUNNING,4,OUTBOUND,0.111,0.9854,157.0761,11.127,True,NORMAL,MONITOR,False,{},"[""uav2"", ""uav1"", ""uav0""]",limited,False,{},NONE,NORMAL,SAFE,1.0,IDLE,0.0,0.0,0.0,,,0.0,False,avoidance not required,,{},,,,,,,,,,,0,safe,6.022,6.630,1.585,0,0,0.0,0.0,[],5.7033185958862305,6.129677772521973,13.924335479736328,5.400717735290527,12.125040054321289,13.918323516845703,5.132378101348877,6.128366470336914,13.911865234375
47.6,RUNNING,4,OUTBOUND,0.111,0.9852,157.0377,11.127,True,NORMAL,MONITOR,False,{},"[""uav2"", ""uav1"", ""uav0""]",limited,False,{},NONE,NORMAL,SAFE,1.0,IDLE,0.0,0.0,0.0,,,0.0,False,avoidance not required,,{},,,,,,,,,,,0,safe,6.029,6.377,1.592,0,0,0.0,0.0,[],5.8423662185668945,6.355434894561768,14.070825576782227,5.535423278808594,12.349518775939941,14.061666488647461,5.271121978759766,6.352992534637451,14.056717872619629
47.8,RUNNING,4,OUTBOUND,0.112,0.9852,157.0377,11.127,True,NORMAL,MONITOR,False,{},"[""uav2"", ""uav1"", ""uav0""]",limited,False,{},NONE,NORMAL,SAFE,1.0,IDLE,0.0,0.0,0.0,,,0.0,False,avoidance not required,,{},,,,,,,,,,,0,safe,6.029,6.132,1.599,0,0,0.0,0.0,[],5.978211879730225,6.580481052398682,14.212309837341309,5.670401573181152,12.575270652770996,14.211851119995117,5.409140110015869,6.580746173858643,14.204665184020996
48.0,RUNNING,4,OUTBOUND,0.113,0.9852,157.0377,11.127,True,NORMAL,MONITOR,False,{},"[""uav2"", ""uav1"", ""uav0""]",limited,False,{},NONE,NORMAL,SAFE,1.0,IDLE,0.0,0.0,0.0,,,0.0,False,avoidance not required,,{},,,,,,,,,,,0,safe,6.031,5.889,1.603,0,0,0.0,0.0,[],6.1170830726623535,6.8065643310546875,14.355372428894043,5.804127216339111,12.802490234375,14.358282089233398,5.542574405670166,6.807562828063965,14.349786758422852
48.2,RUNNING,4,OUTBOUND,0.114,0.985,156.9993,11.127,True,NORMAL,MONITOR,False,{},"[""uav2"", ""uav1"", ""uav0""]",limited,False,{},NONE,NORMAL,SAFE,1.0,IDLE,0.0,0.0,0.0,,,0.0,False,avoidance not required,,{},,,,,,,,,,,0,safe,6.025,5.657,1.607,0,0,0.0,0.0,[],6.252413749694824,7.032676696777344,14.496851921081543,5.937038421630859,13.031026840209961,14.508588790893555,5.678917407989502,7.0314154624938965,14.501569747924805
48.4,RUNNING,4,OUTBOUND,0.114,0.985,156.9993,11.127,True,NORMAL,MONITOR,False,{},"[""uav2"", ""uav1"", ""uav0""]",limited,False,{},NONE,NORMAL,SAFE,1.0,IDLE,0.0,0.0,0.0,,,0.0,False,avoidance not required,,{},,,,,,,,,,,0,safe,6.027,5.432,1.609,0,0,0.0,0.0,[],6.388454437255859,7.257247447967529,14.645158767700195,6.0702595710754395,13.260408401489258,14.654203414916992,5.814218997955322,7.258212566375732,14.650175094604492
48.6,RUNNING,4,OUTBOUND,0.115,0.9848,156.9609,11.127,True,NORMAL,MONITOR,False,{},"[""uav2"", ""uav1"", ""uav0""]",limited,False,{},NONE,NORMAL,SAFE,1.0,IDLE,0.0,0.0,0.0,,,0.0,False,avoidance not required,,{},,,,,,,,,,,0,safe,6.026,5.213,1.613,0,0,0.0,0.0,[],6.5224609375,7.482968330383301,14.789737701416016,6.2067365646362305,13.489339828491211,14.806188583374023,5.944904327392578,7.485903263092041,14.793872833251953
48.8,RUNNING,4,OUTBOUND,0.116,0.9848,156.9609,11.127,True,NORMAL,MONITOR,False,{},"[""uav2"", ""uav1"", ""uav0""]",limited,False,{},NONE,NORMAL,SAFE,1.0,IDLE,0.0,0.0,0.0,,,0.0,False,avoidance not required,,{},,,,,,,,,,,0,safe,6.022,5.006,1.617,0,0,0.0,0.0,[],6.659387588500977,7.708097457885742,14.93783187866211,6.342856407165527,13.719571113586426,14.953304290771484,6.074525833129883,7.712619781494141,14.94250774383545
49.0,RUNNING,4,OUTBOUND,0.117,0.9848,156.9609,11.127,True,NORMAL,MONITOR,False,{},"[""uav2"", ""uav1"", ""uav0""]",limited,False,{},NONE,NORMAL,SAFE,1.0,IDLE,0.0,0.0,0.0,,,0.0,False,avoidance not required,,{},,,,,,,,,,,0,safe,6.015,4.810,1.611,0,0,0.0,0.0,[],6.793338775634766,7.934730052947998,15.084043502807617,6.4814958572387695,13.951351165771484,15.102113723754883,6.2035441398620605,7.941572666168213,15.08755111694336
49.2,RUNNING,4,OUTBOUND,0.117,0.9846,156.9226,11.127,True,NORMAL,MONITOR,False,{},"[""uav2"", ""uav1"", ""uav0""]",limited,False,{},NONE,NORMAL,SAFE,1.0,IDLE,0.0,0.0,0.0,,,0.0,False,avoidance not required,,{},,,,,,,,,,,0,safe,6.010,4.625,1.577,0,0,0.0,0.0,[],6.933117866516113,8.166375160217285,15.239551544189453,6.618287086486816,14.183700561523438,15.246356964111328,6.336861610412598,8.173982620239258,15.232124328613281
49.4,RUNNING,4,OUTBOUND,0.118,0.9846,156.9226,11.127,True,NORMAL,MONITOR,False,{},"[""uav2"", ""uav1"", ""uav0""]",limited,False,{},NONE,NORMAL,SAFE,1.0,IDLE,0.0,0.0,0.0,,,0.0,False,avoidance not required,,{},,,,,,,,,,,0,safe,6.004,4.447,1.502,0,0,0.0,0.0,[],7.059404373168945,8.380732536315918,15.371028900146484,6.754428863525391,14.417123794555664,15.393078804016113,6.4679341316223145,8.404072761535645,15.36851978302002
49.6,RUNNING,4,OUTBOUND,0.119,0.9844,156.8849,11.127,True,NORMAL,MONITOR,False,{},"[""uav2"", ""uav1"", ""uav0""]",limited,False,{},NONE,NORMAL,SAFE,1.0,IDLE,0.0,0.0,0.0,,,0.0,False,avoidance not required,,{},,,,,,,,,,,0,safe,6.009,4.283,1.429,0,0,0.0,0.0,[],7.188334941864014,8.598746299743652,15.503385543823242,6.886155605316162,14.643394470214844,15.525923728942871,6.600616931915283,8.630256652832031,15.504552841186523
49.8,RUNNING,4,OUTBOUND,0.12,0.9844,156.8849,11.127,True,NORMAL,MONITOR,False,{},"[""uav2"", ""uav1"", ""uav0""]",limited,False,{},NONE,NORMAL,SAFE,1.0,IDLE,0.0,0.0,0.0,,,0.0,False,avoidance not required,,{},,,,,,,,,,,0,safe,6.012,4.135,1.323,0,0,0.0,0.0,[],7.31157112121582,8.812862396240234,15.627496719360352,7.01334285736084,14.860424041748047,15.654908180236816,6.726311206817627,8.847928047180176,15.630831718444824
50.0,RUNNING,4,OUTBOUND,0.12,0.9844,156.8849,11.127,True,NORMAL,MONITOR,False,{},"[""uav2"", ""uav1"", ""uav0""]",limited,False,{},NONE,NORMAL,SAFE,1.0,IDLE,0.0,0.0,0.0,,,0.0,False,avoidance not required,,{},,,,,,,,,,,0,safe,6.015,4.007,1.204,0,0,0.0,0.0,[],7.432384967803955,9.020554542541504,15.747005462646484,7.132178783416748,15.067192077636719,15.771566390991211,6.851221561431885,9.055724143981934,15.754251480102539
50.2,RUNNING,4,OUTBOUND,0.121,0.9842,156.8489,11.127,True,NORMAL,MONITOR,False,{},"[""uav2"", ""uav1"", ""uav0""]",limited,False,{},NONE,NORMAL,SAFE,1.0,IDLE,0.0,0.0,0.0,,,0.0,False,avoidance not required,,{},,,,,,,,,,,0,safe,6.019,3.897,1.079,0,0,0.0,0.0,[],7.54470682144165,9.217242240905762,15.851877212524414,7.243598461151123,15.266016960144043,15.881425857543945,6.965191841125488,9.250452995300293,15.861628532409668
50.4,RUNNING,4,OUTBOUND,0.122,0.9842,156.8489,11.127,True,NORMAL,MONITOR,False,{},"[""uav2"", ""uav1"", ""uav0""]",limited,False,{},NONE,NORMAL,SAFE,1.0,IDLE,0.0,0.0,0.0,,,0.0,False,avoidance not required,,{},,,,,,,,,,,0,safe,6.021,3.807,0.973,0,0,0.0,0.0,[],7.657500743865967,9.404569625854492,15.948469161987305,7.349018096923828,15.448834419250488,15.970449447631836,7.0758466720581055,9.43381404876709,15.96172046661377
50.6,RUNNING,4,OUTBOUND,0.123,0.9841,156.8158,11.127,True,NORMAL,MONITOR,False,{},"[""uav2"", ""uav1"", ""uav0""]",limited,False,{},NONE,NORMAL,SAFE,1.0,IDLE,0.0,0.0,0.0,,,0.0,False,avoidance not required,,{},,,,,,,,,,,0,safe,6.018,3.732,0.890,0,0,0.0,0.0,[],7.765320301055908,9.577177047729492,16.02787971496582,7.457017421722412,15.621593475341797,16.048023223876953,7.176909923553467,9.602232933044434,16.038354873657227
50.8,RUNNING,4,OUTBOUND,0.123,0.9841,156.8158,11.127,True,NORMAL,MONITOR,False,{},"[""uav2"", ""uav1"", ""uav0""]",limited,False,{},NONE,NORMAL,SAFE,1.0,IDLE,0.0,0.0,0.0,,,0.0,False,avoidance not required,,{},,,,,,,,,,,0,safe,6.012,3.668,0.849,0,0,0.0,0.0,[],7.865195274353027,9.734617233276367,16.08549690246582,7.5587029457092285,15.77851390838623,16.10501480102539,7.279839038848877,9.763407707214355,16.10430335998535
51.0,RUNNING,4,OUTBOUND,0.124,0.9841,156.8158,11.127,True,NORMAL,MONITOR,False,{},"[""uav2"", ""uav1"", ""uav0""]",limited,False,{},NONE,NORMAL,SAFE,1.0,IDLE,0.0,0.0,0.0,,,0.0,False,avoidance not required,,{},,,,,,,,,,,0,safe,6.015,3.607,0.864,0,0,0.0,0.0,[],7.964806079864502,9.878891944885254,16.131406784057617,7.660634517669678,15.928445816040039,16.15436363220215,7.384342193603516,9.912299156188965,16.15471839904785
51.2,RUNNING,4,OUTBOUND,0.125,0.9839,156.7853,11.127,True,NORMAL,MONITOR,False,{},"[""uav2"", ""uav1"", ""uav0""]",limited,False,{},NONE,NORMAL,SAFE,1.0,IDLE,0.0,0.0,0.0,,,0.0,False,avoidance not required,,{},,,,,,,,,,,0,safe,6.020,3.547,0.928,0,0,0.0,0.0,[],8.071341514587402,10.019495964050293,16.162729263305664,7.765246868133545,16.065462112426758,16.18549346923828,7.487784385681152,10.049297332763672,16.185131072998047
51.4,RUNNING,4,OUTBOUND,0.126,0.9839,156.7853,11.127,True,NORMAL,MONITOR,False,{},"[""uav2"", ""uav1"", ""uav0""]",limited,False,{},NONE,NORMAL,SAFE,1.0,IDLE,0.0,0.0,0.0,,,0.0,False,avoidance not required,,{},,,,,,,,,,,0,safe,6.017,3.483,1.024,0,0,0.0,0.0,[],8.182302474975586,10.14291000366211,16.186986923217773,7.881619453430176,16.197364807128906,16.215993881225586,7.598693370819092,10.18199634552002,16.214296340942383
51.6,RUNNING,4,OUTBOUND,0.126,0.9838,156.7558,11.127,True,NORMAL,MONITOR,False,{},"[""uav2"", ""uav1"", ""uav0""]",limited,False,{},NONE,NORMAL,SAFE,1.0,IDLE,0.0,0.0,0.0,,,0.0,False,avoidance not required,,{},,,,,,,,,,,0,safe,6.017,3.416,1.158,0,0,0.0,0.0,[],8.310249328613281,10.277543067932129,16.208383560180664,8.007172584533691,16.326501846313477,16.234607696533203,7.718222141265869,10.312811851501465,16.232179641723633
51.8,RUNNING,4,OUTBOUND,0.127,0.9838,156.7558,11.127,True,NORMAL,MONITOR,False,{},"[""uav2"", ""uav1"", ""uav0""]",limited,False,{},NONE,NORMAL,SAFE,1.0,IDLE,0.0,0.0,0.0,,,0.0,False,avoidance not required,,{},,,,,,,,,,,0,safe,6.008,3.338,1.285,0,0,0.0,0.0,[],8.441868782043457,10.403804779052734,16.232465744018555,8.150520324707031,16.46101188659668,16.250490188598633,7.8554158210754395,10.450865745544434,16.24907112121582
52.0,RUNNING,4,OUTBOUND,0.128,0.9838,156.7558,11.127,True,NORMAL,MONITOR,False,{},"[""uav2"", ""uav1"", ""uav0""]",limited,False,{},NONE,NORMAL,SAFE,1.0,IDLE,0.0,0.0,0.0,,,0.0,False,avoidance not required,,{},,,,,,,,,,,0,safe,6.014,3.249,1.414,0,0,0.0,0.0,[],8.597652435302734,10.549717903137207,16.253276824951172,8.304540634155273,16.601211547851562,16.261375427246094,8.004157066345215,10.593088150024414,16.26002311706543
52.2,RUNNING,4,OUTBOUND,0.129,0.9836,156.7255,11.127,True,NORMAL,MONITOR,False,{},"[""uav2"", ""uav1"", ""uav0""]",limited,False,{},NONE,NORMAL,SAFE,1.0,IDLE,0.0,0.0,0.0,,,0.0,False,avoidance not required,,{},,,,,,,,,,,0,safe,6.007,3.151,1.513,0,0,0.0,0.0,[],8.758247375488281,10.691831588745117,16.279178619384766,8.472546577453613,16.7537784576416,16.276899337768555,8.168968200683594,10.74458122253418,16.27082061767578
52.4,RUNNING,4,OUTBOUND,0.129,0.9836,156.7255,11.127,True,NORMAL,MONITOR,False,{},"[""uav2"", ""uav1"", ""uav0""]",limited,False,{},NONE,NORMAL,SAFE,1.0,IDLE,0.0,0.0,0.0,,,0.0,False,avoidance not required,,{},,,,,,,,,,,0,safe,6.011,3.047,1.610,0,0,0.0,0.0,[],8.936676025390625,10.85167121887207,16.292667388916016,8.651592254638672,16.913549423217773,16.285619735717773,8.346376419067383,10.905011177062988,16.27720069885254
52.6,RUNNING,4,OUTBOUND,0.13,0.9835,156.6939,11.127,True,NORMAL,MONITOR,False,{},"[""uav2"", ""uav1"", ""uav0""]",limited,False,{},NONE,NORMAL,SAFE,1.0,IDLE,0.0,0.0,0.0,,,0.0,False,avoidance not required,,{},,,,,,,,,,,0,safe,6.010,2.936,1.682,0,0,0.0,0.0,[],9.127241134643555,11.02397346496582,16.307100296020508,8.84064769744873,17.086933135986328,16.295555114746094,8.53909969329834,11.080521583557129,16.28883171081543
52.8,RUNNING,4,OUTBOUND,0.131,0.9835,156.6939,11.127,True,NORMAL,MONITOR,False,{},"[""uav2"", ""uav1"", ""uav0""]",limited,False,{},NONE,NORMAL,SAFE,1.0,IDLE,0.0,0.0,0.0,,,0.0,False,avoidance not required,,{},,,,,,,,,,,0,safe,6.012,2.828,1.738,0,0,0.0,0.0,[],9.329118728637695,11.207624435424805,16.31318473815918,9.042073249816895,17.268110275268555,16.300674438476562,8.74203109741211,11.26219367980957,16.29496955871582
53.0,RUNNING,4,OUTBOUND,0.132,0.9835,156.6939,11.127,True,NORMAL,MONITOR,False,{},"[""uav2"", ""uav1"", ""uav0""]",limited,False,{},NONE,NORMAL,SAFE,1.0,IDLE,0.0,0.0,0.0,,,0.0,False,avoidance not required,,{},,,,,,,,,,,0,safe,6.013,2.719,1.776,0,0,0.0,0.0,[],9.542242050170898,11.406840324401855,16.31909942626953,9.255834579467773,17.464092254638672,16.311681747436523,8.957573890686035,11.455378532409668,16.306289672851562
53.2,RUNNING,4,OUTBOUND,0.132,0.9833,156.6614,11.127,True,NORMAL,MONITOR,False,{},"[""uav2"", ""uav1"", ""uav0""]",limited,False,{},NONE,NORMAL,SAFE,1.0,IDLE,0.0,0.0,0.0,,,0.0,False,avoidance not required,,{},,,,,,,,,,,0,safe,6.016,2.620,1.796,0,0,0.0,0.0,[],9.763520240783691,11.609739303588867,16.321378707885742,9.476797103881836,17.662696838378906,16.316116333007812,9.18026065826416,11.652122497558594,16.31139373779297
53.4,RUNNING,4,OUTBOUND,0.133,0.9833,156.6614,11.127,True,NORMAL,MONITOR,False,{},"[""uav2"", ""uav1"", ""uav0""]",limited,False,{},NONE,NORMAL,SAFE,1.0,IDLE,0.0,0.0,0.0,,,0.0,False,avoidance not required,,{},,,,,,,,,,,0,safe,6.017,2.526,1.807,0,0,0.0,0.0,[],10.002473831176758,11.825623512268066,16.33335304260254,9.703882217407227,17.870038986206055,16.322891235351562,9.41440200805664,11.860033988952637,16.321701049804688
53.6,RUNNING,4,OUTBOUND,0.134,0.9831,156.6283,11.127,True,NORMAL,MONITOR,False,{},"[""uav2"", ""uav1"", ""uav0""]",limited,False,{},NONE,NORMAL,SAFE,1.0,IDLE,0.0,0.0,0.0,,,0.0,False,avoidance not required,,{},,,,,,,,,,,0,safe,6.012,2.451,1.796,0,0,0.0,0.0,[],10.225379943847656,12.02756118774414,16.344707489013672,9.935717582702637,18.077163696289062,16.327430725097656,9.652898788452148,12.071542739868164,16.33468246459961
53.8,RUNNING,4,OUTBOUND,0.135,0.9831,156.6283,11.127,True,NORMAL,MONITOR,False,{},"[""uav2"", ""uav1"", ""uav0""]",limited,False,{},NONE,NORMAL,SAFE,1.0,IDLE,0.0,0.0,0.0,,,0.0,False,avoidance not required,,{},,,,,,,,,,,0,safe,6.028,2.398,1.808,0,0,0.0,0.0,[],10.460143089294434,12.23986530303955,16.348575592041016,10.17099666595459,18.290264129638672,16.33887481689453,9.891141891479492,12.281405448913574,16.34148597717285
54.0,RUNNING,4,OUTBOUND,0.135,0.983,156.5951,11.127,True,NORMAL,MONITOR,False,{},"[""uav2"", ""uav1"", ""uav0""]",limited,False,{},NONE,NORMAL,SAFE,1.0,IDLE,0.0,0.0,0.0,,,0.0,False,avoidance not required,,{},,,,,,,,,,,0,safe,6.026,2.354,1.780,0,0,0.0,0.0,[],10.705915451049805,12.4669828414917,16.35540771484375,10.408541679382324,18.502315521240234,16.344858169555664,10.131848335266113,12.4943265914917,16.352664947509766
54.2,RUNNING,4,OUTBOUND,0.136,0.983,156.5951,11.127,True,NORMAL,MONITOR,False,{},"[""uav2"", ""uav1"", ""uav0""]",limited,False,{},NONE,NORMAL,SAFE,1.0,IDLE,0.0,0.0,0.0,,,0.0,False,avoidance not required,,{},,,,,,,,,,,0,safe,6.026,2.354,1.780,0,0,0.0,0.0,[],10.934664726257324,12.675095558166504,16.357877731323242,10.647680282592773,18.720985412597656,16.353281021118164,10.371419906616211,12.706411361694336,16.356977462768555
54.4,RUNNING,4,OUTBOUND,0.137,0.983,156.5951,11.127,True,NORMAL,MONITOR,False,{},"[""uav2"", ""uav1"", ""uav0""]",limited,False,{},NONE,NORMAL,SAFE,1.0,IDLE,0.0,0.0,0.0,,,0.0,False,avoidance not required,,{},,,,,,,,,,,0,safe,6.037,2.357,1.782,0,0,0.0,0.0,[],11.173872947692871,12.89433479309082,16.368389129638672,10.887592315673828,18.935651779174805,16.359472274780273,10.613011360168457,12.925204277038574,16.3658390045166
54.6,RUNNING,4,OUTBOUND,0.138,0.9828,156.5619,11.127,True,NORMAL,MONITOR,False,{},"[""uav2"", ""uav1"", ""uav0""]",limited,False,{},NONE,NORMAL,SAFE,1.0,IDLE,0.0,0.0,0.0,,,0.0,False,avoidance not required,,{},,,,,,,,,,,0,safe,6.041,2.369,1.760,0,0,0.0,0.0,[],11.409944534301758,13.114362716674805,16.381074905395508,11.127687454223633,19.153961181640625,16.37076187133789,10.850874900817871,13.139728546142578,16.36920738220215
54.8,RUNNING,4,OUTBOUND,0.138,0.9828,156.5619,11.127,True,NORMAL,MONITOR,False,{},"[""uav2"", ""uav1"", ""uav0""]",limited,False,{},NONE,NORMAL,SAFE,1.0,IDLE,0.0,0.0,0.0,,,0.0,False,avoidance not required,,{},,,,,,,,,,,0,safe,6.041,2.369,1.760,0,0,0.0,0.0,[],11.646841049194336,13.330224990844727,16.383211135864258,11.366649627685547,19.367515563964844,16.377635955810547,11.086553573608398,13.359155654907227,16.378803253173828
55.0,RUNNING,4,OUTBOUND,0.139,0.9828,156.5619,11.127,True,NORMAL,MONITOR,False,{},"[""uav2"", ""uav1"", ""uav0""]",limited,False,{},NONE,NORMAL,SAFE,1.0,IDLE,0.0,0.0,0.0,,,0.0,False,avoidance not required,,{},,,,,,,,,,,0,safe,6.040,2.379,1.751,0,0,0.0,0.0,[],11.884515762329102,13.545706748962402,16.383155822753906,11.602837562561035,19.586196899414062,16.391544342041016,11.324962615966797,13.577919006347656,16.386184692382812
55.2,RUNNING,4,OUTBOUND,0.14,0.9826,156.5289,11.127,True,NORMAL,MONITOR,False,{},"[""uav2"", ""uav1"", ""uav0""]",limited,False,{},NONE,NORMAL,SAFE,1.0,IDLE,0.0,0.0,0.0,,,0.0,False,avoidance not required,,{},,,,,,,,,,,0,safe,6.041,2.386,1.742,0,0,0.0,0.0,[],12.131433486938477,13.766866683959961,16.38116455078125,11.83936595916748,19.799365997314453,16.39738655090332,11.560503005981445,13.791021347045898,16.387042999267578
55.4,RUNNING,4,OUTBOUND,0.141,0.9826,156.5289,11.127,True,NORMAL,MONITOR,False,{},"[""uav2"", ""uav1"", ""uav0""]",limited,False,{},NONE,NORMAL,SAFE,1.0,IDLE,0.0,0.0,0.0,,,0.0,False,avoidance not required,,{},,,,,,,,,,,0,safe,6.029,2.387,1.722,0,0,0.0,0.0,[],12.366429328918457,13.979803085327148,16.386178970336914,12.074862480163574,20.013168334960938,16.405685424804688,11.795612335205078,14.00802230834961,16.393495559692383
55.6,RUNNING,4,OUTBOUND,0.141,0.9825,156.4959,11.127,True,NORMAL,MONITOR,False,{},"[""uav2"", ""uav1"", ""uav0""]",limited,False,{},NONE,NORMAL,SAFE,1.0,IDLE,0.0,0.0,0.0,,,0.0,False,avoidance not required,,{},,,,,,,,,,,0,safe,6.029,2.393,1.717,0,0,0.0,0.0,[],12.591696739196777,14.182318687438965,16.3878173828125,12.309736251831055,20.22170639038086,16.406808853149414,12.026841163635254,14.2230863571167,16.397829055786133
55.8,RUNNING,4,OUTBOUND,0.142,0.9825,156.4959,11.127,True,NORMAL,MONITOR,False,{},"[""uav2"", ""uav1"", ""uav0""]",limited,False,{},NONE,NORMAL,SAFE,1.0,IDLE,0.0,0.0,0.0,,,0.0,False,avoidance not required,,{},,,,,,,,,,,0,safe,6.035,2.398,1.726,0,0,0.0,0.0,[],12.821784019470215,14.39549732208252,16.39641571044922,12.541487693786621,20.43230628967285,16.412309646606445,12.258176803588867,14.432618141174316,16.397357940673828
56.0,RUNNING,4,OUTBOUND,0.143,0.9825,156.4959,11.127,True,NORMAL,MONITOR,False,{},"[""uav2"", ""uav1"", ""uav0""]",limited,False,{},NONE,NORMAL,SAFE,1.0,IDLE,0.0,0.0,0.0,,,0.0,False,avoidance not required,,{},,,,,,,,,,,0,safe,6.037,2.397,1.725,0,0,0.0,0.0,[],13.053452491760254,14.605304718017578,16.399049758911133,12.774005889892578,20.64030647277832,16.411195755004883,12.4938383102417,14.643367767333984,16.40195655822754
56.2,RUNNING,4,OUTBOUND,0.144,0.9823,156.4631,11.127,True,NORMAL,MONITOR,False,{},"[""uav2"", ""uav1"", ""uav0""]",limited,False,{},NONE,NORMAL,SAFE,1.0,IDLE,0.0,0.0,0.0,,,0.0,False,avoidance not required,,{},,,,,,,,,,,0,safe,6.041,2.402,1.723,0,0,0.0,0.0,[],13.282838821411133,14.812286376953125,16.41097640991211,13.006342887878418,20.853057861328125,16.411542892456055,12.727120399475098,14.850543022155762,16.4027156829834
56.4,RUNNING,4,OUTBOUND,0.144,0.9823,156.4631,11.127,True,NORMAL,MONITOR,False,{},"[""uav2"", ""uav1"", ""uav0""]",limited,False,{},NONE,NORMAL,SAFE,1.0,IDLE,0.0,0.0,0.0,,,0.0,False,avoidance not required,,{},,,,,,,,,,,0,safe,6.044,2.403,1.727,0,0,0.0,0.0,[],13.511896133422852,15.019527435302734,16.42583465576172,13.238848686218262,21.061620712280273,16.41240882873535,12.962220191955566,15.062256813049316,16.403425216674805
56.6,RUNNING,4,OUTBOUND,0.145,0.9822,156.4303,11.127,True,NORMAL,MONITOR,False,{},"[""uav2"", ""uav1"", ""uav0""]",limited,False,{},NONE,NORMAL,SAFE,1.0,IDLE,0.0,0.0,0.0,,,0.0,False,avoidance not required,,{},,,,,,,,,,,0,safe,6.051,2.403,1.731,0,0,0.0,0.0,[],13.751128196716309,15.234233856201172,16.42954444885254,13.469535827636719,21.271461486816406,16.422607421875,13.193424224853516,15.269902229309082,16.402488708496094
56.8,RUNNING,4,OUTBOUND,0.146,0.9822,156.4303,11.127,True,NORMAL,MONITOR,False,{},"[""uav2"", ""uav1"", ""uav0""]",limited,False,{},NONE,NORMAL,SAFE,1.0,IDLE,0.0,0.0,0.0,,,0.0,False,avoidance not required,,{},,,,,,,,,,,0,safe,6.042,2.402,1.721,0,0,0.0,0.0,[],13.968841552734375,15.432307243347168,16.433067321777344,13.700346946716309,21.477487564086914,16.426368713378906,13.421996116638184,15.481364250183105,16.408872604370117
57.0,RUNNING,4,OUTBOUND,0.147,0.9822,156.4303,11.127,True,NORMAL,MONITOR,False,{},"[""uav2"", ""uav1"", ""uav0""]",limited,False,{},NONE,NORMAL,SAFE,1.0,IDLE,0.0,0.0,0.0,,,0.0,False,avoidance not required,,{},,,,,,,,,,,0,safe,6.053,2.409,1.739,0,0,0.0,0.0,[],14.198643684387207,15.638925552368164,16.430084228515625,13.927855491638184,21.68402671813965,16.429311752319336,13.651020050048828,15.691133499145508,16.416013717651367
57.2,RUNNING,4,OUTBOUND,0.147,0.982,156.3976,11.127,True,NORMAL,MONITOR,False,{},"[""uav2"", ""uav1"", ""uav0""]",limited,False,{},NONE,NORMAL,SAFE,1.0,IDLE,0.0,0.0,0.0,,,0.0,False,avoidance not required,,{},,,,,,,,,,,0,safe,6.053,2.416,1.742,0,0,0.0,0.0,[],14.436663627624512,15.85585880279541,16.433046340942383,14.156858444213867,21.888858795166016,16.429332733154297,13.880066871643066,15.897411346435547,16.418928146362305
57.4,RUNNING,4,OUTBOUND,0.148,0.982,156.3976,11.127,True,NORMAL,MONITOR,False,{},"[""uav2"", ""uav1"", ""uav0""]",limited,False,{},NONE,NORMAL,SAFE,1.0,IDLE,0.0,0.0,0.0,,,0.0,False,avoidance not required,,{},,,,,,,,,,,0,safe,6.044,2.419,1.732,0,0,0.0,0.0,[],14.65882396697998,16.056066513061523,16.43166160583496,14.383415222167969,22.09626579284668,16.43719482421875,14.113216400146484,16.10875129699707,16.428081512451172
57.6,RUNNING,4,OUTBOUND,0.149,0.9818,156.3649,11.127,True,NORMAL,MONITOR,False,{},"[""uav2"", ""uav1"", ""uav0""]",limited,False,{},NONE,NORMAL,SAFE,1.0,IDLE,0.0,0.0,0.0,,,0.0,False,avoidance not required,,{},,,,,,,,,,,0,safe,6.055,2.428,1.745,0,0,0.0,0.0,[],14.888116836547852,16.267229080200195,16.436025619506836,14.612966537475586,22.301912307739258,16.440093994140625,14.344829559326172,16.32155990600586,16.436017990112305
57.8,RUNNING,4,OUTBOUND,0.15,0.9818,156.3649,11.127,True,NORMAL,MONITOR,False,{},"[""uav2"", ""uav1"", ""uav0""]",limited,False,{},NONE,NORMAL,SAFE,1.0,IDLE,0.0,0.0,0.0,,,0.0,False,avoidance not required,,{},,,,,,,,,,,0,safe,6.057,2.436,1.746,0,0,0.0,0.0,[],15.118566513061523,16.481321334838867,16.440906524658203,14.843152046203613,22.510255813598633,16.44977569580078,14.57522201538086,16.529308319091797,16.438650131225586
58.0,RUNNING,4,OUTBOUND,0.15,0.9818,156.3649,11.127,True,NORMAL,MONITOR,False,{},"[""uav2"", ""uav1"", ""uav0""]",limited,False,{},NONE,NORMAL,SAFE,1.0,IDLE,0.0,0.0,0.0,,,0.0,False,avoidance not required,,{},,,,,,,,,,,0,safe,6.057,2.439,1.743,0,0,0.0,0.0,[],15.361079216003418,16.701316833496094,16.44162368774414,15.074578285217285,22.71671485900879,16.453819274902344,14.807004928588867,16.73798179626465,16.445558547973633
58.2,RUNNING,4,OUTBOUND,0.151,0.9817,156.3321,11.127,True,NORMAL,MONITOR,False,{},"[""uav2"", ""uav1"", ""uav0""]",limited,False,{},NONE,NORMAL,SAFE,1.0,IDLE,0.0,0.0,0.0,,,0.0,False,avoidance not required,,{},,,,,,,,,,,0,safe,6.046,2.446,1.728,0,0,0.0,0.0,[],15.585070610046387,16.904037475585938,16.448802947998047,15.300975799560547,22.924837112426758,16.46364402770996,15.0369873046875,16.942211151123047,16.446779251098633
58.4,RUNNING,4,OUTBOUND,0.152,0.9817,156.3321,11.127,True,NORMAL,MONITOR,False,{},"[""uav2"", ""uav1"", ""uav0""]",limited,False,{},NONE,NORMAL,SAFE,1.0,IDLE,0.0,0.0,0.0,,,0.0,False,avoidance not required,,{},,,,,,,,,,,0,safe,6.052,2.447,1.737,0,0,0.0,0.0,[],15.81977653503418,17.115928649902344,16.454776763916016,15.530936241149902,23.130897521972656,16.465978622436523,15.265388488769531,17.14395523071289,16.451019287109375
58.6,RUNNING,4,OUTBOUND,0.153,0.9815,156.2994,11.127,True,NORMAL,MONITOR,False,{},"[""uav2"", ""uav1"", ""uav0""]",limited,False,{},NONE,NORMAL,SAFE,1.0,IDLE,0.0,0.0,0.0,,,0.0,False,avoidance not required,,{},,,,,,,,,,,0,safe,6.046,2.452,1.733,0,0,0.0,0.0,[],16.055540084838867,17.326492309570312,16.455223083496094,15.760987281799316,23.33548927307129,16.469478607177734,15.493419647216797,17.345060348510742,16.452041625976562
58.8,RUNNING,4,OUTBOUND,0.153,0.9815,156.2994,11.127,True,NORMAL,MONITOR,False,{},"[""uav2"", ""uav1"", ""uav0""]",limited,False,{},NONE,NORMAL,SAFE,1.0,IDLE,0.0,0.0,0.0,,,0.0,False,avoidance not required,,{},,,,,,,,,,,0,safe,6.038,2.469,1.729,0,0,0.0,0.0,[],16.29129409790039,17.539560317993164,16.458572387695312,15.993338584899902,23.541181564331055,16.470670700073242,15.720138549804688,17.54784393310547,16.45730209350586
59.0,RUNNING,4,OUTBOUND,0.154,0.9815,156.2994,11.127,True,NORMAL,MONITOR,False,{},"[""uav2"", ""uav1"", ""uav0""]",limited,False,{},NONE,NORMAL,SAFE,1.0,IDLE,0.0,0.0,0.0,,,0.0,False,avoidance not required,,{},,,,,,,,,,,0,safe,6.029,2.471,1.724,0,0,0.0,0.0,[],16.527462005615234,17.750154495239258,16.456022262573242,16.22455596923828,23.750993728637695,16.476806640625,15.948925018310547,17.7510929107666,16.457368850708008
59.2,RUNNING,4,OUTBOUND,0.155,0.9813,156.2666,11.127,True,NORMAL,MONITOR,False,{},"[""uav2"", ""uav1"", ""uav0""]",limited,False,{},NONE,NORMAL,SAFE,1.0,IDLE,0.0,0.0,0.0,,,0.0,False,avoidance not required,,{},,,,,,,,,,,0,safe,6.021,2.471,1.721,0,0,0.0,0.0,[],16.763715744018555,17.959678649902344,16.454866409301758,16.457443237304688,23.959972381591797,16.47637367248535,16.183902740478516,17.95857048034668,16.45966339111328
59.4,RUNNING,4,OUTBOUND,0.156,0.9813,156.2666,11.127,True,NORMAL,MONITOR,False,{},"[""uav2"", ""uav1"", ""uav0""]",limited,False,{},NONE,NORMAL,SAFE,1.0,IDLE,0.0,0.0,0.0,,,0.0,False,avoidance not required,,{},,,,,,,,,,,0,safe,6.020,2.455,1.720,0,0,0.0,0.0,[],16.999343872070312,18.167734146118164,16.454187393188477,16.688711166381836,24.170703887939453,16.478696823120117,16.416915893554688,18.1671199798584,16.45962905883789
59.6,RUNNING,4,OUTBOUND,0.156,0.9812,156.2336,11.127,True,NORMAL,MONITOR,False,{},"[""uav2"", ""uav1"", ""uav0""]",limited,False,{},NONE,NORMAL,SAFE,1.0,IDLE,0.0,0.0,0.0,,,0.0,False,avoidance not required,,{},,,,,,,,,,,0,safe,6.018,2.454,1.719,0,0,0.0,0.0,[],17.233783721923828,18.374515533447266,16.46010398864746,16.922269821166992,24.3802547454834,16.479082107543945,16.648788452148438,18.38238525390625,16.465497970581055
59.8,RUNNING,4,OUTBOUND,0.157,0.9812,156.2336,11.127,True,NORMAL,MONITOR,False,{},"[""uav2"", ""uav1"", ""uav0""]",limited,False,{},NONE,NORMAL,SAFE,1.0,IDLE,0.0,0.0,0.0,,,0.0,False,avoidance not required,,{},,,,,,,,,,,0,safe,6.015,2.460,1.717,0,0,0.0,0.0,[],17.467580795288086,18.58116340637207,16.46291732788086,17.156661987304688,24.591293334960938,16.483444213867188,16.880165100097656,18.595422744750977,16.468412399291992
60.0,RUNNING,4,OUTBOUND,0.158,0.9812,156.2336,11.127,True,NORMAL,MONITOR,False,{},"[""uav2"", ""uav1"", ""uav0""]",limited,False,{},NONE,NORMAL,SAFE,1.0,IDLE,0.0,0.0,0.0,,,0.0,False,avoidance not required,,{},,,,,,,,,,,0,safe,6.013,2.463,1.714,0,0,0.0,0.0,[],17.707942962646484,18.795604705810547,16.46862030029297,17.39206886291504,24.800935745239258,16.485050201416016,17.11269760131836,18.811199188232422,16.47193717956543
60.2,RUNNING,4,OUTBOUND,0.159,0.981,156.2006,11.127,True,NORMAL,MONITOR,False,{},"[""uav2"", ""uav1"", ""uav0""]",limited,False,{},NONE,NORMAL,SAFE,1.0,IDLE,0.0,0.0,0.0,,,0.0,False,avoidance not required,,{},,,,,,,,,,,0,safe,6.005,2.469,1.711,0,0,0.0,0.0,[],17.930435180664062,18.994718551635742,16.470550537109375,17.625221252441406,25.009174346923828,16.48982810974121,17.344627380371094,19.02309226989746,16.47352409362793
60.4,RUNNING,4,OUTBOUND,0.159,0.981,156.2006,11.127,True,NORMAL,MONITOR,False,{},"[""uav2"", ""uav1"", ""uav0""]",limited,False,{},NONE,NORMAL,SAFE,1.0,IDLE,0.0,0.0,0.0,,,0.0,False,avoidance not required,,{},,,,,,,,,,,0,safe,6.014,2.471,1.716,0,0,0.0,0.0,[],18.162546157836914,19.20443344116211,16.47797393798828,17.859554290771484,25.217334747314453,16.491865158081055,17.577987670898438,19.23247718811035,16.478500366210938
60.6,RUNNING,4,OUTBOUND,0.16,0.9808,156.1677,11.127,True,NORMAL,MONITOR,False,{},"[""uav2"", ""uav1"", ""uav0""]",limited,False,{},NONE,NORMAL,SAFE,1.0,IDLE,0.0,0.0,0.0,,,0.0,False,avoidance not required,,{},,,,,,,,,,,0,safe,6.016,2.478,1.715,0,0,0.0,0.0,[],18.394453048706055,19.413496017456055,16.478239059448242,18.09402084350586,25.425697326660156,16.504114151000977,17.810110092163086,19.440555572509766,16.48061180114746
60.8,RUNNING,4,OUTBOUND,0.161,0.9808,156.1677,11.127,True,NORMAL,MONITOR,False,{},"[""uav2"", ""uav1"", ""uav0""]",limited,False,{},NONE,NORMAL,SAFE,1.0,IDLE,0.0,0.0,0.0,,,0.0,False,avoidance not required,,{},,,,,,,,,,,0,safe,6.016,2.478,1.715,0,0,0.0,0.0,[],18.625654220581055,19.6181640625,16.479127883911133,18.327533721923828,25.634572982788086,16.50569725036621,18.042171478271484,19.648908615112305,16.487810134887695
61.0,RUNNING,4,OUTBOUND,0.162,0.9808,156.1677,11.127,True,NORMAL,MONITOR,False,{},"[""uav2"", ""uav1"", ""uav0""]",limited,False,{},NONE,NORMAL,SAFE,1.0,IDLE,0.0,0.0,0.0,,,0.0,False,avoidance not required,,{},,,,,,,,,,,0,safe,6.017,2.479,1.718,0,0,0.0,0.0,[],18.856882095336914,19.825210571289062,16.477380752563477,18.557302474975586,25.84480094909668,16.506139755249023,18.274202346801758,19.85552406311035,16.489255905151367
61.2,RUNNING,4,OUTBOUND,0.162,0.9807,156.1348,11.127,True,NORMAL,MONITOR,False,{},"[""uav2"", ""uav1"", ""uav0""]",limited,False,{},NONE,NORMAL,SAFE,1.0,IDLE,0.0,0.0,0.0,,,0.0,False,avoidance not required,,{},,,,,,,,,,,0,safe,6.017,2.477,1.720,0,0,0.0,0.0,[],19.08728790283203,20.033939361572266,16.48069953918457,18.788965225219727,26.055021286010742,16.502574920654297,18.509109497070312,20.060649871826172,16.491716384887695
61.4,RUNNING,4,OUTBOUND,0.163,0.9807,156.1348,11.127,True,NORMAL,MONITOR,False,{},"[""uav2"", ""uav1"", ""uav0""]",limited,False,{},NONE,NORMAL,SAFE,1.0,IDLE,0.0,0.0,0.0,,,0.0,False,avoidance not required,,{},,,,,,,,,,,0,safe,6.022,2.481,1.721,0,0,0.0,0.0,[],19.317691802978516,20.243675231933594,16.482830047607422,19.022218704223633,26.264957427978516,16.50149154663086,18.741159439086914,20.266204833984375,16.4920711517334
61.6,RUNNING,4,OUTBOUND,0.164,0.9805,156.1019,11.127,True,NORMAL,MONITOR,False,{},"[""uav2"", ""uav1"", ""uav0""]",limited,False,{},NONE,NORMAL,SAFE,1.0,IDLE,0.0,0.0,0.0,,,0.0,False,avoidance not required,,{},,,,,,,,,,,0,safe,6.024,2.483,1.722,0,0,0.0,0.0,[],19.545881271362305,20.451946258544922,16.487010955810547,19.25559425354004,26.47469711303711,16.500654220581055,18.9708251953125,20.470705032348633,16.494855880737305
61.8,RUNNING,4,OUTBOUND,0.165,0.9805,156.1019,11.127,True,NORMAL,MONITOR,False,{},"[""uav2"", ""uav1"", ""uav0""]",limited,False,{},NONE,NORMAL,SAFE,1.0,IDLE,0.0,0.0,0.0,,,0.0,False,avoidance not required,,{},,,,,,,,,,,0,safe,6.025,2.487,1.725,0,0,0.0,0.0,[],19.783668518066406,20.669397354125977,16.4890079498291,19.488094329833984,26.682476043701172,16.503206253051758,19.199413299560547,20.67617416381836,16.49518394470215
62.0,RUNNING,4,OUTBOUND,0.165,0.9805,156.1019,11.127,True,NORMAL,MONITOR,False,{},"[""uav2"", ""uav1"", ""uav0""]",limited,False,{},NONE,NORMAL,SAFE,1.0,IDLE,0.0,0.0,0.0,,,0.0,False,avoidance not required,,{},,,,,,,,,,,0,safe,6.016,2.489,1.715,0,0,0.0,0.0,[],20.000831604003906,20.86687660217285,16.49576759338379,19.720470428466797,26.890926361083984,16.503707885742188,19.42661476135254,20.879955291748047,16.4988956451416
62.2,RUNNING,4,OUTBOUND,0.166,0.9803,156.0689,11.127,True,NORMAL,MONITOR,False,{},"[""uav2"", ""uav1"", ""uav0""]",limited,False,{},NONE,NORMAL,SAFE,1.0,IDLE,0.0,0.0,0.0,,,0.0,False,avoidance not required,,{},,,,,,,,,,,0,safe,6.026,2.496,1.734,0,0,0.0,0.0,[],20.238595962524414,21.083332061767578,16.502033233642578,19.95136833190918,27.096149444580078,16.510766983032227,19.654499053955078,21.08681869506836,16.499080657958984
62.4,RUNNING,4,OUTBOUND,0.167,0.9803,156.0689,11.127,True,NORMAL,MONITOR,False,{},"[""uav2"", ""uav1"", ""uav0""]",limited,False,{},NONE,NORMAL,SAFE,1.0,IDLE,0.0,0.0,0.0,,,0.0,False,avoidance not required,,{},,,,,,,,,,,0,safe,6.016,2.502,1.725,0,0,0.0,0.0,[],20.459753036499023,21.281097412109375,16.512147903442383,20.183006286621094,27.30425453186035,16.514707565307617,19.88357925415039,21.295183181762695,16.501548767089844
62.6,RUNNING,4,OUTBOUND,0.168,0.9802,156.0359,11.127,True,NORMAL,MONITOR,False,{},"[""uav2"", ""uav1"", ""uav0""]",limited,False,{},NONE,NORMAL,SAFE,1.0,IDLE,0.0,0.0,0.0,,,0.0,False,avoidance not required,,{},,,,,,,,,,,0,safe,6.024,2.512,1.741,0,0,0.0,0.0,[],20.691539764404297,21.49028205871582,16.5139102935791,20.415802001953125,27.513486862182617,16.5195369720459,20.11345863342285,21.504091262817383,16.501222610473633
62.8,RUNNING,4,OUTBOUND,0.168,0.9802,156.0359,11.127,True,NORMAL,MONITOR,False,{},"[""uav2"", ""uav1"", ""uav0""]",limited,False,{},NONE,NORMAL,SAFE,1.0,IDLE,0.0,0.0,0.0,,,0.0,False,avoidance not required,,{},,,,,,,,,,,0,safe,6.022,2.514,1.740,0,0,0.0,0.0,[],20.933483123779297,21.706090927124023,16.516603469848633,20.648761749267578,27.72382164001465,16.519084930419922,20.34519386291504,21.70804786682129,16.503042221069336
63.0,RUNNING,4,OUTBOUND,0.169,0.9802,156.0359,11.127,True,NORMAL,MONITOR,False,{},"[""uav2"", ""uav1"", ""uav0""]",limited,False,{},NONE,NORMAL,SAFE,1.0,IDLE,0.0,0.0,0.0,,,0.0,False,avoidance not required,,{},,,,,,,,,,,0,safe,6.012,2.517,1.729,0,0,0.0,0.0,[],21.157936096191406,21.908161163330078,16.514766693115234,20.88242530822754,27.931909561157227,16.5217227935791,20.57658576965332,21.915943145751953,16.503807067871094
63.2,RUNNING,4,OUTBOUND,0.17,0.98,156.0028,11.127,True,NORMAL,MONITOR,False,{},"[""uav2"", ""uav1"", ""uav0""]",limited,False,{},NONE,NORMAL,SAFE,1.0,IDLE,0.0,0.0,0.0,,,0.0,False,avoidance not required,,{},,,,,,,,,,,0,safe,6.019,2.505,1.739,0,0,0.0,0.0,[],21.404142379760742,22.12435531616211,16.519641876220703,21.1158390045166,28.14116668701172,16.519855499267578,20.807159423828125,22.125268936157227,16.50892448425293
63.4,RUNNING,4,OUTBOUND,0.171,0.98,156.0028,11.127,True,NORMAL,MONITOR,False,{},"[""uav2"", ""uav1"", ""uav0""]",limited,False,{},NONE,NORMAL,SAFE,1.0,IDLE,0.0,0.0,0.0,,,0.0,False,avoidance not required,,{},,,,,,,,,,,0,safe,6.003,2.511,1.724,0,0,0.0,0.0,[],21.629470825195312,22.326929092407227,16.52012825012207,21.349809646606445,28.34588050842285,16.523656845092773,21.036956787109375,22.336584091186523,16.511646270751953
63.6,RUNNING,4,OUTBOUND,0.171,0.9798,155.9697,11.127,True,NORMAL,MONITOR,False,{},"[""uav2"", ""uav1"", ""uav0""]",limited,False,{},NONE,NORMAL,SAFE,1.0,IDLE,0.0,0.0,0.0,,,0.0,False,avoidance not required,,{},,,,,,,,,,,0,safe,6.007,2.520,1.733,0,0,0.0,0.0,[],21.86072540283203,22.535659790039062,16.524314880371094,21.58199119567871,28.553831100463867,16.52521514892578,21.263591766357422,22.546398162841797,16.51804542541504
63.8,RUNNING,4,OUTBOUND,0.172,0.9798,155.9697,11.127,True,NORMAL,MONITOR,False,{},"[""uav2"", ""uav1"", ""uav0""]",limited,False,{},NONE,NORMAL,SAFE,1.0,IDLE,0.0,0.0,0.0,,,0.0,False,avoidance not required,,{},,,,,,,,,,,0,safe,6.003,2.524,1.734,0,0,0.0,0.0,[],22.092302322387695,22.747249603271484,16.52286148071289,21.811796188354492,28.760446548461914,16.531448364257812,21.491716384887695,22.75752067565918,16.52092170715332
64.0,RUNNING,4,OUTBOUND,0.173,0.9798,155.9697,11.127,True,NORMAL,MONITOR,False,{},"[""uav2"", ""uav1"", ""uav0""]",limited,False,{},NONE,NORMAL,SAFE,1.0,IDLE,0.0,0.0,0.0,,,0.0,False,avoidance not required,,{},,,,,,,,,,,0,safe,5.999,2.523,1.733,0,0,0.0,0.0,[],22.3349609375,22.965946197509766,16.524045944213867,22.041906356811523,28.969388961791992,16.53254508972168,21.72049903869629,22.965044021606445,16.52957534790039
64.2,RUNNING,4,OUTBOUND,0.174,0.9797,155.9365,11.127,True,NORMAL,MONITOR,False,{},"[""uav2"", ""uav1"", ""uav0""]",limited,False,{},NONE,NORMAL,SAFE,1.0,IDLE,0.0,0.0,0.0,,,0.0,False,avoidance not required,,{},,,,,,,,,,,0,safe,5.986,2.524,1.730,0,0,0.0,0.0,[],22.567325592041016,23.177143096923828,16.523292541503906,22.272607803344727,29.174840927124023,16.537811279296875,21.949954986572266,23.174224853515625,16.533220291137695
64.4,RUNNING,4,OUTBOUND,0.174,0.9797,155.9365,11.127,True,NORMAL,MONITOR,False,{},"[""uav2"", ""uav1"", ""uav0""]",limited,False,{},NONE,NORMAL,SAFE,1.0,IDLE,0.0,0.0,0.0,,,0.0,False,avoidance not required,,{},,,,,,,,,,,0,safe,5.983,2.523,1.732,0,0,0.0,0.0,[],22.789165496826172,23.37359619140625,16.525678634643555,22.503002166748047,29.383731842041016,16.538623809814453,22.177064895629883,23.377717971801758,16.538747787475586
64.6,RUNNING,4,OUTBOUND,0.175,0.9795,155.9033,11.127,True,NORMAL,MONITOR,False,{},"[""uav2"", ""uav1"", ""uav0""]",limited,False,{},NONE,NORMAL,SAFE,1.0,IDLE,0.0,0.0,0.0,,,0.0,False,avoidance not required,,{},,,,,,,,,,,0,safe,5.988,2.526,1.739,0,0,0.0,0.0,[],23.029626846313477,23.590030670166016,16.525083541870117,22.732463836669922,29.588092803955078,16.542308807373047,22.405654907226562,23.584510803222656,16.537382125854492
64.8,RUNNING,4,OUTBOUND,0.176,0.9795,155.9033,11.127,True,NORMAL,MONITOR,False,{},"[""uav2"", ""uav1"", ""uav0""]",limited,False,{},NONE,NORMAL,SAFE,1.0,IDLE,0.0,0.0,0.0,,,0.0,False,avoidance not required,,{},,,,,,,,,,,0,safe,5.979,2.527,1.752,0,0,0.0,0.0,[],23.25324249267578,23.786239624023438,16.526809692382812,22.962493896484375,29.79688835144043,16.541385650634766,22.631803512573242,23.785911560058594,16.536592483520508
65.0,RUNNING,4,OUTBOUND,0.177,0.9795,155.9033,11.127,True,NORMAL,MONITOR,False,{},"[""uav2"", ""uav1"", ""uav0""]",limited,False,{},NONE,NORMAL,SAFE,1.0,IDLE,0.0,0.0,0.0,,,0.0,False,avoidance not required,,{},,,,,,,,,,,0,safe,5.979,2.527,1.752,0,0,0.0,0.0,[],23.485363006591797,23.99505043029785,16.527429580688477,23.19398307800293,30.001577377319336,16.543785095214844,22.862638473510742,23.994224548339844,16.536943435668945
65.2,RUNNING,4,OUTBOUND,0.177,0.9794,155.87,11.127,True,NORMAL,MONITOR,False,{},"[""uav2"", ""uav1"", ""uav0""]",limited,False,{},NONE,NORMAL,SAFE,1.0,IDLE,0.0,0.0,0.0,,,0.0,False,avoidance not required,,{},,,,,,,,,,,0,safe,5.977,2.527,1.753,0,0,0.0,0.0,[],23.717687606811523,24.19806671142578,16.53506851196289,23.425762176513672,30.211591720581055,16.544124603271484,23.101409912109375,24.20589256286621,16.53981590270996
65.4,RUNNING,4,OUTBOUND,0.178,0.9794,155.87,11.127,True,NORMAL,MONITOR,False,{},"[""uav2"", ""uav1"", ""uav0""]",limited,False,{},NONE,NORMAL,SAFE,1.0,IDLE,0.0,0.0,0.0,,,0.0,False,avoidance not required,,{},,,,,,,,,,,0,safe,5.984,2.535,1.746,0,0,0.0,0.0,[],23.947525024414062,24.401206970214844,16.54322052001953,23.659626007080078,30.421844482421875,16.548362731933594,23.338159561157227,24.420337677001953,16.54020881652832
65.6,RUNNING,4,OUTBOUND,0.179,0.9792,155.8367,11.127,True,NORMAL,MONITOR,False,{},"[""uav2"", ""uav1"", ""uav0""]",limited,False,{},NONE,NORMAL,SAFE,1.0,IDLE,0.0,0.0,0.0,,,0.0,False,avoidance not required,,{},,,,,,,,,,,0,safe,5.993,2.544,1.747,0,0,0.0,0.0,[],24.177770614624023,24.611366271972656,16.544448852539062,23.89243507385254,30.63463020324707,16.548986434936523,23.571197509765625,24.6314754486084,16.543657302856445
65.8,RUNNING,4,OUTBOUND,0.18,0.9792,155.8367,11.127,True,NORMAL,MONITOR,False,{},"[""uav2"", ""uav1"", ""uav0""]",limited,False,{},NONE,NORMAL,SAFE,1.0,IDLE,0.0,0.0,0.0,,,0.0,False,avoidance not required,,{},,,,,,,,,,,0,safe,5.993,2.544,1.747,0,0,0.0,0.0,[],24.419374465942383,24.829700469970703,16.546052932739258,24.126426696777344,30.842559814453125,16.554019927978516,23.803762435913086,24.846023559570312,16.543058395385742
66.0,RUNNING,4,OUTBOUND,0.18,0.9792,155.8367,11.127,True,NORMAL,MONITOR,False,{},"[""uav2"", ""uav1"", ""uav0""]",limited,False,{},NONE,NORMAL,SAFE,1.0,IDLE,0.0,0.0,0.0,,,0.0,False,avoidance not required,,{},,,,,,,,,,,0,safe,5.984,2.546,1.733,0,0,0.0,0.0,[],24.641448974609375,25.03635025024414,16.544099807739258,24.3587703704834,31.054908752441406,16.552885055541992,24.034587860107422,25.05952262878418,16.5428466796875
66.2,RUNNING,4,OUTBOUND,0.181,0.979,155.8034,11.127,True,NORMAL,MONITOR,False,{},"[""uav2"", ""uav1"", ""uav0""]",limited,False,{},NONE,NORMAL,SAFE,1.0,IDLE,0.0,0.0,0.0,,,0.0,False,avoidance not required,,{},,,,,,,,,,,0,safe,5.993,2.544,1.743,0,0,0.0,0.0,[],24.87240982055664,25.252197265625,16.544071197509766,24.59194564819336,31.265878677368164,16.55484390258789,24.26613426208496,25.27429962158203,16.5424861907959
66.4,RUNNING,4,OUTBOUND,0.182,0.979,155.8034,11.127,True,NORMAL,MONITOR,False,{},"[""uav2"", ""uav1"", ""uav0""]",limited,False,{},NONE,NORMAL,SAFE,1.0,IDLE,0.0,0.0,0.0,,,0.0,False,avoidance not required,,{},,,,,,,,,,,0,safe,5.994,2.544,1.739,0,0,0.0,0.0,[],25.102527618408203,25.46988868713379,16.54290771484375,24.822538375854492,31.479595184326172,16.552011489868164,24.4995174407959,25.484149932861328,16.546926498413086
66.6,RUNNING,4,OUTBOUND,0.183,0.9789,155.7702,11.127,True,NORMAL,MONITOR,False,{},"[""uav2"", ""uav1"", ""uav0""]",limited,False,{},NONE,NORMAL,SAFE,1.0,IDLE,0.0,0.0,0.0,,,0.0,False,avoidance not required,,{},,,,,,,,,,,0,safe,5.998,2.548,1.733,0,0,0.0,0.0,[],25.334150314331055,25.68231201171875,16.547988891601562,25.051410675048828,31.68946075439453,16.554542541503906,24.732608795166016,25.697071075439453,16.547374725341797
66.8,RUNNING,4,OUTBOUND,0.183,0.9789,155.7702,11.127,True,NORMAL,MONITOR,False,{},"[""uav2"", ""uav1"", ""uav0""]",limited,False,{},NONE,NORMAL,SAFE,1.0,IDLE,0.0,0.0,0.0,,,0.0,False,avoidance not required,,{},,,,,,,,,,,0,safe,5.998,2.548,1.733,0,0,0.0,0.0,[],25.56633949279785,25.893943786621094,16.551271438598633,25.280292510986328,31.903072357177734,16.553791046142578,24.967073440551758,25.909421920776367,16.554513931274414
67.0,RUNNING,4,OUTBOUND,0.184,0.9789,155.7702,11.127,True,NORMAL,MONITOR,False,{},"[""uav2"", ""uav1"", ""uav0""]",limited,False,{},NONE,NORMAL,SAFE,1.0,IDLE,0.0,0.0,0.0,,,0.0,False,avoidance not required,,{},,,,,,,,,,,0,safe,6.001,2.551,1.732,0,0,0.0,0.0,[],25.797344207763672,26.10826301574707,16.54903793334961,25.51239585876465,32.11518478393555,16.553695678710938,25.201078414916992,26.12325096130371,16.554208755493164
67.2,RUNNING,4,OUTBOUND,0.185,0.9787,155.7369,11.127,True,NORMAL,MONITOR,False,{},"[""uav2"", ""uav1"", ""uav0""]",limited,False,{},NONE,NORMAL,SAFE,1.0,IDLE,0.0,0.0,0.0,,,0.0,False,avoidance not required,,{},,,,,,,,,,,0,safe,6.004,2.549,1.729,0,0,0.0,0.0,[],26.0291805267334,26.32020378112793,16.548233032226562,25.743671417236328,32.33020782470703,16.551794052124023,25.437162399291992,26.334321975708008,16.55071258544922
67.4,RUNNING,4,OUTBOUND,0.186,0.9787,155.7369,11.127,True,NORMAL,MONITOR,False,{},"[""uav2"", ""uav1"", ""uav0""]",limited,False,{},NONE,NORMAL,SAFE,1.0,IDLE,0.0,0.0,0.0,,,0.0,False,avoidance not required,,{},,,,,,,,,,,0,safe,6.008,2.548,1.728,0,0,0.0,0.0,[],26.26057243347168,26.53489112854004,16.54477310180664,25.976816177368164,32.54527282714844,16.55268669128418,25.672016143798828,26.547449111938477,16.546829223632812
67.6,RUNNING,4,OUTBOUND,0.186,0.9785,155.7037,11.127,True,NORMAL,MONITOR,False,{},"[""uav2"", ""uav1"", ""uav0""]",limited,False,{},NONE,NORMAL,SAFE,1.0,IDLE,0.0,0.0,0.0,,,0.0,False,avoidance not required,,{},,,,,,,,,,,0,safe,6.011,2.545,1.725,0,0,0.0,0.0,[],26.49631690979004,26.751169204711914,16.54400634765625,26.208383560180664,32.760555267333984,16.550151824951172,25.909072875976562,26.7598934173584,16.54686737060547
67.8,RUNNING,4,OUTBOUND,0.187,0.9785,155.7037,11.127,True,NORMAL,MONITOR,False,{},"[""uav2"", ""uav1"", ""uav0""]",limited,False,{},NONE,NORMAL,SAFE,1.0,IDLE,0.0,0.0,0.0,,,0.0,False,avoidance not required,,{},,,,,,,,,,,0,safe,6.013,2.544,1.717,0,0,0.0,0.0,[],26.729904174804688,26.967750549316406,16.541662216186523,26.44139289855957,32.9691047668457,16.552186965942383,26.14364242553711,26.973468780517578,16.545631408691406
68.0,RUNNING,4,OUTBOUND,0.188,0.9785,155.7037,11.127,True,NORMAL,MONITOR,False,{},"[""uav2"", ""uav1"", ""uav0""]",limited,False,{},NONE,NORMAL,SAFE,1.0,IDLE,0.0,0.0,0.0,,,0.0,False,avoidance not required,,{},,,,,,,,,,,0,safe,6.014,2.542,1.711,0,0,0.0,0.0,[],26.96330451965332,27.18148422241211,16.542829513549805,26.67426872253418,33.180816650390625,16.549896240234375,26.37812614440918,27.184465408325195,16.547161102294922
68.2,RUNNING,4,OUTBOUND,0.189,0.9784,155.6706,11.127,True,NORMAL,MONITOR,False,{},"[""uav2"", ""uav1"", ""uav0""]",limited,False,{},NONE,NORMAL,SAFE,1.0,IDLE,0.0,0.0,0.0,,,0.0,False,avoidance not required,,{},,,,,,,,,,,0,safe,6.015,2.543,1.706,0,0,0.0,0.0,[],27.194625854492188,27.396015167236328,16.541044235229492,26.912580490112305,33.393123626708984,16.547828674316406,26.610448837280273,27.396696090698242,16.544200897216797
68.4,RUNNING,4,OUTBOUND,0.189,0.9784,155.6706,11.127,True,NORMAL,MONITOR,False,{},"[""uav2"", ""uav1"", ""uav0""]",limited,False,{},NONE,NORMAL,SAFE,1.0,IDLE,0.0,0.0,0.0,,,0.0,False,avoidance not required,,{},,,,,,,,,,,0,safe,6.016,2.541,1.704,0,0,0.0,0.0,[],27.423973083496094,27.60865020751953,16.542078018188477,27.146507263183594,33.607208251953125,16.544099807739258,26.842531204223633,27.607206344604492,16.542346954345703
68.6,RUNNING,4,OUTBOUND,0.19,0.9782,155.6375,11.127,True,NORMAL,MONITOR,False,{},"[""uav2"", ""uav1"", ""uav0""]",limited,False,{},NONE,NORMAL,SAFE,1.0,IDLE,0.0,0.0,0.0,,,0.0,False,avoidance not required,,{},,,,,,,,,,,0,safe,6.019,2.545,1.704,0,0,0.0,0.0,[],27.654529571533203,27.82204818725586,16.54068374633789,27.3760986328125,33.81938934326172,16.544710159301758,27.072338104248047,27.818599700927734,16.54201316833496
68.8,RUNNING,4,OUTBOUND,0.191,0.9782,155.6375,11.127,True,NORMAL,MONITOR,False,{},"[""uav2"", ""uav1"", ""uav0""]",limited,False,{},NONE,NORMAL,SAFE,1.0,IDLE,0.0,0.0,0.0,,,0.0,False,avoidance not required,,{},,,,,,,,,,,0,safe,6.018,2.565,1.702,0,0,0.0,0.0,[],27.90060043334961,28.042695999145508,16.53913116455078,27.60566520690918,34.03193283081055,16.543909072875977,27.29843521118164,28.02552032470703,16.544525146484375
69.0,RUNNING,4,OUTBOUND,0.192,0.9782,155.6375,11.127,True,NORMAL,MONITOR,False,{},"[""uav2"", ""uav1"", ""uav0""]",limited,False,{},NONE,NORMAL,SAFE,1.0,IDLE,0.0,0.0,0.0,,,0.0,False,avoidance not required,,{},,,,,,,,,,,0,safe,5.998,2.610,1.698,0,0,0.0,0.0,[],28.133989334106445,28.254701614379883,16.537158966064453,27.838176727294922,34.24018478393555,16.547502517700195,27.526220321655273,28.23438262939453,16.545072555541992
69.2,RUNNING,4,OUTBOUND,0.192,0.978,155.6045,11.127,True,NORMAL,MONITOR,False,{},"[""uav2"", ""uav1"", ""uav0""]",limited,False,{},NONE,NORMAL,SAFE,1.0,IDLE,0.0,0.0,0.0,,,0.0,False,avoidance not required,,{},,,,,,,,,,,0,safe,5.992,2.683,1.701,0,0,0.0,0.0,[],28.364486694335938,28.463109970092773,16.539371490478516,28.068620681762695,34.450897216796875,16.545331954956055,27.754446029663086,28.445608139038086,16.541088104248047
69.4,RUNNING,4,OUTBOUND,0.193,0.978,155.6045,11.127,True,NORMAL,MONITOR,False,{},"[""uav2"", ""uav1"", ""uav0""]",limited,False,{},NONE,NORMAL,SAFE,1.0,IDLE,0.0,0.0,0.0,,,0.0,False,avoidance not required,,{},,,,,,,,,,,0,safe,6.001,2.923,1.704,0,0,0.0,0.0,[],28.582414627075195,28.662750244140625,16.541412353515625,28.297456741333008,34.659828186035156,16.53835105895996,27.98336410522461,28.6562442779541,16.537540435791016
69.6,RUNNING,4,OUTBOUND,0.194,0.9779,155.5714,11.127,True,NORMAL,MONITOR,False,{},"[""uav2"", ""uav1"", ""uav0""]",limited,False,{},NONE,NORMAL,SAFE,1.0,IDLE,0.0,0.0,0.0,,,0.0,False,avoidance not required,,{},,,,,,,,,,,0,safe,6.001,2.923,1.704,0,0,0.0,0.0,[],28.809778213500977,28.871845245361328,16.53765296936035,28.52518653869629,34.87131881713867,16.531435012817383,28.211633682250977,28.8680419921875,16.530710220336914
69.8,RUNNING,4,OUTBOUND,0.195,0.9779,155.5714,11.127,True,NORMAL,MONITOR,False,{},"[""uav2"", ""uav1"", ""uav0""]",limited,False,{},NONE,NORMAL,SAFE,1.0,IDLE,0.0,0.0,0.0,,,0.0,False,avoidance not required,,{},,,,,,,,,,,0,safe,6.002,3.079,1.705,0,0,0.0,0.0,[],29.03923988342285,29.07764434814453,16.52907943725586,28.750885009765625,35.08247375488281,16.52776336669922,28.435577392578125,29.077909469604492,16.525842666625977
70.0,RUNNING,4,OUTBOUND,0.195,0.9779,155.5714,11.127,True,NORMAL,MONITOR,False,{},"[""uav2"", ""uav1"", ""uav0""]",limited,False,{},NONE,NORMAL,SAFE,1.0,IDLE,0.0,0.0,0.0,,,0.0,False,avoidance not required,,{},,,,,,,,,,,0,safe,5.996,3.253,1.710,0,0,0.0,0.0,[],29.276893615722656,29.29462242126465,16.52345848083496,28.978084564208984,35.2961311340332,16.522018432617188,28.661346435546875,29.289642333984375,16.519845962524414
70.2,RUNNING,4,OUTBOUND,0.196,0.9777,155.5384,11.127,True,NORMAL,MONITOR,False,{},"[""uav2"", ""uav1"", ""uav0""]",limited,False,{},NONE,NORMAL,SAFE,1.0,IDLE,0.0,0.0,0.0,,,0.0,False,avoidance not required,,{},,,,,,,,,,,0,safe,5.984,3.457,1.714,0,0,0.0,0.0,[],29.493610382080078,29.495357513427734,16.52203369140625,29.206571578979492,35.51298522949219,16.517732620239258,28.887025833129883,29.503040313720703,16.512332916259766
70.4,RUNNING,4,OUTBOUND,0.197,0.9777,155.5384,11.127,True,NORMAL,MONITOR,False,{},"[""uav2"", ""uav1"", ""uav0""]",limited,False,{},NONE,NORMAL,SAFE,1.0,IDLE,0.0,0.0,0.0,,,0.0,False,avoidance not required,,{},,,,,,,,,,,0,safe,5.993,3.662,1.716,0,0,0.0,0.0,[],29.720685958862305,29.706146240234375,16.51875877380371,29.435359954833984,35.728485107421875,16.513341903686523,29.11441421508789,29.716346740722656,16.50721549987793
70.6,RUNNING,4,OUTBOUND,0.198,0.9775,155.5054,11.127,True,NORMAL,MONITOR,False,{},"[""uav2"", ""uav1"", ""uav0""]",limited,False,{},NONE,NORMAL,SAFE,1.0,IDLE,0.0,0.0,0.0,,,0.0,False,avoidance not required,,{},,,,,,,,,,,0,safe,5.994,3.888,1.719,0,0,0.0,0.0,[],29.94905662536621,29.9173526763916,16.511844635009766,29.664892196655273,35.9425048828125,16.507535934448242,29.338829040527344,29.927734375,16.503286361694336
70.8,RUNNING,4,OUTBOUND,0.198,0.9775,155.5054,11.127,True,NORMAL,MONITOR,False,{},"[""uav2"", ""uav1"", ""uav0""]",limited,False,{},NONE,NORMAL,SAFE,1.0,IDLE,0.0,0.0,0.0,,,0.0,False,avoidance not required,,{},,,,,,,,,,,0,safe,5.990,4.123,1.721,0,0,0.0,0.0,[],30.17780876159668,30.129613876342773,16.504432678222656,29.895214080810547,36.15583801269531,16.5029354095459,29.566625595092773,30.140174865722656,16.499757766723633
71.0,RUNNING,4,OUTBOUND,0.199,0.9775,155.5054,11.127,True,NORMAL,MONITOR,False,{},"[""uav2"", ""uav1"", ""uav0""]",limited,False,{},NONE,NORMAL,SAFE,1.0,IDLE,0.0,0.0,0.0,,,0.0,False,avoidance not required,,{},,,,,,,,,,,0,safe,5.989,4.369,1.722,0,0,0.0,0.0,[],30.403648376464844,30.34256362915039,16.501419067382812,30.127025604248047,36.3690185546875,16.497499465942383,29.794090270996094,30.354673385620117,16.49496078491211
71.2,RUNNING,4,OUTBOUND,0.2,0.9774,155.4723,11.127,True,NORMAL,MONITOR,False,{},"[""uav2"", ""uav1"", ""uav0""]",limited,False,{},NONE,NORMAL,SAFE,1.0,IDLE,0.0,0.0,0.0,,,0.0,False,avoidance not required,,{},,,,,,,,,,,0,safe,5.990,4.624,1.724,0,0,0.0,0.0,[],30.632564544677734,30.556455612182617,16.497034072875977,30.359453201293945,36.5812873840332,16.493568420410156,30.024784088134766,30.569061279296875,16.490921020507812
71.4,RUNNING,4,OUTBOUND,0.201,0.9774,155.4723,11.127,True,NORMAL,MONITOR,False,{},"[""uav2"", ""uav1"", ""uav0""]",limited,False,{},NONE,NORMAL,SAFE,1.0,IDLE,0.0,0.0,0.0,,,0.0,False,avoidance not required,,{},,,,,,,,,,,0,safe,5.992,4.886,1.723,0,0,0.0,0.0,[],30.8649845123291,30.773500442504883,16.491289138793945,30.596147537231445,36.79303741455078,16.49110984802246,30.25588035583496,30.78396224975586,16.488548278808594
71.6,RUNNING,4,OUTBOUND,0.201,0.9772,155.4392,11.127,True,NORMAL,MONITOR,False,{},"[""uav2"", ""uav1"", ""uav0""]",limited,False,{},NONE,NORMAL,SAFE,1.0,IDLE,0.0,0.0,0.0,,,0.0,False,avoidance not required,,{},,,,,,,,,,,0,safe,5.991,5.158,1.719,0,0,0.0,0.0,[],31.107393264770508,30.998371124267578,16.484458923339844,30.83042335510254,37.00423049926758,16.48707389831543,30.487836837768555,30.998544692993164,16.483610153198242
71.8,RUNNING,4,OUTBOUND,0.202,0.9772,155.4392,11.127,True,NORMAL,MONITOR,False,{},"[""uav2"", ""uav1"", ""uav0""]",limited,False,{},NONE,NORMAL,SAFE,1.0,IDLE,0.0,0.0,0.0,,,0.0,False,avoidance not required,,{},,,,,,,,,,,0,safe,5.980,5.446,1.715,0,0,0.0,0.0,[],31.33242416381836,31.20853614807129,16.4757080078125,31.062850952148438,37.21491241455078,16.47926139831543,30.71485137939453,31.216447830200195,16.474584579467773
72.0,RUNNING,4,OUTBOUND,0.203,0.9772,155.4392,11.127,True,NORMAL,MONITOR,False,{},"[""uav2"", ""uav1"", ""uav0""]",limited,False,{},NONE,NORMAL,SAFE,1.0,IDLE,0.0,0.0,0.0,,,0.0,False,avoidance not required,,{},,,,,,,,,,,0,safe,5.982,5.717,1.714,0,0,0.0,0.0,[],31.56577491760254,31.423967361450195,16.466888427734375,31.293630599975586,37.4270133972168,16.472320556640625,30.942981719970703,31.43599510192871,16.468141555786133
72.2,RUNNING,4,OUTBOUND,0.204,0.977,155.4062,11.127,True,NORMAL,MONITOR,False,{},"[""uav2"", ""uav1"", ""uav0""]",limited,False,{},NONE,NORMAL,SAFE,1.0,IDLE,0.0,0.0,0.0,,,0.0,False,avoidance not required,,{},,,,,,,,,,,0,safe,5.977,6.000,1.710,0,0,0.0,0.0,[],31.798559188842773,31.636192321777344,16.45526123046875,31.521848678588867,37.6441535949707,16.460620880126953,31.174942016601562,31.651321411132812,16.462167739868164
72.4,RUNNING,4,OUTBOUND,0.204,0.977,155.4062,11.127,True,NORMAL,MONITOR,False,{},"[""uav2"", ""uav1"", ""uav0""]",limited,False,{},NONE,NORMAL,SAFE,1.0,IDLE,0.0,0.0,0.0,,,0.0,False,avoidance not required,,{},,,,,,,,,,,0,safe,5.976,6.284,1.707,0,0,0.0,0.0,[],32.030921936035156,31.847265243530273,16.45000457763672,31.750089645385742,37.858558654785156,16.454702377319336,31.411062240600586,31.863388061523438,16.453676223754883
72.6,RUNNING,4,OUTBOUND,0.205,0.9769,155.3731,11.127,True,NORMAL,MONITOR,False,{},"[""uav2"", ""uav1"", ""uav0""]",limited,False,{},NONE,NORMAL,SAFE,1.0,IDLE,0.0,0.0,0.0,,,0.0,False,avoidance not required,,{},,,,,,,,,,,0,safe,5.980,6.572,1.703,0,0,0.0,0.0,[],32.26276779174805,32.05802917480469,16.447803497314453,31.977428436279297,38.07118606567383,16.45218276977539,31.647655487060547,32.07417297363281,16.450429916381836
72.8,RUNNING,4,OUTBOUND,0.206,0.9769,155.3731,11.127,True,NORMAL,MONITOR,False,{},"[""uav2"", ""uav1"", ""uav0""]",limited,False,{},NONE,NORMAL,SAFE,1.0,IDLE,0.0,0.0,0.0,,,0.0,False,avoidance not required,,{},,,,,,,,,,,0,safe,5.985,6.862,1.699,0,0,0.0,0.0,[],32.49491500854492,32.27055358886719,16.447250366210938,32.20521545410156,38.283409118652344,16.450942993164062,31.883352279663086,32.2859992980957,16.447906494140625
73.0,RUNNING,4,OUTBOUND,0.207,0.9769,155.3731,11.127,True,NORMAL,MONITOR,False,{},"[""uav2"", ""uav1"", ""uav0""]",limited,False,{},NONE,NORMAL,SAFE,1.0,IDLE,0.0,0.0,0.0,,,0.0,False,avoidance not required,,{},,,,,,,,,,,0,safe,5.988,7.156,1.696,0,0,0.0,0.0,[],32.72685623168945,32.48217010498047,16.446455001831055,32.432411193847656,38.498722076416016,16.449838638305664,32.11872863769531,32.49602508544922,16.446033477783203
73.2,RUNNING,4,OUTBOUND,0.207,0.9767,155.3402,11.127,True,NORMAL,MONITOR,False,{},"[""uav2"", ""uav1"", ""uav0""]",limited,False,{},NONE,NORMAL,SAFE,1.0,IDLE,0.0,0.0,0.0,,,0.0,False,avoidance not required,,{},,,,,,,,,,,0,safe,5.992,7.452,1.696,0,0,0.0,0.0,[],32.96105194091797,32.697635650634766,16.442426681518555,32.66093444824219,38.71162796020508,16.44938850402832,32.35164260864258,32.70524978637695,16.440439224243164
73.4,RUNNING,4,OUTBOUND,0.208,0.9767,155.3402,11.127,True,NORMAL,MONITOR,False,{},"[""uav2"", ""uav1"", ""uav0""]",limited,False,{},NONE,NORMAL,SAFE,1.0,IDLE,0.0,0.0,0.0,,,0.0,False,avoidance not required,,{},,,,,,,,,,,0,safe,5.991,7.751,1.692,0,0,0.0,0.0,[],33.195274353027344,32.91230392456055,16.440797805786133,32.889583587646484,38.92560577392578,16.44838523864746,32.58460998535156,32.914337158203125,16.434717178344727
73.6,RUNNING,4,OUTBOUND,0.209,0.9765,155.3073,11.127,True,NORMAL,MONITOR,False,{},"[""uav2"", ""uav1"", ""uav0""]",limited,False,{},NONE,NORMAL,SAFE,1.0,IDLE,0.0,0.0,0.0,,,0.0,False,avoidance not required,,{},,,,,,,,,,,0,safe,5.989,8.052,1.692,0,0,0.0,0.0,[],33.42706298828125,33.1245002746582,16.436336517333984,33.120330810546875,39.13740921020508,16.445499420166016,32.817359924316406,33.12525939941406,16.425317764282227
73.8,RUNNING,4,OUTBOUND,0.21,0.9765,155.3073,11.127,True,NORMAL,MONITOR,False,{},"[""uav2"", ""uav1"", ""uav0""]",limited,False,{},NONE,NORMAL,SAFE,1.0,IDLE,0.0,0.0,0.0,,,0.0,False,avoidance not required,,{},,,,,,,,,,,0,safe,5.990,8.351,1.692,0,0,0.0,0.0,[],33.658023834228516,33.33782958984375,16.423166275024414,33.35679626464844,39.35005187988281,16.43524169921875,33.050785064697266,33.3361930847168,16.42190170288086
74.0,RUNNING,4,OUTBOUND,0.21,0.9765,155.3073,11.127,True,NORMAL,MONITOR,False,{},"[""uav2"", ""uav1"", ""uav0""]",limited,False,{},NONE,NORMAL,SAFE,1.0,IDLE,0.0,0.0,0.0,,,0.0,False,avoidance not required,,{},,,,,,,,,,,0,safe,5.993,8.648,1.689,0,0,0.0,0.0,[],33.89263916015625,33.550048828125,16.411170959472656,33.594600677490234,39.56521987915039,16.426137924194336,33.28579330444336,33.551029205322266,16.420358657836914
74.2,RUNNING,4,OUTBOUND,0.211,0.9764,155.2743,11.127,True,NORMAL,MONITOR,False,{},"[""uav2"", ""uav1"", ""uav0""]",limited,False,{},NONE,NORMAL,SAFE,1.0,IDLE,0.0,0.0,0.0,,,0.0,False,avoidance not required,,{},,,,,,,,,,,0,safe,5.993,8.949,1.683,0,0,0.0,0.0,[],34.134647369384766,33.76900100708008,16.405906677246094,33.83049011230469,39.77672576904297,16.42181968688965,33.5191764831543,33.762691497802734,16.419382095336914
74.4,RUNNING,4,OUTBOUND,0.212,0.9764,155.2743,11.127,True,NORMAL,MONITOR,False,{},"[""uav2"", ""uav1"", ""uav0""]",limited,False,{},NONE,NORMAL,SAFE,1.0,IDLE,0.0,0.0,0.0,,,0.0,False,avoidance not required,,{},,,,,,,,,,,0,safe,5.985,9.262,1.681,0,0,0.0,0.0,[],34.35929870605469,33.97231674194336,16.40378189086914,34.06814956665039,39.98549270629883,16.418827056884766,33.75094223022461,33.971309661865234,16.414976119995117
74.6,RUNNING,4,OUTBOUND,0.213,0.9762,155.2414,11.127,True,NORMAL,MONITOR,False,{},"[""uav2"", ""uav1"", ""uav0""]",limited,False,{},NONE,NORMAL,SAFE,1.0,IDLE,0.0,0.0,0.0,,,0.0,False,avoidance not required,,{},,,,,,,,,,,0,safe,5.992,9.554,1.683,0,0,0.0,0.0,[],34.58946990966797,34.18166732788086,16.399906158447266,34.30236053466797,40.192344665527344,16.417808532714844,33.98261260986328,34.17899703979492,16.412158966064453
74.8,RUNNING,4,OUTBOUND,0.213,0.9762,155.2414,11.127,True,NORMAL,MONITOR,False,{},"[""uav2"", ""uav1"", ""uav0""]",limited,False,{},NONE,NORMAL,SAFE,1.0,IDLE,0.0,0.0,0.0,,,0.0,False,avoidance not required,,{},,,,,,,,,,,0,safe,5.993,9.854,1.685,0,0,0.0,0.0,[],34.818199157714844,34.389530181884766,16.39883804321289,34.536251068115234,40.39698791503906,16.413944244384766,34.21683120727539,34.38446044921875,16.411733627319336
75.0,RUNNING,4,OUTBOUND,0.214,0.9762,155.2414,11.127,True,NORMAL,MONITOR,False,{},"[""uav2"", ""uav1"", ""uav0""]",limited,False,{},NONE,NORMAL,SAFE,1.0,IDLE,0.0,0.0,0.0,,,0.0,False,avoidance not required,,{},,,,,,,,,,,0,safe,5.999,10.154,1.686,0,0,0.0,0.0,[],35.057823181152344,34.60252380371094,16.40130043029785,34.767311096191406,40.60334777832031,16.409690856933594,34.45011520385742,34.59089660644531,16.410701751708984
75.2,RUNNING,4,OUTBOUND,0.215,0.976,155.2086,11.127,True,NORMAL,MONITOR,False,{},"[""uav2"", ""uav1"", ""uav0""]",limited,False,{},NONE,NORMAL,SAFE,1.0,IDLE,0.0,0.0,0.0,,,0.0,False,avoidance not required,,{},,,,,,,,,,,0,safe,5.992,10.466,1.687,0,0,0.0,0.0,[],35.27775573730469,34.799949645996094,16.400379180908203,34.9984245300293,40.81329345703125,16.403480529785156,34.68558883666992,34.79658126831055,16.409008026123047
75.4,RUNNING,4,OUTBOUND,0.216,0.976,155.2086,11.127,True,NORMAL,MONITOR,False,{},"[""uav2"", ""uav1"", ""uav0""]",limited,False,{},NONE,NORMAL,SAFE,1.0,IDLE,0.0,0.0,0.0,,,0.0,False,avoidance not required,,{},,,,,,,,,,,0,safe,6.008,10.754,1.692,0,0,0.0,0.0,[],35.50851058959961,35.00525665283203,16.391775131225586,35.2274284362793,41.023860931396484,16.39837074279785,34.91781997680664,35.00373458862305,16.408206939697266
75.6,RUNNING,4,OUTBOUND,0.216,0.9759,155.1758,11.127,True,NORMAL,MONITOR,False,{},"[""uav2"", ""uav1"", ""uav0""]",limited,False,{},NONE,NORMAL,SAFE,1.0,IDLE,0.0,0.0,0.0,,,0.0,False,avoidance not required,,{},,,,,,,,,,,0,safe,6.009,11.053,1.697,0,0,0.0,0.0,[],35.73735427856445,35.21187973022461,16.38858413696289,35.45550537109375,41.23750305175781,16.391029357910156,35.147823333740234,35.21025466918945,16.40665054321289
75.8,RUNNING,4,OUTBOUND,0.217,0.9759,155.1758,11.127,True,NORMAL,MONITOR,False,{},"[""uav2"", ""uav1"", ""uav0""]",limited,False,{},NONE,NORMAL,SAFE,1.0,IDLE,0.0,0.0,0.0,,,0.0,False,avoidance not required,,{},,,,,,,,,,,0,safe,6.010,11.354,1.702,0,0,0.0,0.0,[],35.96536636352539,35.417537689208984,16.388328552246094,35.68238830566406,41.44833755493164,16.387550354003906,35.378700256347656,35.41783905029297,16.40435218811035
76.0,RUNNING,4,OUTBOUND,0.218,0.9759,155.1758,11.127,True,NORMAL,MONITOR,False,{},"[""uav2"", ""uav1"", ""uav0""]",limited,False,{},NONE,NORMAL,SAFE,1.0,IDLE,0.0,0.0,0.0,,,0.0,False,avoidance not required,,{},,,,,,,,,,,0,safe,6.013,11.654,1.708,0,0,0.0,0.0,[],36.19327163696289,35.625003814697266,16.387744903564453,35.9091682434082,41.653629302978516,16.385204315185547,35.60881042480469,35.62794494628906,16.400577545166016
76.2,RUNNING,4,OUTBOUND,0.219,0.9757,155.1429,11.127,True,NORMAL,MONITOR,False,{},"[""uav2"", ""uav1"", ""uav0""]",limited,False,{},NONE,NORMAL,SAFE,1.0,IDLE,0.0,0.0,0.0,,,0.0,False,avoidance not required,,{},,,,,,,,,,,0,safe,6.016,11.955,1.714,0,0,0.0,0.0,[],36.42383575439453,35.83383560180664,16.386043548583984,36.137413024902344,41.860313415527344,16.38313102722168,35.84069061279297,35.841373443603516,16.394628524780273
76.4,RUNNING,4,OUTBOUND,0.219,0.9757,155.1429,11.127,True,NORMAL,MONITOR,False,{},"[""uav2"", ""uav1"", ""uav0""]",limited,False,{},NONE,NORMAL,SAFE,1.0,IDLE,0.0,0.0,0.0,,,0.0,False,avoidance not required,,{},,,,,,,,,,,0,safe,6.017,12.260,1.716,0,0,0.0,0.0,[],36.654842376708984,36.04071044921875,16.385066986083984,36.37174987792969,42.069541931152344,16.37981605529785,36.071468353271484,36.0549430847168,16.386302947998047
76.6,RUNNING,4,OUTBOUND,0.22,0.9755,155.11,11.127,True,NORMAL,MONITOR,False,{},"[""uav2"", ""uav1"", ""uav0""]",limited,False,{},NONE,NORMAL,SAFE,1.0,IDLE,0.0,0.0,0.0,,,0.0,False,avoidance not required,,{},,,,,,,,,,,0,safe,6.017,12.564,1.720,0,0,0.0,0.0,[],36.88508987426758,36.24980926513672,16.38051414489746,36.60405349731445,42.279014587402344,16.376312255859375,36.303550720214844,36.27067565917969,16.370838165283203
76.8,RUNNING,4,OUTBOUND,0.221,0.9755,155.11,11.127,True,NORMAL,MONITOR,False,{},"[""uav2"", ""uav1"", ""uav0""]",limited,False,{},NONE,NORMAL,SAFE,1.0,IDLE,0.0,0.0,0.0,,,0.0,False,avoidance not required,,{},,,,,,,,,,,0,safe,6.019,12.869,1.722,0,0,0.0,0.0,[],37.117340087890625,36.46266174316406,16.372005462646484,36.839481353759766,42.48869705200195,16.370832443237305,36.533660888671875,36.48506546020508,16.359031677246094
77.0,RUNNING,4,OUTBOUND,0.222,0.9755,155.11,11.127,True,NORMAL,MONITOR,False,{},"[""uav2"", ""uav1"", ""uav0""]",limited,False,{},NONE,NORMAL,SAFE,1.0,IDLE,0.0,0.0,0.0,,,0.0,False,avoidance not required,,{},,,,,,,,,,,0,safe,6.016,13.177,1.721,0,0,0.0,0.0,[],37.359039306640625,36.68513488769531,16.362333297729492,37.07221984863281,42.69976043701172,16.363441467285156,36.76247024536133,36.699134826660156,16.346494674682617
77.2,RUNNING,4,OUTBOUND,0.222,0.9754,155.0771,11.127,True,NORMAL,MONITOR,False,{},"[""uav2"", ""uav1"", ""uav0""]",limited,False,{},NONE,NORMAL,SAFE,1.0,IDLE,0.0,0.0,0.0,,,0.0,False,avoidance not required,,{},,,,,,,,,,,0,safe,6.003,13.498,1.706,0,0,0.0,0.0,[],37.58843994140625,36.89377975463867,16.3519287109375,37.3057861328125,42.915225982666016,16.354549407958984,36.99131774902344,36.91282653808594,16.33665657043457
77.4,RUNNING,4,OUTBOUND,0.223,0.9754,155.0771,11.127,True,NORMAL,MONITOR,False,{},"[""uav2"", ""uav1"", ""uav0""]",limited,False,{},NONE,NORMAL,SAFE,1.0,IDLE,0.0,0.0,0.0,,,0.0,False,avoidance not required,,{},,,,,,,,,,,0,safe,6.003,13.802,1.709,0,0,0.0,0.0,[],37.8233528137207,37.11001968383789,16.341995239257812,37.53672409057617,43.129390716552734,16.346843719482422,37.222984313964844,37.13011932373047,16.325040817260742
77.6,RUNNING,4,OUTBOUND,0.224,0.9752,155.0443,11.127,True,NORMAL,MONITOR,False,{},"[""uav2"", ""uav1"", ""uav0""]",limited,False,{},NONE,NORMAL,SAFE,1.0,IDLE,0.0,0.0,0.0,,,0.0,False,avoidance not required,,{},,,,,,,,,,,0,safe,6.000,14.114,1.703,0,0,0.0,0.0,[],38.058013916015625,37.32991409301758,16.3287353515625,37.76773452758789,43.34486389160156,16.33724594116211,37.453704833984375,37.344234466552734,16.31892204284668
77.8,RUNNING,4,OUTBOUND,0.225,0.9752,155.0443,11.127,True,NORMAL,MONITOR,False,{},"[""uav2"", ""uav1"", ""uav0""]",limited,False,{},NONE,NORMAL,SAFE,1.0,IDLE,0.0,0.0,0.0,,,0.0,False,avoidance not required,,{},,,,,,,,,,,0,safe,5.996,14.284,1.695,0,0,0.0,0.0,[],38.28973388671875,37.5464973449707,16.31966781616211,37.997066497802734,43.558231353759766,16.33069610595703,37.685874938964844,37.556610107421875,16.31420135498047
78.0,RUNNING,4,OUTBOUND,0.225,0.9752,155.0443,11.127,True,NORMAL,MONITOR,False,{},"[""uav2"", ""uav1"", ""uav0""]",limited,False,{},NONE,NORMAL,SAFE,1.0,IDLE,0.0,0.0,0.0,,,0.0,False,avoidance not required,,{},,,,,,,,,,,0,safe,5.996,14.151,1.692,0,0,0.0,0.0,[],38.52328872680664,37.76359176635742,16.309005737304688,38.22779846191406,43.77144241333008,16.3233642578125,37.91591262817383,37.7690544128418,16.312854766845703
78.2,RUNNING,4,OUTBOUND,0.226,0.9751,155.0115,11.127,True,NORMAL,MONITOR,False,{},"[""uav2"", ""uav1"", ""uav0""]",limited,False,{},NONE,NORMAL,SAFE,1.0,IDLE,0.0,0.0,0.0,,,0.0,False,avoidance not required,,{},,,,,,,,,,,0,safe,5.993,14.026,1.688,0,0,0.0,0.0,[],38.7535400390625,37.97868728637695,16.303359985351562,38.4571533203125,43.9840202331543,16.314208984375,38.143104553222656,37.987998962402344,16.31182861328125
78.4,RUNNING,4,OUTBOUND,0.227,0.9751,155.0115,11.127,True,NORMAL,MONITOR,False,{},"[""uav2"", ""uav1"", ""uav0""]",limited,False,{},NONE,NORMAL,SAFE,1.0,IDLE,0.0,0.0,0.0,,,0.0,False,avoidance not required,,{},,,,,,,,,,,0,safe,5.990,13.912,1.686,0,0,0.0,0.0,[],38.98179626464844,38.20100784301758,16.297618865966797,38.687400817871094,44.20195770263672,16.304649353027344,38.371788024902344,38.20380401611328,16.308401107788086
78.6,RUNNING,4,OUTBOUND,0.228,0.9749,154.9787,11.127,True,NORMAL,MONITOR,False,{},"[""uav2"", ""uav1"", ""uav0""]",limited,False,{},NONE,NORMAL,SAFE,1.0,IDLE,0.0,0.0,0.0,,,0.0,False,avoidance not required,,{},,,,,,,,,,,0,safe,5.990,13.801,1.685,0,0,0.0,0.0,[],39.208866119384766,38.41812515258789,16.293079376220703,38.9166259765625,44.41618347167969,16.29717445373535,38.60590744018555,38.42290496826172,16.305673599243164
78.8,RUNNING,4,OUTBOUND,0.228,0.9749,154.9787,11.127,True,NORMAL,MONITOR,False,{},"[""uav2"", ""uav1"", ""uav0""]",limited,False,{},NONE,NORMAL,SAFE,1.0,IDLE,0.0,0.0,0.0,,,0.0,False,avoidance not required,,{},,,,,,,,,,,0,safe,5.997,13.694,1.679,0,0,0.0,0.0,[],39.438114166259766,38.63971710205078,16.288835525512695,39.14796829223633,44.630855560302734,16.289688110351562,38.838539123535156,38.63853454589844,16.301910400390625
79.0,RUNNING,4,OUTBOUND,0.229,0.9749,154.9787,11.127,True,NORMAL,MONITOR,False,{},"[""uav2"", ""uav1"", ""uav0""]",limited,False,{},NONE,NORMAL,SAFE,1.0,IDLE,0.0,0.0,0.0,,,0.0,False,avoidance not required,,{},,,,,,,,,,,0,safe,6.000,13.593,1.675,0,0,0.0,0.0,[],39.67028045654297,38.860145568847656,16.285442352294922,39.37834548950195,44.84324264526367,16.283672332763672,39.071861267089844,38.85975646972656,16.297643661499023
79.2,RUNNING,4,OUTBOUND,0.23,0.9747,154.9458,11.127,True,NORMAL,MONITOR,False,{},"[""uav2"", ""uav1"", ""uav0""]",limited,False,{},NONE,NORMAL,SAFE,1.0,IDLE,0.0,0.0,0.0,,,0.0,False,avoidance not required,,{},,,,,,,,,,,0,safe,6.002,13.501,1.674,0,0,0.0,0.0,[],39.90019989013672,39.07383728027344,16.282081604003906,39.610206604003906,45.05939865112305,16.28072738647461,39.303218841552734,39.07572555541992,16.292285919189453
79.4,RUNNING,4,OUTBOUND,0.231,0.9747,154.9458,11.127,True,NORMAL,MONITOR,False,{},"[""uav2"", ""uav1"", ""uav0""]",limited,False,{},NONE,NORMAL,SAFE,1.0,IDLE,0.0,0.0,0.0,,,0.0,False,avoidance not required,,{},,,,,,,,,,,0,safe,6.003,13.415,1.670,0,0,0.0,0.0,[],40.1308479309082,39.29096984863281,16.280004501342773,39.841251373291016,45.273399353027344,16.276714324951172,39.53486251831055,39.29843521118164,16.292695999145508
79.6,RUNNING,4,OUTBOUND,0.231,0.9746,154.913,11.127,True,NORMAL,MONITOR,False,{},"[""uav2"", ""uav1"", ""uav0""]",limited,False,{},NONE,NORMAL,SAFE,1.0,IDLE,0.0,0.0,0.0,,,0.0,False,avoidance not required,,{},,,,,,,,,,,0,safe,6.004,13.339,1.669,0,0,0.0,0.0,[],40.3709716796875,39.5179557800293,16.279315948486328,40.07644271850586,45.49421310424805,16.273244857788086,39.76902389526367,39.51988983154297,16.29143524169922
79.8,RUNNING,4,OUTBOUND,0.232,0.9746,154.913,11.127,True,NORMAL,MONITOR,False,{},"[""uav2"", ""uav1"", ""uav0""]",limited,False,{},NONE,NORMAL,SAFE,1.0,IDLE,0.0,0.0,0.0,,,0.0,False,avoidance not required,,{},,,,,,,,,,,0,safe,5.998,13.268,1.660,0,0,0.0,0.0,[],40.60009765625,39.72954559326172,16.27490234375,40.30878448486328,45.71042251586914,16.268274307250977,40.0011100769043,39.733375549316406,16.284244537353516
80.0,RUNNING,4,OUTBOUND,0.233,0.9746,154.913,11.127,True,NORMAL,MONITOR,False,{},"[""uav2"", ""uav1"", ""uav0""]",limited,False,{},NONE,NORMAL,SAFE,1.0,IDLE,0.0,0.0,0.0,,,0.0,False,avoidance not required,,{},,,,,,,,,,,0,safe,6.001,13.201,1.656,0,0,0.0,0.0,[],40.817588806152344,39.93336486816406,16.267744064331055,40.54096603393555,45.93169021606445,16.25922966003418,40.2335319519043,39.9461784362793,16.270872116088867
80.2,RUNNING,4,OUTBOUND,0.234,0.9744,154.8802,11.127,True,NORMAL,MONITOR,False,{},"[""uav2"", ""uav1"", ""uav0""]",limited,False,{},NONE,NORMAL,SAFE,1.0,IDLE,0.0,0.0,0.0,,,0.0,False,avoidance not required,,{},,,,,,,,,,,0,safe,6.016,13.141,1.667,0,0,0.0,0.0,[],41.04438781738281,40.14084243774414,16.25940704345703,40.771297454833984,46.147865295410156,16.251914978027344,40.46299362182617,40.15443801879883,16.259437561035156
80.4,RUNNING,4,OUTBOUND,0.234,0.9744,154.8802,11.127,True,NORMAL,MONITOR,False,{},"[""uav2"", ""uav1"", ""uav0""]",limited,False,{},NONE,NORMAL,SAFE,1.0,IDLE,0.0,0.0,0.0,,,0.0,False,avoidance not required,,{},,,,,,,,,,,0,safe,6.019,13.088,1.674,0,0,0.0,0.0,[],41.273651123046875,40.35066223144531,16.25495147705078,41.002525329589844,46.37030029296875,16.244436264038086,40.68846893310547,40.366085052490234,16.24833869934082
80.6,RUNNING,4,OUTBOUND,0.235,0.9742,154.8475,11.127,True,NORMAL,MONITOR,False,{},"[""uav2"", ""uav1"", ""uav0""]",limited,False,{},NONE,NORMAL,SAFE,1.0,IDLE,0.0,0.0,0.0,,,0.0,False,avoidance not required,,{},,,,,,,,,,,0,safe,6.015,13.047,1.677,0,0,0.0,0.0,[],41.502769470214844,40.557350158691406,16.245847702026367,41.23072052001953,46.585289001464844,16.235107421875,40.9152946472168,40.574832916259766,16.2369441986084
80.8,RUNNING,4,OUTBOUND,0.236,0.9742,154.8475,11.127,True,NORMAL,MONITOR,False,{},"[""uav2"", ""uav1"", ""uav0""]",limited,False,{},NONE,NORMAL,SAFE,1.0,IDLE,0.0,0.0,0.0,,,0.0,False,avoidance not required,,{},,,,,,,,,,,0,safe,6.013,13.010,1.682,0,0,0.0,0.0,[],41.73323440551758,40.769168853759766,16.23919105529785,41.45504379272461,46.801204681396484,16.223941802978516,41.14632034301758,40.79168701171875,16.22812271118164
81.0,RUNNING,4,OUTBOUND,0.237,0.9742,154.8475,11.127,True,NORMAL,MONITOR,False,{},"[""uav2"", ""uav1"", ""uav0""]",limited,False,{},NONE,NORMAL,SAFE,1.0,IDLE,0.0,0.0,0.0,,,0.0,False,avoidance not required,,{},,,,,,,,,,,0,safe,6.013,12.983,1.684,0,0,0.0,0.0,[],41.96570587158203,40.983116149902344,16.232131958007812,41.67979431152344,47.011775970458984,16.21259307861328,41.375057220458984,41.01039505004883,16.218305587768555
81.2,RUNNING,4,OUTBOUND,0.237,0.9741,154.8147,11.127,True,NORMAL,MONITOR,False,{},"[""uav2"", ""uav1"", ""uav0""]",limited,False,{},NONE,NORMAL,SAFE,1.0,IDLE,0.0,0.0,0.0,,,0.0,False,avoidance not required,,{},,,,,,,,,,,0,safe,6.009,12.967,1.682,0,0,0.0,0.0,[],42.1963996887207,41.1925048828125,16.221336364746094,41.90529251098633,47.22484588623047,16.205337524414062,41.60415267944336,41.2230224609375,16.206459045410156
81.4,RUNNING,4,OUTBOUND,0.238,0.9741,154.8147,11.127,True,NORMAL,MONITOR,False,{},"[""uav2"", ""uav1"", ""uav0""]",limited,False,{},NONE,NORMAL,SAFE,1.0,IDLE,0.0,0.0,0.0,,,0.0,False,avoidance not required,,{},,,,,,,,,,,0,safe,6.008,12.954,1.686,0,0,0.0,0.0,[],42.42616653442383,41.40155792236328,16.208776473999023,42.13188552856445,47.43370056152344,16.1949520111084,41.8372688293457,41.439327239990234,16.19471549987793
81.6,RUNNING,4,OUTBOUND,0.239,0.9739,154.7819,11.127,True,NORMAL,MONITOR,False,{},"[""uav2"", ""uav1"", ""uav0""]",limited,False,{},NONE,NORMAL,SAFE,1.0,IDLE,0.0,0.0,0.0,,,0.0,False,avoidance not required,,{},,,,,,,,,,,0,safe,6.011,12.948,1.689,0,0,0.0,0.0,[],42.65534591674805,41.608680725097656,16.194873809814453,42.360958099365234,47.64814376831055,16.183677673339844,42.06928634643555,41.652286529541016,16.182861328125
81.8,RUNNING,4,OUTBOUND,0.24,0.9739,154.7819,11.127,True,NORMAL,MONITOR,False,{},"[""uav2"", ""uav1"", ""uav0""]",limited,False,{},NONE,NORMAL,SAFE,1.0,IDLE,0.0,0.0,0.0,,,0.0,False,avoidance not required,,{},,,,,,,,,,,0,safe,6.014,12.948,1.694,0,0,0.0,0.0,[],42.895442962646484,41.82582473754883,16.182411193847656,42.59052658081055,47.858951568603516,16.171279907226562,42.299373626708984,41.85912322998047,16.17020034790039
82.0,RUNNING,4,OUTBOUND,0.24,0.9739,154.7819,11.127,True,NORMAL,MONITOR,False,{},"[""uav2"", ""uav1"", ""uav0""]",limited,False,{},NONE,NORMAL,SAFE,1.0,IDLE,0.0,0.0,0.0,,,0.0,False,avoidance not required,,{},,,,,,,,,,,0,safe,6.004,12.953,1.685,0,0,0.0,0.0,[],43.11629867553711,42.025638580322266,16.17054557800293,42.823238372802734,48.074317932128906,16.1595516204834,42.5283317565918,42.06201171875,16.157608032226562
82.2,RUNNING,4,OUTBOUND,0.241,0.9737,154.7492,11.127,True,NORMAL,MONITOR,False,{},"[""uav2"", ""uav1"", ""uav0""]",limited,False,{},NONE,NORMAL,SAFE,1.0,IDLE,0.0,0.0,0.0,,,0.0,False,avoidance not required,,{},,,,,,,,,,,0,safe,6.012,12.962,1.701,0,0,0.0,0.0,[],43.34617233276367,42.23792266845703,16.16244125366211,43.0554084777832,48.2838249206543,16.147647857666016,42.757423400878906,42.263126373291016,16.143840789794922
82.4,RUNNING,4,OUTBOUND,0.242,0.9737,154.7492,11.127,True,NORMAL,MONITOR,False,{},"[""uav2"", ""uav1"", ""uav0""]",limited,False,{},NONE,NORMAL,SAFE,1.0,IDLE,0.0,0.0,0.0,,,0.0,False,avoidance not required,,{},,,,,,,,,,,0,safe,6.004,12.999,1.693,0,0,0.0,0.0,[],43.584564208984375,42.45716094970703,16.150236129760742,43.29092025756836,48.49134063720703,16.135910034179688,42.98838424682617,42.463966369628906,16.13167953491211
82.6,RUNNING,4,OUTBOUND,0.243,0.9736,154.7163,11.127,True,NORMAL,MONITOR,False,{},"[""uav2"", ""uav1"", ""uav0""]",limited,False,{},NONE,NORMAL,SAFE,1.0,IDLE,0.0,0.0,0.0,,,0.0,False,avoidance not required,,{},,,,,,,,,,,0,safe,6.004,12.999,1.693,0,0,0.0,0.0,[],43.80307388305664,42.66255187988281,16.142244338989258,43.52490234375,48.69563674926758,16.1226749420166,43.21796798706055,42.666419982910156,16.122356414794922
82.8,RUNNING,4,OUTBOUND,0.243,0.9736,154.7163,11.127,True,NORMAL,MONITOR,False,{},"[""uav2"", ""uav1"", ""uav0""]",limited,False,{},NONE,NORMAL,SAFE,1.0,IDLE,0.0,0.0,0.0,,,0.0,False,avoidance not required,,{},,,,,,,,,,,0,safe,6.015,13.029,1.708,0,0,0.0,0.0,[],44.031494140625,42.874107360839844,16.129636764526367,43.76182556152344,48.89806365966797,16.11003303527832,43.44804763793945,42.87006759643555,16.110910415649414
83.0,RUNNING,4,OUTBOUND,0.244,0.9736,154.7163,11.127,True,NORMAL,MONITOR,False,{},"[""uav2"", ""uav1"", ""uav0""]",limited,False,{},NONE,NORMAL,SAFE,1.0,IDLE,0.0,0.0,0.0,,,0.0,False,avoidance not required,,{},,,,,,,,,,,0,safe,6.017,13.067,1.711,0,0,0.0,0.0,[],44.26237106323242,43.088844299316406,16.116472244262695,43.99575424194336,49.1014518737793,16.098716735839844,43.681243896484375,43.07661437988281,16.100215911865234
83.2,RUNNING,4,OUTBOUND,0.245,0.9734,154.6833,11.127,True,NORMAL,MONITOR,False,{},"[""uav2"", ""uav1"", ""uav0""]",limited,False,{},NONE,NORMAL,SAFE,1.0,IDLE,0.0,0.0,0.0,,,0.0,False,avoidance not required,,{},,,,,,,,,,,0,safe,6.019,13.113,1.711,0,0,0.0,0.0,[],44.50278091430664,43.312313079833984,16.098859786987305,44.229652404785156,49.30971908569336,16.092533111572266,43.91312026977539,43.28501510620117,16.089059829711914
83.4,RUNNING,4,OUTBOUND,0.246,0.9734,154.6833,11.127,True,NORMAL,MONITOR,False,{},"[""uav2"", ""uav1"", ""uav0""]",limited,False,{},NONE,NORMAL,SAFE,1.0,IDLE,0.0,0.0,0.0,,,0.0,False,avoidance not required,,{},,,,,,,,,,,0,safe,6.010,13.169,1.707,0,0,0.0,0.0,[],44.724220275878906,43.515602111816406,16.0830020904541,44.461524963378906,49.51699447631836,16.081310272216797,44.145103454589844,43.49848937988281,16.0814208984375
83.6,RUNNING,4,OUTBOUND,0.246,0.9733,154.6502,11.127,True,NORMAL,MONITOR,False,{},"[""uav2"", ""uav1"", ""uav0""]",limited,False,{},NONE,NORMAL,SAFE,1.0,IDLE,0.0,0.0,0.0,,,0.0,False,avoidance not required,,{},,,,,,,,,,,0,safe,6.021,13.236,1.709,0,0,0.0,0.0,[],44.96331787109375,43.735145568847656,16.070241928100586,44.69588088989258,49.724281311035156,16.06855583190918,44.375511169433594,43.711341857910156,16.07058334350586
83.8,RUNNING,4,OUTBOUND,0.247,0.9733,154.6502,11.127,True,NORMAL,MONITOR,False,{},"[""uav2"", ""uav1"", ""uav0""]",limited,False,{},NONE,NORMAL,SAFE,1.0,IDLE,0.0,0.0,0.0,,,0.0,False,avoidance not required,,{},,,,,,,,,,,0,safe,6.012,13.310,1.706,0,0,0.0,0.0,[],45.18445587158203,43.936275482177734,16.05685806274414,44.9285774230957,49.9322509765625,16.0554256439209,44.60359573364258,43.92557907104492,16.064287185668945
84.0,RUNNING,4,OUTBOUND,0.248,0.9733,154.6502,11.127,True,NORMAL,MONITOR,False,{},"[""uav2"", ""uav1"", ""uav0""]",limited,False,{},NONE,NORMAL,SAFE,1.0,IDLE,0.0,0.0,0.0,,,0.0,False,avoidance not required,,{},,,,,,,,,,,0,safe,6.019,13.393,1.714,0,0,0.0,0.0,[],45.41413116455078,44.144744873046875,16.047489166259766,45.164833068847656,50.14268493652344,16.043292999267578,44.83196258544922,44.138179779052734,16.051847457885742
84.2,RUNNING,4,OUTBOUND,0.249,0.9731,154.6171,11.127,True,NORMAL,MONITOR,False,{},"[""uav2"", ""uav1"", ""uav0""]",limited,False,{},NONE,NORMAL,SAFE,1.0,IDLE,0.0,0.0,0.0,,,0.0,False,avoidance not required,,{},,,,,,,,,,,0,safe,6.018,13.482,1.718,0,0,0.0,0.0,[],45.64444351196289,44.35301208496094,16.03571319580078,45.39711380004883,50.35340118408203,16.031463623046875,45.060726165771484,44.35107421875,16.03786277770996
84.4,RUNNING,4,OUTBOUND,0.249,0.9731,154.6171,11.127,True,NORMAL,MONITOR,False,{},"[""uav2"", ""uav1"", ""uav0""]",limited,False,{},NONE,NORMAL,SAFE,1.0,IDLE,0.0,0.0,0.0,,,0.0,False,avoidance not required,,{},,,,,,,,,,,0,safe,6.016,13.578,1.722,0,0,0.0,0.0,[],45.87584686279297,44.563232421875,16.028671264648438,45.628578186035156,50.56693649291992,16.024513244628906,45.28840255737305,44.56694793701172,16.022172927856445
84.6,RUNNING,4,OUTBOUND,0.25,0.9729,154.5839,11.127,True,NORMAL,MONITOR,False,{},"[""uav2"", ""uav1"", ""uav0""]",limited,False,{},NONE,NORMAL,SAFE,1.0,IDLE,0.0,0.0,0.0,,,0.0,False,avoidance not required,,{},,,,,,,,,,,0,safe,6.013,13.683,1.725,0,0,0.0,0.0,[],46.116722106933594,44.78135299682617,16.0135555267334,45.8561897277832,50.779212951660156,16.01205062866211,45.51679229736328,44.78065490722656,16.00572395324707
84.8,RUNNING,4,OUTBOUND,0.251,0.9729,154.5839,11.127,True,NORMAL,MONITOR,False,{},"[""uav2"", ""uav1"", ""uav0""]",limited,False,{},NONE,NORMAL,SAFE,1.0,IDLE,0.0,0.0,0.0,,,0.0,False,avoidance not required,,{},,,,,,,,,,,0,safe,6.000,13.792,1.715,0,0,0.0,0.0,[],46.34050750732422,44.98191833496094,15.997591018676758,46.07847213745117,50.9902229309082,15.998005867004395,45.745548248291016,44.99253463745117,15.993850708007812
85.0,RUNNING,4,OUTBOUND,0.252,0.9729,154.5839,11.127,True,NORMAL,MONITOR,False,{},"[""uav2"", ""uav1"", ""uav0""]",limited,False,{},NONE,NORMAL,SAFE,1.0,IDLE,0.0,0.0,0.0,,,0.0,False,avoidance not required,,{},,,,,,,,,,,0,safe,6.005,13.905,1.730,0,0,0.0,0.0,[],46.57285690307617,45.19068908691406,15.978521347045898,46.30116653442383,51.20136642456055,15.979952812194824,45.973880767822266,45.20457077026367,15.979802131652832
85.2,RUNNING,4,OUTBOUND,0.252,0.9728,154.5508,11.127,True,NORMAL,MONITOR,False,{},"[""uav2"", ""uav1"", ""uav0""]",limited,False,{},NONE,NORMAL,SAFE,1.0,IDLE,0.0,0.0,0.0,,,0.0,False,avoidance not required,,{},,,,,,,,,,,0,safe,6.001,14.025,1.733,0,0,0.0,0.0,[],46.80616760253906,45.39457702636719,15.964811325073242,46.523406982421875,51.413089752197266,15.962544441223145,46.19922637939453,45.418190002441406,15.967826843261719
85.4,RUNNING,4,OUTBOUND,0.253,0.9728,154.5508,11.127,True,NORMAL,MONITOR,False,{},"[""uav2"", ""uav1"", ""uav0""]",limited,False,{},NONE,NORMAL,SAFE,1.0,IDLE,0.0,0.0,0.0,,,0.0,False,avoidance not required,,{},,,,,,,,,,,0,safe,5.993,14.153,1.739,0,0,0.0,0.0,[],47.038211822509766,45.60206985473633,15.9475679397583,46.74785232543945,51.62493896484375,15.946060180664062,46.428016662597656,45.63117218017578,15.951239585876465
85.6,RUNNING,4,OUTBOUND,0.254,0.9726,154.5174,11.127,True,NORMAL,MONITOR,False,{},"[""uav2"", ""uav1"", ""uav0""]",limited,False,{},NONE,NORMAL,SAFE,1.0,IDLE,0.0,0.0,0.0,,,0.0,False,avoidance not required,,{},,,,,,,,,,,0,safe,5.990,14.285,1.743,0,0,0.0,0.0,[],47.27179718017578,45.813594818115234,15.932781219482422,46.97542953491211,51.83534240722656,15.933515548706055,46.662811279296875,45.844642639160156,15.93525218963623
85.8,RUNNING,4,OUTBOUND,0.255,0.9726,154.5174,11.127,True,NORMAL,MONITOR,False,{},"[""uav2"", ""uav1"", ""uav0""]",limited,False,{},NONE,NORMAL,SAFE,1.0,IDLE,0.0,0.0,0.0,,,0.0,False,avoidance not required,,{},,,,,,,,,,,0,safe,5.991,14.421,1.744,0,0,0.0,0.0,[],47.50391387939453,46.026615142822266,15.913019180297852,47.2040901184082,52.047611236572266,15.917556762695312,46.89750289916992,46.05815124511719,15.915682792663574
86.0,RUNNING,4,OUTBOUND,0.255,0.9726,154.5174,11.127,True,NORMAL,MONITOR,False,{},"[""uav2"", ""uav1"", ""uav0""]",limited,False,{},NONE,NORMAL,SAFE,1.0,IDLE,0.0,0.0,0.0,,,0.0,False,avoidance not required,,{},,,,,,,,,,,0,safe,5.994,14.563,1.744,0,0,0.0,0.0,[],47.737327575683594,46.238800048828125,15.895240783691406,47.434513092041016,52.263824462890625,15.903706550598145,47.135555267333984,46.2729377746582,15.897270202636719
86.2,RUNNING,4,OUTBOUND,0.256,0.9724,154.4841,11.127,True,NORMAL,MONITOR,False,{},"[""uav2"", ""uav1"", ""uav0""]",limited,False,{},NONE,NORMAL,SAFE,1.0,IDLE,0.0,0.0,0.0,,,0.0,False,avoidance not required,,{},,,,,,,,,,,0,safe,5.998,14.711,1.744,0,0,0.0,0.0,[],47.96907424926758,46.452484130859375,15.873245239257812,47.66445541381836,52.48044204711914,15.884520530700684,47.371849060058594,46.48694610595703,15.875003814697266
86.4,RUNNING,4,OUTBOUND,0.257,0.9724,154.4841,11.127,True,NORMAL,MONITOR,False,{},"[""uav2"", ""uav1"", ""uav0""]",limited,False,{},NONE,NORMAL,SAFE,1.0,IDLE,0.0,0.0,0.0,,,0.0,False,avoidance not required,,{},,,,,,,,,,,0,safe,6.003,14.864,1.743,0,0,0.0,0.0,[],48.20120620727539,46.664939880371094,15.85007095336914,47.89340591430664,52.70058059692383,15.864850997924805,47.609676361083984,46.69886016845703,15.855034828186035
86.6,RUNNING,4,OUTBOUND,0.258,0.9723,154.4507,11.127,True,NORMAL,MONITOR,False,{},"[""uav2"", ""uav1"", ""uav0""]",limited,False,{},NONE,NORMAL,SAFE,1.0,IDLE,0.0,0.0,0.0,,,0.0,False,avoidance not required,,{},,,,,,,,,,,0,safe,6.009,15.020,1.743,0,0,0.0,0.0,[],48.44145584106445,46.88893127441406,15.826889038085938,48.12339782714844,52.91819381713867,15.84370231628418,47.84446716308594,46.91085433959961,15.834824562072754
86.8,RUNNING,4,OUTBOUND,0.258,0.9723,154.4507,11.127,True,NORMAL,MONITOR,False,{},"[""uav2"", ""uav1"", ""uav0""]",limited,False,{},NONE,NORMAL,SAFE,1.0,IDLE,0.0,0.0,0.0,,,0.0,False,avoidance not required,,{},,,,,,,,,,,0,safe,6.003,15.182,1.730,0,0,0.0,0.0,[],48.66378402709961,47.097694396972656,15.808430671691895,48.3553581237793,53.13214874267578,15.829559326171875,48.07767868041992,47.11970138549805,15.815204620361328
87.0,RUNNING,4,OUTBOUND,0.259,0.9723,154.4507,11.127,True,NORMAL,MONITOR,False,{},"[""uav2"", ""uav1"", ""uav0""]",limited,False,{},NONE,NORMAL,SAFE,1.0,IDLE,0.0,0.0,0.0,,,0.0,False,avoidance not required,,{},,,,,,,,,,,0,safe,6.014,15.345,1.740,0,0,0.0,0.0,[],48.89410400390625,47.31635284423828,15.788825988769531,48.58692932128906,53.34663391113281,15.813087463378906,48.309085845947266,47.33091354370117,15.794270515441895
87.2,RUNNING,4,OUTBOUND,0.26,0.9721,154.4174,11.127,True,NORMAL,MONITOR,False,{},"[""uav2"", ""uav1"", ""uav0""]",limited,False,{},NONE,NORMAL,SAFE,1.0,IDLE,0.0,0.0,0.0,,,0.0,False,avoidance not required,,{},,,,,,,,,,,0,safe,6.015,15.516,1.737,0,0,0.0,0.0,[],49.123783111572266,47.53748321533203,15.774629592895508,48.81722640991211,53.56258010864258,15.80093765258789,48.54003143310547,47.54315948486328,15.78095817565918
87.4,RUNNING,4,OUTBOUND,0.261,0.9721,154.4174,11.127,True,NORMAL,MONITOR,False,{},"[""uav2"", ""uav1"", ""uav0""]",limited,False,{},NONE,NORMAL,SAFE,1.0,IDLE,0.0,0.0,0.0,,,0.0,False,avoidance not required,,{},,,,,,,,,,,0,safe,6.016,15.693,1.735,0,0,0.0,0.0,[],49.35287094116211,47.75731658935547,15.758014678955078,49.0479850769043,53.77829360961914,15.781046867370605,48.77009963989258,47.75700759887695,15.764251708984375
87.6,RUNNING,4,OUTBOUND,0.261,0.9719,154.384,11.127,True,NORMAL,MONITOR,False,{},"[""uav2"", ""uav1"", ""uav0""]",limited,False,{},NONE,NORMAL,SAFE,1.0,IDLE,0.0,0.0,0.0,,,0.0,False,avoidance not required,,{},,,,,,,,,,,0,safe,6.017,15.875,1.732,0,0,0.0,0.0,[],49.58220672607422,47.975772857666016,15.744894027709961,49.27851486206055,53.99492645263672,15.766292572021484,49.00149917602539,47.96995544433594,15.748374938964844
87.8,RUNNING,4,OUTBOUND,0.262,0.9719,154.384,11.127,True,NORMAL,MONITOR,False,{},"[""uav2"", ""uav1"", ""uav0""]",limited,False,{},NONE,NORMAL,SAFE,1.0,IDLE,0.0,0.0,0.0,,,0.0,False,avoidance not required,,{},,,,,,,,,,,0,safe,6.019,16.060,1.732,0,0,0.0,0.0,[],49.812442779541016,48.193153381347656,15.725984573364258,49.51011276245117,54.21075439453125,15.745311737060547,49.23225402832031,48.1837158203125,15.72815227508545
88.0,RUNNING,4,OUTBOUND,0.263,0.9719,154.384,11.127,True,NORMAL,MONITOR,False,{},"[""uav2"", ""uav1"", ""uav0""]",limited,False,{},NONE,NORMAL,SAFE,1.0,IDLE,0.0,0.0,0.0,,,0.0,False,avoidance not required,,{},,,,,,,,,,,0,safe,6.020,16.250,1.730,0,0,0.0,0.0,[],50.048667907714844,48.409297943115234,15.710240364074707,49.74617385864258,54.42673873901367,15.724688529968262,49.465667724609375,48.3962516784668,15.711102485656738
88.2,RUNNING,4,OUTBOUND,0.264,0.9718,154.3507,11.127,True,NORMAL,MONITOR,False,{},"[""uav2"", ""uav1"", ""uav0""]",limited,False,{},NONE,NORMAL,SAFE,1.0,IDLE,0.0,0.0,0.0,,,0.0,False,avoidance not required,,{},,,,,,,,,,,0,safe,6.017,16.443,1.726,0,0,0.0,0.0,[],50.29069519042969,48.63274383544922,15.689714431762695,49.98091125488281,54.64143753051758,15.69985294342041,49.69625473022461,48.61100769042969,15.691376686096191
88.4,RUNNING,4,OUTBOUND,0.264,0.9718,154.3507,11.127,True,NORMAL,MONITOR,False,{},"[""uav2"", ""uav1"", ""uav0""]",limited,False,{},NONE,NORMAL,SAFE,1.0,IDLE,0.0,0.0,0.0,,,0.0,False,avoidance not required,,{},,,,,,,,,,,0,safe,6.006,16.641,1.722,0,0,0.0,0.0,[],50.5110969543457,48.83507537841797,15.675829887390137,50.21575164794922,54.8554573059082,15.67880916595459,49.92435836791992,48.827354431152344,15.675029754638672
88.6,RUNNING,4,OUTBOUND,0.265,0.9716,154.3172,11.127,True,NORMAL,MONITOR,False,{},"[""uav2"", ""uav1"", ""uav0""]",limited,False,{},NONE,NORMAL,SAFE,1.0,IDLE,0.0,0.0,0.0,,,0.0,False,avoidance not required,,{},,,,,,,,,,,0,safe,6.013,16.845,1.727,0,0,0.0,0.0,[],50.740882873535156,49.04716873168945,15.657052993774414,50.45006561279297,55.06909942626953,15.656330108642578,50.1534423828125,49.044776916503906,15.655381202697754
88.8,RUNNING,4,OUTBOUND,0.266,0.9716,154.3172,11.127,True,NORMAL,MONITOR,False,{},"[""uav2"", ""uav1"", ""uav0""]",limited,False,{},NONE,NORMAL,SAFE,1.0,IDLE,0.0,0.0,0.0,,,0.0,False,avoidance not required,,{},,,,,,,,,,,0,safe,6.013,17.054,1.731,0,0,0.0,0.0,[],50.97672653198242,49.258140563964844,15.642208099365234,50.6879997253418,55.2822380065918,15.637544631958008,50.38657760620117,49.26145553588867,15.635055541992188
89.0,RUNNING,4,OUTBOUND,0.267,0.9716,154.3172,11.127,True,NORMAL,MONITOR,False,{},"[""uav2"", ""uav1"", ""uav0""]",limited,False,{},NONE,NORMAL,SAFE,1.0,IDLE,0.0,0.0,0.0,,,0.0,False,avoidance not required,,{},,,,,,,,,,,0,safe,6.010,17.264,1.732,0,0,0.0,0.0,[],51.20988082885742,49.47114944458008,15.620279312133789,50.9232177734375,55.495758056640625,15.614289283752441,50.61692810058594,49.47730255126953,15.612515449523926
89.2,RUNNING,4,OUTBOUND,0.267,0.9714,154.2838,11.127,True,NORMAL,MONITOR,False,{},"[""uav2"", ""uav1"", ""uav0""]",limited,False,{},NONE,NORMAL,SAFE,1.0,IDLE,0.0,0.0,0.0,,,0.0,False,avoidance not required,,{},,,,,,,,,,,0,safe,6.007,17.477,1.732,0,0,0.0,0.0,[],51.44287872314453,49.68449783325195,15.597505569458008,51.15911102294922,55.70871353149414,15.590911865234375,50.843624114990234,49.6883544921875,15.596534729003906
89.4,RUNNING,4,OUTBOUND,0.268,0.9714,154.2838,11.127,True,NORMAL,MONITOR,False,{},"[""uav2"", ""uav1"", ""uav0""]",limited,False,{},NONE,NORMAL,SAFE,1.0,IDLE,0.0,0.0,0.0,,,0.0,False,avoidance not required,,{},,,,,,,,,,,0,safe,6.001,17.688,1.733,0,0,0.0,0.0,[],51.6738395690918,49.899192810058594,15.569829940795898,51.392642974853516,55.921897888183594,15.564497947692871,51.070823669433594,49.90153884887695,15.575226783752441
89.6,RUNNING,4,OUTBOUND,0.269,0.9713,154.2502,11.127,True,NORMAL,MONITOR,False,{},"[""uav2"", ""uav1"", ""uav0""]",limited,False,{},NONE,NORMAL,SAFE,1.0,IDLE,0.0,0.0,0.0,,,0.0,False,avoidance not required,,{},,,,,,,,,,,0,safe,5.997,17.902,1.736,0,0,0.0,0.0,[],51.90721893310547,50.114864349365234,15.543428421020508,51.62847137451172,56.13455581665039,15.54338264465332,51.2986946105957,50.11357879638672,15.552775382995605
89.8,RUNNING,4,OUTBOUND,0.27,0.9713,154.2502,11.127,True,NORMAL,MONITOR,False,{},"[""uav2"", ""uav1"", ""uav0""]",limited,False,{},NONE,NORMAL,SAFE,1.0,IDLE,0.0,0.0,0.0,,,0.0,False,avoidance not required,,{},,,,,,,,,,,0,safe,5.991,18.114,1.741,0,0,0.0,0.0,[],52.138763427734375,50.33100891113281,15.513185501098633,51.86092758178711,56.34864807128906,15.518316268920898,51.526405334472656,50.32780838012695,15.524605751037598
90.0,RUNNING,4,OUTBOUND,0.27,0.9713,154.2502,11.127,True,NORMAL,MONITOR,False,{},"[""uav2"", ""uav1"", ""uav0""]",limited,False,{},NONE,NORMAL,SAFE,1.0,IDLE,0.0,0.0,0.0,,,0.0,False,avoidance not required,,{},,,,,,,,,,,0,safe,5.988,18.328,1.745,0,0,0.0,0.0,[],52.3734016418457,50.545406341552734,15.486685752868652,52.09201431274414,56.563804626464844,15.495854377746582,51.753116607666016,50.54094696044922,15.497344017028809
90.2,RUNNING,4,OUTBOUND,0.271,0.9711,154.2166,11.127,True,NORMAL,MONITOR,False,{},"[""uav2"", ""uav1"", ""uav0""]",limited,False,{},NONE,NORMAL,SAFE,1.0,IDLE,0.0,0.0,0.0,,,0.0,False,avoidance not required,,{},,,,,,,,,,,0,safe,5.980,18.541,1.750,0,0,0.0,0.0,[],52.604759216308594,50.76103973388672,15.458014488220215,52.32343292236328,56.7820930480957,15.470248222351074,51.98196029663086,50.75605010986328,15.467240333557129
90.4,RUNNING,4,OUTBOUND,0.272,0.9711,154.2166,11.127,True,NORMAL,MONITOR,False,{},"[""uav2"", ""uav1"", ""uav0""]",limited,False,{},NONE,NORMAL,SAFE,1.0,IDLE,0.0,0.0,0.0,,,0.0,False,avoidance not required,,{},,,,,,,,,,,0,safe,5.977,18.756,1.752,0,0,0.0,0.0,[],52.83549499511719,50.976139068603516,15.432486534118652,52.552059173583984,56.999671936035156,15.438737869262695,52.21538543701172,50.96940612792969,15.442227363586426
90.6,RUNNING,4,OUTBOUND,0.273,0.9709,154.183,11.127,True,NORMAL,MONITOR,False,{},"[""uav2"", ""uav1"", ""uav0""]",limited,False,{},NONE,NORMAL,SAFE,1.0,IDLE,0.0,0.0,0.0,,,0.0,False,avoidance not required,,{},,,,,,,,,,,0,safe,5.980,18.969,1.753,0,0,0.0,0.0,[],53.073612213134766,51.201171875,15.403831481933594,52.77798843383789,57.216148376464844,15.409531593322754,52.44773864746094,51.18624496459961,15.416441917419434
90.8,RUNNING,4,OUTBOUND,0.273,0.9709,154.183,11.127,True,NORMAL,MONITOR,False,{},"[""uav2"", ""uav1"", ""uav0""]",limited,False,{},NONE,NORMAL,SAFE,1.0,IDLE,0.0,0.0,0.0,,,0.0,False,avoidance not required,,{},,,,,,,,,,,0,safe,5.974,19.186,1.752,0,0,0.0,0.0,[],53.2940788269043,51.408390045166016,15.379430770874023,53.00210952758789,57.43149948120117,15.3820161819458,52.68009567260742,51.404640197753906,15.392548561096191
91.0,RUNNING,4,OUTBOUND,0.274,0.9709,154.183,11.127,True,NORMAL,MONITOR,False,{},"[""uav2"", ""uav1"", ""uav0""]",limited,False,{},NONE,NORMAL,SAFE,1.0,IDLE,0.0,0.0,0.0,,,0.0,False,avoidance not required,,{},,,,,,,,,,,0,safe,5.986,19.405,1.750,0,0,0.0,0.0,[],53.52199172973633,51.62492752075195,15.34985065460205,53.226715087890625,57.647884368896484,15.35222339630127,52.91138458251953,51.623497009277344,15.361084938049316
91.2,RUNNING,4,OUTBOUND,0.275,0.9707,154.1492,11.127,True,NORMAL,MONITOR,False,{},"[""uav2"", ""uav1"", ""uav0""]",limited,False,{},NONE,NORMAL,SAFE,1.0,IDLE,0.0,0.0,0.0,,,0.0,False,avoidance not required,,{},,,,,,,,,,,0,safe,5.992,19.837,1.749,0,0,0.0,0.0,[],53.749820709228516,51.838104248046875,15.324957847595215,53.451820373535156,57.86522674560547,15.320537567138672,53.14194869995117,51.837432861328125,15.331192970275879
91.4,RUNNING,4,OUTBOUND,0.276,0.9707,154.1492,11.127,True,NORMAL,MONITOR,False,{},"[""uav2"", ""uav1"", ""uav0""]",limited,False,{},NONE,NORMAL,SAFE,1.0,IDLE,0.0,0.0,0.0,,,0.0,False,avoidance not required,,{},,,,,,,,,,,0,safe,5.992,19.837,1.749,0,0,0.0,0.0,[],53.976226806640625,52.053184509277344,15.30435848236084,53.67790222167969,58.08281326293945,15.28689193725586,53.372276306152344,52.053707122802734,15.300612449645996
91.6,RUNNING,4,OUTBOUND,0.276,0.9706,154.1155,11.127,True,NORMAL,MONITOR,False,{},"[""uav2"", ""uav1"", ""uav0""]",limited,False,{},NONE,NORMAL,SAFE,1.0,IDLE,0.0,0.0,0.0,,,0.0,False,avoidance not required,,{},,,,,,,,,,,0,safe,5.996,20.054,1.750,0,0,0.0,0.0,[],54.202674865722656,52.270729064941406,15.277037620544434,53.90401840209961,58.29956817626953,15.260505676269531,53.60301971435547,52.26716995239258,15.277270317077637
91.8,RUNNING,4,OUTBOUND,0.277,0.9706,154.1155,11.127,True,NORMAL,MONITOR,False,{},"[""uav2"", ""uav1"", ""uav0""]",limited,False,{},NONE,NORMAL,SAFE,1.0,IDLE,0.0,0.0,0.0,,,0.0,False,avoidance not required,,{},,,,,,,,,,,0,safe,6.000,20.267,1.752,0,0,0.0,0.0,[],54.430484771728516,52.48893356323242,15.253158569335938,54.13164138793945,58.516292572021484,15.230840682983398,53.834102630615234,52.48324966430664,15.248001098632812
92.0,RUNNING,4,OUTBOUND,0.278,0.9706,154.1155,11.127,True,NORMAL,MONITOR,False,{},"[""uav2"", ""uav1"", ""uav0""]",limited,False,{},NONE,NORMAL,SAFE,1.0,IDLE,0.0,0.0,0.0,,,0.0,False,avoidance not required,,{},,,,,,,,,,,0,safe,6.004,20.483,1.752,0,0,0.0,0.0,[],54.65754318237305,52.70503234863281,15.225876808166504,54.3608283996582,58.73029708862305,15.20216178894043,54.06653594970703,52.69696044921875,15.219446182250977
92.2,RUNNING,4,OUTBOUND,0.279,0.9704,154.0818,11.127,True,NORMAL,MONITOR,False,{},"[""uav2"", ""uav1"", ""uav0""]",limited,False,{},NONE,NORMAL,SAFE,1.0,IDLE,0.0,0.0,0.0,,,0.0,False,avoidance not required,,{},,,,,,,,,,,0,safe,6.009,20.697,1.754,0,0,0.0,0.0,[],54.88562774658203,52.92218017578125,15.193376541137695,54.5914192199707,58.944583892822266,15.171919822692871,54.29757308959961,52.91423797607422,15.187309265136719
92.4,RUNNING,4,OUTBOUND,0.279,0.9704,154.0818,11.127,True,NORMAL,MONITOR,False,{},"[""uav2"", ""uav1"", ""uav0""]",limited,False,{},NONE,NORMAL,SAFE,1.0,IDLE,0.0,0.0,0.0,,,0.0,False,avoidance not required,,{},,,,,,,,,,,0,safe,6.012,20.914,1.755,0,0,0.0,0.0,[],55.11570358276367,53.13454055786133,15.161696434020996,54.824607849121094,59.153411865234375,15.143203735351562,54.52545166015625,53.130882263183594,15.157487869262695
92.6,RUNNING,4,OUTBOUND,0.28,0.9702,154.048,11.127,True,NORMAL,MONITOR,False,{},"[""uav2"", ""uav1"", ""uav0""]",limited,False,{},NONE,NORMAL,SAFE,1.0,IDLE,0.0,0.0,0.0,,,0.0,False,avoidance not required,,{},,,,,,,,,,,0,safe,6.010,21.131,1.757,0,0,0.0,0.0,[],55.345481872558594,53.349300384521484,15.128311157226562,55.060455322265625,59.36167907714844,15.115068435668945,54.75441360473633,53.350242614746094,15.125584602355957
92.8,RUNNING,4,OUTBOUND,0.281,0.9702,154.048,11.127,True,NORMAL,MONITOR,False,{},"[""uav2"", ""uav1"", ""uav0""]",limited,False,{},NONE,NORMAL,SAFE,1.0,IDLE,0.0,0.0,0.0,,,0.0,False,avoidance not required,,{},,,,,,,,,,,0,safe,6.009,21.350,1.758,0,0,0.0,0.0,[],55.58445739746094,53.568382263183594,15.098708152770996,55.29456329345703,59.57304000854492,15.084551811218262,54.98406219482422,53.568572998046875,15.09863567352295
93.0,RUNNING,4,OUTBOUND,0.282,0.9702,154.048,11.127,True,NORMAL,MONITOR,False,{},"[""uav2"", ""uav1"", ""uav0""]",limited,False,{},NONE,NORMAL,SAFE,1.0,IDLE,0.0,0.0,0.0,,,0.0,False,avoidance not required,,{},,,,,,,,,,,0,safe,6.000,21.569,1.752,0,0,0.0,0.0,[],55.80415725708008,53.772796630859375,15.074347496032715,55.52784729003906,59.78046798706055,15.053190231323242,55.21517562866211,53.787960052490234,15.064146995544434
93.2,RUNNING,4,OUTBOUND,0.282,0.9701,154.0142,11.127,True,NORMAL,MONITOR,False,{},"[""uav2"", ""uav1"", ""uav0""]",limited,False,{},NONE,NORMAL,SAFE,1.0,IDLE,0.0,0.0,0.0,,,0.0,False,avoidance not required,,{},,,,,,,,,,,0,safe,6.011,21.788,1.771,0,0,0.0,0.0,[],56.0341796875,53.98851013183594,15.038735389709473,55.75981521606445,59.99280548095703,15.01997184753418,55.44945526123047,54.00261688232422,15.02624797821045
93.4,RUNNING,4,OUTBOUND,0.283,0.9701,154.0142,11.127,True,NORMAL,MONITOR,False,{},"[""uav2"", ""uav1"", ""uav0""]",limited,False,{},NONE,NORMAL,SAFE,1.0,IDLE,0.0,0.0,0.0,,,0.0,False,avoidance not required,,{},,,,,,,,,,,0,safe,6.015,22.003,1.774,0,0,0.0,0.0,[],56.26696014404297,54.19615173339844,15.001443862915039,55.98878479003906,60.20064163208008,14.984566688537598,55.68195343017578,54.21878433227539,14.986115455627441
93.6,RUNNING,4,OUTBOUND,0.284,0.9699,153.9805,11.127,True,NORMAL,MONITOR,False,{},"[""uav2"", ""uav1"", ""uav0""]",limited,False,{},NONE,NORMAL,SAFE,1.0,IDLE,0.0,0.0,0.0,,,0.0,False,avoidance not required,,{},,,,,,,,,,,0,safe,6.015,22.219,1.779,0,0,0.0,0.0,[],56.50017547607422,54.40288543701172,14.965975761413574,56.21751403808594,60.414459228515625,14.947585105895996,55.91240692138672,54.42802810668945,14.946205139160156
93.8,RUNNING,4,OUTBOUND,0.285,0.9699,153.9805,11.127,True,NORMAL,MONITOR,False,{},"[""uav2"", ""uav1"", ""uav0""]",limited,False,{},NONE,NORMAL,SAFE,1.0,IDLE,0.0,0.0,0.0,,,0.0,False,avoidance not required,,{},,,,,,,,,,,0,safe,6.012,22.417,1.785,0,0,0.0,0.0,[],56.73285675048828,54.616676330566406,14.925485610961914,56.44303894042969,60.62384796142578,14.909838676452637,56.14376449584961,54.64183044433594,14.905733108520508
94.0,RUNNING,4,OUTBOUND,0.285,0.9699,153.9805,11.127,True,NORMAL,MONITOR,False,{},"[""uav2"", ""uav1"", ""uav0""]",limited,False,{},NONE,NORMAL,SAFE,1.0,IDLE,0.0,0.0,0.0,,,0.0,False,avoidance not required,,{},,,,,,,,,,,0,safe,6.011,22.624,1.786,0,0,0.0,0.0,[],56.96563720703125,54.82944869995117,14.888468742370605,56.6706657409668,60.839447021484375,14.871703147888184,56.378639221191406,54.85233688354492,14.869782447814941
94.2,RUNNING,4,OUTBOUND,0.286,0.9697,153.9467,11.127,True,NORMAL,MONITOR,False,{},"[""uav2"", ""uav1"", ""uav0""]",limited,False,{},NONE,NORMAL,SAFE,1.0,IDLE,0.0,0.0,0.0,,,0.0,False,avoidance not required,,{},,,,,,,,,,,0,safe,6.013,22.832,1.788,0,0,0.0,0.0,[],57.198081970214844,55.047752380371094,14.848158836364746,56.89857482910156,61.05350875854492,14.839272499084473,56.6123161315918,55.06801986694336,14.832982063293457
94.4,RUNNING,4,OUTBOUND,0.287,0.9697,153.9467,11.127,True,NORMAL,MONITOR,False,{},"[""uav2"", ""uav1"", ""uav0""]",limited,False,{},NONE,NORMAL,SAFE,1.0,IDLE,0.0,0.0,0.0,,,0.0,False,avoidance not required,,{},,,,,,,,,,,0,safe,6.014,23.048,1.787,0,0,0.0,0.0,[],57.433753967285156,55.262332916259766,14.809489250183105,57.128684997558594,61.273128509521484,14.803634643554688,56.8462028503418,55.27992248535156,14.797334671020508
94.6,RUNNING,4,OUTBOUND,0.288,0.9696,153.9129,11.127,True,NORMAL,MONITOR,False,{},"[""uav2"", ""uav1"", ""uav0""]",limited,False,{},NONE,NORMAL,SAFE,1.0,IDLE,0.0,0.0,0.0,,,0.0,False,avoidance not required,,{},,,,,,,,,,,0,safe,6.012,23.262,1.786,0,0,0.0,0.0,[],57.675315856933594,55.48448181152344,14.773062705993652,57.3617057800293,61.49159240722656,14.772486686706543,57.076751708984375,55.49247741699219,14.762941360473633
94.8,RUNNING,4,OUTBOUND,0.288,0.9696,153.9129,11.127,True,NORMAL,MONITOR,False,{},"[""uav2"", ""uav1"", ""uav0""]",limited,False,{},NONE,NORMAL,SAFE,1.0,IDLE,0.0,0.0,0.0,,,0.0,False,avoidance not required,,{},,,,,,,,,,,0,safe,6.001,23.484,1.779,0,0,0.0,0.0,[],57.896549224853516,55.69512176513672,14.73558235168457,57.59564971923828,61.71406555175781,14.73704719543457,57.307090759277344,55.710350036621094,14.7268705368042
95.0,RUNNING,4,OUTBOUND,0.289,0.9696,153.9129,11.127,True,NORMAL,MONITOR,False,{},"[""uav2"", ""uav1"", ""uav0""]",limited,False,{},NONE,NORMAL,SAFE,1.0,IDLE,0.0,0.0,0.0,,,0.0,False,avoidance not required,,{},,,,,,,,,,,0,safe,6.011,23.695,1.787,0,0,0.0,0.0,[],58.12471008300781,55.913291931152344,14.697541236877441,57.83329391479492,61.93429946899414,14.701639175415039,57.53961944580078,55.925594329833984,14.692784309387207
95.2,RUNNING,4,OUTBOUND,0.29,0.9694,153.879,11.127,True,NORMAL,MONITOR,False,{},"[""uav2"", ""uav1"", ""uav0""]",limited,False,{},NONE,NORMAL,SAFE,1.0,IDLE,0.0,0.0,0.0,,,0.0,False,avoidance not required,,{},,,,,,,,,,,0,safe,6.015,23.913,1.789,0,0,0.0,0.0,[],58.353965759277344,56.13563537597656,14.659780502319336,58.068668365478516,62.15639114379883,14.66325569152832,57.771183013916016,56.144142150878906,14.657755851745605
95.4,RUNNING,4,OUTBOUND,0.291,0.9694,153.879,11.127,True,NORMAL,MONITOR,False,{},"[""uav2"", ""uav1"", ""uav0""]",limited,False,{},NONE,NORMAL,SAFE,1.0,IDLE,0.0,0.0,0.0,,,0.0,False,avoidance not required,,{},,,,,,,,,,,0,safe,6.017,24.136,1.785,0,0,0.0,0.0,[],58.58810043334961,56.35506820678711,14.625840187072754,58.30244445800781,62.370819091796875,14.625152587890625,58.00545883178711,56.3574104309082,14.622342109680176
95.6,RUNNING,4,OUTBOUND,0.291,0.9692,153.8452,11.127,True,NORMAL,MONITOR,False,{},"[""uav2"", ""uav1"", ""uav0""]",limited,False,{},NONE,NORMAL,SAFE,1.0,IDLE,0.0,0.0,0.0,,,0.0,False,avoidance not required,,{},,,,,,,,,,,0,safe,6.017,24.355,1.783,0,0,0.0,0.0,[],58.82111740112305,56.57801055908203,14.587021827697754,58.534358978271484,62.58930969238281,14.586956024169922,58.2378044128418,56.576229095458984,14.580695152282715
95.8,RUNNING,4,OUTBOUND,0.292,0.9692,153.8452,11.127,True,NORMAL,MONITOR,False,{},"[""uav2"", ""uav1"", ""uav0""]",limited,False,{},NONE,NORMAL,SAFE,1.0,IDLE,0.0,0.0,0.0,,,0.0,False,avoidance not required,,{},,,,,,,,,,,0,safe,6.017,24.576,1.778,0,0,0.0,0.0,[],59.05841064453125,56.799102783203125,14.545597076416016,58.76504135131836,62.80202865600586,14.549318313598633,58.47098159790039,56.793670654296875,14.53839111328125
96.0,RUNNING,4,OUTBOUND,0.293,0.9692,153.8452,11.127,True,NORMAL,MONITOR,False,{},"[""uav2"", ""uav1"", ""uav0""]",limited,False,{},NONE,NORMAL,SAFE,1.0,IDLE,0.0,0.0,0.0,,,0.0,False,avoidance not required,,{},,,,,,,,,,,0,safe,6.013,24.794,1.770,0,0,0.0,0.0,[],59.29296875,57.0225715637207,14.503608703613281,58.99563980102539,63.01994323730469,14.508648872375488,58.70210647583008,57.01426315307617,14.493532180786133
96.2,RUNNING,4,OUTBOUND,0.294,0.9691,153.8114,11.127,True,NORMAL,MONITOR,False,{},"[""uav2"", ""uav1"", ""uav0""]",limited,False,{},NONE,NORMAL,SAFE,1.0,IDLE,0.0,0.0,0.0,,,0.0,False,avoidance not required,,{},,,,,,,,,,,0,safe,6.009,25.014,1.764,0,0,0.0,0.0,[],59.531166076660156,57.24217987060547,14.460400581359863,59.22834396362305,63.2352409362793,14.471590042114258,58.93524932861328,57.22818374633789,14.44787883758545
96.4,RUNNING,4,OUTBOUND,0.294,0.9691,153.8114,11.127,True,NORMAL,MONITOR,False,{},"[""uav2"", ""uav1"", ""uav0""]",limited,False,{},NONE,NORMAL,SAFE,1.0,IDLE,0.0,0.0,0.0,,,0.0,False,avoidance not required,,{},,,,,,,,,,,0,safe,6.004,25.228,1.763,0,0,0.0,0.0,[],59.76820373535156,57.458335876464844,14.41521167755127,59.4603271484375,63.454246520996094,14.43014907836914,59.171592712402344,57.44304275512695,14.407797813415527
96.6,RUNNING,4,OUTBOUND,0.295,0.9689,153.7776,11.127,True,NORMAL,MONITOR,False,{},"[""uav2"", ""uav1"", ""uav0""]",limited,False,{},NONE,NORMAL,SAFE,1.0,IDLE,0.0,0.0,0.0,,,0.0,False,avoidance not required,,{},,,,,,,,,,,0,safe,6.003,25.443,1.761,0,0,0.0,0.0,[],60.001190185546875,57.6780891418457,14.373762130737305,59.693885803222656,63.66829299926758,14.385138511657715,59.404197692871094,57.66333770751953,14.36579704284668
96.8,RUNNING,4,OUTBOUND,0.296,0.9689,153.7776,11.127,True,NORMAL,MONITOR,False,{},"[""uav2"", ""uav1"", ""uav0""]",limited,False,{},NONE,NORMAL,SAFE,1.0,IDLE,0.0,0.0,0.0,,,0.0,False,avoidance not required,,{},,,,,,,,,,,0,safe,6.003,25.663,1.762,0,0,0.0,0.0,[],60.23606491088867,57.89781188964844,14.331089973449707,59.925926208496094,63.88810729980469,14.34250545501709,59.636016845703125,57.884674072265625,14.323863983154297
97.0,RUNNING,4,OUTBOUND,0.297,0.9689,153.7776,11.127,True,NORMAL,MONITOR,False,{},"[""uav2"", ""uav1"", ""uav0""]",limited,False,{},NONE,NORMAL,SAFE,1.0,IDLE,0.0,0.0,0.0,,,0.0,False,avoidance not required,,{},,,,,,,,,,,0,safe,6.000,25.885,1.761,0,0,0.0,0.0,[],60.46711730957031,58.11915969848633,14.289844512939453,60.159912109375,64.10967254638672,14.296907424926758,59.86659622192383,58.10860824584961,14.282920837402344
97.2,RUNNING,4,OUTBOUND,0.297,0.9687,153.7439,11.127,True,NORMAL,MONITOR,False,{},"[""uav2"", ""uav1"", ""uav0""]",limited,False,{},NONE,NORMAL,SAFE,1.0,IDLE,0.0,0.0,0.0,,,0.0,False,avoidance not required,,{},,,,,,,,,,,0,safe,5.999,26.109,1.757,0,0,0.0,0.0,[],60.69829559326172,58.34046173095703,14.251177787780762,60.39219665527344,64.333251953125,14.2532377243042,60.10223388671875,58.33245849609375,14.241896629333496
97.4,RUNNING,4,OUTBOUND,0.298,0.9687,153.7439,11.127,True,NORMAL,MONITOR,False,{},"[""uav2"", ""uav1"", ""uav0""]",limited,False,{},NONE,NORMAL,SAFE,1.0,IDLE,0.0,0.0,0.0,,,0.0,False,avoidance not required,,{},,,,,,,,,,,0,safe,6.004,26.332,1.754,0,0,0.0,0.0,[],60.92658996582031,58.56315612792969,14.209859848022461,60.62600326538086,64.55597686767578,14.212972640991211,60.33419418334961,58.558265686035156,14.199568748474121
97.6,RUNNING,4,OUTBOUND,0.299,0.9686,153.7102,11.127,True,NORMAL,MONITOR,False,{},"[""uav2"", ""uav1"", ""uav0""]",limited,False,{},NONE,NORMAL,SAFE,1.0,IDLE,0.0,0.0,0.0,,,0.0,False,avoidance not required,,{},,,,,,,,,,,0,safe,6.008,26.558,1.750,0,0,0.0,0.0,[],61.15766906738281,58.79079055786133,14.164612770080566,60.857208251953125,64.7801742553711,14.170178413391113,60.568302154541016,58.7869873046875,14.15752124786377
97.8,RUNNING,4,OUTBOUND,0.3,0.9686,153.7102,11.127,True,NORMAL,MONITOR,False,{},"[""uav2"", ""uav1"", ""uav0""]",limited,False,{},NONE,NORMAL,SAFE,1.0,IDLE,0.0,0.0,0.0,,,0.0,False,avoidance not required,,{},,,,,,,,,,,0,safe,6.011,26.787,1.747,0,0,0.0,0.0,[],61.388675689697266,59.017024993896484,14.117602348327637,61.08877944946289,65.00442504882812,14.123906135559082,60.799903869628906,59.01408386230469,14.11495590209961
98.0,RUNNING,4,OUTBOUND,0.3,0.9686,153.7102,11.127,True,NORMAL,MONITOR,False,{},"[""uav2"", ""uav1"", ""uav0""]",limited,False,{},NONE,NORMAL,SAFE,1.0,IDLE,0.0,0.0,0.0,,,0.0,False,avoidance not required,,{},,,,,,,,,,,0,safe,6.011,27.014,1.742,0,0,0.0,0.0,[],61.625946044921875,59.250755310058594,14.07100772857666,61.31901550292969,65.22935485839844,14.079286575317383,61.036109924316406,59.24134063720703,14.06839370727539
98.2,RUNNING,4,OUTBOUND,0.301,0.9684,153.6766,11.127,True,NORMAL,MONITOR,False,{},"[""uav2"", ""uav1"", ""uav0""]",limited,False,{},NONE,NORMAL,SAFE,1.0,IDLE,0.0,0.0,0.0,,,0.0,False,avoidance not required,,{},,,,,,,,,,,0,safe,6.010,27.241,1.739,0,0,0.0,0.0,[],61.84471893310547,59.47133255004883,14.027969360351562,61.55095672607422,65.45698547363281,14.033806800842285,61.26715850830078,59.466312408447266,14.020369529724121
98.4,RUNNING,4,OUTBOUND,0.302,0.9684,153.6766,11.127,True,NORMAL,MONITOR,False,{},"[""uav2"", ""uav1"", ""uav0""]",limited,False,{},NONE,NORMAL,SAFE,1.0,IDLE,0.0,0.0,0.0,,,0.0,False,avoidance not required,,{},,,,,,,,,,,0,safe,6.022,27.466,1.732,0,0,0.0,0.0,[],62.07250213623047,59.699398040771484,13.983345031738281,61.78085708618164,65.68290710449219,13.987202644348145,61.495513916015625,59.69208526611328,13.974014282226562
98.6,RUNNING,4,OUTBOUND,0.303,0.9682,153.6431,11.127,True,NORMAL,MONITOR,False,{},"[""uav2"", ""uav1"", ""uav0""]",limited,False,{},NONE,NORMAL,SAFE,1.0,IDLE,0.0,0.0,0.0,,,0.0,False,avoidance not required,,{},,,,,,,,,,,0,safe,6.023,27.692,1.728,0,0,0.0,0.0,[],62.298789978027344,59.92313003540039,13.94028377532959,62.012474060058594,65.91252136230469,13.940933227539062,61.72153091430664,59.91487503051758,13.930187225341797
98.8,RUNNING,4,OUTBOUND,0.303,0.9682,153.6431,11.127,True,NORMAL,MONITOR,False,{},"[""uav2"", ""uav1"", ""uav0""]",limited,False,{},NONE,NORMAL,SAFE,1.0,IDLE,0.0,0.0,0.0,,,0.0,False,avoidance not required,,{},,,,,,,,,,,0,safe,6.025,28.139,1.723,0,0,0.0,0.0,[],62.52321243286133,60.15022277832031,13.898114204406738,62.24354934692383,66.13973236083984,13.896211624145508,61.94863510131836,60.138893127441406,13.885934829711914
99.0,RUNNING,4,OUTBOUND,0.304,0.9682,153.6431,11.127,True,NORMAL,MONITOR,False,{},"[""uav2"", ""uav1"", ""uav0""]",limited,False,{},NONE,NORMAL,SAFE,1.0,IDLE,0.0,0.0,0.0,,,0.0,False,avoidance not required,,{},,,,,,,,,,,0,safe,6.025,28.139,1.723,0,0,0.0,0.0,[],62.748817443847656,60.374874114990234,13.852718353271484,62.48020935058594,66.3729019165039,13.851078033447266,62.17607879638672,60.36101531982422,13.84168815612793
99.2,RUNNING,4,OUTBOUND,0.305,0.968,153.6096,11.127,True,NORMAL,MONITOR,False,{},"[""uav2"", ""uav1"", ""uav0""]",limited,False,{},NONE,NORMAL,SAFE,1.0,IDLE,0.0,0.0,0.0,,,0.0,False,avoidance not required,,{},,,,,,,,,,,0,safe,6.027,28.361,1.723,0,0,0.0,0.0,[],62.975826263427734,60.59400939941406,13.80769157409668,62.71781921386719,66.60443878173828,13.806991577148438,62.409481048583984,60.58896255493164,13.793460845947266
99.4,RUNNING,4,OUTBOUND,0.306,0.968,153.6096,11.127,True,NORMAL,MONITOR,False,{},"[""uav2"", ""uav1"", ""uav0""]",limited,False,{},NONE,NORMAL,SAFE,1.0,IDLE,0.0,0.0,0.0,,,0.0,False,avoidance not required,,{},,,,,,,,,,,0,safe,6.034,28.589,1.726,0,0,0.0,0.0,[],63.208309173583984,60.81501770019531,13.76131534576416,62.95048522949219,66.82909393310547,13.762253761291504,62.639732360839844,60.8133430480957,13.75023365020752
99.6,RUNNING,4,OUTBOUND,0.306,0.9679,153.5762,11.127,True,NORMAL,MONITOR,False,{},"[""uav2"", ""uav1"", ""uav0""]",limited,False,{},NONE,NORMAL,SAFE,1.0,IDLE,0.0,0.0,0.0,,,0.0,False,avoidance not required,,{},,,,,,,,,,,0,safe,6.031,28.813,1.723,0,0,0.0,0.0,[],63.44921112060547,61.041561126708984,13.714020729064941,63.180580139160156,67.05763244628906,13.717628479003906,62.87027359008789,61.044376373291016,13.710102081298828
99.8,RUNNING,4,OUTBOUND,0.307,0.9679,153.5762,11.127,True,NORMAL,MONITOR,False,{},"[""uav2"", ""uav1"", ""uav0""]",limited,False,{},NONE,NORMAL,SAFE,1.0,IDLE,0.0,0.0,0.0,,,0.0,False,avoidance not required,,{},,,,,,,,,,,0,safe,6.021,29.042,1.711,0,0,0.0,0.0,[],63.67413330078125,61.2564582824707,13.66875171661377,63.409053802490234,67.27982330322266,13.67345905303955,63.099761962890625,61.26930236816406,13.667778015136719
100.0,RUNNING,4,OUTBOUND,0.308,0.9679,153.5762,11.127,True,NORMAL,MONITOR,False,{},"[""uav2"", ""uav1"", ""uav0""]",limited,False,{},NONE,NORMAL,SAFE,1.0,IDLE,0.0,0.0,0.0,,,0.0,False,avoidance not required,,{},,,,,,,,,,,0,safe,6.017,29.486,1.702,0,0,0.0,0.0,[],63.91657638549805,61.486083984375,13.621038436889648,63.64129638671875,67.50727844238281,13.630956649780273,63.3334846496582,61.49991226196289,13.621757507324219
100.2,RUNNING,4,OUTBOUND,0.309,0.9677,153.5428,11.127,True,NORMAL,MONITOR,False,{},"[""uav2"", ""uav1"", ""uav0""]",limited,False,{},NONE,NORMAL,SAFE,1.0,IDLE,0.0,0.0,0.0,,,0.0,False,avoidance not required,,{},,,,,,,,,,,0,safe,6.017,29.486,1.702,0,0,0.0,0.0,[],64.1434555053711,61.7114372253418,13.576029777526855,63.871192932128906,67.72782135009766,13.58582878112793,63.56403732299805,61.72336959838867,13.577115058898926
100.4,RUNNING,4,OUTBOUND,0.309,0.9677,153.5428,11.127,True,NORMAL,MONITOR,False,{},"[""uav2"", ""uav1"", ""uav0""]",limited,False,{},NONE,NORMAL,SAFE,1.0,IDLE,0.0,0.0,0.0,,,0.0,False,avoidance not required,,{},,,,,,,,,,,0,safe,6.021,29.711,1.701,0,0,0.0,0.0,[],64.37899780273438,61.94517135620117,13.531373977661133,64.10150146484375,67.95137023925781,13.53707504272461,63.79422378540039,61.95301055908203,13.533331871032715
100.6,RUNNING,4,OUTBOUND,0.31,0.9675,153.5095,11.127,True,NORMAL,MONITOR,False,{},"[""uav2"", ""uav1"", ""uav0""]",limited,False,{},NONE,NORMAL,SAFE,1.0,IDLE,0.0,0.0,0.0,,,0.0,False,avoidance not required,,{},,,,,,,,,,,0,safe,6.015,29.945,1.689,0,0,0.0,0.0,[],64.61139678955078,62.1673698425293,13.48597526550293,64.32962036132812,68.16883087158203,13.487421035766602,64.0225601196289,62.1740608215332,13.487205505371094
100.8,RUNNING,4,OUTBOUND,0.311,0.9675,153.5095,11.127,True,NORMAL,MONITOR,False,{},"[""uav2"", ""uav1"", ""uav0""]",limited,False,{},NONE,NORMAL,SAFE,1.0,IDLE,0.0,0.0,0.0,,,0.0,False,avoidance not required,,{},,,,,,,,,,,0,safe,6.011,30.167,1.688,0,0,0.0,0.0,[],64.84491729736328,62.39120864868164,13.438590049743652,64.5574951171875,68.39168548583984,13.4326171875,64.25340270996094,62.40221405029297,13.435251235961914
101.0,RUNNING,4,OUTBOUND,0.312,0.9675,153.5095,11.127,True,NORMAL,MONITOR,False,{},"[""uav2"", ""uav1"", ""uav0""]",limited,False,{},NONE,NORMAL,SAFE,1.0,IDLE,0.0,0.0,0.0,,,0.0,False,avoidance not required,,{},,,,,,,,,,,0,safe,6.008,30.391,1.685,0,0,0.0,0.0,[],65.07672119140625,62.61390686035156,13.384623527526855,64.78524780273438,68.60779571533203,13.381438255310059,64.48529815673828,62.62788772583008,13.385574340820312
101.2,RUNNING,4,OUTBOUND,0.312,0.9674,153.4762,11.127,True,NORMAL,MONITOR,False,{},"[""uav2"", ""uav1"", ""uav0""]",limited,False,{},NONE,NORMAL,SAFE,1.0,IDLE,0.0,0.0,0.0,,,0.0,False,avoidance not required,,{},,,,,,,,,,,0,safe,6.009,30.614,1.682,0,0,0.0,0.0,[],65.3148193359375,62.836944580078125,13.331788063049316,65.01860046386719,68.83159637451172,13.331840515136719,64.7151107788086,62.844661712646484,13.337018013000488
101.4,RUNNING,4,OUTBOUND,0.313,0.9674,153.4762,11.127,True,NORMAL,MONITOR,False,{},"[""uav2"", ""uav1"", ""uav0""]",limited,False,{},NONE,NORMAL,SAFE,1.0,IDLE,0.0,0.0,0.0,,,0.0,False,avoidance not required,,{},,,,,,,,,,,0,safe,6.000,30.837,1.676,0,0,0.0,0.0,[],65.53238677978516,63.04549026489258,13.283356666564941,65.24876403808594,69.04887390136719,13.282491683959961,64.94680786132812,63.06564712524414,13.28571605682373
101.6,RUNNING,4,OUTBOUND,0.314,0.9672,153.4429,11.127,True,NORMAL,MONITOR,False,{},"[""uav2"", ""uav1"", ""uav0""]",limited,False,{},NONE,NORMAL,SAFE,1.0,IDLE,0.0,0.0,0.0,,,0.0,False,avoidance not required,,{},,,,,,,,,,,0,safe,6.014,31.045,1.694,0,0,0.0,0.0,[],65.75971221923828,63.25754928588867,13.234169006347656,65.47623443603516,69.2717056274414,13.2313814163208,65.17626953125,63.280033111572266,13.235366821289062
101.8,RUNNING,4,OUTBOUND,0.315,0.9672,153.4429,11.127,True,NORMAL,MONITOR,False,{},"[""uav2"", ""uav1"", ""uav0""]",limited,False,{},NONE,NORMAL,SAFE,1.0,IDLE,0.0,0.0,0.0,,,0.0,False,avoidance not required,,{},,,,,,,,,,,0,safe,6.017,31.258,1.703,0,0,0.0,0.0,[],66.00048828125,63.48799514770508,13.186782836914062,65.7033462524414,69.48880767822266,13.17961311340332,65.40574645996094,63.502254486083984,13.183837890625
102.0,RUNNING,4,OUTBOUND,0.315,0.9672,153.4429,11.127,True,NORMAL,MONITOR,False,{},"[""uav2"", ""uav1"", ""uav0""]",limited,False,{},NONE,NORMAL,SAFE,1.0,IDLE,0.0,0.0,0.0,,,0.0,False,avoidance not required,,{},,,,,,,,,,,0,safe,6.005,31.488,1.689,0,0,0.0,0.0,[],66.22139739990234,63.69368362426758,13.139054298400879,65.93036651611328,69.71405029296875,13.126367568969727,65.63507843017578,63.717315673828125,13.13149642944336
102.2,RUNNING,4,OUTBOUND,0.316,0.967,153.4098,11.127,True,NORMAL,MONITOR,False,{},"[""uav2"", ""uav1"", ""uav0""]",limited,False,{},NONE,NORMAL,SAFE,1.0,IDLE,0.0,0.0,0.0,,,0.0,False,avoidance not required,,{},,,,,,,,,,,0,safe,6.016,31.914,1.706,0,0,0.0,0.0,[],66.45365142822266,63.91364669799805,13.082697868347168,66.15874481201172,69.93181610107422,13.073488235473633,65.8696517944336,63.93960189819336,13.079068183898926
102.4,RUNNING,4,OUTBOUND,0.317,0.967,153.4098,11.127,True,NORMAL,MONITOR,False,{},"[""uav2"", ""uav1"", ""uav0""]",limited,False,{},NONE,NORMAL,SAFE,1.0,IDLE,0.0,0.0,0.0,,,0.0,False,avoidance not required,,{},,,,,,,,,,,0,safe,6.016,31.914,1.706,0,0,0.0,0.0,[],66.6841049194336,64.12821197509766,13.029220581054688,66.39225769042969,70.1550521850586,13.016607284545898,66.10189819335938,64.15499877929688,13.027467727661133
102.6,RUNNING,4,OUTBOUND,0.318,0.9669,153.3765,11.127,True,NORMAL,MONITOR,False,{},"[""uav2"", ""uav1"", ""uav0""]",limited,False,{},NONE,NORMAL,SAFE,1.0,IDLE,0.0,0.0,0.0,,,0.0,False,avoidance not required,,{},,,,,,,,,,,0,safe,6.018,32.128,1.711,0,0,0.0,0.0,[],66.91600036621094,64.35680389404297,12.975440979003906,66.62454986572266,70.37225341796875,12.964873313903809,66.33721160888672,64.37957763671875,12.974845886230469
102.8,RUNNING,4,OUTBOUND,0.318,0.9669,153.3765,11.127,True,NORMAL,MONITOR,False,{},"[""uav2"", ""uav1"", ""uav0""]",limited,False,{},NONE,NORMAL,SAFE,1.0,IDLE,0.0,0.0,0.0,,,0.0,False,avoidance not required,,{},,,,,,,,,,,0,safe,6.021,32.357,1.704,0,0,0.0,0.0,[],67.14424133300781,64.5853042602539,12.917740821838379,66.85887908935547,70.59819793701172,12.914881706237793,66.56837463378906,64.59622955322266,12.921692848205566
103.0,RUNNING,4,OUTBOUND,0.319,0.9669,153.3765,11.127,True,NORMAL,MONITOR,False,{},"[""uav2"", ""uav1"", ""uav0""]",limited,False,{},NONE,NORMAL,SAFE,1.0,IDLE,0.0,0.0,0.0,,,0.0,False,avoidance not required,,{},,,,,,,,,,,0,safe,6.024,32.585,1.701,0,0,0.0,0.0,[],67.3724136352539,64.80348205566406,12.863629341125488,67.09070587158203,70.81584167480469,12.864421844482422,66.7981948852539,64.81979370117188,12.867522239685059
103.2,RUNNING,4,OUTBOUND,0.32,0.9667,153.3433,11.127,True,NORMAL,MONITOR,False,{},"[""uav2"", ""uav1"", ""uav0""]",limited,False,{},NONE,NORMAL,SAFE,1.0,IDLE,0.0,0.0,0.0,,,0.0,False,avoidance not required,,{},,,,,,,,,,,0,safe,6.026,32.803,1.704,0,0,0.0,0.0,[],67.60525512695312,65.02855682373047,12.809109687805176,67.32244110107422,71.04226684570312,12.809454917907715,67.02641296386719,65.03681945800781,12.816757202148438
103.4,RUNNING,4,OUTBOUND,0.321,0.9667,153.3433,11.127,True,NORMAL,MONITOR,False,{},"[""uav2"", ""uav1"", ""uav0""]",limited,False,{},NONE,NORMAL,SAFE,1.0,IDLE,0.0,0.0,0.0,,,0.0,False,avoidance not required,,{},,,,,,,,,,,0,safe,6.021,33.029,1.699,0,0,0.0,0.0,[],67.83546447753906,65.25521850585938,12.753551483154297,67.55216217041016,71.2601547241211,12.756229400634766,67.258056640625,65.26512908935547,12.764457702636719
103.6,RUNNING,4,OUTBOUND,0.321,0.9666,153.3102,11.127,True,NORMAL,MONITOR,False,{},"[""uav2"", ""uav1"", ""uav0""]",limited,False,{},NONE,NORMAL,SAFE,1.0,IDLE,0.0,0.0,0.0,,,0.0,False,avoidance not required,,{},,,,,,,,,,,0,safe,6.023,33.255,1.695,0,0,0.0,0.0,[],68.06449890136719,65.4717788696289,12.702561378479004,67.78147888183594,71.4891357421875,12.700762748718262,67.48645782470703,65.48441314697266,12.711811065673828
103.8,RUNNING,4,OUTBOUND,0.322,0.9666,153.3102,11.127,True,NORMAL,MONITOR,False,{},"[""uav2"", ""uav1"", ""uav0""]",limited,False,{},NONE,NORMAL,SAFE,1.0,IDLE,0.0,0.0,0.0,,,0.0,False,avoidance not required,,{},,,,,,,,,,,0,safe,6.022,33.472,1.699,0,0,0.0,0.0,[],68.29729461669922,65.69190979003906,12.652958869934082,68.01126098632812,71.70958709716797,12.650020599365234,67.71417999267578,65.71221923828125,12.6570405960083
104.0,RUNNING,4,OUTBOUND,0.323,0.9666,153.3102,11.127,True,NORMAL,MONITOR,False,{},"[""uav2"", ""uav1"", ""uav0""]",limited,False,{},NONE,NORMAL,SAFE,1.0,IDLE,0.0,0.0,0.0,,,0.0,False,avoidance not required,,{},,,,,,,,,,,0,safe,6.017,33.692,1.699,0,0,0.0,0.0,[],68.5289077758789,65.90534210205078,12.603507995605469,68.24861907958984,71.9391098022461,12.603002548217773,67.94226837158203,65.9307861328125,12.602738380432129
104.2,RUNNING,4,OUTBOUND,0.324,0.9664,153.277,11.127,True,NORMAL,MONITOR,False,{},"[""uav2"", ""uav1"", ""uav0""]",limited,False,{},NONE,NORMAL,SAFE,1.0,IDLE,0.0,0.0,0.0,,,0.0,False,avoidance not required,,{},,,,,,,,,,,0,safe,6.013,33.905,1.704,0,0,0.0,0.0,[],68.77352905273438,66.13648223876953,12.551714897155762,68.48294067382812,72.15827941894531,12.552044868469238,68.17677307128906,66.1573257446289,12.546698570251465
104.4,RUNNING,4,OUTBOUND,0.324,0.9664,153.277,11.127,True,NORMAL,MONITOR,False,{},"[""uav2"", ""uav1"", ""uav0""]",limited,False,{},NONE,NORMAL,SAFE,1.0,IDLE,0.0,0.0,0.0,,,0.0,False,avoidance not required,,{},,,,,,,,,,,0,safe,6.003,34.136,1.689,0,0,0.0,0.0,[],68.99664306640625,66.34294891357422,12.498603820800781,68.72001647949219,72.38237762451172,12.495382308959961,68.40846252441406,66.37503814697266,12.492572784423828
104.6,RUNNING,4,OUTBOUND,0.325,0.9662,153.2438,11.127,True,NORMAL,MONITOR,False,{},"[""uav2"", ""uav1"", ""uav0""]",limited,False,{},NONE,NORMAL,SAFE,1.0,IDLE,0.0,0.0,0.0,,,0.0,False,avoidance not required,,{},,,,,,,,,,,0,safe,6.012,34.343,1.705,0,0,0.0,0.0,[],69.241455078125,66.57557678222656,12.431511878967285,68.95277404785156,72.59717559814453,12.43679428100586,68.64371490478516,66.60292053222656,12.435976028442383
104.8,RUNNING,4,OUTBOUND,0.326,0.9662,153.2438,11.127,True,NORMAL,MONITOR,False,{},"[""uav2"", ""uav1"", ""uav0""]",limited,False,{},NONE,NORMAL,SAFE,1.0,IDLE,0.0,0.0,0.0,,,0.0,False,avoidance not required,,{},,,,,,,,,,,0,safe,6.002,34.576,1.687,0,0,0.0,0.0,[],69.4643325805664,66.78324127197266,12.376399993896484,69.18785095214844,72.8191146850586,12.375747680664062,68.87554168701172,66.82070922851562,12.381571769714355
105.0,RUNNING,4,OUTBOUND,0.327,0.9662,153.2438,11.127,True,NORMAL,MONITOR,False,{},"[""uav2"", ""uav1"", ""uav0""]",limited,False,{},NONE,NORMAL,SAFE,1.0,IDLE,0.0,0.0,0.0,,,0.0,False,avoidance not required,,{},,,,,,,,,,,0,safe,6.011,34.783,1.703,0,0,0.0,0.0,[],69.70051574707031,67.01100158691406,12.324023246765137,69.41980743408203,73.03372955322266,12.318063735961914,69.11062622070312,67.05003356933594,12.325007438659668
105.2,RUNNING,4,OUTBOUND,0.327,0.9661,153.2105,11.127,True,NORMAL,MONITOR,False,{},"[""uav2"", ""uav1"", ""uav0""]",limited,False,{},NONE,NORMAL,SAFE,1.0,IDLE,0.0,0.0,0.0,,,0.0,False,avoidance not required,,{},,,,,,,,,,,0,safe,6.015,35.229,1.698,0,0,0.0,0.0,[],69.93265533447266,67.22915649414062,12.269979476928711,69.65605163574219,73.25721740722656,12.260082244873047,69.34777069091797,67.27781677246094,12.271828651428223
105.4,RUNNING,4,OUTBOUND,0.328,0.9661,153.2105,11.127,True,NORMAL,MONITOR,False,{},"[""uav2"", ""uav1"", ""uav0""]",limited,False,{},NONE,NORMAL,SAFE,1.0,IDLE,0.0,0.0,0.0,,,0.0,False,avoidance not required,,{},,,,,,,,,,,0,safe,6.015,35.229,1.698,0,0,0.0,0.0,[],70.16683959960938,67.45305633544922,12.21328353881836,69.88751220703125,73.4729232788086,12.202994346618652,69.57970428466797,67.49407958984375,12.216163635253906
105.6,RUNNING,4,OUTBOUND,0.329,0.9659,153.1773,11.127,True,NORMAL,MONITOR,False,{},"[""uav2"", ""uav1"", ""uav0""]",limited,False,{},NONE,NORMAL,SAFE,1.0,IDLE,0.0,0.0,0.0,,,0.0,False,avoidance not required,,{},,,,,,,,,,,0,safe,6.013,35.453,1.695,0,0,0.0,0.0,[],70.39705657958984,67.66905975341797,12.155241012573242,70.11959838867188,73.69579315185547,12.144646644592285,69.81378936767578,67.7188949584961,12.160086631774902
105.8,RUNNING,4,OUTBOUND,0.33,0.9659,153.1773,11.127,True,NORMAL,MONITOR,False,{},"[""uav2"", ""uav1"", ""uav0""]",limited,False,{},NONE,NORMAL,SAFE,1.0,IDLE,0.0,0.0,0.0,,,0.0,False,avoidance not required,,{},,,,,,,,,,,0,safe,6.014,35.895,1.695,0,0,0.0,0.0,[],70.63074493408203,67.8947982788086,12.098381042480469,70.34716796875,73.91059112548828,12.086597442626953,70.04462432861328,67.94358825683594,12.10044002532959
106.0,RUNNING,4,OUTBOUND,0.33,0.9659,153.1773,11.127,True,NORMAL,MONITOR,False,{},"[""uav2"", ""uav1"", ""uav0""]",limited,False,{},NONE,NORMAL,SAFE,1.0,IDLE,0.0,0.0,0.0,,,0.0,False,avoidance not required,,{},,,,,,,,,,,0,safe,6.014,35.895,1.695,0,0,0.0,0.0,[],70.86038970947266,68.11238098144531,12.038572311401367,70.57522583007812,74.13701629638672,12.031839370727539,70.27234649658203,68.15737915039062,12.03831672668457
106.2,RUNNING,4,OUTBOUND,0.331,0.9657,153.1442,11.127,True,NORMAL,MONITOR,False,{},"[""uav2"", ""uav1"", ""uav0""]",limited,False,{},NONE,NORMAL,SAFE,1.0,IDLE,0.0,0.0,0.0,,,0.0,False,avoidance not required,,{},,,,,,,,,,,0,safe,6.012,36.112,1.698,0,0,0.0,0.0,[],71.10200500488281,68.34925079345703,11.969971656799316,70.80070495605469,74.35437774658203,11.97322940826416,70.50395202636719,68.37579345703125,11.97369384765625
106.4,RUNNING,4,OUTBOUND,0.332,0.9657,153.1442,11.127,True,NORMAL,MONITOR,False,{},"[""uav2"", ""uav1"", ""uav0""]",limited,False,{},NONE,NORMAL,SAFE,1.0,IDLE,0.0,0.0,0.0,,,0.0,False,avoidance not required,,{},,,,,,,,,,,0,safe,6.002,36.349,1.679,0,0,0.0,0.0,[],71.32246398925781,68.55860900878906,11.91192626953125,71.02951049804688,74.58140563964844,11.907873153686523,70.73280334472656,68.58609008789062,11.915535926818848
106.6,RUNNING,4,OUTBOUND,0.333,0.9656,153.1111,11.127,True,NORMAL,MONITOR,False,{},"[""uav2"", ""uav1"", ""uav0""]",limited,False,{},NONE,NORMAL,SAFE,1.0,IDLE,0.0,0.0,0.0,,,0.0,False,avoidance not required,,{},,,,,,,,,,,0,safe,6.010,36.559,1.695,0,0,0.0,0.0,[],71.5599365234375,68.78398132324219,11.850646018981934,71.25688934326172,74.80059814453125,11.84782600402832,70.96566772460938,68.80184936523438,11.86283016204834
106.8,RUNNING,4,OUTBOUND,0.333,0.9656,153.1111,11.127,True,NORMAL,MONITOR,False,{},"[""uav2"", ""uav1"", ""uav0""]",limited,False,{},NONE,NORMAL,SAFE,1.0,IDLE,0.0,0.0,0.0,,,0.0,False,avoidance not required,,{},,,,,,,,,,,0,safe,6.003,37.004,1.690,0,0,0.0,0.0,[],71.79183959960938,69.00045776367188,11.794503211975098,71.48910522460938,75.03057098388672,11.7885160446167,71.19483947753906,69.0126953125,11.806879043579102
107.0,RUNNING,4,OUTBOUND,0.334,0.9656,153.1111,11.127,True,NORMAL,MONITOR,False,{},"[""uav2"", ""uav1"", ""uav0""]",limited,False,{},NONE,NORMAL,SAFE,1.0,IDLE,0.0,0.0,0.0,,,0.0,False,avoidance not required,,{},,,,,,,,,,,0,safe,6.003,37.004,1.690,0,0,0.0,0.0,[],72.0286636352539,69.22774505615234,11.737959861755371,71.71977996826172,75.25057983398438,11.733380317687988,71.42627716064453,69.2352523803711,11.744719505310059
107.2,RUNNING,4,OUTBOUND,0.335,0.9654,153.0779,11.127,True,NORMAL,MONITOR,False,{},"[""uav2"", ""uav1"", ""uav0""]",limited,False,{},NONE,NORMAL,SAFE,1.0,IDLE,0.0,0.0,0.0,,,0.0,False,avoidance not required,,{},,,,,,,,,,,0,safe,5.998,37.235,1.682,0,0,0.0,0.0,[],72.27608489990234,69.46475219726562,11.678668022155762,71.95816802978516,75.47750854492188,11.678919792175293,71.65511322021484,69.45126342773438,11.686311721801758
107.4,RUNNING,4,OUTBOUND,0.336,0.9654,153.0779,11.127,True,NORMAL,MONITOR,False,{},"[""uav2"", ""uav1"", ""uav0""]",limited,False,{},NONE,NORMAL,SAFE,1.0,IDLE,0.0,0.0,0.0,,,0.0,False,avoidance not required,,{},,,,,,,,,,,0,safe,5.979,37.477,1.685,0,0,0.0,0.0,[],72.49812316894531,69.67378234863281,11.625772476196289,72.19210052490234,75.69488525390625,11.623674392700195,71.89006042480469,69.6777572631836,11.627541542053223
107.6,RUNNING,4,OUTBOUND,0.336,0.9652,153.0447,11.127,True,NORMAL,MONITOR,False,{},"[""uav2"", ""uav1"", ""uav0""]",limited,False,{},NONE,NORMAL,SAFE,1.0,IDLE,0.0,0.0,0.0,,,0.0,False,avoidance not required,,{},,,,,,,,,,,0,safe,5.992,37.693,1.679,0,0,0.0,0.0,[],72.7332992553711,69.89997863769531,11.569796562194824,72.43179321289062,75.92049407958984,11.566608428955078,72.12078094482422,69.8954849243164,11.56843376159668
107.8,RUNNING,4,OUTBOUND,0.337,0.9652,153.0447,11.127,True,NORMAL,MONITOR,False,{},"[""uav2"", ""uav1"", ""uav0""]",limited,False,{},NONE,NORMAL,SAFE,1.0,IDLE,0.0,0.0,0.0,,,0.0,False,avoidance not required,,{},,,,,,,,,,,0,safe,5.987,37.927,1.683,0,0,0.0,0.0,[],72.96192169189453,70.11698150634766,11.511377334594727,72.6650390625,76.13626861572266,11.508269309997559,72.35536193847656,70.12067413330078,11.50704574584961
108.0,RUNNING,4,OUTBOUND,0.338,0.9652,153.0447,11.127,True,NORMAL,MONITOR,False,{},"[""uav2"", ""uav1"", ""uav0""]",limited,False,{},NONE,NORMAL,SAFE,1.0,IDLE,0.0,0.0,0.0,,,0.0,False,avoidance not required,,{},,,,,,,,,,,0,safe,5.993,38.153,1.679,0,0,0.0,0.0,[],73.1917953491211,70.34552764892578,11.448762893676758,72.9032974243164,76.3607406616211,11.445304870605469,72.58602905273438,70.33800506591797,11.446867942810059
108.2,RUNNING,4,OUTBOUND,0.339,0.9651,153.0115,11.127,True,NORMAL,MONITOR,False,{},"[""uav2"", ""uav1"", ""uav0""]",limited,False,{},NONE,NORMAL,SAFE,1.0,IDLE,0.0,0.0,0.0,,,0.0,False,avoidance not required,,{},,,,,,,,,,,0,safe,5.994,38.392,1.683,0,0,0.0,0.0,[],73.41686248779297,70.56327819824219,11.387957572937012,73.13507080078125,76.57544708251953,11.383005142211914,72.8222885131836,70.56423950195312,11.385327339172363
108.4,RUNNING,4,OUTBOUND,0.339,0.9651,153.0115,11.127,True,NORMAL,MONITOR,False,{},"[""uav2"", ""uav1"", ""uav0""]",limited,False,{},NONE,NORMAL,SAFE,1.0,IDLE,0.0,0.0,0.0,,,0.0,False,avoidance not required,,{},,,,,,,,,,,0,safe,6.005,38.621,1.682,0,0,0.0,0.0,[],73.64330291748047,70.788818359375,11.329625129699707,73.37295532226562,76.79817199707031,11.32117748260498,73.05341339111328,70.78275299072266,11.326292991638184
108.6,RUNNING,4,OUTBOUND,0.34,0.9649,152.9782,11.127,True,NORMAL,MONITOR,False,{},"[""uav2"", ""uav1"", ""uav0""]",limited,False,{},NONE,NORMAL,SAFE,1.0,IDLE,0.0,0.0,0.0,,,0.0,False,avoidance not required,,{},,,,,,,,,,,0,safe,6.010,38.860,1.684,0,0,0.0,0.0,[],73.86647033691406,71.00521087646484,11.269342422485352,73.60382843017578,77.01362609863281,11.26191234588623,73.29035949707031,71.00984191894531,11.268770217895508
108.8,RUNNING,4,OUTBOUND,0.341,0.9649,152.9782,11.127,True,NORMAL,MONITOR,False,{},"[""uav2"", ""uav1"", ""uav0""]",limited,False,{},NONE,NORMAL,SAFE,1.0,IDLE,0.0,0.0,0.0,,,0.0,False,avoidance not required,,{},,,,,,,,,,,0,safe,6.024,39.090,1.695,0,0,0.0,0.0,[],74.09351348876953,71.2311782836914,11.202838897705078,73.83582305908203,77.23839569091797,11.20421314239502,73.52149963378906,71.22857666015625,11.208901405334473
109.0,RUNNING,4,OUTBOUND,0.342,0.9649,152.9782,11.127,True,NORMAL,MONITOR,False,{},"[""uav2"", ""uav1"", ""uav0""]",limited,False,{},NONE,NORMAL,SAFE,1.0,IDLE,0.0,0.0,0.0,,,0.0,False,avoidance not required,,{},,,,,,,,,,,0,safe,6.028,39.331,1.695,0,0,0.0,0.0,[],74.31906127929688,71.44807434082031,11.138920783996582,74.0626449584961,77.45515441894531,11.142912864685059,73.75660705566406,71.45418548583984,11.145425796508789
109.2,RUNNING,4,OUTBOUND,0.342,0.9647,152.9449,11.127,True,NORMAL,MONITOR,False,{},"[""uav2"", ""uav1"", ""uav0""]",limited,False,{},NONE,NORMAL,SAFE,1.0,IDLE,0.0,0.0,0.0,,,0.0,False,avoidance not required,,{},,,,,,,,,,,0,safe,6.038,39.563,1.703,0,0,0.0,0.0,[],74.56159210205078,71.68326568603516,11.072738647460938,74.2965087890625,77.68627166748047,11.076325416564941,73.98564910888672,71.67183685302734,11.081835746765137
109.4,RUNNING,4,OUTBOUND,0.343,0.9647,152.9449,11.127,True,NORMAL,MONITOR,False,{},"[""uav2"", ""uav1"", ""uav0""]",limited,False,{},NONE,NORMAL,SAFE,1.0,IDLE,0.0,0.0,0.0,,,0.0,False,avoidance not required,,{},,,,,,,,,,,0,safe,6.024,39.817,1.685,0,0,0.0,0.0,[],74.79124450683594,71.90119171142578,11.009956359863281,74.5240478515625,77.90637969970703,11.010791778564453,74.21806335449219,71.89682006835938,11.017773628234863
109.6,RUNNING,4,OUTBOUND,0.344,0.9646,152.9117,11.127,True,NORMAL,MONITOR,False,{},"[""uav2"", ""uav1"", ""uav0""]",limited,False,{},NONE,NORMAL,SAFE,1.0,IDLE,0.0,0.0,0.0,,,0.0,False,avoidance not required,,{},,,,,,,,,,,0,safe,6.027,40.054,1.690,0,0,0.0,0.0,[],75.015380859375,72.11812591552734,10.949130058288574,74.75365447998047,78.13335418701172,10.948987007141113,74.4456787109375,72.11370086669922,10.956035614013672
109.8,RUNNING,4,OUTBOUND,0.345,0.9646,152.9117,11.127,True,NORMAL,MONITOR,False,{},"[""uav2"", ""uav1"", ""uav0""]",limited,False,{},NONE,NORMAL,SAFE,1.0,IDLE,0.0,0.0,0.0,,,0.0,False,avoidance not required,,{},,,,,,,,,,,0,safe,6.030,40.290,1.698,0,0,0.0,0.0,[],75.24532318115234,72.33477020263672,10.888189315795898,74.9792709350586,78.35234069824219,10.886002540588379,74.67849731445312,72.33568572998047,10.894545555114746
110.0,RUNNING,4,OUTBOUND,0.345,0.9646,152.9117,11.127,True,NORMAL,MONITOR,False,{},"[""uav2"", ""uav1"", ""uav0""]",limited,False,{},NONE,NORMAL,SAFE,1.0,IDLE,0.0,0.0,0.0,,,0.0,False,avoidance not required,,{},,,,,,,,,,,0,safe,6.033,40.527,1.704,0,0,0.0,0.0,[],75.48509216308594,72.5600814819336,10.825813293457031,75.20923614501953,78.5805435180664,10.823553085327148,74.90716552734375,72.5525131225586,10.832428932189941
110.2,RUNNING,4,OUTBOUND,0.346,0.9644,152.8784,11.127,True,NORMAL,MONITOR,False,{},"[""uav2"", ""uav1"", ""uav0""]",limited,False,{},NONE,NORMAL,SAFE,1.0,IDLE,0.0,0.0,0.0,,,0.0,False,avoidance not required,,{},,,,,,,,,,,0,safe,6.022,40.775,1.696,0,0,0.0,0.0,[],75.7239990234375,72.78915405273438,10.764774322509766,75.43592071533203,78.79997253417969,10.761279106140137,75.14231872558594,72.77942657470703,10.770795822143555
110.4,RUNNING,4,OUTBOUND,0.347,0.9644,152.8784,11.127,True,NORMAL,MONITOR,False,{},"[""uav2"", ""uav1"", ""uav0""]",limited,False,{},NONE,NORMAL,SAFE,1.0,IDLE,0.0,0.0,0.0,,,0.0,False,avoidance not required,,{},,,,,,,,,,,0,safe,6.018,41.028,1.687,0,0,0.0,0.0,[],75.9557113647461,73.00738525390625,10.703008651733398,75.66888427734375,79.02681732177734,10.696942329406738,75.37242126464844,72.999267578125,10.707497596740723
110.6,RUNNING,4,OUTBOUND,0.348,0.9642,152.845,11.127,True,NORMAL,MONITOR,False,{},"[""uav2"", ""uav1"", ""uav0""]",limited,False,{},NONE,NORMAL,SAFE,1.0,IDLE,0.0,0.0,0.0,,,0.0,False,avoidance not required,,{},,,,,,,,,,,0,safe,6.017,41.271,1.689,0,0,0.0,0.0,[],76.18842315673828,73.23040008544922,10.638011932373047,75.89684295654297,79.24341583251953,10.632184028625488,75.60946655273438,73.22686767578125,10.64322566986084
110.8,RUNNING,4,OUTBOUND,0.348,0.9642,152.845,11.127,True,NORMAL,MONITOR,False,{},"[""uav2"", ""uav1"", ""uav0""]",limited,False,{},NONE,NORMAL,SAFE,1.0,IDLE,0.0,0.0,0.0,,,0.0,False,avoidance not required,,{},,,,,,,,,,,0,safe,6.021,41.519,1.687,0,0,0.0,0.0,[],76.41568756103516,73.44522094726562,10.574572563171387,76.12959289550781,79.46424102783203,10.563770294189453,75.83979797363281,73.4471664428711,10.579986572265625
111.0,RUNNING,4,OUTBOUND,0.349,0.9642,152.845,11.127,True,NORMAL,MONITOR,False,{},"[""uav2"", ""uav1"", ""uav0""]",limited,False,{},NONE,NORMAL,SAFE,1.0,IDLE,0.0,0.0,0.0,,,0.0,False,avoidance not required,,{},,,,,,,,,,,0,safe,6.024,41.760,1.696,0,0,0.0,0.0,[],76.64537048339844,73.66758728027344,10.511499404907227,76.35835266113281,79.67874908447266,10.498629570007324,76.07357025146484,73.6750259399414,10.516366004943848
111.2,RUNNING,4,OUTBOUND,0.35,0.9641,152.8117,11.127,True,NORMAL,MONITOR,False,{},"[""uav2"", ""uav1"", ""uav0""]",limited,False,{},NONE,NORMAL,SAFE,1.0,IDLE,0.0,0.0,0.0,,,0.0,False,avoidance not required,,{},,,,,,,,,,,0,safe,6.028,42.009,1.698,0,0,0.0,0.0,[],76.88613891601562,73.89991760253906,10.444849014282227,76.59291076660156,79.9004898071289,10.436543464660645,76.3023910522461,73.89375305175781,10.452357292175293
111.4,RUNNING,4,OUTBOUND,0.351,0.9641,152.8117,11.127,True,NORMAL,MONITOR,False,{},"[""uav2"", ""uav1"", ""uav0""]",limited,False,{},NONE,NORMAL,SAFE,1.0,IDLE,0.0,0.0,0.0,,,0.0,False,avoidance not required,,{},,,,,,,,,,,0,safe,6.016,42.271,1.684,0,0,0.0,0.0,[],77.10440063476562,74.10631561279297,10.382746696472168,76.82196807861328,80.1161880493164,10.372952461242676,76.53821563720703,74.11595916748047,10.386626243591309
111.6,RUNNING,4,OUTBOUND,0.351,0.9639,152.7783,11.127,True,NORMAL,MONITOR,False,{},"[""uav2"", ""uav1"", ""uav0""]",limited,False,{},NONE,NORMAL,SAFE,1.0,IDLE,0.0,0.0,0.0,,,0.0,False,avoidance not required,,{},,,,,,,,,,,0,safe,6.034,42.505,1.705,0,0,0.0,0.0,[],77.33568572998047,74.32618713378906,10.31752872467041,77.0546875,80.3437271118164,10.304389953613281,76.76835632324219,74.33236694335938,10.321467399597168
111.8,RUNNING,4,OUTBOUND,0.352,0.9639,152.7783,11.127,True,NORMAL,MONITOR,False,{},"[""uav2"", ""uav1"", ""uav0""]",limited,False,{},NONE,NORMAL,SAFE,1.0,IDLE,0.0,0.0,0.0,,,0.0,False,avoidance not required,,{},,,,,,,,,,,0,safe,6.033,42.754,1.708,0,0,0.0,0.0,[],77.5629653930664,74.54031372070312,10.253103256225586,77.28314208984375,80.56275177001953,10.237813949584961,77.00440216064453,74.55620574951172,10.257984161376953
112.0,RUNNING,4,OUTBOUND,0.353,0.9639,152.7783,11.127,True,NORMAL,MONITOR,False,{},"[""uav2"", ""uav1"", ""uav0""]",limited,False,{},NONE,NORMAL,SAFE,1.0,IDLE,0.0,0.0,0.0,,,0.0,False,avoidance not required,,{},,,,,,,,,,,0,safe,6.040,43.253,1.719,0,0,0.0,0.0,[],77.79338073730469,74.76264190673828,10.188456535339355,77.51714324951172,80.78780364990234,10.17194938659668,77.23377990722656,74.77444458007812,10.193428993225098
112.2,RUNNING,4,OUTBOUND,0.354,0.9637,152.745,11.127,True,NORMAL,MONITOR,False,{},"[""uav2"", ""uav1"", ""uav0""]",limited,False,{},NONE,NORMAL,SAFE,1.0,IDLE,0.0,0.0,0.0,,,0.0,False,avoidance not required,,{},,,,,,,,,,,0,safe,6.040,43.253,1.719,0,0,0.0,0.0,[],78.02000427246094,74.9793701171875,10.124358177185059,77.74640655517578,81.00572204589844,10.106138229370117,77.46649169921875,75.00476837158203,10.127645492553711
112.4,RUNNING,4,OUTBOUND,0.354,0.9637,152.745,11.127,True,NORMAL,MONITOR,False,{},"[""uav2"", ""uav1"", ""uav0""]",limited,False,{},NONE,NORMAL,SAFE,1.0,IDLE,0.0,0.0,0.0,,,0.0,False,avoidance not required,,{},,,,,,,,,,,0,safe,6.047,43.502,1.727,0,0,0.0,0.0,[],78.24745178222656,75.2051773071289,10.060172080993652,77.9806137084961,81.23175048828125,10.03557014465332,77.69476318359375,75.23555755615234,10.057795524597168
112.6,RUNNING,4,OUTBOUND,0.355,0.9636,152.7116,11.127,True,NORMAL,MONITOR,False,{},"[""uav2"", ""uav1"", ""uav0""]",limited,False,{},NONE,NORMAL,SAFE,1.0,IDLE,0.0,0.0,0.0,,,0.0,False,avoidance not required,,{},,,,,,,,,,,0,safe,6.047,43.760,1.728,0,0,0.0,0.0,[],78.4734878540039,75.42353057861328,9.99618911743164,78.20976257324219,81.45170593261719,9.968188285827637,77.91795349121094,75.4560775756836,9.988543510437012
112.8,RUNNING,4,OUTBOUND,0.356,0.9636,152.7116,11.127,True,NORMAL,MONITOR,False,{},"[""uav2"", ""uav1"", ""uav0""]",limited,False,{},NONE,NORMAL,SAFE,1.0,IDLE,0.0,0.0,0.0,,,0.0,False,avoidance not required,,{},,,,,,,,,,,0,safe,6.045,44.012,1.735,0,0,0.0,0.0,[],78.70698547363281,75.64677429199219,9.934571266174316,78.43988800048828,81.68050384521484,9.902037620544434,78.14346313476562,75.68122863769531,9.922718048095703
113.0,RUNNING,4,OUTBOUND,0.357,0.9636,152.7116,11.127,True,NORMAL,MONITOR,False,{},"[""uav2"", ""uav1"", ""uav0""]",limited,False,{},NONE,NORMAL,SAFE,1.0,IDLE,0.0,0.0,0.0,,,0.0,False,avoidance not required,,{},,,,,,,,,,,0,safe,6.037,44.271,1.734,0,0,0.0,0.0,[],78.9406967163086,75.87146759033203,9.870667457580566,78.66728973388672,81.90140533447266,9.836054801940918,78.36796569824219,75.90669250488281,9.860179901123047
113.2,RUNNING,4,OUTBOUND,0.357,0.9634,152.6783,11.127,True,NORMAL,MONITOR,False,{},"[""uav2"", ""uav1"", ""uav0""]",limited,False,{},NONE,NORMAL,SAFE,1.0,IDLE,0.0,0.0,0.0,,,0.0,False,avoidance not required,,{},,,,,,,,,,,0,safe,6.010,44.797,1.724,0,0,0.0,0.0,[],79.17940521240234,76.09838104248047,9.801992416381836,78.90039825439453,82.12810516357422,9.770172119140625,78.58963012695312,76.1243896484375,9.795546531677246
113.4,RUNNING,4,OUTBOUND,0.358,0.9634,152.6783,11.127,True,NORMAL,MONITOR,False,{},"[""uav2"", ""uav1"", ""uav0""]",limited,False,{},NONE,NORMAL,SAFE,1.0,IDLE,0.0,0.0,0.0,,,0.0,False,avoidance not required,,{},,,,,,,,,,,0,safe,6.010,44.797,1.724,0,0,0.0,0.0,[],79.4011459350586,76.31159210205078,9.73740291595459,79.12853240966797,82.34654235839844,9.706019401550293,78.8125,76.34768676757812,9.73090934753418
113.6,RUNNING,4,OUTBOUND,0.359,0.9632,152.6448,11.127,True,NORMAL,MONITOR,False,{},"[""uav2"", ""uav1"", ""uav0""]",limited,False,{},NONE,NORMAL,SAFE,1.0,IDLE,0.0,0.0,0.0,,,0.0,False,avoidance not required,,{},,,,,,,,,,,0,safe,6.011,45.046,1.738,0,0,0.0,0.0,[],79.62991333007812,76.52857208251953,9.668973922729492,79.35668182373047,82.5676040649414,9.642497062683105,79.03502655029297,76.56433868408203,9.665494918823242
113.8,RUNNING,4,OUTBOUND,0.36,0.9632,152.6448,11.127,True,NORMAL,MONITOR,False,{},"[""uav2"", ""uav1"", ""uav0""]",limited,False,{},NONE,NORMAL,SAFE,1.0,IDLE,0.0,0.0,0.0,,,0.0,False,avoidance not required,,{},,,,,,,,,,,0,safe,6.005,45.301,1.743,0,0,0.0,0.0,[],79.86349487304688,76.75146484375,9.602144241333008,79.58201599121094,82.78411102294922,9.578971862792969,79.26216888427734,76.78528594970703,9.598875999450684
114.0,RUNNING,4,OUTBOUND,0.36,0.9632,152.6448,11.127,True,NORMAL,MONITOR,False,{},"[""uav2"", ""uav1"", ""uav0""]",limited,False,{},NONE,NORMAL,SAFE,1.0,IDLE,0.0,0.0,0.0,,,0.0,False,avoidance not required,,{},,,,,,,,,,,0,safe,5.999,45.563,1.742,0,0,0.0,0.0,[],80.10275268554688,76.9791030883789,9.532126426696777,79.80827331542969,83.01051330566406,9.519658088684082,79.48853302001953,77.00093841552734,9.531549453735352
114.2,RUNNING,4,OUTBOUND,0.361,0.9631,152.6113,11.127,True,NORMAL,MONITOR,False,{},"[""uav2"", ""uav1"", ""uav0""]",limited,False,{},NONE,NORMAL,SAFE,1.0,IDLE,0.0,0.0,0.0,,,0.0,False,avoidance not required,,{},,,,,,,,,,,0,safe,5.986,45.832,1.731,0,0,0.0,0.0,[],80.33267211914062,77.20582580566406,9.4661283493042,80.03665161132812,83.2385025024414,9.457898139953613,79.7177963256836,77.22236633300781,9.467348098754883
114.4,RUNNING,4,OUTBOUND,0.362,0.9631,152.6113,11.127,True,NORMAL,MONITOR,False,{},"[""uav2"", ""uav1"", ""uav0""]",limited,False,{},NONE,NORMAL,SAFE,1.0,IDLE,0.0,0.0,0.0,,,0.0,False,avoidance not required,,{},,,,,,,,,,,0,safe,5.985,46.099,1.731,0,0,0.0,0.0,[],80.55055236816406,77.41802978515625,9.402114868164062,80.26345825195312,83.45745849609375,9.392655372619629,79.94644165039062,77.43893432617188,9.39849853515625
114.6,RUNNING,4,OUTBOUND,0.363,0.9629,152.5776,11.127,True,NORMAL,MONITOR,False,{},"[""uav2"", ""uav1"", ""uav0""]",limited,False,{},NONE,NORMAL,SAFE,1.0,IDLE,0.0,0.0,0.0,,,0.0,False,avoidance not required,,{},,,,,,,,,,,0,safe,5.996,46.351,1.748,0,0,0.0,0.0,[],80.7784423828125,77.64733123779297,9.338364601135254,80.49575805664062,83.68211364746094,9.331755638122559,80.17967224121094,77.66349029541016,9.325953483581543
114.8,RUNNING,4,OUTBOUND,0.363,0.9629,152.5776,11.127,True,NORMAL,MONITOR,False,{},"[""uav2"", ""uav1"", ""uav0""]",limited,False,{},NONE,NORMAL,SAFE,1.0,IDLE,0.0,0.0,0.0,,,0.0,False,avoidance not required,,{},,,,,,,,,,,0,safe,6.001,46.621,1.749,0,0,0.0,0.0,[],81.00499725341797,77.86997985839844,9.269720077514648,80.72745513916016,83.90461730957031,9.270380973815918,80.41090393066406,77.8822250366211,9.257490158081055
115.0,RUNNING,4,OUTBOUND,0.364,0.9629,152.5776,11.127,True,NORMAL,MONITOR,False,{},"[""uav2"", ""uav1"", ""uav0""]",limited,False,{},NONE,NORMAL,SAFE,1.0,IDLE,0.0,0.0,0.0,,,0.0,False,avoidance not required,,{},,,,,,,,,,,0,safe,6.006,46.885,1.756,0,0,0.0,0.0,[],81.23269653320312,78.1021957397461,9.200284957885742,80.95585632324219,84.12081146240234,9.201412200927734,80.64427185058594,78.10489654541016,9.194404602050781
115.2,RUNNING,4,OUTBOUND,0.365,0.9627,152.5439,11.127,True,NORMAL,MONITOR,False,{},"[""uav2"", ""uav1"", ""uav0""]",limited,False,{},NONE,NORMAL,SAFE,1.0,IDLE,0.0,0.0,0.0,,,0.0,False,avoidance not required,,{},,,,,,,,,,,0,safe,6.012,47.160,1.751,0,0,0.0,0.0,[],81.46063995361328,78.3263168334961,9.133095741271973,81.18205261230469,84.34344482421875,9.131948471069336,80.87483215332031,78.32411193847656,9.12985610961914
115.4,RUNNING,4,OUTBOUND,0.366,0.9627,152.5439,11.127,True,NORMAL,MONITOR,False,{},"[""uav2"", ""uav1"", ""uav0""]",limited,False,{},NONE,NORMAL,SAFE,1.0,IDLE,0.0,0.0,0.0,,,0.0,False,avoidance not required,,{},,,,,,,,,,,0,safe,6.014,47.427,1.743,0,0,0.0,0.0,[],81.69512176513672,78.55520629882812,9.070556640625,81.40817260742188,84.56019592285156,9.063375473022461,81.10428619384766,78.55245971679688,9.066485404968262
115.6,RUNNING,4,OUTBOUND,0.366,0.9626,152.5101,11.127,True,NORMAL,MONITOR,False,{},"[""uav2"", ""uav1"", ""uav0""]",limited,False,{},NONE,NORMAL,SAFE,1.0,IDLE,0.0,0.0,0.0,,,0.0,False,avoidance not required,,{},,,,,,,,,,,0,safe,6.009,47.702,1.716,0,0,0.0,0.0,[],81.92655181884766,78.77631378173828,9.005753517150879,81.63916015625,84.78129577636719,8.99976634979248,81.3321762084961,78.77423858642578,9.001994132995605
115.8,RUNNING,4,OUTBOUND,0.367,0.9626,152.5101,11.127,True,NORMAL,MONITOR,False,{},"[""uav2"", ""uav1"", ""uav0""]",limited,False,{},NONE,NORMAL,SAFE,1.0,IDLE,0.0,0.0,0.0,,,0.0,False,avoidance not required,,{},,,,,,,,,,,0,safe,6.004,48.241,1.635,0,0,0.0,0.0,[],82.15692138671875,79.00375366210938,8.945876121520996,81.86858367919922,85.00470733642578,8.938874244689941,81.561279296875,78.99868774414062,8.941762924194336
116.0,RUNNING,4,OUTBOUND,0.368,0.9626,152.5101,11.127,True,NORMAL,MONITOR,False,{},"[""uav2"", ""uav1"", ""uav0""]",limited,False,{},NONE,NORMAL,SAFE,1.0,IDLE,0.0,0.0,0.0,,,0.0,False,avoidance not required,,{},,,,,,,,,,,0,safe,6.004,48.241,1.635,0,0,0.0,0.0,[],82.38276672363281,79.22157287597656,8.884757995605469,82.0931167602539,85.21981048583984,8.87417221069336,81.78709411621094,79.21534729003906,8.87820053100586
116.2,RUNNING,4,OUTBOUND,0.369,0.9624,152.4765,11.127,True,NORMAL,MONITOR,False,{},"[""uav2"", ""uav1"", ""uav0""]",limited,False,{},NONE,NORMAL,SAFE,1.0,IDLE,0.0,0.0,0.0,,,0.0,False,avoidance not required,,{},,,,,,,,,,,0,safe,6.004,48.505,1.583,0,0,0.0,0.0,[],82.60491180419922,79.44283294677734,8.832235336303711,82.31322479248047,85.43569946289062,8.813803672790527,82.01206970214844,79.433349609375,8.817550659179688
116.4,RUNNING,4,OUTBOUND,0.369,0.9624,152.4765,11.127,True,NORMAL,MONITOR,False,{},"[""uav2"", ""uav1"", ""uav0""]",limited,False,{},NONE,NORMAL,SAFE,1.0,IDLE,0.0,0.0,0.0,,,0.0,False,avoidance not required,,{},,,,,,,,,,,0,safe,6.007,48.771,1.521,0,0,0.0,0.0,[],82.82198333740234,79.65248107910156,8.774896621704102,82.52900695800781,85.64158630371094,8.751686096191406,82.23180389404297,79.6430435180664,8.756794929504395
116.6,RUNNING,4,OUTBOUND,0.37,0.9622,152.4434,11.127,True,NORMAL,MONITOR,False,{},"[""uav2"", ""uav1"", ""uav0""]",limited,False,{},NONE,NORMAL,SAFE,1.0,IDLE,0.0,0.0,0.0,,,0.0,False,avoidance not required,,{},,,,,,,,,,,0,safe,6.010,49.026,1.457,0,0,0.0,0.0,[],83.03795623779297,79.86392211914062,8.721694946289062,82.74313354492188,85.84439849853516,8.697093963623047,82.45052337646484,79.85665893554688,8.700130462646484
116.8,RUNNING,4,OUTBOUND,0.371,0.9622,152.4434,11.127,True,NORMAL,MONITOR,False,{},"[""uav2"", ""uav1"", ""uav0""]",limited,False,{},NONE,NORMAL,SAFE,1.0,IDLE,0.0,0.0,0.0,,,0.0,False,avoidance not required,,{},,,,,,,,,,,0,safe,6.013,49.282,1.383,0,0,0.0,0.0,[],83.24520874023438,80.06053924560547,8.66307258605957,82.9497299194336,86.03782653808594,8.640066146850586,82.65913391113281,80.05751037597656,8.644571304321289
117.0,RUNNING,4,OUTBOUND,0.372,0.9622,152.4434,11.127,True,NORMAL,MONITOR,False,{},"[""uav2"", ""uav1"", ""uav0""]",limited,False,{},NONE,NORMAL,SAFE,1.0,IDLE,0.0,0.0,0.0,,,0.0,False,avoidance not required,,{},,,,,,,,,,,0,safe,6.014,49.523,1.311,0,0,0.0,0.0,[],83.4452133178711,80.25078582763672,8.609878540039062,83.15094757080078,86.2304458618164,8.588099479675293,82.85975646972656,80.25894927978516,8.594109535217285
117.2,RUNNING,4,OUTBOUND,0.372,0.9621,152.4111,11.127,True,NORMAL,MONITOR,False,{},"[""uav2"", ""uav1"", ""uav0""]",limited,False,{},NONE,NORMAL,SAFE,1.0,IDLE,0.0,0.0,0.0,,,0.0,False,avoidance not required,,{},,,,,,,,,,,0,safe,6.015,49.756,1.231,0,0,0.0,0.0,[],83.63623046875,80.42843627929688,8.554544448852539,83.34185028076172,86.41161346435547,8.535786628723145,83.04926300048828,80.45051574707031,8.546870231628418
117.4,RUNNING,4,OUTBOUND,0.373,0.9621,152.4111,11.127,True,NORMAL,MONITOR,False,{},"[""uav2"", ""uav1"", ""uav0""]",limited,False,{},NONE,NORMAL,SAFE,1.0,IDLE,0.0,0.0,0.0,,,0.0,False,avoidance not required,,{},,,,,,,,,,,0,safe,6.013,49.975,1.153,0,0,0.0,0.0,[],83.82230377197266,80.60478210449219,8.505170822143555,83.52252960205078,86.5898666381836,8.492056846618652,83.22925567626953,80.62456512451172,8.498321533203125
117.6,RUNNING,4,OUTBOUND,0.374,0.9619,152.3797,11.127,True,NORMAL,MONITOR,False,{},"[""uav2"", ""uav1"", ""uav0""]",limited,False,{},NONE,NORMAL,SAFE,1.0,IDLE,0.0,0.0,0.0,,,0.0,False,avoidance not required,,{},,,,,,,,,,,0,safe,6.007,50.192,1.072,0,0,0.0,0.0,[],83.99703216552734,80.76716613769531,8.45314884185791,83.69447326660156,86.75482177734375,8.446517944335938,83.4016342163086,80.7894287109375,8.457090377807617
117.8,RUNNING,4,OUTBOUND,0.375,0.9619,152.3797,11.127,True,NORMAL,MONITOR,False,{},"[""uav2"", ""uav1"", ""uav0""]",limited,False,{},NONE,NORMAL,SAFE,1.0,IDLE,0.0,0.0,0.0,,,0.0,False,avoidance not required,,{},,,,,,,,,,,0,safe,6.005,50.393,0.993,0,0,0.0,0.0,[],84.16917419433594,80.93264770507812,8.401922225952148,83.86061096191406,86.91610717773438,8.406590461730957,83.56404876708984,80.93939208984375,8.413046836853027
118.0,RUNNING,4,OUTBOUND,0.375,0.9619,152.3797,11.127,True,NORMAL,MONITOR,False,{},"[""uav2"", ""uav1"", ""uav0""]",limited,False,{},NONE,NORMAL,SAFE,1.0,IDLE,0.0,0.0,0.0,,,0.0,False,avoidance not required,,{},,,,,,,,,,,0,safe,5.995,50.597,0.908,0,0,0.0,0.0,[],84.32366180419922,81.0766830444336,8.356581687927246,84.01543426513672,87.06317901611328,8.361686706542969,83.7187271118164,81.08082580566406,8.369012832641602
118.2,RUNNING,4,OUTBOUND,0.376,0.9617,152.3492,11.127,True,NORMAL,MONITOR,False,{},"[""uav2"", ""uav1"", ""uav0""]",limited,False,{},NONE,NORMAL,SAFE,1.0,IDLE,0.0,0.0,0.0,,,0.0,False,avoidance not required,,{},,,,,,,,,,,0,safe,5.995,50.775,0.826,0,0,0.0,0.0,[],84.46446990966797,81.20820617675781,8.317703247070312,84.16075134277344,87.20401000976562,8.317758560180664,83.8638916015625,81.21021270751953,8.325823783874512
118.4,RUNNING,4,OUTBOUND,0.377,0.9617,152.3492,11.127,True,NORMAL,MONITOR,False,{},"[""uav2"", ""uav1"", ""uav0""]",limited,False,{},NONE,NORMAL,SAFE,1.0,IDLE,0.0,0.0,0.0,,,0.0,False,avoidance not required,,{},,,,,,,,,,,0,safe,5.999,50.939,0.741,0,0,0.0,0.0,[],84.59819793701172,81.33121490478516,8.278865814208984,84.29496002197266,87.33024597167969,8.276256561279297,84.00638580322266,81.33692932128906,8.288939476013184
118.6,RUNNING,4,OUTBOUND,0.378,0.9616,152.3197,11.127,True,NORMAL,MONITOR,False,{},"[""uav2"", ""uav1"", ""uav0""]",limited,False,{},NONE,NORMAL,SAFE,1.0,IDLE,0.0,0.0,0.0,,,0.0,False,avoidance not required,,{},,,,,,,,,,,0,safe,6.008,51.092,0.659,0,0,0.0,0.0,[],84.7168197631836,81.44835662841797,8.24660587310791,84.41924285888672,87.44998168945312,8.242082595825195,84.13463592529297,81.45121765136719,8.253815650939941
118.8,RUNNING,4,OUTBOUND,0.378,0.9616,152.3197,11.127,True,NORMAL,MONITOR,False,{},"[""uav2"", ""uav1"", ""uav0""]",limited,False,{},NONE,NORMAL,SAFE,1.0,IDLE,0.0,0.0,0.0,,,0.0,False,avoidance not required,,{},,,,,,,,,,,0,safe,6.018,51.236,0.582,0,0,0.0,0.0,[],84.82614135742188,81.55227661132812,8.214357376098633,84.53223419189453,87.55554962158203,8.208561897277832,84.2529067993164,81.56320190429688,8.225160598754883
119.0,RUNNING,4,OUTBOUND,0.379,0.9616,152.3197,11.127,True,NORMAL,MONITOR,False,{},"[""uav2"", ""uav1"", ""uav0""]",limited,False,{},NONE,NORMAL,SAFE,1.0,IDLE,0.0,0.0,0.0,,,0.0,False,avoidance not required,,{},,,,,,,,,,,0,safe,6.027,51.365,0.508,0,0,0.0,0.0,[],84.92625427246094,81.65117645263672,8.188831329345703,84.63377380371094,87.65440368652344,8.178955078125,84.35635375976562,81.66032409667969,8.196236610412598
119.2,RUNNING,4,OUTBOUND,0.38,0.9615,152.2908,11.127,True,NORMAL,MONITOR,False,{},"[""uav2"", ""uav1"", ""uav0""]",limited,False,{},NONE,NORMAL,SAFE,1.0,IDLE,0.0,0.0,0.0,,,0.0,False,avoidance not required,,{},,,,,,,,,,,0,safe,6.030,51.487,0.432,0,0,0.0,0.0,[],85.01637268066406,81.73489379882812,8.16317081451416,84.72257995605469,87.74256134033203,8.157025337219238,84.44645690917969,81.75080108642578,8.169088363647461
119.4,RUNNING,4,OUTBOUND,0.381,0.9615,152.2908,11.127,True,NORMAL,MONITOR,False,{},"[""uav2"", ""uav1"", ""uav0""]",limited,False,{},NONE,NORMAL,SAFE,1.0,IDLE,0.0,0.0,0.0,,,0.0,False,avoidance not required,,{},,,,,,,,,,,0,safe,6.030,51.592,0.358,0,0,0.0,0.0,[],85.09718322753906,81.80523681640625,8.141127586364746,84.80160522460938,87.81723022460938,8.13500690460205,84.52568817138672,81.82699584960938,8.145549774169922
119.6,RUNNING,4,OUTBOUND,0.381,0.9613,152.2626,11.127,True,NORMAL,MONITOR,False,{},"[""uav2"", ""uav1"", ""uav0""]",limited,False,{},NONE,NORMAL,SAFE,1.0,IDLE,0.0,0.0,0.0,,,0.0,False,avoidance not required,,{},,,,,,,,,,,0,safe,6.029,51.681,0.287,0,0,0.0,0.0,[],85.16336059570312,81.86223602294922,8.122432708740234,84.86763000488281,87.88316345214844,8.118742942810059,84.59848022460938,81.89559173583984,8.131925582885742
119.8,RUNNING,5,DELIVERY_FORMATION,0.382,0.9613,152.2626,11.127,True,NORMAL,MONITOR,False,{},"[""uav2"", ""uav1"", ""uav0""]",limited,False,{},NONE,NORMAL,SAFE,1.0,IDLE,0.0,0.0,0.0,,,0.0,False,avoidance not required,,{},,,,,,,,,,,0,safe,6.035,51.754,0.223,0,0,0.0,0.0,[],85.22132110595703,81.91566467285156,8.10998821258545,84.92457580566406,87.9376449584961,8.102717399597168,84.65847778320312,81.95399475097656,8.120440483093262
120.0,RUNNING,5,DELIVERY_FORMATION,0.383,0.9613,152.2626,11.127,True,NORMAL,MONITOR,False,{},"[""uav2"", ""uav1"", ""uav0""]",limited,False,{},NONE,NORMAL,SAFE,1.0,IDLE,0.0,0.0,0.0,,,0.0,False,avoidance not required,,{},,,,,,,,,,,0,safe,6.037,51.821,0.159,0,0,0.0,0.0,[],85.27067565917969,81.95950317382812,8.09579086303711,84.96749114990234,87.98263549804688,8.092973709106445,84.70697021484375,81.99929809570312,8.105792999267578
120.2,RUNNING,5,DELIVERY_FORMATION,0.384,0.9612,152.2347,11.127,True,NORMAL,MONITOR,False,{},"[""uav2"", ""uav1"", ""uav0""]",limited,False,{},NONE,NORMAL,SAFE,1.0,IDLE,0.0,0.0,0.0,,,0.0,False,avoidance not required,,{},,,,,,,,,,,0,safe,6.036,51.876,0.114,0,0,0.0,0.0,[],85.3062973022461,81.99304962158203,8.084222793579102,85.00396728515625,88.01587677001953,8.082751274108887,84.74625396728516,82.03645324707031,8.094145774841309
120.4,RUNNING,5,DELIVERY_FORMATION,0.384,0.9612,152.2347,11.127,True,NORMAL,MONITOR,False,{},"[""uav2"", ""uav1"", ""uav0""]",limited,False,{},NONE,NORMAL,SAFE,1.0,IDLE,0.0,0.0,0.0,,,0.0,False,avoidance not required,,{},,,,,,,,,,,0,safe,6.040,51.918,0.110,0,0,0.0,0.0,[],85.33590698242188,82.02141571044922,8.072785377502441,85.03036499023438,88.03553009033203,8.075287818908691,84.77591705322266,82.062744140625,8.082983016967773
120.6,RUNNING,5,DELIVERY_FORMATION,0.385,0.961,152.2072,11.127,True,NORMAL,MONITOR,False,{},"[""uav2"", ""uav1"", ""uav0""]",limited,False,{},NONE,NORMAL,SAFE,1.0,IDLE,0.0,0.0,0.0,,,0.0,False,avoidance not required,,{},,,,,,,,,,,0,safe,6.040,51.953,0.178,0,0,0.0,0.0,[],85.35346221923828,82.0459213256836,8.065731048583984,85.05145263671875,88.0451431274414,8.066904067993164,84.80062103271484,82.08453369140625,8.073358535766602
120.8,RUNNING,5,DELIVERY_FORMATION,0.386,0.961,152.2072,11.127,True,NORMAL,MONITOR,False,{},"[""uav2"", ""uav1"", ""uav0""]",limited,False,{},NONE,NORMAL,SAFE,1.0,IDLE,0.0,0.0,0.0,,,0.0,False,avoidance not required,,{},,,,,,,,,,,0,safe,6.047,51.982,0.269,0,0,0.0,0.0,[],85.3653564453125,82.06929016113281,8.05815315246582,85.0651626586914,88.04307556152344,8.060652732849121,84.8169937133789,82.10374450683594,8.065382957458496
121.0,RUNNING,5,DELIVERY_FORMATION,0.387,0.961,152.2072,11.127,True,NORMAL,MONITOR,False,{},"[""uav2"", ""uav1"", ""uav0""]",limited,False,{},NONE,NORMAL,SAFE,1.0,IDLE,0.0,0.0,0.0,,,0.0,False,avoidance not required,,{},,,,,,,,,,,0,safe,6.052,52.007,0.371,0,0,0.0,0.0,[],85.36680603027344,82.09940338134766,8.052634239196777,85.07418060302734,88.02713775634766,8.05466079711914,84.82939910888672,82.12617492675781,8.062214851379395
121.2,RUNNING,5,DELIVERY_FORMATION,0.387,0.9609,152.1787,11.127,True,NORMAL,MONITOR,False,{},"[""uav2"", ""uav1"", ""uav0""]",limited,False,{},NONE,NORMAL,SAFE,1.0,IDLE,0.0,0.0,0.0,,,0.0,False,avoidance not required,,{},,,,,,,,,,,0,safe,6.063,52.037,0.477,0,0,0.0,0.0,[],85.36560821533203,82.13465118408203,8.047751426696777,85.0737075805664,87.99689483642578,8.053351402282715,84.83484649658203,82.15584564208984,8.058938980102539
121.4,RUNNING,5,DELIVERY_FORMATION,0.388,0.9609,152.1787,11.127,True,NORMAL,MONITOR,False,{},"[""uav2"", ""uav1"", ""uav0""]",limited,False,{},NONE,NORMAL,SAFE,1.0,IDLE,0.0,0.0,0.0,,,0.0,False,avoidance not required,,{},,,,,,,,,,,0,safe,6.069,52.070,0.584,0,0,0.0,0.0,[],85.35298156738281,82.17469024658203,8.047856330871582,85.07321166992188,87.94961547851562,8.051288604736328,84.83399200439453,82.2001724243164,8.061552047729492
121.6,RUNNING,5,DELIVERY_FORMATION,0.389,0.9608,152.1506,11.127,True,NORMAL,MONITOR,False,{},"[""uav2"", ""uav1"", ""uav0""]",limited,False,{},NONE,NORMAL,SAFE,1.0,IDLE,0.0,0.0,0.0,,,0.0,False,avoidance not required,,{},,,,,,,,,,,0,safe,6.081,52.106,0.688,0,0,0.0,0.0,[],85.34121704101562,82.22856140136719,8.046037673950195,85.06941986083984,87.88465881347656,8.052847862243652,84.83164978027344,82.25584411621094,8.060773849487305
121.8,RUNNING,5,DELIVERY_FORMATION,0.39,0.9608,152.1506,11.127,True,NORMAL,MONITOR,False,{},"[""uav2"", ""uav1"", ""uav0""]",limited,False,{},NONE,NORMAL,SAFE,1.0,IDLE,0.0,0.0,0.0,,,0.0,False,avoidance not required,,{},,,,,,,,,,,0,safe,6.091,52.154,0.783,0,0,0.0,0.0,[],85.32085418701172,82.29548645019531,8.04580307006836,85.06637573242188,87.80165100097656,8.051004409790039,84.82736206054688,82.3278579711914,8.059842109680176
122.0,RUNNING,5,DELIVERY_FORMATION,0.39,0.9608,152.1506,11.127,True,NORMAL,MONITOR,False,{},"[""uav2"", ""uav1"", ""uav0""]",limited,False,{},NONE,NORMAL,SAFE,1.0,IDLE,0.0,0.0,0.0,,,0.0,False,avoidance not required,,{},,,,,,,,,,,0,safe,6.107,52.213,0.869,0,0,0.0,0.0,[],85.29341888427734,82.38472747802734,8.04576301574707,85.05946350097656,87.70115661621094,8.049304962158203,84.82091522216797,82.41443634033203,8.060651779174805
122.2,RUNNING,5,DELIVERY_FORMATION,0.391,0.9606,152.1225,11.127,True,NORMAL,MONITOR,False,{},"[""uav2"", ""uav1"", ""uav0""]",limited,False,{},NONE,NORMAL,SAFE,1.0,IDLE,0.0,0.0,0.0,,,0.0,False,avoidance not required,,{},,,,,,,,,,,0,safe,6.109,52.292,0.944,0,0,0.0,0.0,[],85.27273559570312,82.48394012451172,8.044778823852539,85.05406951904297,87.58380126953125,8.046442985534668,84.8180160522461,82.51549530029297,8.05987548828125
122.4,RUNNING,5,DELIVERY_FORMATION,0.392,0.9606,152.1225,11.127,True,NORMAL,MONITOR,False,{},"[""uav2"", ""uav1"", ""uav0""]",limited,False,{},NONE,NORMAL,SAFE,1.0,IDLE,0.0,0.0,0.0,,,0.0,False,avoidance not required,,{},,,,,,,,,,,0,safe,5.922,52.382,1.004,0,0,0.0,0.0,[],85.24434661865234,82.60250854492188,8.044312477111816,85.0439682006836,87.44985961914062,8.048064231872559,84.81745147705078,82.63041687011719,8.061368942260742
122.6,RUNNING,5,DELIVERY_FORMATION,0.393,0.9605,152.0938,11.127,True,NORMAL,MONITOR,False,{},"[""uav2"", ""uav1"", ""uav0""]",limited,False,{},NONE,NORMAL,SAFE,1.0,IDLE,0.0,0.0,0.0,,,0.0,False,avoidance not required,,{},,,,,,,,,,,0,safe,5.716,52.489,1.050,0,0,0.0,0.0,[],85.22077178955078,82.73661041259766,8.043854713439941,85.03721618652344,87.3017349243164,8.048799514770508,84.82022094726562,82.76102447509766,8.058932304382324
122.8,RUNNING,5,DELIVERY_FORMATION,0.393,0.9605,152.0938,11.127,True,NORMAL,MONITOR,False,{},"[""uav2"", ""uav1"", ""uav0""]",limited,False,{},NONE,NORMAL,SAFE,1.0,IDLE,0.0,0.0,0.0,,,0.0,False,avoidance not required,,{},,,,,,,,,,,0,safe,5.488,52.612,1.080,0,0,0.0,0.0,[],85.18597412109375,82.88004302978516,8.044401168823242,85.02718353271484,87.13722229003906,8.054595947265625,84.82242584228516,82.90644836425781,8.055643081665039
123.0,RUNNING,5,DELIVERY_FORMATION,0.394,0.9605,152.0938,11.127,True,NORMAL,MONITOR,False,{},"[""uav2"", ""uav1"", ""uav0""]",limited,False,{},NONE,NORMAL,SAFE,1.0,IDLE,0.0,0.0,0.0,,,0.0,False,avoidance not required,,{},,,,,,,,,,,0,safe,5.242,52.741,1.091,0,0,0.0,0.0,[],85.1598892211914,83.03804779052734,8.043269157409668,85.02269744873047,86.96525573730469,8.055864334106445,84.8270263671875,83.06442260742188,8.049409866333008
123.2,RUNNING,5,DELIVERY_FORMATION,0.395,0.9603,152.0647,11.127,True,NORMAL,MONITOR,False,{},"[""uav2"", ""uav1"", ""uav0""]",limited,False,{},NONE,NORMAL,SAFE,1.0,IDLE,0.0,0.0,0.0,,,0.0,False,avoidance not required,,{},,,,,,,,,,,0,safe,4.985,52.886,1.088,0,0,0.0,0.0,[],85.12682342529297,83.20755004882812,8.041640281677246,85.02192687988281,86.78580474853516,8.059920310974121,84.82542419433594,83.23560333251953,8.04449462890625
123.4,RUNNING,5,DELIVERY_FORMATION,0.396,0.9603,152.0647,11.127,True,NORMAL,MONITOR,False,{},"[""uav2"", ""uav1"", ""uav0""]",limited,False,{},NONE,NORMAL,SAFE,1.0,IDLE,0.0,0.0,0.0,,,0.0,False,avoidance not required,,{},,,,,,,,,,,0,safe,4.715,53.041,1.077,0,0,0.0,0.0,[],85.10263061523438,83.3851547241211,8.037583351135254,85.02197265625,86.6032485961914,8.055976867675781,84.83049011230469,83.41211700439453,8.041824340820312
123.6,RUNNING,5,DELIVERY_FORMATION,0.396,0.9602,152.0355,11.127,True,NORMAL,MONITOR,False,{},"[""uav2"", ""uav1"", ""uav0""]",limited,False,{},NONE,NORMAL,SAFE,1.0,IDLE,0.0,0.0,0.0,,,0.0,False,avoidance not required,,{},,,,,,,,,,,0,safe,4.455,53.207,1.049,0,0,0.0,0.0,[],85.066650390625,83.56852722167969,8.034953117370605,85.0162582397461,86.41702270507812,8.0496187210083,84.83416748046875,83.59288024902344,8.042867660522461
123.8,RUNNING,5,DELIVERY_FORMATION,0.397,0.9602,152.0355,11.127,True,NORMAL,MONITOR,False,{},"[""uav2"", ""uav1"", ""uav0""]",limited,False,{},NONE,NORMAL,SAFE,1.0,IDLE,0.0,0.0,0.0,,,0.0,False,avoidance not required,,{},,,,,,,,,,,0,safe,4.207,53.374,1.003,0,0,0.0,0.0,[],85.03203582763672,83.755859375,8.030654907226562,85.01399993896484,86.2326431274414,8.045723915100098,84.84404754638672,83.77487182617188,8.043078422546387
124.0,RUNNING,5,DELIVERY_FORMATION,0.398,0.9602,152.0355,11.127,True,NORMAL,MONITOR,False,{},"[""uav2"", ""uav1"", ""uav0""]",limited,False,{},NONE,NORMAL,SAFE,1.0,IDLE,0.0,0.0,0.0,,,0.0,False,avoidance not required,,{},,,,,,,,,,,0,safe,3.980,53.547,0.938,0,0,0.0,0.0,[],85.0112075805664,83.94042205810547,8.029803276062012,85.01072692871094,86.04818725585938,8.050488471984863,84.851806640625,83.96025848388672,8.04663372039795
124.2,RUNNING,5,DELIVERY_FORMATION,0.399,0.96,152.0066,11.127,True,NORMAL,MONITOR,False,{},"[""uav2"", ""uav1"", ""uav0""]",limited,False,{},NONE,NORMAL,SAFE,1.0,IDLE,0.0,0.0,0.0,,,0.0,False,avoidance not required,,{},,,,,,,,,,,0,safe,3.772,53.720,0.859,0,0,0.0,0.0,[],84.98957824707031,84.12339782714844,8.036796569824219,85.00926971435547,85.87068939208984,8.051870346069336,84.86543273925781,84.1388931274414,8.044708251953125
124.4,RUNNING,5,DELIVERY_FORMATION,0.399,0.96,152.0066,11.127,True,NORMAL,MONITOR,False,{},"[""uav2"", ""uav1"", ""uav0""]",limited,False,{},NONE,NORMAL,SAFE,1.0,IDLE,0.0,0.0,0.0,,,0.0,False,avoidance not required,,{},,,,,,,,,,,0,safe,3.600,53.891,0.762,0,0,0.0,0.0,[],84.9731216430664,84.29792022705078,8.040443420410156,85.00479888916016,85.69679260253906,8.0559663772583,84.87667083740234,84.31497192382812,8.042452812194824
124.6,RUNNING,5,DELIVERY_FORMATION,0.4,0.9599,151.9777,11.127,True,NORMAL,MONITOR,False,{},"[""uav2"", ""uav1"", ""uav0""]",limited,False,{},NONE,NORMAL,SAFE,1.0,IDLE,0.0,0.0,0.0,,,0.0,False,avoidance not required,,{},,,,,,,,,,,0,safe,3.460,54.056,0.652,0,0,0.0,0.0,[],84.96653747558594,84.45912170410156,8.039973258972168,85.0023193359375,85.5370101928711,8.052510261535645,84.89302062988281,84.4771957397461,8.03681755065918
124.8,RUNNING,6,DELIVERY_DESCENT,0.401,0.9599,151.9777,11.127,True,NORMAL,MONITOR,False,{},"[""uav2"", ""uav1"", ""uav0""]",limited,False,{},NONE,NORMAL,SAFE,1.0,IDLE,0.0,0.0,0.0,,,0.0,False,avoidance not required,,{},,,,,,,,,,,0,safe,3.362,54.210,0.531,0,0,0.0,0.0,[],84.96014404296875,84.60939025878906,8.040227890014648,84.99418640136719,85.38899230957031,8.047257423400879,84.90644836425781,84.6328353881836,8.028205871582031
125.0,RUNNING,6,DELIVERY_DESCENT,0.402,0.9599,151.9777,11.127,True,NORMAL,MONITOR,False,{},"[""uav2"", ""uav1"", ""uav0""]",limited,False,{},NONE,NORMAL,SAFE,1.0,IDLE,0.0,0.0,0.0,,,0.0,False,avoidance not required,,{},,,,,,,,,,,0,safe,3.300,54.354,0.395,0,0,0.0,0.0,[],84.95560455322266,84.74520111083984,8.037601470947266,84.99158477783203,85.26091003417969,8.041314125061035,84.92125701904297,84.77318572998047,8.021778106689453
125.2,RUNNING,6,DELIVERY_DESCENT,0.402,0.9597,151.9493,11.127,True,NORMAL,MONITOR,False,{},"[""uav2"", ""uav1"", ""uav0""]",limited,False,{},NONE,NORMAL,SAFE,1.0,IDLE,0.0,0.0,0.0,,,0.0,False,avoidance not required,,{},,,,,,,,,,,0,safe,3.266,54.484,0.267,0,0,0.0,0.0,[],84.95879364013672,84.85946655273438,8.030884742736816,84.99007415771484,85.1524429321289,8.034818649291992,84.93949890136719,84.88829803466797,8.014904022216797
125.4,RUNNING,6,DELIVERY_DESCENT,0.403,0.9597,151.9493,11.127,True,NORMAL,MONITOR,False,{},"[""uav2"", ""uav1"", ""uav0""]",limited,False,{},NONE,NORMAL,SAFE,1.0,IDLE,0.0,0.0,0.0,,,0.0,False,avoidance not required,,{},,,,,,,,,,,0,safe,3.260,54.596,0.175,0,0,0.0,0.0,[],84.96631622314453,84.95745086669922,8.020872116088867,84.99121856689453,85.06478118896484,8.022167205810547,84.96049499511719,84.98580169677734,7.9998016357421875
125.6,RUNNING,6,DELIVERY_DESCENT,0.404,0.9596,151.921,11.127,True,NORMAL,MONITOR,False,{},"[""uav2"", ""uav1"", ""uav0""]",limited,False,{},NONE,NORMAL,SAFE,1.0,IDLE,0.0,0.0,0.0,,,0.0,False,avoidance not required,,{},,,,,,,,,,,0,safe,3.270,54.692,0.145,0,0,0.0,0.0,[],84.97261810302734,85.03714752197266,8.00004768371582,84.98692321777344,84.99459838867188,8.004911422729492,84.9791259765625,85.0619125366211,7.981761455535889
125.8,RUNNING,6,DELIVERY_DESCENT,0.405,0.9596,151.921,11.127,True,NORMAL,MONITOR,False,{},"[""uav2"", ""uav1"", ""uav0""]",limited,False,{},NONE,NORMAL,SAFE,1.0,IDLE,0.0,0.0,0.0,,,0.0,False,avoidance not required,,{},,,,,,,,,,,0,safe,3.293,54.771,0.185,0,0,0.0,0.0,[],84.98039245605469,85.09007263183594,7.971030235290527,84.98544311523438,84.9437255859375,7.974810600280762,84.99506378173828,85.11432647705078,7.95316219329834
126.0,RUNNING,6,DELIVERY_DESCENT,0.405,0.9596,151.921,11.127,True,NORMAL,MONITOR,False,{},"[""uav2"", ""uav1"", ""uav0""]",limited,False,{},NONE,NORMAL,SAFE,1.0,IDLE,0.0,0.0,0.0,,,0.0,False,avoidance not required,,{},,,,,,,,,,,0,safe,3.308,54.824,0.252,0,0,0.0,0.0,[],84.98894500732422,85.13282012939453,7.9276862144470215,84.978271484375,84.91015625,7.935699939727783,85.00927734375,85.15164947509766,7.911186695098877
126.2,RUNNING,6,DELIVERY_DESCENT,0.406,0.9595,151.8923,11.127,True,NORMAL,MONITOR,False,{},"[""uav2"", ""uav1"", ""uav0""]",limited,False,{},NONE,NORMAL,SAFE,1.0,IDLE,0.0,0.0,0.0,,,0.0,False,avoidance not required,,{},,,,,,,,,,,0,safe,3.297,54.868,0.314,0,0,0.0,0.0,[],84.99884033203125,85.15922546386719,7.871825695037842,84.97582244873047,84.89020538330078,7.882269859313965,85.02286529541016,85.17589569091797,7.854620456695557
126.4,RUNNING,6,DELIVERY_DESCENT,0.407,0.9595,151.8923,11.127,True,NORMAL,MONITOR,False,{},"[""uav2"", ""uav1"", ""uav0""]",limited,False,{},NONE,NORMAL,SAFE,1.0,IDLE,0.0,0.0,0.0,,,0.0,False,avoidance not required,,{},,,,,,,,,,,0,safe,3.288,54.896,0.363,0,0,0.0,0.0,[],85.00848388671875,85.17002868652344,7.80634069442749,84.9697265625,84.88249969482422,7.8168792724609375,85.03329467773438,85.18485260009766,7.790901184082031
126.6,RUNNING,6,DELIVERY_DESCENT,0.408,0.9593,151.864,11.127,True,NORMAL,MONITOR,False,{},"[""uav2"", ""uav1"", ""uav0""]",limited,False,{},NONE,NORMAL,SAFE,1.0,IDLE,0.0,0.0,0.0,,,0.0,False,avoidance not required,,{},,,,,,,,,,,0,safe,3.274,54.909,0.399,0,0,0.0,0.0,[],85.02012634277344,85.1702651977539,7.733498573303223,84.96839141845703,84.8830795288086,7.741703987121582,85.045166015625,85.18717193603516,7.719760894775391
126.8,RUNNING,6,DELIVERY_DESCENT,0.408,0.9593,151.864,11.127,True,NORMAL,MONITOR,False,{},"[""uav2"", ""uav1"", ""uav0""]",limited,False,{},NONE,NORMAL,SAFE,1.0,IDLE,0.0,0.0,0.0,,,0.0,False,avoidance not required,,{},,,,,,,,,,,0,safe,3.261,54.912,0.422,0,0,0.0,0.0,[],85.03138732910156,85.16431427001953,7.6553635597229,84.96067810058594,84.89363098144531,7.660095691680908,85.0533447265625,85.17961120605469,7.641478061676025
127.0,RUNNING,6,DELIVERY_DESCENT,0.409,0.9593,151.864,11.127,True,NORMAL,MONITOR,False,{},"[""uav2"", ""uav1"", ""uav0""]",limited,False,{},NONE,NORMAL,SAFE,1.0,IDLE,0.0,0.0,0.0,,,0.0,False,avoidance not required,,{},,,,,,,,,,,0,safe,3.241,54.909,0.434,0,0,0.0,0.0,[],85.0394515991211,85.15201568603516,7.5737810134887695,84.95926666259766,84.90705871582031,7.575783729553223,85.06365203857422,85.17008972167969,7.555051803588867
127.2,RUNNING,6,DELIVERY_DESCENT,0.41,0.9591,151.8298,11.127,True,NORMAL,MONITOR,False,{},"[""uav2"", ""uav1"", ""uav0""]",limited,False,{},NONE,NORMAL,SAFE,1.0,IDLE,0.0,0.0,0.0,,,0.0,False,avoidance not required,,{},,,,,,,,,,,0,safe,3.229,54.899,0.431,0,0,0.0,0.0,[],85.04730224609375,85.13832092285156,7.489576816558838,84.95730590820312,84.92591857910156,7.491628646850586,85.06881713867188,85.15415954589844,7.471917152404785
127.4,RUNNING,6,DELIVERY_DESCENT,0.411,0.9591,151.8298,11.127,True,NORMAL,MONITOR,False,{},"[""uav2"", ""uav1"", ""uav0""]",limited,False,{},NONE,NORMAL,SAFE,1.0,IDLE,0.0,0.0,0.0,,,0.0,False,avoidance not required,,{},,,,,,,,,,,0,safe,3.217,54.888,0.415,0,0,0.0,0.0,[],85.05187225341797,85.12155151367188,7.40988826751709,84.9599609375,84.94377136230469,7.406564712524414,85.07337951660156,85.1385498046875,7.389745712280273
127.6,RUNNING,6,DELIVERY_DESCENT,0.411,0.959,151.8015,11.127,True,NORMAL,MONITOR,False,{},"[""uav2"", ""uav1"", ""uav0""]",limited,False,{},NONE,NORMAL,SAFE,1.0,IDLE,0.0,0.0,0.0,,,0.0,False,avoidance not required,,{},,,,,,,,,,,0,safe,3.213,54.873,0.387,0,0,0.0,0.0,[],85.05592346191406,85.10653686523438,7.338185787200928,84.95875549316406,84.96621704101562,7.326305866241455,85.07427978515625,85.1201400756836,7.315371990203857
127.8,RUNNING,7,DELIVERY_RELEASE,0.412,0.959,151.8015,11.127,True,NORMAL,MONITOR,False,{},"[""uav2"", ""uav1"", ""uav0""]",limited,False,{},NONE,NORMAL,SAFE,1.0,IDLE,0.0,0.0,0.0,,,0.0,False,avoidance not required,,{},,,,,,,,,,,0,safe,3.206,54.859,0.348,0,0,0.0,0.0,[],85.05940246582031,85.09126281738281,7.270552635192871,84.96156311035156,84.98422241210938,7.256917953491211,85.07544708251953,85.1039810180664,7.250826358795166
128.0,RUNNING,7,DELIVERY_RELEASE,0.413,0.959,151.8015,11.127,True,NORMAL,MONITOR,False,{},"[""uav2"", ""uav1"", ""uav0""]",limited,False,{},NONE,NORMAL,SAFE,1.0,IDLE,0.0,0.0,0.0,,,0.0,False,avoidance not required,,{},,,,,,,,,,,0,safe,3.204,54.845,0.292,0,0,0.0,0.0,[],85.06047058105469,85.075439453125,7.211049556732178,84.96080780029297,85.00309753417969,7.198667526245117,85.07391357421875,85.08580017089844,7.195518493652344
128.2,RUNNING,7,DELIVERY_RELEASE,0.414,0.9589,151.7734,11.127,True,NORMAL,MONITOR,False,{},"[""uav2"", ""uav1"", ""uav0""]",limited,False,{},NONE,NORMAL,SAFE,1.0,IDLE,0.0,0.0,0.0,,,0.0,False,avoidance not required,,{},,,,,,,,,,,0,safe,3.201,54.830,0.232,0,0,0.0,0.0,[],85.06063079833984,85.06170654296875,7.159664630889893,84.96540069580078,85.01543426513672,7.152053356170654,85.07315826416016,85.0680160522461,7.146380424499512
128.4,RUNNING,7,DELIVERY_RELEASE,0.414,0.9589,151.7734,11.127,True,NORMAL,MONITOR,False,{},"[""uav2"", ""uav1"", ""uav0""]",limited,False,{},NONE,NORMAL,SAFE,1.0,IDLE,0.0,0.0,0.0,,,0.0,False,avoidance not required,,{},,,,,,,,,,,0,safe,3.205,54.817,0.182,0,0,0.0,0.0,[],85.058837890625,85.04927062988281,7.122081756591797,84.96949768066406,85.02630615234375,7.113222122192383,85.0698471069336,85.05187225341797,7.112338542938232
128.6,RUNNING,7,DELIVERY_RELEASE,0.415,0.9587,151.7456,11.127,True,NORMAL,MONITOR,False,{},"[""uav2"", ""uav1"", ""uav0""]",limited,False,{},NONE,NORMAL,SAFE,1.0,IDLE,0.0,0.0,0.0,,,0.0,False,avoidance not required,,{},,,,,,,,,,,0,safe,3.211,54.804,0.144,0,0,0.0,0.0,[],85.05534362792969,85.03926849365234,7.095737457275391,84.97613525390625,85.03223419189453,7.086491584777832,85.06644439697266,85.04093170166016,7.08251953125
128.8,RUNNING,7,DELIVERY_RELEASE,0.416,0.9587,151.7456,11.127,True,NORMAL,MONITOR,False,{},"[""uav2"", ""uav1"", ""uav0""]",limited,False,{},NONE,NORMAL,SAFE,1.0,IDLE,0.0,0.0,0.0,,,0.0,False,avoidance not required,,{},,,,,,,,,,,0,safe,3.221,54.794,0.117,0,0,0.0,0.0,[],85.05127716064453,85.03058624267578,7.07587194442749,84.98059844970703,85.03621673583984,7.0687642097473145,85.0611572265625,85.03141021728516,7.062507152557373
129.0,RUNNING,7,DELIVERY_RELEASE,0.417,0.9587,151.7456,11.127,True,NORMAL,MONITOR,False,{},"[""uav2"", ""uav1"", ""uav0""]",limited,False,{},NONE,NORMAL,SAFE,1.0,IDLE,0.0,0.0,0.0,,,0.0,False,avoidance not required,,{},,,,,,,,,,,0,safe,3.229,54.784,0.097,0,0,0.0,0.0,[],85.04559326171875,85.02546691894531,7.058113098144531,84.9866943359375,85.03650665283203,7.054550647735596,85.05559539794922,85.02584838867188,7.051304817199707
129.2,RUNNING,7,DELIVERY_RELEASE,0.417,0.9586,151.7181,11.127,True,NORMAL,MONITOR,False,{},"[""uav2"", ""uav1"", ""uav0""]",limited,False,{},NONE,NORMAL,SAFE,1.0,IDLE,0.0,0.0,0.0,,,0.0,False,avoidance not required,,{},,,,,,,,,,,0,safe,3.241,54.778,0.080,0,0,0.0,0.0,[],85.04080963134766,85.02188873291016,7.0466437339782715,84.98949432373047,85.0357894897461,7.040208339691162,85.05076599121094,85.0186996459961,7.043222427368164
129.4,RUNNING,7,DELIVERY_RELEASE,0.418,0.9586,151.7181,11.127,True,NORMAL,MONITOR,False,{},"[""uav2"", ""uav1"", ""uav0""]",limited,False,{},NONE,NORMAL,SAFE,1.0,IDLE,0.0,0.0,0.0,,,0.0,False,avoidance not required,,{},,,,,,,,,,,0,safe,3.249,54.773,0.069,0,0,0.0,0.0,[],85.03617858886719,85.01839447021484,7.037055492401123,84.99320220947266,85.03333282470703,7.031734466552734,85.0447006225586,85.01233673095703,7.0377678871154785
129.6,RUNNING,7,DELIVERY_RELEASE,0.419,0.9585,151.6912,11.127,True,NORMAL,MONITOR,False,{},"[""uav2"", ""uav1"", ""uav0""]",limited,False,{},NONE,NORMAL,SAFE,1.0,IDLE,0.0,0.0,0.0,,,0.0,False,avoidance not required,,{},,,,,,,,,,,0,safe,3.257,54.769,0.060,0,0,0.0,0.0,[],85.02808380126953,85.01942443847656,7.029959678649902,84.9918212890625,85.03435516357422,7.02773904800415,85.03556823730469,85.00940704345703,7.033723831176758
129.8,RUNNING,7,DELIVERY_RELEASE,0.42,0.9585,151.6912,11.127,True,NORMAL,MONITOR,False,{},"[""uav2"", ""uav1"", ""uav0""]",limited,False,{},NONE,NORMAL,SAFE,1.0,IDLE,0.0,0.0,0.0,,,0.0,False,avoidance not required,,{},,,,,,,,,,,0,safe,3.264,54.768,0.050,0,0,0.0,0.0,[],85.0191650390625,85.02191925048828,7.025608062744141,84.99300384521484,85.03250885009766,7.02534294128418,85.02473449707031,85.01025390625,7.024320602416992
130.0,RUNNING,7,DELIVERY_RELEASE,0.42,0.9585,151.6912,11.127,True,NORMAL,MONITOR,False,{},"[""uav2"", ""uav1"", ""uav0""]",limited,False,{},NONE,NORMAL,SAFE,1.0,IDLE,0.0,0.0,0.0,,,0.0,False,avoidance not required,,{},,,,,,,,,,,0,safe,3.274,54.768,0.042,0,0,0.0,0.0,[],85.0123519897461,85.02215576171875,7.021701812744141,84.99290466308594,85.03194427490234,7.023933410644531,85.0169448852539,85.00997161865234,7.01769495010376
130.2,RUNNING,7,DELIVERY_RELEASE,0.421,0.9583,151.6644,11.127,True,NORMAL,MONITOR,False,{},"[""uav2"", ""uav1"", ""uav0""]",limited,False,{},NONE,NORMAL,SAFE,1.0,IDLE,0.0,0.0,0.0,,,0.0,False,avoidance not required,,{},,,,,,,,,,,0,safe,3.281,54.767,0.041,0,0,0.0,0.0,[],85.0031967163086,85.02456665039062,7.020487308502197,84.99494171142578,85.029296875,7.0210161209106445,85.01154327392578,85.01122283935547,7.011152744293213
130.4,RUNNING,7,DELIVERY_RELEASE,0.422,0.9583,151.6644,11.127,True,NORMAL,MONITOR,False,{},"[""uav2"", ""uav1"", ""uav0""]",limited,False,{},NONE,NORMAL,SAFE,1.0,IDLE,0.0,0.0,0.0,,,0.0,False,avoidance not required,,{},,,,,,,,,,,0,safe,3.292,54.767,0.036,0,0,0.0,0.0,[],84.9973373413086,85.02433013916016,7.016843318939209,84.99742889404297,85.0301742553711,7.01524543762207,85.0071029663086,85.01045989990234,7.0090203285217285
130.6,RUNNING,7,DELIVERY_RELEASE,0.423,0.9582,151.6375,11.127,True,NORMAL,MONITOR,False,{},"[""uav2"", ""uav1"", ""uav0""]",limited,False,{},NONE,NORMAL,SAFE,1.0,IDLE,0.0,0.0,0.0,,,0.0,False,avoidance not required,,{},,,,,,,,,,,0,safe,3.300,54.765,0.034,0,0,0.0,0.0,[],84.98785400390625,85.02629852294922,7.009999752044678,85.00061798095703,85.02794647216797,7.010934829711914,85.00076293945312,85.00967407226562,7.007360935211182
130.8,RUNNING,7,DELIVERY_RELEASE,0.423,0.9582,151.6375,11.127,True,NORMAL,MONITOR,False,{},"[""uav2"", ""uav1"", ""uav0""]",limited,False,{},NONE,NORMAL,SAFE,1.0,IDLE,0.0,0.0,0.0,,,0.0,False,avoidance not required,,{},,,,,,,,,,,0,safe,3.300,54.764,0.031,0,0,0.0,0.0,[],84.98309326171875,85.02584075927734,7.004143238067627,84.999755859375,85.02872467041016,7.004377365112305,84.99688720703125,85.00930786132812,7.006577491760254
131.0,RUNNING,7,DELIVERY_RELEASE,0.424,0.9582,151.6375,11.127,True,NORMAL,MONITOR,False,{},"[""uav2"", ""uav1"", ""uav0""]",limited,False,{},NONE,NORMAL,SAFE,1.0,IDLE,0.0,0.0,0.0,,,0.0,False,avoidance not required,,{},,,,,,,,,,,0,safe,3.297,54.763,0.031,0,0,0.0,0.0,[],84.97893524169922,85.0299072265625,6.995816230773926,85.0011978149414,85.02645111083984,7.000166416168213,84.99282836914062,85.01697540283203,7.004308700561523
131.2,RUNNING,7,DELIVERY_RELEASE,0.425,0.9581,151.6107,11.127,True,NORMAL,MONITOR,False,{},"[""uav2"", ""uav1"", ""uav0""]",limited,False,{},NONE,NORMAL,SAFE,1.0,IDLE,0.0,0.0,0.0,,,0.0,False,avoidance not required,,{},,,,,,,,,,,0,safe,3.292,54.766,0.037,0,0,0.0,0.0,[],84.9786148071289,85.03132629394531,6.991553783416748,85.00572967529297,85.02800750732422,6.995092391967773,84.99051666259766,85.02163696289062,7.0031890869140625
131.4,RUNNING,7,DELIVERY_RELEASE,0.426,0.9581,151.6107,11.127,True,NORMAL,MONITOR,False,{},"[""uav2"", ""uav1"", ""uav0""]",limited,False,{},NONE,NORMAL,SAFE,1.0,IDLE,0.0,0.0,0.0,,,0.0,False,avoidance not required,,{},,,,,,,,,,,0,safe,3.285,54.767,0.039,0,0,0.0,0.0,[],84.97957611083984,85.03901672363281,6.987490177154541,85.00996398925781,85.02700805664062,6.993526935577393,84.98636627197266,85.03087615966797,7.003901481628418
131.6,RUNNING,7,DELIVERY_RELEASE,0.426,0.9579,151.5839,11.127,True,NORMAL,MONITOR,False,{},"[""uav2"", ""uav1"", ""uav0""]",limited,False,{},NONE,NORMAL,SAFE,1.0,IDLE,0.0,0.0,0.0,,,0.0,False,avoidance not required,,{},,,,,,,,,,,0,safe,3.276,54.775,0.046,0,0,0.0,0.0,[],84.98126983642578,85.04715728759766,6.982882022857666,85.01490783691406,85.030517578125,6.9913649559021,84.984619140625,85.03607177734375,7.004729270935059
131.8,RUNNING,8,DELIVERY_ASCENT,0.427,0.9579,151.5839,11.127,True,NORMAL,MONITOR,False,{},"[""uav2"", ""uav1"", ""uav0""]",limited,False,{},NONE,NORMAL,SAFE,1.0,IDLE,0.0,0.0,0.0,,,0.0,False,avoidance not required,,{},,,,,,,,,,,0,safe,3.270,54.783,0.054,0,0,0.0,0.0,[],84.98424530029297,85.0501937866211,6.983252048492432,85.01885986328125,85.03170013427734,6.990636825561523,84.98130798339844,85.04740905761719,7.0023579597473145
132.0,RUNNING,8,DELIVERY_ASCENT,0.428,0.9579,151.5839,11.127,True,NORMAL,MONITOR,False,{},"[""uav2"", ""uav1"", ""uav0""]",limited,False,{},NONE,NORMAL,SAFE,1.0,IDLE,0.0,0.0,0.0,,,0.0,False,avoidance not required,,{},,,,,,,,,,,0,safe,3.254,54.798,0.070,0,0,0.0,0.0,[],84.98600769042969,85.06131744384766,6.983782768249512,85.02415466308594,85.04196166992188,6.988626480102539,84.9780044555664,85.05422973632812,7.00171422958374
132.2,RUNNING,8,DELIVERY_ASCENT,0.429,0.9578,151.5571,11.127,True,NORMAL,MONITOR,False,{},"[""uav2"", ""uav1"", ""uav0""]",limited,False,{},NONE,NORMAL,SAFE,1.0,IDLE,0.0,0.0,0.0,,,0.0,False,avoidance not required,,{},,,,,,,,,,,0,safe,3.254,54.798,0.070,0,0,0.0,0.0,[],84.98912811279297,85.06417083740234,6.987308979034424,85.02671813964844,85.05399322509766,6.990199089050293,84.97762298583984,85.05584716796875,7.002871513366699
132.4,RUNNING,8,DELIVERY_ASCENT,0.429,0.9578,151.5571,11.127,True,NORMAL,MONITOR,False,{},"[""uav2"", ""uav1"", ""uav0""]",limited,False,{},NONE,NORMAL,SAFE,1.0,IDLE,0.0,0.0,0.0,,,0.0,False,avoidance not required,,{},,,,,,,,,,,0,safe,3.251,54.801,0.091,0,0,0.0,0.0,[],84.9946517944336,85.07029724121094,6.993802070617676,85.02774810791016,85.05802154541016,6.999168872833252,84.97638702392578,85.0616226196289,7.0066609382629395
132.6,RUNNING,8,DELIVERY_ASCENT,0.43,0.9576,151.5291,11.127,True,NORMAL,MONITOR,False,{},"[""uav2"", ""uav1"", ""uav0""]",limited,False,{},NONE,NORMAL,SAFE,1.0,IDLE,0.0,0.0,0.0,,,0.0,False,avoidance not required,,{},,,,,,,,,,,0,safe,3.249,54.809,0.133,0,0,0.0,0.0,[],85.00032806396484,85.06986999511719,7.010649681091309,85.0291748046875,85.06224822998047,7.015662670135498,84.97740936279297,85.0619888305664,7.021191120147705
132.8,RUNNING,8,DELIVERY_ASCENT,0.431,0.9576,151.5291,11.127,True,NORMAL,MONITOR,False,{},"[""uav2"", ""uav1"", ""uav0""]",limited,False,{},NONE,NORMAL,SAFE,1.0,IDLE,0.0,0.0,0.0,,,0.0,False,avoidance not required,,{},,,,,,,,,,,0,safe,3.248,54.810,0.182,0,0,0.0,0.0,[],85.00784301757812,85.07513427734375,7.0414628982543945,85.02976989746094,85.0602798461914,7.041032314300537,84.97755432128906,85.06653594970703,7.047807216644287
133.0,RUNNING,8,DELIVERY_ASCENT,0.432,0.9576,151.5291,11.127,True,NORMAL,MONITOR,False,{},"[""uav2"", ""uav1"", ""uav0""]",limited,False,{},NONE,NORMAL,SAFE,1.0,IDLE,0.0,0.0,0.0,,,0.0,False,avoidance not required,,{},,,,,,,,,,,0,safe,3.248,54.817,0.234,0,0,0.0,0.0,[],85.0130615234375,85.07386779785156,7.0787506103515625,85.03314208984375,85.06169128417969,7.069389820098877,84.97967529296875,85.0654296875,7.08403205871582
133.2,RUNNING,8,DELIVERY_ASCENT,0.432,0.9575,151.4971,11.127,True,NORMAL,MONITOR,False,{},"[""uav2"", ""uav1"", ""uav0""]",limited,False,{},NONE,NORMAL,SAFE,1.0,IDLE,0.0,0.0,0.0,,,0.0,False,avoidance not required,,{},,,,,,,,,,,0,safe,3.247,54.817,0.295,0,0,0.0,0.0,[],85.01585388183594,85.07772064208984,7.121135711669922,85.03413391113281,85.0585708618164,7.113444805145264,84.98174285888672,85.06804656982422,7.128737449645996
133.4,RUNNING,8,DELIVERY_ASCENT,0.433,0.9575,151.4971,11.127,True,NORMAL,MONITOR,False,{},"[""uav2"", ""uav1"", ""uav0""]",limited,False,{},NONE,NORMAL,SAFE,1.0,IDLE,0.0,0.0,0.0,,,0.0,False,avoidance not required,,{},,,,,,,,,,,0,safe,3.248,54.821,0.348,0,0,0.0,0.0,[],85.01778411865234,85.07483673095703,7.17707633972168,85.03484344482422,85.05838775634766,7.167374134063721,84.98576354980469,85.06591033935547,7.184091567993164
133.6,RUNNING,8,DELIVERY_ASCENT,0.434,0.9573,151.4661,11.127,True,NORMAL,MONITOR,False,{},"[""uav2"", ""uav1"", ""uav0""]",limited,False,{},NONE,NORMAL,SAFE,1.0,IDLE,0.0,0.0,0.0,,,0.0,False,avoidance not required,,{},,,,,,,,,,,0,safe,3.251,54.819,0.393,0,0,0.0,0.0,[],85.02361297607422,85.0779037475586,7.243294715881348,85.03400421142578,85.05416107177734,7.236045837402344,84.99237060546875,85.06888580322266,7.248562812805176
133.8,RUNNING,8,DELIVERY_ASCENT,0.435,0.9573,151.4661,11.127,True,NORMAL,MONITOR,False,{},"[""uav2"", ""uav1"", ""uav0""]",limited,False,{},NONE,NORMAL,SAFE,1.0,IDLE,0.0,0.0,0.0,,,0.0,False,avoidance not required,,{},,,,,,,,,,,0,safe,3.258,54.823,0.421,0,0,0.0,0.0,[],85.02653503417969,85.07427978515625,7.313736915588379,85.03610229492188,85.05477142333984,7.311310768127441,84.99829864501953,85.06632995605469,7.321558952331543
134.0,RUNNING,8,DELIVERY_ASCENT,0.435,0.9573,151.4661,11.127,True,NORMAL,MONITOR,False,{},"[""uav2"", ""uav1"", ""uav0""]",limited,False,{},NONE,NORMAL,SAFE,1.0,IDLE,0.0,0.0,0.0,,,0.0,False,avoidance not required,,{},,,,,,,,,,,0,safe,3.262,54.821,0.438,0,0,0.0,0.0,[],85.031005859375,85.07447814941406,7.392767906188965,85.03538513183594,85.05081939697266,7.3919291496276855,85.00428771972656,85.06603240966797,7.398608684539795
134.2,RUNNING,8,DELIVERY_ASCENT,0.436,0.9572,151.4342,11.127,True,NORMAL,MONITOR,False,{},"[""uav2"", ""uav1"", ""uav0""]",limited,False,{},NONE,NORMAL,SAFE,1.0,IDLE,0.0,0.0,0.0,,,0.0,False,avoidance not required,,{},,,,,,,,,,,0,safe,3.269,54.822,0.443,0,0,0.0,0.0,[],85.03275299072266,85.0692138671875,7.473177909851074,85.03617858886719,85.0523910522461,7.470278739929199,85.00841522216797,85.06150817871094,7.478606700897217
134.4,RUNNING,8,DELIVERY_ASCENT,0.437,0.9572,151.4342,11.127,True,NORMAL,MONITOR,False,{},"[""uav2"", ""uav1"", ""uav0""]",limited,False,{},NONE,NORMAL,SAFE,1.0,IDLE,0.0,0.0,0.0,,,0.0,False,avoidance not required,,{},,,,,,,,,,,0,safe,3.272,54.817,0.433,0,0,0.0,0.0,[],85.03680419921875,85.07203674316406,7.555786609649658,85.03486633300781,85.04893493652344,7.550481796264648,85.0119400024414,85.06171417236328,7.554604530334473
134.6,RUNNING,8,DELIVERY_ASCENT,0.438,0.957,151.4025,11.127,True,NORMAL,MONITOR,False,{},"[""uav2"", ""uav1"", ""uav0""]",limited,False,{},NONE,NORMAL,SAFE,1.0,IDLE,0.0,0.0,0.0,,,0.0,False,avoidance not required,,{},,,,,,,,,,,0,safe,3.277,54.821,0.407,0,0,0.0,0.0,[],85.03746032714844,85.06847381591797,7.628952503204346,85.03739929199219,85.05076599121094,7.628325462341309,85.01483917236328,85.05807495117188,7.6297831535339355
134.8,RUNNING,9,CRUISE_REFORMATION,0.438,0.957,151.4025,11.127,True,NORMAL,MONITOR,False,{},"[""uav2"", ""uav1"", ""uav0""]",limited,False,{},NONE,NORMAL,SAFE,1.0,IDLE,0.0,0.0,0.0,,,0.0,False,avoidance not required,,{},,,,,,,,,,,0,safe,3.277,54.818,0.368,0,0,0.0,0.0,[],85.04229736328125,85.06873321533203,7.698696613311768,85.0373764038086,85.0478286743164,7.699612140655518,85.02029418945312,85.05950164794922,7.698319435119629
135.0,RUNNING,9,CRUISE_REFORMATION,0.439,0.957,151.4025,11.127,True,NORMAL,MONITOR,False,{},"[""uav2"", ""uav1"", ""uav0""]",limited,False,{},NONE,NORMAL,SAFE,1.0,IDLE,0.0,0.0,0.0,,,0.0,False,avoidance not required,,{},,,,,,,,,,,0,safe,3.283,54.819,0.312,0,0,0.0,0.0,[],85.0433349609375,85.0635757446289,7.758220672607422,85.04263305664062,85.0473403930664,7.761632919311523,85.02330017089844,85.05680084228516,7.759150981903076
135.2,RUNNING,9,CRUISE_REFORMATION,0.44,0.9569,151.3735,10.517,True,NORMAL,MONITOR,False,{},"[""uav2"", ""uav1"", ""uav0""]",limited,False,{},NONE,NORMAL,SAFE,1.0,IDLE,0.0,0.0,0.0,,,0.0,False,avoidance not required,,{},,,,,,,,,,,0,safe,3.281,54.814,0.258,0,0,0.0,0.0,[],85.04882049560547,85.06458282470703,7.8096160888671875,85.04379272460938,85.04216003417969,7.811540126800537,85.02733612060547,85.05888366699219,7.812178611755371
135.4,RUNNING,9,CRUISE_REFORMATION,0.441,0.9569,151.3735,10.517,True,NORMAL,MONITOR,False,{},"[""uav2"", ""uav1"", ""uav0""]",limited,False,{},NONE,NORMAL,SAFE,1.0,IDLE,0.0,0.0,0.0,,,0.0,False,avoidance not required,,{},,,,,,,,,,,0,safe,3.284,54.817,0.231,0,0,0.0,0.0,[],85.05006408691406,85.06005859375,7.8476080894470215,85.05165100097656,85.03981018066406,7.853728771209717,85.02867889404297,85.05487823486328,7.853203296661377
135.6,RUNNING,9,CRUISE_REFORMATION,0.441,0.9567,151.3461,10.517,True,NORMAL,MONITOR,False,{},"[""uav2"", ""uav1"", ""uav0""]",limited,False,{},NONE,NORMAL,SAFE,1.0,IDLE,0.0,0.0,0.0,,,0.0,False,avoidance not required,,{},,,,,,,,,,,0,safe,3.277,54.813,0.241,0,0,0.0,0.0,[],85.05937194824219,85.05992126464844,7.8781561851501465,85.0543212890625,85.03884887695312,7.885970115661621,85.0312271118164,85.05072021484375,7.883894920349121
135.8,RUNNING,9,CRUISE_REFORMATION,0.442,0.9567,151.3461,10.517,True,NORMAL,MONITOR,False,{},"[""uav2"", ""uav1"", ""uav0""]",limited,False,{},NONE,NORMAL,SAFE,1.0,IDLE,0.0,0.0,0.0,,,0.0,False,avoidance not required,,{},,,,,,,,,,,0,safe,3.277,54.815,0.299,0,0,0.0,0.0,[],85.06346893310547,85.04778289794922,7.900826454162598,85.06610870361328,85.05052947998047,7.910237789154053,85.0319595336914,85.03528594970703,7.9083356857299805
136.0,RUNNING,9,CRUISE_REFORMATION,0.443,0.9567,151.3461,10.517,True,NORMAL,MONITOR,False,{},"[""uav2"", ""uav1"", ""uav0""]",limited,False,{},NONE,NORMAL,SAFE,1.0,IDLE,0.0,0.0,0.0,,,0.0,False,avoidance not required,,{},,,,,,,,,,,0,safe,3.266,54.804,0.380,0,0,0.0,0.0,[],85.0762939453125,85.0357437133789,7.916567802429199,85.06978607177734,85.06710815429688,7.929000377655029,85.03746032714844,85.01123809814453,7.928162574768066
136.2,RUNNING,9,CRUISE_REFORMATION,0.444,0.9566,151.3195,10.517,True,NORMAL,MONITOR,False,{},"[""uav2"", ""uav1"", ""uav0""]",limited,False,{},NONE,NORMAL,SAFE,1.0,IDLE,0.0,0.0,0.0,,,0.0,False,avoidance not required,,{},,,,,,,,,,,0,safe,3.268,54.796,0.485,0,0,0.0,0.0,[],85.08185577392578,85.00347137451172,7.930306911468506,85.07707977294922,85.0977554321289,7.94614315032959,85.03784942626953,84.9736328125,7.9415283203125
136.4,RUNNING,9,CRUISE_REFORMATION,0.444,0.9566,151.3195,10.517,True,NORMAL,MONITOR,False,{},"[""uav2"", ""uav1"", ""uav0""]",limited,False,{},NONE,NORMAL,SAFE,1.0,IDLE,0.0,0.0,0.0,,,0.0,False,avoidance not required,,{},,,,,,,,,,,0,safe,3.263,54.766,0.589,0,0,0.0,0.0,[],85.08955383300781,84.95891571044922,7.939781188964844,85.07678985595703,85.13883209228516,7.957726955413818,85.03917694091797,84.92994689941406,7.94989538192749
136.6,RUNNING,9,CRUISE_REFORMATION,0.445,0.9565,151.2931,10.517,True,NORMAL,MONITOR,False,{},"[""uav2"", ""uav1"", ""uav0""]",limited,False,{},NONE,NORMAL,SAFE,1.0,IDLE,0.0,0.0,0.0,,,0.0,False,avoidance not required,,{},,,,,,,,,,,0,safe,3.269,54.725,0.694,0,0,0.0,0.0,[],85.0931625366211,84.8935775756836,7.950044631958008,85.07963562011719,85.19815063476562,7.963225841522217,85.0356674194336,84.86750793457031,7.958597183227539
136.8,RUNNING,9,CRUISE_REFORMATION,0.446,0.9565,151.2931,10.517,True,NORMAL,MONITOR,False,{},"[""uav2"", ""uav1"", ""uav0""]",limited,False,{},NONE,NORMAL,SAFE,1.0,IDLE,0.0,0.0,0.0,,,0.0,False,avoidance not required,,{},,,,,,,,,,,0,safe,3.273,54.662,0.789,0,0,0.0,0.0,[],85.10718536376953,84.8190689086914,7.962474346160889,85.07585906982422,85.27191162109375,7.968688488006592,85.03833770751953,84.79439544677734,7.967414379119873
137.0,RUNNING,9,CRUISE_REFORMATION,0.447,0.9565,151.2931,10.517,True,NORMAL,MONITOR,False,{},"[""uav2"", ""uav1"", ""uav0""]",limited,False,{},NONE,NORMAL,SAFE,1.0,IDLE,0.0,0.0,0.0,,,0.0,False,avoidance not required,,{},,,,,,,,,,,0,safe,3.297,54.594,0.884,0,0,0.0,0.0,[],85.11649322509766,84.71776580810547,7.972720623016357,85.07798767089844,85.3675308227539,7.972774505615234,85.03337097167969,84.69882202148438,7.976150035858154
137.2,RUNNING,9,CRUISE_REFORMATION,0.447,0.9563,151.2662,10.517,True,NORMAL,MONITOR,False,{},"[""uav2"", ""uav1"", ""uav0""]",limited,False,{},NONE,NORMAL,SAFE,1.0,IDLE,0.0,0.0,0.0,,,0.0,False,avoidance not required,,{},,,,,,,,,,,0,safe,3.323,54.498,0.957,0,0,0.0,0.0,[],85.13166809082031,84.61202239990234,7.9831438064575195,85.07453918457031,85.47813415527344,7.978515625,85.03109741210938,84.58698272705078,7.984841823577881
137.4,RUNNING,9,CRUISE_REFORMATION,0.448,0.9563,151.2662,10.517,True,NORMAL,MONITOR,False,{},"[""uav2"", ""uav1"", ""uav0""]",limited,False,{},NONE,NORMAL,SAFE,1.0,IDLE,0.0,0.0,0.0,,,0.0,False,avoidance not required,,{},,,,,,,,,,,0,safe,3.357,54.400,1.030,0,0,0.0,0.0,[],85.142333984375,84.48056030273438,7.987232208251953,85.07518768310547,85.61077880859375,7.986987590789795,85.0211410522461,84.45623779296875,7.989948272705078
137.6,RUNNING,9,CRUISE_REFORMATION,0.449,0.9562,151.2391,10.517,True,NORMAL,MONITOR,False,{},"[""uav2"", ""uav1"", ""uav0""]",limited,False,{},NONE,NORMAL,SAFE,1.0,IDLE,0.0,0.0,0.0,,,0.0,False,avoidance not required,,{},,,,,,,,,,,0,safe,3.425,54.275,1.079,0,0,0.0,0.0,[],85.1619873046875,84.33700561523438,7.988285064697266,85.06986999511719,85.75304412841797,7.989893913269043,85.01538848876953,84.31436157226562,7.992100715637207
137.8,RUNNING,9,CRUISE_REFORMATION,0.45,0.9562,151.2391,10.517,True,NORMAL,MONITOR,False,{},"[""uav2"", ""uav1"", ""uav0""]",limited,False,{},NONE,NORMAL,SAFE,1.0,IDLE,0.0,0.0,0.0,,,0.0,False,avoidance not required,,{},,,,,,,,,,,0,safe,3.507,54.142,1.114,0,0,0.0,0.0,[],85.1755599975586,84.17668151855469,7.989688873291016,85.06814575195312,85.91291809082031,7.989645957946777,85.0010757446289,84.1564712524414,7.99559211730957
138.0,RUNNING,9,CRUISE_REFORMATION,0.45,0.9562,151.2391,10.517,True,NORMAL,MONITOR,False,{},"[""uav2"", ""uav1"", ""uav0""]",limited,False,{},NONE,NORMAL,SAFE,1.0,IDLE,0.0,0.0,0.0,,,0.0,False,avoidance not required,,{},,,,,,,,,,,0,safe,3.634,53.990,1.129,0,0,0.0,0.0,[],85.19989776611328,84.0016098022461,7.9944610595703125,85.06131744384766,86.0788803100586,7.989010810852051,84.98920440673828,83.9888687133789,8.002300262451172
138.2,RUNNING,9,CRUISE_REFORMATION,0.451,0.9561,151.2116,10.517,True,NORMAL,MONITOR,False,{},"[""uav2"", ""uav1"", ""uav0""]",limited,False,{},NONE,NORMAL,SAFE,1.0,IDLE,0.0,0.0,0.0,,,0.0,False,avoidance not required,,{},,,,,,,,,,,0,safe,3.783,53.827,1.128,0,0,0.0,0.0,[],85.21541595458984,83.8292465209961,7.997354030609131,85.05925750732422,86.26185607910156,7.985647678375244,84.96971130371094,83.81062316894531,8.005953788757324
138.4,RUNNING,9,CRUISE_REFORMATION,0.452,0.9561,151.2116,10.517,True,NORMAL,MONITOR,False,{},"[""uav2"", ""uav1"", ""uav0""]",limited,False,{},NONE,NORMAL,SAFE,1.0,IDLE,0.0,0.0,0.0,,,0.0,False,avoidance not required,,{},,,,,,,,,,,0,safe,3.975,53.665,1.111,0,0,0.0,0.0,[],85.23902130126953,83.64689636230469,7.998721122741699,85.05941009521484,86.45159912109375,7.983859062194824,84.95223999023438,83.62694549560547,8.009681701660156
138.6,RUNNING,9,CRUISE_REFORMATION,0.453,0.9559,151.1841,10.517,True,NORMAL,MONITOR,False,{},"[""uav2"", ""uav1"", ""uav0""]",limited,False,{},NONE,NORMAL,SAFE,1.0,IDLE,0.0,0.0,0.0,,,0.0,False,avoidance not required,,{},,,,,,,,,,,0,safe,4.196,53.495,1.080,0,0,0.0,0.0,[],85.25595092773438,83.45170593261719,7.997379779815674,85.05416870117188,86.63607788085938,7.9850850105285645,84.92986297607422,83.4393081665039,8.01127815246582
138.8,RUNNING,9,CRUISE_REFORMATION,0.453,0.9559,151.1841,10.517,True,NORMAL,MONITOR,False,{},"[""uav2"", ""uav1"", ""uav0""]",limited,False,{},NONE,NORMAL,SAFE,1.0,IDLE,0.0,0.0,0.0,,,0.0,False,avoidance not required,,{},,,,,,,,,,,0,safe,4.443,53.311,1.027,0,0,0.0,0.0,[],85.277587890625,83.27367401123047,7.993680000305176,85.05022430419922,86.82426452636719,7.988804817199707,84.91448974609375,83.25328826904297,8.015113830566406
139.0,RUNNING,9,CRUISE_REFORMATION,0.454,0.9559,151.1841,10.517,True,NORMAL,MONITOR,False,{},"[""uav2"", ""uav1"", ""uav0""]",limited,False,{},NONE,NORMAL,SAFE,1.0,IDLE,0.0,0.0,0.0,,,0.0,False,avoidance not required,,{},,,,,,,,,,,0,safe,4.696,53.145,0.967,0,0,0.0,0.0,[],85.2912368774414,83.08805084228516,7.994175434112549,85.04362487792969,87.00328826904297,7.991807460784912,84.89229583740234,83.06926727294922,8.017678260803223
139.2,RUNNING,9,CRUISE_REFORMATION,0.455,0.9558,151.1568,10.517,True,NORMAL,MONITOR,False,{},"[""uav2"", ""uav1"", ""uav0""]",limited,False,{},NONE,NORMAL,SAFE,1.0,IDLE,0.0,0.0,0.0,,,0.0,False,avoidance not required,,{},,,,,,,,,,,0,safe,4.964,52.969,0.887,0,0,0.0,0.0,[],85.3064956665039,82.90779876708984,8.000499725341797,85.04375457763672,87.1837387084961,7.995517730712891,84.87056732177734,82.8916015625,8.023985862731934
139.4,RUNNING,9,CRUISE_REFORMATION,0.456,0.9558,151.1568,10.517,True,NORMAL,MONITOR,False,{},"[""uav2"", ""uav1"", ""uav0""]",limited,False,{},NONE,NORMAL,SAFE,1.0,IDLE,0.0,0.0,0.0,,,0.0,False,avoidance not required,,{},,,,,,,,,,,0,safe,5.245,52.799,0.792,0,0,0.0,0.0,[],85.31526184082031,82.73474884033203,8.00387191772461,85.0406494140625,87.34955596923828,7.998072147369385,84.84690856933594,82.7205581665039,8.026436805725098
139.6,RUNNING,9,CRUISE_REFORMATION,0.456,0.9556,151.1296,10.517,True,NORMAL,MONITOR,False,{},"[""uav2"", ""uav1"", ""uav0""]",limited,False,{},NONE,NORMAL,SAFE,1.0,IDLE,0.0,0.0,0.0,,,0.0,False,avoidance not required,,{},,,,,,,,,,,0,safe,5.518,52.635,0.684,0,0,0.0,0.0,[],85.33242797851562,82.5751724243164,8.005704879760742,85.04141235351562,87.50641632080078,7.9995646476745605,84.83203887939453,82.5582046508789,8.031853675842285
139.8,RUNNING,10,RETURN,0.457,0.9556,151.1296,10.517,True,NORMAL,MONITOR,False,{},"[""uav2"", ""uav1"", ""uav0""]",limited,False,{},NONE,NORMAL,SAFE,1.0,IDLE,0.0,0.0,0.0,,,0.0,False,avoidance not required,,{},,,,,,,,,,,0,safe,5.777,52.486,0.563,0,0,0.0,0.0,[],85.3459701538086,82.42926788330078,8.009428977966309,85.03984069824219,87.64544677734375,8.0018892288208,84.81285095214844,82.40972900390625,8.031113624572754
140.0,RUNNING,10,RETURN,0.458,0.9556,151.1296,10.517,True,NORMAL,MONITOR,False,{},"[""uav2"", ""uav1"", ""uav0""]",limited,False,{},NONE,NORMAL,SAFE,1.0,IDLE,0.0,0.0,0.0,,,0.0,False,avoidance not required,,{},,,,,,,,,,,0,safe,6.014,52.349,0.432,0,0,0.0,0.0,[],85.3512954711914,82.29743957519531,8.010652542114258,85.04562377929688,87.77368927001953,8.008299827575684,84.79615020751953,82.27725219726562,8.029520034790039
140.2,RUNNING,10,RETURN,0.459,0.9555,151.1029,10.517,True,NORMAL,MONITOR,False,{},"[""uav2"", ""uav1"", ""uav0""]",limited,False,{},NONE,NORMAL,SAFE,1.0,IDLE,0.0,0.0,0.0,,,0.0,False,avoidance not required,,{},,,,,,,,,,,0,safe,6.045,52.223,0.308,0,0,0.0,0.0,[],85.35758209228516,82.1830825805664,8.013535499572754,85.04574584960938,87.87911224365234,8.009634971618652,84.77706146240234,82.16475677490234,8.025782585144043
140.4,RUNNING,10,RETURN,0.459,0.9555,151.1029,10.517,True,NORMAL,MONITOR,False,{},"[""uav2"", ""uav1"", ""uav0""]",limited,False,{},NONE,NORMAL,SAFE,1.0,IDLE,0.0,0.0,0.0,,,0.0,False,avoidance not required,,{},,,,,,,,,,,0,safe,6.020,52.115,0.218,0,0,0.0,0.0,[],85.35694122314453,82.08708190917969,8.014829635620117,85.05027770996094,87.97179412841797,8.009410858154297,84.7600326538086,82.07627868652344,8.023957252502441
140.6,RUNNING,10,RETURN,0.46,0.9554,151.0765,10.517,True,NORMAL,MONITOR,False,{},"[""uav2"", ""uav1"", ""uav0""]",limited,False,{},NONE,NORMAL,SAFE,1.0,IDLE,0.0,0.0,0.0,,,0.0,False,avoidance not required,,{},,,,,,,,,,,0,safe,6.003,52.022,0.168,0,0,0.0,0.0,[],85.35676574707031,82.01042175292969,8.020009994506836,85.04927825927734,88.0388412475586,8.009785652160645,84.74258422851562,82.00335693359375,8.024286270141602
140.8,RUNNING,10,RETURN,0.461,0.9554,151.0765,10.517,True,NORMAL,MONITOR,False,{},"[""uav2"", ""uav1"", ""uav0""]",limited,False,{},NONE,NORMAL,SAFE,1.0,IDLE,0.0,0.0,0.0,,,0.0,False,avoidance not required,,{},,,,,,,,,,,0,safe,5.986,51.948,0.178,0,0,0.0,0.0,[],85.34967803955078,81.95010375976562,8.026061058044434,85.05345916748047,88.09092712402344,8.013091087341309,84.72964477539062,81.93994140625,8.028186798095703
141.0,RUNNING,10,RETURN,0.462,0.9554,151.0765,10.517,True,NORMAL,MONITOR,False,{},"[""uav2"", ""uav1"", ""uav0""]",limited,False,{},NONE,NORMAL,SAFE,1.0,IDLE,0.0,0.0,0.0,,,0.0,False,avoidance not required,,{},,,,,,,,,,,0,safe,5.980,51.888,0.283,0,0,0.0,0.0,[],85.34319305419922,81.90547180175781,8.03759765625,85.04743194580078,88.1178207397461,8.019861221313477,84.7153091430664,81.8911361694336,8.038363456726074
141.2,RUNNING,10,RETURN,0.462,0.9553,151.0503,10.517,True,NORMAL,MONITOR,False,{},"[""uav2"", ""uav1"", ""uav0""]",limited,False,{},NONE,NORMAL,SAFE,1.0,IDLE,0.0,0.0,0.0,,,0.0,False,avoidance not required,,{},,,,,,,,,,,0,safe,5.972,51.844,0.378,0,0,0.0,0.0,[],85.32693481445312,81.86988067626953,8.047293663024902,85.04413604736328,88.12931060791016,8.03408145904541,84.69469451904297,81.85372161865234,8.047172546386719
141.4,RUNNING,10,RETURN,0.463,0.9553,151.0503,10.517,True,NORMAL,MONITOR,False,{},"[""uav2"", ""uav1"", ""uav0""]",limited,False,{},NONE,NORMAL,SAFE,1.0,IDLE,0.0,0.0,0.0,,,0.0,False,avoidance not required,,{},,,,,,,,,,,0,safe,5.968,51.805,0.477,0,0,0.0,0.0,[],85.30638122558594,81.84363555908203,8.063030242919922,85.02662658691406,88.11959075927734,8.0459623336792,84.66825103759766,81.82534790039062,8.058494567871094
141.6,RUNNING,10,RETURN,0.464,0.9551,151.0236,10.517,True,NORMAL,MONITOR,False,{},"[""uav2"", ""uav1"", ""uav0""]",limited,False,{},NONE,NORMAL,SAFE,1.0,IDLE,0.0,0.0,0.0,,,0.0,False,avoidance not required,,{},,,,,,,,,,,0,safe,5.962,51.774,0.564,0,0,0.0,0.0,[],85.27425384521484,81.81739044189453,8.075039863586426,85.00794219970703,88.0998764038086,8.060548782348633,84.63462829589844,81.7991714477539,8.070046424865723
141.8,RUNNING,10,RETURN,0.465,0.9551,151.0236,10.517,True,NORMAL,MONITOR,False,{},"[""uav2"", ""uav1"", ""uav0""]",limited,False,{},NONE,NORMAL,SAFE,1.0,IDLE,0.0,0.0,0.0,,,0.0,False,avoidance not required,,{},,,,,,,,,,,0,safe,5.960,51.740,0.656,0,0,0.0,0.0,[],85.23238372802734,81.79135131835938,8.087620735168457,84.9739761352539,88.05968475341797,8.074925422668457,84.59476470947266,81.7730484008789,8.09111499786377
142.0,RUNNING,10,RETURN,0.465,0.9551,151.0236,10.517,True,NORMAL,MONITOR,False,{},"[""uav2"", ""uav1"", ""uav0""]",limited,False,{},NONE,NORMAL,SAFE,1.0,IDLE,0.0,0.0,0.0,,,0.0,False,avoidance not required,,{},,,,,,,,,,,0,safe,5.962,51.704,0.737,0,0,0.0,0.0,[],85.1790771484375,81.75759887695312,8.103008270263672,84.93701934814453,88.00304412841797,8.091873168945312,84.54698944091797,81.74302673339844,8.110590934753418
142.2,RUNNING,10,RETURN,0.466,0.955,150.9972,10.517,True,NORMAL,MONITOR,False,{},"[""uav2"", ""uav1"", ""uav0""]",limited,False,{},NONE,NORMAL,SAFE,1.0,IDLE,0.0,0.0,0.0,,,0.0,False,avoidance not required,,{},,,,,,,,,,,0,safe,5.968,51.657,0.817,0,0,0.0,0.0,[],85.12641906738281,81.7201919555664,8.123725891113281,84.88304138183594,87.93246459960938,8.110808372497559,84.49471282958984,81.7096939086914,8.130781173706055
142.4,RUNNING,10,RETURN,0.467,0.955,150.9972,10.517,True,NORMAL,MONITOR,False,{},"[""uav2"", ""uav1"", ""uav0""]",limited,False,{},NONE,NORMAL,SAFE,1.0,IDLE,0.0,0.0,0.0,,,0.0,False,avoidance not required,,{},,,,,,,,,,,0,safe,5.968,51.607,0.890,0,0,0.0,0.0,[],85.05989837646484,81.67183685302734,8.145427703857422,84.83373260498047,87.85247802734375,8.13426685333252,84.43220520019531,81.66629791259766,8.151274681091309
142.6,RUNNING,10,RETURN,0.468,0.9548,150.97,10.517,True,NORMAL,MONITOR,False,{},"[""uav2"", ""uav1"", ""uav0""]",limited,False,{},NONE,NORMAL,SAFE,1.0,IDLE,0.0,0.0,0.0,,,0.0,False,avoidance not required,,{},,,,,,,,,,,0,safe,5.972,51.542,0.973,0,0,0.0,0.0,[],84.98223876953125,81.61131286621094,8.177850723266602,84.7733154296875,87.7606201171875,8.154706954956055,84.36495208740234,81.61375427246094,8.1743745803833
142.8,RUNNING,10,RETURN,0.468,0.9548,150.97,10.517,True,NORMAL,MONITOR,False,{},"[""uav2"", ""uav1"", ""uav0""]",limited,False,{},NONE,NORMAL,SAFE,1.0,IDLE,0.0,0.0,0.0,,,0.0,False,avoidance not required,,{},,,,,,,,,,,0,safe,5.983,51.463,1.053,0,0,0.0,0.0,[],84.89892578125,81.5441665649414,8.20586109161377,84.69013977050781,87.65912628173828,8.179483413696289,84.28556823730469,81.54727935791016,8.20082950592041
143.0,RUNNING,10,RETURN,0.469,0.9548,150.97,10.517,True,NORMAL,MONITOR,False,{},"[""uav2"", ""uav1"", ""uav0""]",limited,False,{},NONE,NORMAL,SAFE,1.0,IDLE,0.0,0.0,0.0,,,0.0,False,avoidance not required,,{},,,,,,,,,,,0,safe,5.987,51.377,1.124,0,0,0.0,0.0,[],84.80187225341797,81.45677947998047,8.242687225341797,84.59963989257812,87.5482177734375,8.210586547851562,84.20145416259766,81.46573638916016,8.234421730041504
143.2,RUNNING,10,RETURN,0.47,0.9547,150.9417,10.517,True,NORMAL,MONITOR,False,{},"[""uav2"", ""uav1"", ""uav0""]",limited,False,{},NONE,NORMAL,SAFE,1.0,IDLE,0.0,0.0,0.0,,,0.0,False,avoidance not required,,{},,,,,,,,,,,0,safe,6.000,51.267,1.196,0,0,0.0,0.0,[],84.69479370117188,81.3617935180664,8.279667854309082,84.4969711303711,87.42706298828125,8.249568939208984,84.1025619506836,81.37154388427734,8.26956558227539
143.4,RUNNING,10,RETURN,0.471,0.9547,150.9417,10.517,True,NORMAL,MONITOR,False,{},"[""uav2"", ""uav1"", ""uav0""]",limited,False,{},NONE,NORMAL,SAFE,1.0,IDLE,0.0,0.0,0.0,,,0.0,False,avoidance not required,,{},,,,,,,,,,,0,safe,6.008,51.147,1.264,0,0,0.0,0.0,[],84.5805435180664,81.25975036621094,8.322541236877441,84.37329864501953,87.29965209960938,8.291704177856445,83.9978256225586,81.2613296508789,8.312762260437012
143.6,RUNNING,10,RETURN,0.471,0.9546,150.9123,10.517,True,NORMAL,MONITOR,False,{},"[""uav2"", ""uav1"", ""uav0""]",limited,False,{},NONE,NORMAL,SAFE,1.0,IDLE,0.0,0.0,0.0,,,0.0,False,avoidance not required,,{},,,,,,,,,,,0,safe,6.017,51.019,1.325,0,0,0.0,0.0,[],84.44548797607422,81.13813781738281,8.366536140441895,84.23829650878906,87.16395568847656,8.342794418334961,83.8778076171875,81.14171600341797,8.356025695800781
143.8,RUNNING,10,RETURN,0.472,0.9546,150.9123,10.517,True,NORMAL,MONITOR,False,{},"[""uav2"", ""uav1"", ""uav0""]",limited,False,{},NONE,NORMAL,SAFE,1.0,IDLE,0.0,0.0,0.0,,,0.0,False,avoidance not required,,{},,,,,,,,,,,0,safe,6.032,50.866,1.384,0,0,0.0,0.0,[],84.30863189697266,81.00817108154297,8.415218353271484,84.08769989013672,87.02269744873047,8.392191886901855,83.75188446044922,81.01142883300781,8.403188705444336
144.0,RUNNING,10,RETURN,0.473,0.9544,150.8818,10.517,True,NORMAL,MONITOR,False,{},"[""uav2"", ""uav1"", ""uav0""]",limited,False,{},NONE,NORMAL,SAFE,1.0,IDLE,0.0,0.0,0.0,,,0.0,False,avoidance not required,,{},,,,,,,,,,,0,safe,6.043,50.705,1.440,0,0,0.0,0.0,[],84.167724609375,80.87400817871094,8.460089683532715,83.93312072753906,86.87350463867188,8.4476900100708,83.60926055908203,80.87198638916016,8.451521873474121
144.2,RUNNING,10,RETURN,0.474,0.9544,150.8818,10.517,True,NORMAL,MONITOR,False,{},"[""uav2"", ""uav1"", ""uav0""]",limited,False,{},NONE,NORMAL,SAFE,1.0,IDLE,0.0,0.0,0.0,,,0.0,False,avoidance not required,,{},,,,,,,,,,,0,safe,6.041,50.352,1.559,0,0,0.0,0.0,[],84.01725006103516,80.71918487548828,8.517232894897461,83.765380859375,86.71782684326172,8.498635292053223,83.45806884765625,80.7213134765625,8.509084701538086
144.4,RUNNING,10,RETURN,0.474,0.9544,150.8818,10.517,True,NORMAL,MONITOR,False,{},"[""uav2"", ""uav1"", ""uav0""]",limited,False,{},NONE,NORMAL,SAFE,1.0,IDLE,0.0,0.0,0.0,,,0.0,False,avoidance not required,,{},,,,,,,,,,,0,safe,6.041,50.352,1.559,0,0,0.0,0.0,[],83.85454559326172,80.55702209472656,8.568048477172852,83.59217071533203,86.55195617675781,8.553479194641113,83.2925796508789,80.56114196777344,8.56404972076416
144.6,RUNNING,10,RETURN,0.475,0.9543,150.8502,10.517,True,NORMAL,MONITOR,False,{},"[""uav2"", ""uav1"", ""uav0""]",limited,False,{},NONE,NORMAL,SAFE,1.0,IDLE,0.0,0.0,0.0,,,0.0,False,avoidance not required,,{},,,,,,,,,,,0,safe,6.038,50.154,1.626,0,0,0.0,0.0,[],83.68707275390625,80.38015747070312,8.62282943725586,83.40689086914062,86.37953186035156,8.606966018676758,83.12300109863281,80.38681030273438,8.624373435974121
144.8,RUNNING,10,RETURN,0.476,0.9543,150.8502,10.517,True,NORMAL,MONITOR,False,{},"[""uav2"", ""uav1"", ""uav0""]",limited,False,{},NONE,NORMAL,SAFE,1.0,IDLE,0.0,0.0,0.0,,,0.0,False,avoidance not required,,{},,,,,,,,,,,0,safe,6.036,49.941,1.695,0,0,0.0,0.0,[],83.50572204589844,80.19862365722656,8.676202774047852,83.2208023071289,86.19151306152344,8.666413307189941,82.9378662109375,80.20541381835938,8.683879852294922
145.0,RUNNING,10,RETURN,0.477,0.9543,150.8502,10.517,True,NORMAL,MONITOR,False,{},"[""uav2"", ""uav1"", ""uav0""]",limited,False,{},NONE,NORMAL,SAFE,1.0,IDLE,0.0,0.0,0.0,,,0.0,False,avoidance not required,,{},,,,,,,,,,,0,safe,6.032,49.720,1.757,0,0,0.0,0.0,[],83.31633758544922,80.00724029541016,8.737767219543457,83.02124786376953,85.99970245361328,8.725258827209473,82.74625396728516,80.01152801513672,8.754866600036621
145.2,RUNNING,10,RETURN,0.477,0.9541,150.8172,10.517,True,NORMAL,MONITOR,False,{},"[""uav2"", ""uav1"", ""uav0""]",limited,False,{},NONE,NORMAL,SAFE,1.0,IDLE,0.0,0.0,0.0,,,0.0,False,avoidance not required,,{},,,,,,,,,,,0,safe,6.030,49.488,1.808,0,0,0.0,0.0,[],83.10747528076172,79.80271911621094,8.800958633422852,82.81780242919922,85.79607391357422,8.79366683959961,82.54171752929688,79.81310272216797,8.817400932312012
145.4,RUNNING,10,RETURN,0.478,0.9541,150.8172,10.517,True,NORMAL,MONITOR,False,{},"[""uav2"", ""uav1"", ""uav0""]",limited,False,{},NONE,NORMAL,SAFE,1.0,IDLE,0.0,0.0,0.0,,,0.0,False,avoidance not required,,{},,,,,,,,,,,0,safe,6.034,49.239,1.846,0,0,0.0,0.0,[],82.91217803955078,79.60348510742188,8.86376667022705,82.60333251953125,85.58831024169922,8.860488891601562,82.33634185791016,79.6072998046875,8.881689071655273
145.6,RUNNING,10,RETURN,0.479,0.9539,150.7834,10.517,True,NORMAL,MONITOR,False,{},"[""uav2"", ""uav1"", ""uav0""]",limited,False,{},NONE,NORMAL,SAFE,1.0,IDLE,0.0,0.0,0.0,,,0.0,False,avoidance not required,,{},,,,,,,,,,,0,safe,6.024,48.999,1.877,0,0,0.0,0.0,[],82.69691467285156,79.39201354980469,8.924965858459473,82.38813781738281,85.36663055419922,8.931365013122559,82.11874389648438,79.39656066894531,8.942779541015625
145.8,RUNNING,10,RETURN,0.48,0.9539,150.7834,10.517,True,NORMAL,MONITOR,False,{},"[""uav2"", ""uav1"", ""uav0""]",limited,False,{},NONE,NORMAL,SAFE,1.0,IDLE,0.0,0.0,0.0,,,0.0,False,avoidance not required,,{},,,,,,,,,,,0,safe,6.022,48.743,1.897,0,0,0.0,0.0,[],82.46967315673828,79.1582260131836,8.993077278137207,82.16255187988281,85.1453857421875,8.995945930480957,81.9046859741211,79.1743392944336,9.010448455810547
146.0,RUNNING,10,RETURN,0.48,0.9539,150.7834,10.517,True,NORMAL,MONITOR,False,{},"[""uav2"", ""uav1"", ""uav0""]",limited,False,{},NONE,NORMAL,SAFE,1.0,IDLE,0.0,0.0,0.0,,,0.0,False,avoidance not required,,{},,,,,,,,,,,0,safe,6.035,48.463,1.909,0,0,0.0,0.0,[],82.24213409423828,78.93367004394531,9.05562973022461,81.93551635742188,84.914794921875,9.063180923461914,81.68437957763672,78.94425201416016,9.071727752685547
146.2,RUNNING,10,RETURN,0.481,0.9537,150.7488,10.517,True,NORMAL,MONITOR,False,{},"[""uav2"", ""uav1"", ""uav0""]",limited,False,{},NONE,NORMAL,SAFE,1.0,IDLE,0.0,0.0,0.0,,,0.0,False,avoidance not required,,{},,,,,,,,,,,0,safe,6.042,48.192,1.913,0,0,0.0,0.0,[],82.01333618164062,78.70211791992188,9.12195873260498,81.70109558105469,84.6884536743164,9.12655258178711,81.45122528076172,78.71719360351562,9.13232135772705
146.4,RUNNING,10,RETURN,0.482,0.9537,150.7488,10.517,True,NORMAL,MONITOR,False,{},"[""uav2"", ""uav1"", ""uav0""]",limited,False,{},NONE,NORMAL,SAFE,1.0,IDLE,0.0,0.0,0.0,,,0.0,False,avoidance not required,,{},,,,,,,,,,,0,safe,6.038,47.915,1.910,0,0,0.0,0.0,[],81.78634643554688,78.48248291015625,9.183525085449219,81.46928405761719,84.45631408691406,9.194878578186035,81.21288299560547,78.49005889892578,9.199085235595703
146.6,RUNNING,10,RETURN,0.483,0.9536,150.7139,10.517,True,NORMAL,MONITOR,False,{},"[""uav2"", ""uav1"", ""uav0""]",limited,False,{},NONE,NORMAL,SAFE,1.0,IDLE,0.0,0.0,0.0,,,0.0,False,avoidance not required,,{},,,,,,,,,,,0,safe,6.027,47.651,1.902,0,0,0.0,0.0,[],81.54597473144531,78.24503326416016,9.254743576049805,81.23065948486328,84.22884368896484,9.261035919189453,80.96736145019531,78.26316833496094,9.260814666748047
146.8,RUNNING,10,RETURN,0.483,0.9536,150.7139,10.517,True,NORMAL,MONITOR,False,{},"[""uav2"", ""uav1"", ""uav0""]",limited,False,{},NONE,NORMAL,SAFE,1.0,IDLE,0.0,0.0,0.0,,,0.0,False,avoidance not required,,{},,,,,,,,,,,0,safe,6.021,47.366,1.889,0,0,0.0,0.0,[],81.30374145507812,78.0141372680664,9.318424224853516,80.98942565917969,83.99626159667969,9.333711624145508,80.72088623046875,78.030517578125,9.32848834991455
147.0,RUNNING,10,RETURN,0.484,0.9536,150.7139,10.517,True,NORMAL,MONITOR,False,{},"[""uav2"", ""uav1"", ""uav0""]",limited,False,{},NONE,NORMAL,SAFE,1.0,IDLE,0.0,0.0,0.0,,,0.0,False,avoidance not required,,{},,,,,,,,,,,0,safe,6.017,47.089,1.872,0,0,0.0,0.0,[],81.06871032714844,77.7808837890625,9.385496139526367,80.74531555175781,83.77007293701172,9.398327827453613,80.4721908569336,77.80226135253906,9.391288757324219
147.2,RUNNING,10,RETURN,0.485,0.9534,150.679,10.517,True,NORMAL,MONITOR,False,{},"[""uav2"", ""uav1"", ""uav0""]",limited,False,{},NONE,NORMAL,SAFE,1.0,IDLE,0.0,0.0,0.0,,,0.0,False,avoidance not required,,{},,,,,,,,,,,0,safe,6.004,46.812,1.856,0,0,0.0,0.0,[],80.8294906616211,77.55460357666016,9.448653221130371,80.50236511230469,83.54146575927734,9.470132827758789,80.22697448730469,77.57588958740234,9.456589698791504
147.4,RUNNING,10,RETURN,0.486,0.9534,150.679,10.517,True,NORMAL,MONITOR,False,{},"[""uav2"", ""uav1"", ""uav0""]",limited,False,{},NONE,NORMAL,SAFE,1.0,IDLE,0.0,0.0,0.0,,,0.0,False,avoidance not required,,{},,,,,,,,,,,0,safe,5.998,46.541,1.843,0,0,0.0,0.0,[],80.59053039550781,77.33014678955078,9.5153169631958,80.25916290283203,83.31924438476562,9.534500122070312,79.98075866699219,77.35062408447266,9.519086837768555
147.6,RUNNING,10,RETURN,0.486,0.9532,150.6441,10.517,True,NORMAL,MONITOR,False,{},"[""uav2"", ""uav1"", ""uav0""]",limited,False,{},NONE,NORMAL,SAFE,1.0,IDLE,0.0,0.0,0.0,,,0.0,False,avoidance not required,,{},,,,,,,,,,,0,safe,5.990,46.272,1.831,0,0,0.0,0.0,[],80.34979248046875,77.10823822021484,9.581742286682129,80.01991271972656,83.1004867553711,9.600273132324219,79.73887634277344,77.12246704101562,9.585609436035156
147.8,RUNNING,10,RETURN,0.487,0.9532,150.6441,10.517,True,NORMAL,MONITOR,False,{},"[""uav2"", ""uav1"", ""uav0""]",limited,False,{},NONE,NORMAL,SAFE,1.0,IDLE,0.0,0.0,0.0,,,0.0,False,avoidance not required,,{},,,,,,,,,,,0,safe,5.989,46.007,1.820,0,0,0.0,0.0,[],80.10765838623047,76.88937377929688,9.645109176635742,79.78022766113281,82.88318634033203,9.662599563598633,79.49665832519531,76.89804077148438,9.64816665649414
148.0,RUNNING,10,RETURN,0.488,0.9532,150.6441,10.517,True,NORMAL,MONITOR,False,{},"[""uav2"", ""uav1"", ""uav0""]",limited,False,{},NONE,NORMAL,SAFE,1.0,IDLE,0.0,0.0,0.0,,,0.0,False,avoidance not required,,{},,,,,,,,,,,0,safe,5.989,45.745,1.814,0,0,0.0,0.0,[],79.85420227050781,76.66331481933594,9.717175483703613,79.54322052001953,82.66368865966797,9.728684425354004,79.26036071777344,76.677490234375,9.714895248413086
148.2,RUNNING,10,RETURN,0.489,0.953,150.6092,10.517,True,NORMAL,MONITOR,False,{},"[""uav2"", ""uav1"", ""uav0""]",limited,False,{},NONE,NORMAL,SAFE,1.0,IDLE,0.0,0.0,0.0,,,0.0,False,avoidance not required,,{},,,,,,,,,,,0,safe,6.006,45.475,1.810,0,0,0.0,0.0,[],79.61998748779297,76.45578002929688,9.782780647277832,79.3046875,82.44718170166016,9.791080474853516,79.02203369140625,76.45708465576172,9.776128768920898
148.4,RUNNING,10,RETURN,0.489,0.953,150.6092,10.517,True,NORMAL,MONITOR,False,{},"[""uav2"", ""uav1"", ""uav0""]",limited,False,{},NONE,NORMAL,SAFE,1.0,IDLE,0.0,0.0,0.0,,,0.0,False,avoidance not required,,{},,,,,,,,,,,0,safe,6.002,45.228,1.807,0,0,0.0,0.0,[],79.3780746459961,76.23908233642578,9.844328880310059,79.06440734863281,82.23632049560547,9.856456756591797,78.78422546386719,76.23571014404297,9.834006309509277
148.6,RUNNING,10,RETURN,0.49,0.9529,150.5744,10.517,True,NORMAL,MONITOR,False,{},"[""uav2"", ""uav1"", ""uav0""]",limited,False,{},NONE,NORMAL,SAFE,1.0,IDLE,0.0,0.0,0.0,,,0.0,False,avoidance not required,,{},,,,,,,,,,,0,safe,6.006,44.971,1.805,0,0,0.0,0.0,[],79.13641357421875,76.01972961425781,9.905402183532715,78.82567596435547,82.02252197265625,9.917930603027344,78.54542541503906,76.01505279541016,9.894706726074219
148.8,RUNNING,10,RETURN,0.491,0.9529,150.5744,10.517,True,NORMAL,MONITOR,False,{},"[""uav2"", ""uav1"", ""uav0""]",limited,False,{},NONE,NORMAL,SAFE,1.0,IDLE,0.0,0.0,0.0,,,0.0,False,avoidance not required,,{},,,,,,,,,,,0,safe,6.009,44.712,1.802,0,0,0.0,0.0,[],78.88836669921875,75.79169464111328,9.968505859375,78.58838653564453,81.80558013916016,9.981257438659668,78.3075942993164,75.7955322265625,9.961190223693848
149.0,RUNNING,10,RETURN,0.492,0.9529,150.5744,10.517,True,NORMAL,MONITOR,False,{},"[""uav2"", ""uav1"", ""uav0""]",limited,False,{},NONE,NORMAL,SAFE,1.0,IDLE,0.0,0.0,0.0,,,0.0,False,avoidance not required,,{},,,,,,,,,,,0,safe,6.019,44.444,1.799,0,0,0.0,0.0,[],78.66354370117188,75.58135223388672,10.027572631835938,78.35250854492188,81.58728790283203,10.044427871704102,78.0703353881836,75.57669067382812,10.024003982543945
149.2,RUNNING,10,RETURN,0.492,0.9527,150.5395,10.517,True,NORMAL,MONITOR,False,{},"[""uav2"", ""uav1"", ""uav0""]",limited,False,{},NONE,NORMAL,SAFE,1.0,IDLE,0.0,0.0,0.0,,,0.0,False,avoidance not required,,{},,,,,,,,,,,0,safe,6.007,44.199,1.798,0,0,0.0,0.0,[],78.4310302734375,75.36221313476562,10.088997840881348,78.11927032470703,81.37104034423828,10.113139152526855,77.8356704711914,75.36067962646484,10.086156845092773
149.4,RUNNING,10,RETURN,0.493,0.9527,150.5395,10.517,True,NORMAL,MONITOR,False,{},"[""uav2"", ""uav1"", ""uav0""]",limited,False,{},NONE,NORMAL,SAFE,1.0,IDLE,0.0,0.0,0.0,,,0.0,False,avoidance not required,,{},,,,,,,,,,,0,safe,6.005,43.945,1.800,0,0,0.0,0.0,[],78.20207214355469,75.14529418945312,10.152488708496094,77.88728332519531,81.15217590332031,10.177146911621094,77.60130310058594,75.14320373535156,10.150202751159668
149.6,RUNNING,10,RETURN,0.494,0.9525,150.5047,10.517,True,NORMAL,MONITOR,False,{},"[""uav2"", ""uav1"", ""uav0""]",limited,False,{},NONE,NORMAL,SAFE,1.0,IDLE,0.0,0.0,0.0,,,0.0,False,avoidance not required,,{},,,,,,,,,,,0,safe,5.999,43.694,1.802,0,0,0.0,0.0,[],77.9728775024414,74.92967987060547,10.213250160217285,77.65914916992188,80.93231964111328,10.24124526977539,77.3675308227539,74.92731475830078,10.218436241149902
149.8,RUNNING,10,RETURN,0.495,0.9525,150.5047,10.517,True,NORMAL,MONITOR,False,{},"[""uav2"", ""uav1"", ""uav0""]",limited,False,{},NONE,NORMAL,SAFE,1.0,IDLE,0.0,0.0,0.0,,,0.0,False,avoidance not required,,{},,,,,,,,,,,0,safe,5.995,43.445,1.809,0,0,0.0,0.0,[],77.74249267578125,74.71107482910156,10.27348518371582,77.43025207519531,80.71157836914062,10.30274486541748,77.13410949707031,74.70755004882812,10.283499717712402
150.0,RUNNING,10,RETURN,0.495,0.9523,150.4698,10.517,True,NORMAL,MONITOR,False,{},"[""uav2"", ""uav1"", ""uav0""]",limited,False,{},NONE,NORMAL,SAFE,1.0,IDLE,0.0,0.0,0.0,,,0.0,False,avoidance not required,,{},,,,,,,,,,,0,safe,5.992,43.194,1.813,0,0,0.0,0.0,[],77.50730895996094,74.49180603027344,10.333030700683594,77.20059204101562,80.49497985839844,10.367459297180176,76.90141296386719,74.48466491699219,10.347755432128906
150.2,RUNNING,10,RETURN,0.496,0.9523,150.4698,10.517,True,NORMAL,MONITOR,False,{},"[""uav2"", ""uav1"", ""uav0""]",limited,False,{},NONE,NORMAL,SAFE,1.0,IDLE,0.0,0.0,0.0,,,0.0,False,avoidance not required,,{},,,,,,,,,,,0,safe,5.994,42.943,1.813,0,0,0.0,0.0,[],77.27413177490234,74.2698745727539,10.396245002746582,76.97039794921875,80.27462768554688,10.427604675292969,76.66988372802734,74.26075744628906,10.41002368927002
150.4,RUNNING,10,RETURN,0.497,0.9523,150.4698,10.517,True,NORMAL,MONITOR,False,{},"[""uav2"", ""uav1"", ""uav0""]",limited,False,{},NONE,NORMAL,SAFE,1.0,IDLE,0.0,0.0,0.0,,,0.0,False,avoidance not required,,{},,,,,,,,,,,0,safe,5.996,42.690,1.812,0,0,0.0,0.0,[],77.0435562133789,74.04749298095703,10.461090087890625,76.73983764648438,80.05384826660156,10.48637580871582,76.4427261352539,74.03948974609375,10.468198776245117
150.6,RUNNING,10,RETURN,0.498,0.9522,150.4351,10.517,True,NORMAL,MONITOR,False,{},"[""uav2"", ""uav1"", ""uav0""]",limited,False,{},NONE,NORMAL,SAFE,1.0,IDLE,0.0,0.0,0.0,,,0.0,False,avoidance not required,,{},,,,,,,,,,,0,safe,5.999,42.438,1.812,0,0,0.0,0.0,[],76.81377410888672,73.82405853271484,10.525182723999023,76.50946807861328,79.83051300048828,10.5449800491333,76.21461486816406,73.81983947753906,10.522514343261719
150.8,RUNNING,10,RETURN,0.498,0.9522,150.4351,10.517,True,NORMAL,MONITOR,False,{},"[""uav2"", ""uav1"", ""uav0""]",limited,False,{},NONE,NORMAL,SAFE,1.0,IDLE,0.0,0.0,0.0,,,0.0,False,avoidance not required,,{},,,,,,,,,,,0,safe,6.001,42.186,1.812,0,0,0.0,0.0,[],76.58502960205078,73.60384368896484,10.588410377502441,76.28117370605469,79.6086654663086,10.602737426757812,75.98462677001953,73.59687805175781,10.579522132873535
151.0,RUNNING,10,RETURN,0.499,0.9522,150.4351,10.517,True,NORMAL,MONITOR,False,{},"[""uav2"", ""uav1"", ""uav0""]",limited,False,{},NONE,NORMAL,SAFE,1.0,IDLE,0.0,0.0,0.0,,,0.0,False,avoidance not required,,{},,,,,,,,,,,0,safe,6.000,41.938,1.816,0,0,0.0,0.0,[],76.35230255126953,73.38382720947266,10.649788856506348,76.05039978027344,79.38369750976562,10.66041088104248,75.75346374511719,73.37139129638672,10.635872840881348
151.2,RUNNING,10,RETURN,0.5,0.952,150.4,10.517,True,NORMAL,MONITOR,False,{},"[""uav2"", ""uav1"", ""uav0""]",limited,False,{},NONE,NORMAL,SAFE,1.0,IDLE,0.0,0.0,0.0,,,0.0,False,avoidance not required,,{},,,,,,,,,,,0,safe,6.001,41.691,1.816,0,0,0.0,0.0,[],76.11991119384766,73.16146850585938,10.712031364440918,75.81896209716797,79.15666198730469,10.719741821289062,75.52130889892578,73.1456069946289,10.697774887084961
151.4,RUNNING,10,RETURN,0.501,0.952,150.4,10.517,True,NORMAL,MONITOR,False,{},"[""uav2"", ""uav1"", ""uav0""]",limited,False,{},NONE,NORMAL,SAFE,1.0,IDLE,0.0,0.0,0.0,,,0.0,False,avoidance not required,,{},,,,,,,,,,,0,safe,6.001,41.443,1.816,0,0,0.0,0.0,[],75.88277435302734,72.94343566894531,10.775943756103516,75.58790588378906,78.92984008789062,10.780200958251953,75.28919219970703,72.92277526855469,10.75875186920166
151.6,RUNNING,10,RETURN,0.501,0.9518,150.3648,10.517,True,NORMAL,MONITOR,False,{},"[""uav2"", ""uav1"", ""uav0""]",limited,False,{},NONE,NORMAL,SAFE,1.0,IDLE,0.0,0.0,0.0,,,0.0,False,avoidance not required,,{},,,,,,,,,,,0,safe,6.006,41.199,1.814,0,0,0.0,0.0,[],75.64811706542969,72.72142028808594,10.838685035705566,75.35575866699219,78.70307159423828,10.841581344604492,75.05646514892578,72.6987075805664,10.823083877563477
151.8,RUNNING,10,RETURN,0.502,0.9518,150.3648,10.517,True,NORMAL,MONITOR,False,{},"[""uav2"", ""uav1"", ""uav0""]",limited,False,{},NONE,NORMAL,SAFE,1.0,IDLE,0.0,0.0,0.0,,,0.0,False,avoidance not required,,{},,,,,,,,,,,0,safe,6.008,40.953,1.813,0,0,0.0,0.0,[],75.41285705566406,72.49765014648438,10.898078918457031,75.12168884277344,78.48314666748047,10.900554656982422,74.82275390625,72.4750747680664,10.885583877563477
152.0,RUNNING,10,RETURN,0.503,0.9518,150.3648,10.517,True,NORMAL,MONITOR,False,{},"[""uav2"", ""uav1"", ""uav0""]",limited,False,{},NONE,NORMAL,SAFE,1.0,IDLE,0.0,0.0,0.0,,,0.0,False,avoidance not required,,{},,,,,,,,,,,0,safe,6.010,40.706,1.809,0,0,0.0,0.0,[],75.17985534667969,72.27196502685547,10.957284927368164,74.88758087158203,78.26079559326172,10.96186637878418,74.59002685546875,72.25084686279297,10.950284004211426
152.2,RUNNING,10,RETURN,0.504,0.9516,150.3296,10.517,True,NORMAL,MONITOR,False,{},"[""uav2"", ""uav1"", ""uav0""]",limited,False,{},NONE,NORMAL,SAFE,1.0,IDLE,0.0,0.0,0.0,,,0.0,False,avoidance not required,,{},,,,,,,,,,,0,safe,6.010,40.458,1.806,0,0,0.0,0.0,[],74.93767547607422,72.03841400146484,11.016321182250977,74.65145874023438,78.03996276855469,11.021590232849121,74.35921478271484,72.029052734375,11.014996528625488
152.4,RUNNING,10,RETURN,0.504,0.9516,150.3296,10.517,True,NORMAL,MONITOR,False,{},"[""uav2"", ""uav1"", ""uav0""]",limited,False,{},NONE,NORMAL,SAFE,1.0,IDLE,0.0,0.0,0.0,,,0.0,False,avoidance not required,,{},,,,,,,,,,,0,safe,6.022,40.203,1.801,0,0,0.0,0.0,[],74.71654510498047,71.82231140136719,11.07427978515625,74.41697692871094,77.81645202636719,11.082528114318848,74.1280288696289,71.80606079101562,11.082263946533203
152.6,RUNNING,10,RETURN,0.505,0.9515,150.2946,10.517,True,NORMAL,MONITOR,False,{},"[""uav2"", ""uav1"", ""uav0""]",limited,False,{},NONE,NORMAL,SAFE,1.0,IDLE,0.0,0.0,0.0,,,0.0,False,avoidance not required,,{},,,,,,,,,,,0,safe,6.012,39.969,1.803,0,0,0.0,0.0,[],74.48799133300781,71.60191345214844,11.140907287597656,74.18147277832031,77.59579467773438,11.138867378234863,73.89439392089844,71.58311462402344,11.147994995117188
152.8,RUNNING,10,RETURN,0.506,0.9515,150.2946,10.517,True,NORMAL,MONITOR,False,{},"[""uav2"", ""uav1"", ""uav0""]",limited,False,{},NONE,NORMAL,SAFE,1.0,IDLE,0.0,0.0,0.0,,,0.0,False,avoidance not required,,{},,,,,,,,,,,0,safe,6.006,39.730,1.804,0,0,0.0,0.0,[],74.26070404052734,71.37895202636719,11.203548431396484,73.94865417480469,77.37271881103516,11.201382637023926,73.66120910644531,71.35813903808594,11.20964241027832
153.0,RUNNING,10,RETURN,0.507,0.9515,150.2946,10.517,True,NORMAL,MONITOR,False,{},"[""uav2"", ""uav1"", ""uav0""]",limited,False,{},NONE,NORMAL,SAFE,1.0,IDLE,0.0,0.0,0.0,,,0.0,False,avoidance not required,,{},,,,,,,,,,,0,safe,6.001,39.490,1.804,0,0,0.0,0.0,[],74.03579711914062,71.15579223632812,11.26036262512207,73.7170639038086,77.15229034423828,11.265721321105957,73.42479705810547,71.12925720214844,11.263922691345215
153.2,RUNNING,10,RETURN,0.507,0.9513,150.2597,10.517,True,NORMAL,MONITOR,False,{},"[""uav2"", ""uav1"", ""uav0""]",limited,False,{},NONE,NORMAL,SAFE,1.0,IDLE,0.0,0.0,0.0,,,0.0,False,avoidance not required,,{},,,,,,,,,,,0,safe,5.989,39.251,1.808,0,0,0.0,0.0,[],73.80960083007812,70.93077850341797,11.317970275878906,73.48609161376953,76.92837524414062,11.327520370483398,73.19096374511719,70.90235900878906,11.321767807006836
153.4,RUNNING,10,RETURN,0.508,0.9513,150.2597,10.517,True,NORMAL,MONITOR,False,{},"[""uav2"", ""uav1"", ""uav0""]",limited,False,{},NONE,NORMAL,SAFE,1.0,IDLE,0.0,0.0,0.0,,,0.0,False,avoidance not required,,{},,,,,,,,,,,0,safe,5.981,39.012,1.808,0,0,0.0,0.0,[],73.57915496826172,70.70413208007812,11.371705055236816,73.25263214111328,76.70219421386719,11.38477611541748,72.95747375488281,70.67927551269531,11.380359649658203
153.6,RUNNING,10,RETURN,0.509,0.9511,150.2249,10.517,True,NORMAL,MONITOR,False,{},"[""uav2"", ""uav1"", ""uav0""]",limited,False,{},NONE,NORMAL,SAFE,1.0,IDLE,0.0,0.0,0.0,,,0.0,False,avoidance not required,,{},,,,,,,,,,,0,safe,5.978,38.771,1.807,0,0,0.0,0.0,[],73.34942626953125,70.47753143310547,11.429681777954102,73.02092742919922,76.47508239746094,11.44245719909668,72.72509765625,70.4544677734375,11.440681457519531
153.8,RUNNING,10,RETURN,0.51,0.9511,150.2249,10.517,True,NORMAL,MONITOR,False,{},"[""uav2"", ""uav1"", ""uav0""]",limited,False,{},NONE,NORMAL,SAFE,1.0,IDLE,0.0,0.0,0.0,,,0.0,False,avoidance not required,,{},,,,,,,,,,,0,safe,5.976,38.532,1.804,0,0,0.0,0.0,[],73.10880279541016,70.24311065673828,11.490193367004395,72.78688049316406,76.2492904663086,11.497345924377441,72.4889907836914,70.22442626953125,11.496500968933105
154.0,RUNNING,10,RETURN,0.51,0.9511,150.2249,10.517,True,NORMAL,MONITOR,False,{},"[""uav2"", ""uav1"", ""uav0""]",limited,False,{},NONE,NORMAL,SAFE,1.0,IDLE,0.0,0.0,0.0,,,0.0,False,avoidance not required,,{},,,,,,,,,,,0,safe,5.980,38.286,1.788,0,0,0.0,0.0,[],72.8864517211914,70.02371215820312,11.542433738708496,72.55519104003906,76.02234649658203,11.556872367858887,72.25528717041016,69.99777221679688,11.5548734664917
154.2,RUNNING,10,RETURN,0.511,0.951,150.1901,10.517,True,NORMAL,MONITOR,False,{},"[""uav2"", ""uav1"", ""uav0""]",limited,False,{},NONE,NORMAL,SAFE,1.0,IDLE,0.0,0.0,0.0,,,0.0,False,avoidance not required,,{},,,,,,,,,,,0,safe,5.969,38.057,1.797,0,0,0.0,0.0,[],72.65642547607422,69.79729461669922,11.599727630615234,72.32138061523438,75.79228210449219,11.613218307495117,72.0160903930664,69.77518463134766,11.613903999328613
154.4,RUNNING,10,RETURN,0.512,0.951,150.1901,10.517,True,NORMAL,MONITOR,False,{},"[""uav2"", ""uav1"", ""uav0""]",limited,False,{},NONE,NORMAL,SAFE,1.0,IDLE,0.0,0.0,0.0,,,0.0,False,avoidance not required,,{},,,,,,,,,,,0,safe,5.960,37.822,1.794,0,0,0.0,0.0,[],72.4262924194336,69.57677459716797,11.65859603881836,72.09102630615234,75.56432342529297,11.671268463134766,71.78106689453125,69.55330657958984,11.675338745117188
154.6,RUNNING,10,RETURN,0.513,0.9508,150.1553,10.517,True,NORMAL,MONITOR,False,{},"[""uav2"", ""uav1"", ""uav0""]",limited,False,{},NONE,NORMAL,SAFE,1.0,IDLE,0.0,0.0,0.0,,,0.0,False,avoidance not required,,{},,,,,,,,,,,0,safe,5.955,37.594,1.796,0,0,0.0,0.0,[],72.19515228271484,69.35753631591797,11.720085144042969,71.86042022705078,75.34158325195312,11.730766296386719,71.54254913330078,69.33047485351562,11.734674453735352
154.8,RUNNING,10,RETURN,0.513,0.9508,150.1553,10.517,True,NORMAL,MONITOR,False,{},"[""uav2"", ""uav1"", ""uav0""]",limited,False,{},NONE,NORMAL,SAFE,1.0,IDLE,0.0,0.0,0.0,,,0.0,False,avoidance not required,,{},,,,,,,,,,,0,safe,5.947,37.368,1.797,0,0,0.0,0.0,[],71.96417236328125,69.13658905029297,11.7820463180542,71.63066864013672,75.11869049072266,11.792511940002441,71.30926513671875,69.1080322265625,11.794829368591309
155.0,RUNNING,10,RETURN,0.514,0.9508,150.1553,10.517,True,NORMAL,MONITOR,False,{},"[""uav2"", ""uav1"", ""uav0""]",limited,False,{},NONE,NORMAL,SAFE,1.0,IDLE,0.0,0.0,0.0,,,0.0,False,avoidance not required,,{},,,,,,,,,,,0,safe,5.945,37.143,1.797,0,0,0.0,0.0,[],71.72831726074219,68.91484832763672,11.842412948608398,71.39635467529297,74.89627838134766,11.85305118560791,71.07366943359375,68.8839340209961,11.854960441589355
155.2,RUNNING,10,RETURN,0.515,0.9506,150.1207,10.517,True,NORMAL,MONITOR,False,{},"[""uav2"", ""uav1"", ""uav0""]",limited,False,{},NONE,NORMAL,SAFE,1.0,IDLE,0.0,0.0,0.0,,,0.0,False,avoidance not required,,{},,,,,,,,,,,0,safe,5.945,36.917,1.793,0,0,0.0,0.0,[],71.49464416503906,68.69254302978516,11.903202056884766,71.1648178100586,74.67433166503906,11.913354873657227,70.84242248535156,68.6606216430664,11.916163444519043
155.4,RUNNING,10,RETURN,0.516,0.9506,150.1207,10.517,True,NORMAL,MONITOR,False,{},"[""uav2"", ""uav1"", ""uav0""]",limited,False,{},NONE,NORMAL,SAFE,1.0,IDLE,0.0,0.0,0.0,,,0.0,False,avoidance not required,,{},,,,,,,,,,,0,safe,5.948,36.693,1.791,0,0,0.0,0.0,[],71.25906372070312,68.47272491455078,11.96262264251709,70.92815399169922,74.45698547363281,11.971207618713379,70.60688781738281,68.435546875,11.972898483276367
155.6,RUNNING,10,RETURN,0.516,0.9504,150.0861,10.517,True,NORMAL,MONITOR,False,{},"[""uav2"", ""uav1"", ""uav0""]",limited,False,{},NONE,NORMAL,SAFE,1.0,IDLE,0.0,0.0,0.0,,,0.0,False,avoidance not required,,{},,,,,,,,,,,0,safe,5.948,36.473,1.788,0,0,0.0,0.0,[],71.02641296386719,68.25199127197266,12.022117614746094,70.69628143310547,74.23762512207031,12.032011032104492,70.37638854980469,68.21328735351562,12.032158851623535
155.8,RUNNING,10,RETURN,0.517,0.9504,150.0861,10.517,True,NORMAL,MONITOR,False,{},"[""uav2"", ""uav1"", ""uav0""]",limited,False,{},NONE,NORMAL,SAFE,1.0,IDLE,0.0,0.0,0.0,,,0.0,False,avoidance not required,,{},,,,,,,,,,,0,safe,5.950,36.252,1.788,0,0,0.0,0.0,[],70.79136657714844,68.03365325927734,12.084856033325195,70.46497344970703,74.01876831054688,12.087976455688477,70.14279174804688,67.99486541748047,12.092058181762695
156.0,RUNNING,10,RETURN,0.518,0.9504,150.0861,10.517,True,NORMAL,MONITOR,False,{},"[""uav2"", ""uav1"", ""uav0""]",limited,False,{},NONE,NORMAL,SAFE,1.0,IDLE,0.0,0.0,0.0,,,0.0,False,avoidance not required,,{},,,,,,,,,,,0,safe,5.952,36.034,1.785,0,0,0.0,0.0,[],70.55918884277344,67.81291961669922,12.14688777923584,70.23622131347656,73.79788208007812,12.147153854370117,69.91331481933594,67.7759780883789,12.151806831359863
156.2,RUNNING,10,RETURN,0.519,0.9503,150.0517,10.517,True,NORMAL,MONITOR,False,{},"[""uav2"", ""uav1"", ""uav0""]",limited,False,{},NONE,NORMAL,SAFE,1.0,IDLE,0.0,0.0,0.0,,,0.0,False,avoidance not required,,{},,,,,,,,,,,0,safe,5.954,35.813,1.783,0,0,0.0,0.0,[],70.31623077392578,67.58345031738281,12.206984519958496,70.00303649902344,73.57772064208984,12.207365989685059,69.6768569946289,67.55616760253906,12.206231117248535
156.4,RUNNING,10,RETURN,0.519,0.9503,150.0517,10.517,True,NORMAL,MONITOR,False,{},"[""uav2"", ""uav1"", ""uav0""]",limited,False,{},NONE,NORMAL,SAFE,1.0,IDLE,0.0,0.0,0.0,,,0.0,False,avoidance not required,,{},,,,,,,,,,,0,safe,5.961,35.583,1.767,0,0,0.0,0.0,[],70.09453582763672,67.36922454833984,12.261987686157227,69.77304077148438,73.35543060302734,12.26764965057373,69.44660949707031,67.33660125732422,12.2621488571167
156.6,RUNNING,10,RETURN,0.52,0.9501,150.0174,10.517,True,NORMAL,MONITOR,False,{},"[""uav2"", ""uav1"", ""uav0""]",limited,False,{},NONE,NORMAL,SAFE,1.0,IDLE,0.0,0.0,0.0,,,0.0,False,avoidance not required,,{},,,,,,,,,,,0,safe,5.954,35.144,1.771,0,0,0.0,0.0,[],69.86067962646484,67.14371490478516,12.3175687789917,69.53688049316406,73.13131713867188,12.326165199279785,69.21418762207031,67.11872863769531,12.314738273620605
156.8,RUNNING,10,RETURN,0.521,0.9501,150.0174,10.517,True,NORMAL,MONITOR,False,{},"[""uav2"", ""uav1"", ""uav0""]",limited,False,{},NONE,NORMAL,SAFE,1.0,IDLE,0.0,0.0,0.0,,,0.0,False,avoidance not required,,{},,,,,,,,,,,0,safe,5.954,35.144,1.771,0,0,0.0,0.0,[],69.62968444824219,66.91881561279297,12.372509002685547,69.30207061767578,72.90532684326172,12.383933067321777,68.98703002929688,66.89968872070312,12.366583824157715
157.0,RUNNING,10,RETURN,0.522,0.9501,150.0174,10.517,True,NORMAL,MONITOR,False,{},"[""uav2"", ""uav1"", ""uav0""]",limited,False,{},NONE,NORMAL,SAFE,1.0,IDLE,0.0,0.0,0.0,,,0.0,False,avoidance not required,,{},,,,,,,,,,,0,safe,5.963,34.696,1.763,0,0,0.0,0.0,[],69.3938980102539,66.69620513916016,12.423563957214355,69.07156372070312,72.68055725097656,12.439676284790039,68.7569351196289,66.68035888671875,12.416107177734375
157.2,RUNNING,10,RETURN,0.522,0.9499,149.9831,10.517,True,NORMAL,MONITOR,False,{},"[""uav2"", ""uav1"", ""uav0""]",limited,False,{},NONE,NORMAL,SAFE,1.0,IDLE,0.0,0.0,0.0,,,0.0,False,avoidance not required,,{},,,,,,,,,,,0,safe,5.963,34.696,1.763,0,0,0.0,0.0,[],69.16194915771484,66.47254943847656,12.475851058959961,68.83538055419922,72.45803833007812,12.491568565368652,68.5308837890625,66.46025848388672,12.469666481018066
157.4,RUNNING,10,RETURN,0.523,0.9499,149.9831,10.517,True,NORMAL,MONITOR,False,{},"[""uav2"", ""uav1"", ""uav0""]",limited,False,{},NONE,NORMAL,SAFE,1.0,IDLE,0.0,0.0,0.0,,,0.0,False,avoidance not required,,{},,,,,,,,,,,0,safe,5.969,34.473,1.760,0,0,0.0,0.0,[],68.91697692871094,66.23774719238281,12.526986122131348,68.60435485839844,72.23646545410156,12.545109748840332,68.29998779296875,66.2403564453125,12.523202896118164
157.6,RUNNING,10,RETURN,0.524,0.9497,149.9488,10.517,True,NORMAL,MONITOR,False,{},"[""uav2"", ""uav1"", ""uav0""]",limited,False,{},NONE,NORMAL,SAFE,1.0,IDLE,0.0,0.0,0.0,,,0.0,False,avoidance not required,,{},,,,,,,,,,,0,safe,5.983,34.238,1.741,0,0,0.0,0.0,[],68.69520568847656,66.02230072021484,12.57827377319336,68.3709716796875,72.01949310302734,12.598713874816895,68.07263946533203,66.02019500732422,12.579400062561035
157.8,RUNNING,10,RETURN,0.525,0.9497,149.9488,10.517,True,NORMAL,MONITOR,False,{},"[""uav2"", ""uav1"", ""uav0""]",limited,False,{},NONE,NORMAL,SAFE,1.0,IDLE,0.0,0.0,0.0,,,0.0,False,avoidance not required,,{},,,,,,,,,,,0,safe,5.977,34.022,1.751,0,0,0.0,0.0,[],68.46273040771484,65.80070495605469,12.627935409545898,68.13827514648438,71.79947662353516,12.64831256866455,67.83824920654297,65.8016128540039,12.636934280395508
158.0,RUNNING,10,RETURN,0.525,0.9497,149.9488,10.517,True,NORMAL,MONITOR,False,{},"[""uav2"", ""uav1"", ""uav0""]",limited,False,{},NONE,NORMAL,SAFE,1.0,IDLE,0.0,0.0,0.0,,,0.0,False,avoidance not required,,{},,,,,,,,,,,0,safe,5.976,33.801,1.750,0,0,0.0,0.0,[],68.23397827148438,65.5799789428711,12.682707786560059,67.91046142578125,71.57858276367188,12.700117111206055,67.60808563232422,65.58333587646484,12.69439697265625
158.2,RUNNING,10,RETURN,0.526,0.9496,149.9145,10.517,True,NORMAL,MONITOR,False,{},"[""uav2"", ""uav1"", ""uav0""]",limited,False,{},NONE,NORMAL,SAFE,1.0,IDLE,0.0,0.0,0.0,,,0.0,False,avoidance not required,,{},,,,,,,,,,,0,safe,5.974,33.580,1.751,0,0,0.0,0.0,[],68.00152587890625,65.3624496459961,12.741414070129395,67.68021392822266,71.35841369628906,12.753961563110352,67.3707275390625,65.36947631835938,12.74643611907959
158.4,RUNNING,10,RETURN,0.527,0.9496,149.9145,10.517,True,NORMAL,MONITOR,False,{},"[""uav2"", ""uav1"", ""uav0""]",limited,False,{},NONE,NORMAL,SAFE,1.0,IDLE,0.0,0.0,0.0,,,0.0,False,avoidance not required,,{},,,,,,,,,,,0,safe,5.969,33.362,1.751,0,0,0.0,0.0,[],67.77201843261719,65.1440658569336,12.797566413879395,67.45294952392578,71.13742065429688,12.807170867919922,67.1395263671875,65.1520767211914,12.79990291595459
158.6,RUNNING,10,RETURN,0.528,0.9494,149.8803,10.517,True,NORMAL,MONITOR,False,{},"[""uav2"", ""uav1"", ""uav0""]",limited,False,{},NONE,NORMAL,SAFE,1.0,IDLE,0.0,0.0,0.0,,,0.0,False,avoidance not required,,{},,,,,,,,,,,0,safe,5.968,33.144,1.753,0,0,0.0,0.0,[],67.52862548828125,64.91795349121094,12.853050231933594,67.22166442871094,70.91710662841797,12.854425430297852,66.90440368652344,64.93135070800781,12.850525856018066
158.8,RUNNING,10,RETURN,0.528,0.9494,149.8803,10.517,True,NORMAL,MONITOR,False,{},"[""uav2"", ""uav1"", ""uav0""]",limited,False,{},NONE,NORMAL,SAFE,1.0,IDLE,0.0,0.0,0.0,,,0.0,False,avoidance not required,,{},,,,,,,,,,,0,safe,5.976,32.918,1.740,0,0,0.0,0.0,[],67.30853271484375,64.70858001708984,12.905684471130371,66.99359130859375,70.69563293457031,12.905261993408203,66.67438507080078,64.70990753173828,12.905172348022461
159.0,RUNNING,10,RETURN,0.529,0.9494,149.8803,10.517,True,NORMAL,MONITOR,False,{},"[""uav2"", ""uav1"", ""uav0""]",limited,False,{},NONE,NORMAL,SAFE,1.0,IDLE,0.0,0.0,0.0,,,0.0,False,avoidance not required,,{},,,,,,,,,,,0,safe,5.966,32.709,1.754,0,0,0.0,0.0,[],67.08122253417969,64.49417114257812,12.962198257446289,66.76209259033203,70.4733657836914,12.954131126403809,66.43856048583984,64.49131774902344,12.960780143737793
159.2,RUNNING,10,RETURN,0.53,0.9492,149.846,10.517,True,NORMAL,MONITOR,False,{},"[""uav2"", ""uav1"", ""uav0""]",limited,False,{},NONE,NORMAL,SAFE,1.0,IDLE,0.0,0.0,0.0,,,0.0,False,avoidance not required,,{},,,,,,,,,,,0,safe,5.953,32.277,1.767,0,0,0.0,0.0,[],66.85603332519531,64.27655792236328,13.018624305725098,66.53330993652344,70.25066375732422,13.008389472961426,66.20944213867188,64.27043914794922,13.019524574279785
159.4,RUNNING,10,RETURN,0.531,0.9492,149.846,10.517,True,NORMAL,MONITOR,False,{},"[""uav2"", ""uav1"", ""uav0""]",limited,False,{},NONE,NORMAL,SAFE,1.0,IDLE,0.0,0.0,0.0,,,0.0,False,avoidance not required,,{},,,,,,,,,,,0,safe,5.953,32.277,1.767,0,0,0.0,0.0,[],66.62818908691406,64.05708312988281,13.074162483215332,66.3005142211914,70.02867126464844,13.063365936279297,65.97682189941406,64.0486831665039,13.079442024230957
159.6,RUNNING,10,RETURN,0.531,0.9491,149.8119,10.517,True,NORMAL,MONITOR,False,{},"[""uav2"", ""uav1"", ""uav0""]",limited,False,{},NONE,NORMAL,SAFE,1.0,IDLE,0.0,0.0,0.0,,,0.0,False,avoidance not required,,{},,,,,,,,,,,0,safe,5.949,32.057,1.768,0,0,0.0,0.0,[],66.40185546875,63.835784912109375,13.127324104309082,66.07207489013672,69.80680084228516,13.120659828186035,65.75030517578125,63.82586669921875,13.135247230529785
159.8,RUNNING,10,RETURN,0.532,0.9491,149.8119,10.517,True,NORMAL,MONITOR,False,{},"[""uav2"", ""uav1"", ""uav0""]",limited,False,{},NONE,NORMAL,SAFE,1.0,IDLE,0.0,0.0,0.0,,,0.0,False,avoidance not required,,{},,,,,,,,,,,0,safe,5.948,31.836,1.769,0,0,0.0,0.0,[],66.17314910888672,63.61566925048828,13.176656723022461,65.84214782714844,69.58682250976562,13.17579174041748,65.52202606201172,63.602928161621094,13.188119888305664
160.0,RUNNING,10,RETURN,0.533,0.9491,149.8119,10.517,True,NORMAL,MONITOR,False,{},"[""uav2"", ""uav1"", ""uav0""]",limited,False,{},NONE,NORMAL,SAFE,1.0,IDLE,0.0,0.0,0.0,,,0.0,False,avoidance not required,,{},,,,,,,,,,,0,safe,5.949,31.614,1.769,0,0,0.0,0.0,[],65.94525909423828,63.3942985534668,13.226080894470215,65.61495971679688,69.36641693115234,13.228221893310547,65.29729461669922,63.37983703613281,13.239745140075684
160.2,RUNNING,10,RETURN,0.534,0.9489,149.778,10.517,True,NORMAL,MONITOR,False,{},"[""uav2"", ""uav1"", ""uav0""]",limited,False,{},NONE,NORMAL,SAFE,1.0,IDLE,0.0,0.0,0.0,,,0.0,False,avoidance not required,,{},,,,,,,,,,,0,safe,5.952,31.386,1.769,0,0,0.0,0.0,[],65.71232604980469,63.175804138183594,13.272436141967773,65.38467407226562,69.14666748046875,13.278772354125977,65.06797790527344,63.158294677734375,13.28662109375
160.4,RUNNING,10,RETURN,0.534,0.9489,149.778,10.517,True,NORMAL,MONITOR,False,{},"[""uav2"", ""uav1"", ""uav0""]",limited,False,{},NONE,NORMAL,SAFE,1.0,IDLE,0.0,0.0,0.0,,,0.0,False,avoidance not required,,{},,,,,,,,,,,0,safe,5.956,31.160,1.768,0,0,0.0,0.0,[],65.47193908691406,62.94673156738281,13.322585105895996,65.15589904785156,68.9267807006836,13.331385612487793,64.84247589111328,62.937618255615234,13.335826873779297
160.6,RUNNING,10,RETURN,0.535,0.9487,149.7442,10.517,True,NORMAL,MONITOR,False,{},"[""uav2"", ""uav1"", ""uav0""]",limited,False,{},NONE,NORMAL,SAFE,1.0,IDLE,0.0,0.0,0.0,,,0.0,False,avoidance not required,,{},,,,,,,,,,,0,safe,5.971,30.938,1.754,0,0,0.0,0.0,[],65.24537658691406,62.735862731933594,13.369709014892578,64.92125701904297,68.70909118652344,13.386545181274414,64.61235046386719,62.72287368774414,13.387812614440918
160.8,RUNNING,10,RETURN,0.536,0.9487,149.7442,10.517,True,NORMAL,MONITOR,False,{},"[""uav2"", ""uav1"", ""uav0""]",limited,False,{},NONE,NORMAL,SAFE,1.0,IDLE,0.0,0.0,0.0,,,0.0,False,avoidance not required,,{},,,,,,,,,,,0,safe,5.972,30.506,1.758,0,0,0.0,0.0,[],65.01346588134766,62.513675689697266,13.420973777770996,64.69090270996094,68.49117279052734,13.438436508178711,64.3858413696289,62.50564956665039,13.439254760742188
161.0,RUNNING,10,RETURN,0.537,0.9487,149.7442,10.517,True,NORMAL,MONITOR,False,{},"[""uav2"", ""uav1"", ""uav0""]",limited,False,{},NONE,NORMAL,SAFE,1.0,IDLE,0.0,0.0,0.0,,,0.0,False,avoidance not required,,{},,,,,,,,,,,0,safe,5.972,30.506,1.758,0,0,0.0,0.0,[],64.78286743164062,62.28786849975586,13.475196838378906,64.45660400390625,68.28054809570312,13.490163803100586,64.15513610839844,62.288108825683594,13.489259719848633
161.2,RUNNING,10,RETURN,0.537,0.9486,149.7105,10.517,True,NORMAL,MONITOR,False,{},"[""uav2"", ""uav1"", ""uav0""]",limited,False,{},NONE,NORMAL,SAFE,1.0,IDLE,0.0,0.0,0.0,,,0.0,False,avoidance not required,,{},,,,,,,,,,,0,safe,5.972,30.288,1.753,0,0,0.0,0.0,[],64.55403900146484,62.0632438659668,13.524359703063965,64.22683715820312,68.06580352783203,13.538607597351074,63.926998138427734,62.06870651245117,13.536285400390625
161.4,RUNNING,10,RETURN,0.538,0.9486,149.7105,10.517,True,NORMAL,MONITOR,False,{},"[""uav2"", ""uav1"", ""uav0""]",limited,False,{},NONE,NORMAL,SAFE,1.0,IDLE,0.0,0.0,0.0,,,0.0,False,avoidance not required,,{},,,,,,,,,,,0,safe,5.973,30.063,1.751,0,0,0.0,0.0,[],64.31986236572266,61.84292984008789,13.564918518066406,63.99335479736328,67.84918212890625,13.581029891967773,63.69157028198242,61.85075378417969,13.579889297485352
161.6,RUNNING,10,RETURN,0.539,0.9484,149.6769,10.517,True,NORMAL,MONITOR,False,{},"[""uav2"", ""uav1"", ""uav0""]",limited,False,{},NONE,NORMAL,SAFE,1.0,IDLE,0.0,0.0,0.0,,,0.0,False,avoidance not required,,{},,,,,,,,,,,0,safe,5.972,29.843,1.748,0,0,0.0,0.0,[],64.08897399902344,61.622901916503906,13.606953620910645,63.763668060302734,67.62959289550781,13.624753952026367,63.46205520629883,61.63091278076172,13.624791145324707
161.8,RUNNING,10,RETURN,0.54,0.9484,149.6769,10.517,True,NORMAL,MONITOR,False,{},"[""uav2"", ""uav1"", ""uav0""]",limited,False,{},NONE,NORMAL,SAFE,1.0,IDLE,0.0,0.0,0.0,,,0.0,False,avoidance not required,,{},,,,,,,,,,,0,safe,5.973,29.623,1.747,0,0,0.0,0.0,[],63.853485107421875,61.408409118652344,13.64888858795166,63.52845001220703,67.41008758544922,13.669413566589355,63.2304801940918,61.41111755371094,13.672672271728516
162.0,RUNNING,10,RETURN,0.54,0.9484,149.6769,10.517,True,NORMAL,MONITOR,False,{},"[""uav2"", ""uav1"", ""uav0""]",limited,False,{},NONE,NORMAL,SAFE,1.0,IDLE,0.0,0.0,0.0,,,0.0,False,avoidance not required,,{},,,,,,,,,,,0,safe,5.977,29.408,1.748,0,0,0.0,0.0,[],63.622352600097656,61.19157409667969,13.694686889648438,63.29777908325195,67.18925476074219,13.713883399963379,62.99949645996094,61.1879997253418,13.715035438537598
162.2,RUNNING,10,RETURN,0.541,0.9482,149.6433,10.517,True,NORMAL,MONITOR,False,{},"[""uav2"", ""uav1"", ""uav0""]",limited,False,{},NONE,NORMAL,SAFE,1.0,IDLE,0.0,0.0,0.0,,,0.0,False,avoidance not required,,{},,,,,,,,,,,0,safe,5.977,29.188,1.749,0,0,0.0,0.0,[],63.39020919799805,60.97715377807617,13.738059043884277,63.0637092590332,66.9705810546875,13.759440422058105,62.772342681884766,60.96535110473633,13.759693145751953
162.4,RUNNING,10,RETURN,0.542,0.9482,149.6433,10.517,True,NORMAL,MONITOR,False,{},"[""uav2"", ""uav1"", ""uav0""]",limited,False,{},NONE,NORMAL,SAFE,1.0,IDLE,0.0,0.0,0.0,,,0.0,False,avoidance not required,,{},,,,,,,,,,,0,safe,5.982,28.965,1.752,0,0,0.0,0.0,[],63.16129684448242,60.760780334472656,13.7836332321167,62.83358383178711,66.75033569335938,13.80462646484375,62.54085922241211,60.745887756347656,13.80724048614502
162.6,RUNNING,10,RETURN,0.543,0.948,149.6096,10.517,True,NORMAL,MONITOR,False,{},"[""uav2"", ""uav1"", ""uav0""]",limited,False,{},NONE,NORMAL,SAFE,1.0,IDLE,0.0,0.0,0.0,,,0.0,False,avoidance not required,,{},,,,,,,,,,,0,safe,5.980,28.746,1.755,0,0,0.0,0.0,[],62.92159652709961,60.54184341430664,13.833380699157715,62.597721099853516,66.53253173828125,13.848734855651855,62.307167053222656,60.525699615478516,13.846797943115234
162.8,RUNNING,10,RETURN,0.543,0.948,149.6096,10.517,True,NORMAL,MONITOR,False,{},"[""uav2"", ""uav1"", ""uav0""]",limited,False,{},NONE,NORMAL,SAFE,1.0,IDLE,0.0,0.0,0.0,,,0.0,False,avoidance not required,,{},,,,,,,,,,,0,safe,5.986,28.526,1.749,0,0,0.0,0.0,[],62.70210647583008,60.335487365722656,13.878752708435059,62.367191314697266,66.31221008300781,13.894585609436035,62.07784652709961,60.304359436035156,13.888545989990234
163.0,RUNNING,10,RETURN,0.544,0.948,149.6096,10.517,True,NORMAL,MONITOR,False,{},"[""uav2"", ""uav1"", ""uav0""]",limited,False,{},NONE,NORMAL,SAFE,1.0,IDLE,0.0,0.0,0.0,,,0.0,False,avoidance not required,,{},,,,,,,,,,,0,safe,5.976,28.304,1.766,0,0,0.0,0.0,[],62.45892333984375,60.115928649902344,13.924362182617188,62.133140563964844,66.09154510498047,13.932884216308594,61.84588623046875,60.083274841308594,13.93036937713623
163.2,RUNNING,10,RETURN,0.545,0.9479,149.5758,10.517,True,NORMAL,MONITOR,False,{},"[""uav2"", ""uav1"", ""uav0""]",limited,False,{},NONE,NORMAL,SAFE,1.0,IDLE,0.0,0.0,0.0,,,0.0,False,avoidance not required,,{},,,,,,,,,,,0,safe,5.987,28.083,1.757,0,0,0.0,0.0,[],62.23855972290039,59.908206939697266,13.967720985412598,61.90386962890625,65.87089538574219,13.973755836486816,61.617767333984375,59.863067626953125,13.974600791931152
163.4,RUNNING,10,RETURN,0.546,0.9479,149.5758,10.517,True,NORMAL,MONITOR,False,{},"[""uav2"", ""uav1"", ""uav0""]",limited,False,{},NONE,NORMAL,SAFE,1.0,IDLE,0.0,0.0,0.0,,,0.0,False,avoidance not required,,{},,,,,,,,,,,0,safe,5.979,27.863,1.771,0,0,0.0,0.0,[],62.0093994140625,59.694549560546875,14.009919166564941,61.672882080078125,65.65674591064453,14.011341094970703,61.38645553588867,59.648582458496094,14.017178535461426
163.6,RUNNING,10,RETURN,0.546,0.9477,149.5421,10.517,True,NORMAL,MONITOR,False,{},"[""uav2"", ""uav1"", ""uav0""]",limited,False,{},NONE,NORMAL,SAFE,1.0,IDLE,0.0,0.0,0.0,,,0.0,False,avoidance not required,,{},,,,,,,,,,,0,safe,5.977,27.649,1.775,0,0,0.0,0.0,[],61.7723274230957,59.46680450439453,14.053994178771973,61.445953369140625,65.43893432617188,14.053109169006348,61.158447265625,59.43198776245117,14.062638282775879
163.8,RUNNING,10,RETURN,0.547,0.9477,149.5421,10.517,True,NORMAL,MONITOR,False,{},"[""uav2"", ""uav1"", ""uav0""]",limited,False,{},NONE,NORMAL,SAFE,1.0,IDLE,0.0,0.0,0.0,,,0.0,False,avoidance not required,,{},,,,,,,,,,,0,safe,5.986,27.432,1.762,0,0,0.0,0.0,[],61.540443420410156,59.24600601196289,14.091338157653809,61.21481704711914,65.2218246459961,14.093881607055664,60.927284240722656,59.21669387817383,14.10630989074707
164.0,RUNNING,10,RETURN,0.548,0.9477,149.5421,10.517,True,NORMAL,MONITOR,False,{},"[""uav2"", ""uav1"", ""uav0""]",limited,False,{},NONE,NORMAL,SAFE,1.0,IDLE,0.0,0.0,0.0,,,0.0,False,avoidance not required,,{},,,,,,,,,,,0,safe,5.987,27.217,1.759,0,0,0.0,0.0,[],61.320594787597656,59.03129959106445,14.129593849182129,60.98757553100586,65.00230407714844,14.138557434082031,60.698883056640625,58.999324798583984,14.146210670471191
164.2,RUNNING,10,RETURN,0.549,0.9475,149.5085,10.517,True,NORMAL,MONITOR,False,{},"[""uav2"", ""uav1"", ""uav0""]",limited,False,{},NONE,NORMAL,SAFE,1.0,IDLE,0.0,0.0,0.0,,,0.0,False,avoidance not required,,{},,,,,,,,,,,0,safe,5.978,26.999,1.769,0,0,0.0,0.0,[],61.092689514160156,58.80991744995117,14.166899681091309,60.75809097290039,64.78684997558594,14.182360649108887,60.4666862487793,58.78410720825195,14.180951118469238
164.4,RUNNING,10,RETURN,0.549,0.9475,149.5085,10.517,True,NORMAL,MONITOR,False,{},"[""uav2"", ""uav1"", ""uav0""]",limited,False,{},NONE,NORMAL,SAFE,1.0,IDLE,0.0,0.0,0.0,,,0.0,False,avoidance not required,,{},,,,,,,,,,,0,safe,5.974,26.784,1.769,0,0,0.0,0.0,[],60.86448287963867,58.58685302734375,14.207921028137207,60.53132629394531,64.56926727294922,14.22317123413086,60.23830795288086,58.567230224609375,14.219803810119629
164.6,RUNNING,10,RETURN,0.55,0.9474,149.475,10.517,True,NORMAL,MONITOR,False,{},"[""uav2"", ""uav1"", ""uav0""]",limited,False,{},NONE,NORMAL,SAFE,1.0,IDLE,0.0,0.0,0.0,,,0.0,False,avoidance not required,,{},,,,,,,,,,,0,safe,5.974,26.567,1.767,0,0,0.0,0.0,[],60.630775451660156,58.36821746826172,14.247637748718262,60.30256652832031,64.35612487792969,14.260286331176758,60.00975036621094,58.353694915771484,14.254816055297852
164.8,RUNNING,10,RETURN,0.551,0.9474,149.475,10.517,True,NORMAL,MONITOR,False,{},"[""uav2"", ""uav1"", ""uav0""]",limited,False,{},NONE,NORMAL,SAFE,1.0,IDLE,0.0,0.0,0.0,,,0.0,False,avoidance not required,,{},,,,,,,,,,,0,safe,5.979,26.354,1.763,0,0,0.0,0.0,[],60.39961242675781,58.147010803222656,14.287860870361328,60.076499938964844,64.13943481445312,14.29981803894043,59.782928466796875,58.136817932128906,14.291298866271973
165.0,RUNNING,10,RETURN,0.552,0.9474,149.475,10.517,True,NORMAL,MONITOR,False,{},"[""uav2"", ""uav1"", ""uav0""]",limited,False,{},NONE,NORMAL,SAFE,1.0,IDLE,0.0,0.0,0.0,,,0.0,False,avoidance not required,,{},,,,,,,,,,,0,safe,5.983,26.137,1.760,0,0,0.0,0.0,[],60.16619873046875,57.92835998535156,14.321691513061523,59.85038757324219,63.92401123046875,14.334887504577637,59.5527229309082,57.92045593261719,14.323721885681152
165.2,RUNNING,10,RETURN,0.552,0.9472,149.4413,10.517,True,NORMAL,MONITOR,False,{},"[""uav2"", ""uav1"", ""uav0""]",limited,False,{},NONE,NORMAL,SAFE,1.0,IDLE,0.0,0.0,0.0,,,0.0,False,avoidance not required,,{},,,,,,,,,,,0,safe,5.987,25.920,1.758,0,0,0.0,0.0,[],59.93559646606445,57.707664489746094,14.358592987060547,59.6248893737793,63.705322265625,14.37188720703125,59.32429122924805,57.70200729370117,14.360441207885742
165.4,RUNNING,10,RETURN,0.553,0.9472,149.4413,10.517,True,NORMAL,MONITOR,False,{},"[""uav2"", ""uav1"", ""uav0""]",limited,False,{},NONE,NORMAL,SAFE,1.0,IDLE,0.0,0.0,0.0,,,0.0,False,avoidance not required,,{},,,,,,,,,,,0,safe,5.989,25.702,1.756,0,0,0.0,0.0,[],59.705116271972656,57.48937225341797,14.388687133789062,59.39706802368164,63.48833084106445,14.408565521240234,59.09159851074219,57.48637008666992,14.395106315612793
165.6,RUNNING,10,RETURN,0.554,0.947,149.4076,10.517,True,NORMAL,MONITOR,False,{},"[""uav2"", ""uav1"", ""uav0""]",limited,False,{},NONE,NORMAL,SAFE,1.0,IDLE,0.0,0.0,0.0,,,0.0,False,avoidance not required,,{},,,,,,,,,,,0,safe,5.986,25.486,1.757,0,0,0.0,0.0,[],59.476409912109375,57.267269134521484,14.418347358703613,59.169742584228516,63.26789855957031,14.444973945617676,58.85942077636719,57.26868438720703,14.430038452148438
165.8,RUNNING,10,RETURN,0.555,0.947,149.4076,10.517,True,NORMAL,MONITOR,False,{},"[""uav2"", ""uav1"", ""uav0""]",limited,False,{},NONE,NORMAL,SAFE,1.0,IDLE,0.0,0.0,0.0,,,0.0,False,avoidance not required,,{},,,,,,,,,,,0,safe,5.983,25.267,1.757,0,0,0.0,0.0,[],59.248687744140625,57.0449104309082,14.453631401062012,58.94013595581055,63.046688079833984,14.474684715270996,58.629547119140625,57.04907989501953,14.46855640411377
166.0,RUNNING,10,RETURN,0.555,0.947,149.4076,10.517,True,NORMAL,MONITOR,False,{},"[""uav2"", ""uav1"", ""uav0""]",limited,False,{},NONE,NORMAL,SAFE,1.0,IDLE,0.0,0.0,0.0,,,0.0,False,avoidance not required,,{},,,,,,,,,,,0,safe,5.981,25.045,1.756,0,0,0.0,0.0,[],59.02024459838867,56.82761764526367,14.487929344177246,58.71091079711914,62.82416534423828,14.507773399353027,58.397361755371094,56.83302688598633,14.509973526000977
166.2,RUNNING,10,RETURN,0.556,0.9469,149.3738,10.517,True,NORMAL,MONITOR,False,{},"[""uav2"", ""uav1"", ""uav0""]",limited,False,{},NONE,NORMAL,SAFE,1.0,IDLE,0.0,0.0,0.0,,,0.0,False,avoidance not required,,{},,,,,,,,,,,0,safe,5.977,24.828,1.759,0,0,0.0,0.0,[],58.78864288330078,56.61113739013672,14.52613353729248,58.477325439453125,62.60545349121094,14.538680076599121,58.16667556762695,56.61454772949219,14.54971981048584
166.4,RUNNING,10,RETURN,0.557,0.9469,149.3738,10.517,True,NORMAL,MONITOR,False,{},"[""uav2"", ""uav1"", ""uav0""]",limited,False,{},NONE,NORMAL,SAFE,1.0,IDLE,0.0,0.0,0.0,,,0.0,False,avoidance not required,,{},,,,,,,,,,,0,safe,5.978,24.611,1.759,0,0,0.0,0.0,[],58.55813217163086,56.392887115478516,14.566536903381348,58.24516677856445,62.38583755493164,14.57304573059082,57.931732177734375,56.39786911010742,14.585875511169434
166.6,RUNNING,10,RETURN,0.558,0.9467,149.3401,10.517,True,NORMAL,MONITOR,False,{},"[""uav2"", ""uav1"", ""uav0""]",limited,False,{},NONE,NORMAL,SAFE,1.0,IDLE,0.0,0.0,0.0,,,0.0,False,avoidance not required,,{},,,,,,,,,,,0,safe,5.974,24.393,1.758,0,0,0.0,0.0,[],58.32798385620117,56.177406311035156,14.599635124206543,58.0113410949707,62.17116165161133,14.603322982788086,57.70161437988281,56.17939376831055,14.622941017150879
166.8,RUNNING,10,RETURN,0.558,0.9467,149.3401,10.517,True,NORMAL,MONITOR,False,{},"[""uav2"", ""uav1"", ""uav0""]",limited,False,{},NONE,NORMAL,SAFE,1.0,IDLE,0.0,0.0,0.0,,,0.0,False,avoidance not required,,{},,,,,,,,,,,0,safe,5.974,24.177,1.762,0,0,0.0,0.0,[],58.08995819091797,55.95106506347656,14.640512466430664,57.780433654785156,61.95355224609375,14.639242172241211,57.474239349365234,55.964385986328125,14.658405303955078
167.0,RUNNING,10,RETURN,0.559,0.9467,149.3401,10.517,True,NORMAL,MONITOR,False,{},"[""uav2"", ""uav1"", ""uav0""]",limited,False,{},NONE,NORMAL,SAFE,1.0,IDLE,0.0,0.0,0.0,,,0.0,False,avoidance not required,,{},,,,,,,,,,,0,safe,5.984,23.951,1.750,0,0,0.0,0.0,[],57.86189270019531,55.73419952392578,14.676566123962402,57.55122756958008,61.73811340332031,14.675789833068848,57.246883392333984,55.746089935302734,14.694028854370117
167.2,RUNNING,10,RETURN,0.56,0.9465,149.3063,10.517,True,NORMAL,MONITOR,False,{},"[""uav2"", ""uav1"", ""uav0""]",limited,False,{},NONE,NORMAL,SAFE,1.0,IDLE,0.0,0.0,0.0,,,0.0,False,avoidance not required,,{},,,,,,,,,,,0,safe,5.985,23.734,1.752,0,0,0.0,0.0,[],57.64253234863281,55.5239372253418,14.715258598327637,57.32209396362305,61.52054977416992,14.715381622314453,57.0159912109375,55.527320861816406,14.725044250488281
167.4,RUNNING,10,RETURN,0.561,0.9465,149.3063,10.517,True,NORMAL,MONITOR,False,{},"[""uav2"", ""uav1"", ""uav0""]",limited,False,{},NONE,NORMAL,SAFE,1.0,IDLE,0.0,0.0,0.0,,,0.0,False,avoidance not required,,{},,,,,,,,,,,0,safe,5.973,23.524,1.763,0,0,0.0,0.0,[],57.41499710083008,55.3038330078125,14.752460479736328,57.09115982055664,61.30657196044922,14.750741004943848,56.78620147705078,55.307533264160156,14.75851821899414
167.6,RUNNING,10,RETURN,0.561,0.9464,149.2726,10.517,True,NORMAL,MONITOR,False,{},"[""uav2"", ""uav1"", ""uav0""]",limited,False,{},NONE,NORMAL,SAFE,1.0,IDLE,0.0,0.0,0.0,,,0.0,False,avoidance not required,,{},,,,,,,,,,,0,safe,5.971,23.304,1.762,0,0,0.0,0.0,[],57.18620681762695,55.0840950012207,14.791666030883789,56.86100769042969,61.08958435058594,14.788155555725098,56.5528450012207,55.09105682373047,14.788795471191406
167.8,RUNNING,10,RETURN,0.562,0.9464,149.2726,10.517,True,NORMAL,MONITOR,False,{},"[""uav2"", ""uav1"", ""uav0""]",limited,False,{},NONE,NORMAL,SAFE,1.0,IDLE,0.0,0.0,0.0,,,0.0,False,avoidance not required,,{},,,,,,,,,,,0,safe,5.967,23.084,1.760,0,0,0.0,0.0,[],56.95522689819336,54.868953704833984,14.832941055297852,56.630374908447266,60.875789642333984,14.823674201965332,56.32243347167969,54.87457275390625,14.818114280700684
168.0,RUNNING,10,RETURN,0.563,0.9464,149.2726,10.517,True,NORMAL,MONITOR,False,{},"[""uav2"", ""uav1"", ""uav0""]",limited,False,{},NONE,NORMAL,SAFE,1.0,IDLE,0.0,0.0,0.0,,,0.0,False,avoidance not required,,{},,,,,,,,,,,0,safe,5.967,22.872,1.758,0,0,0.0,0.0,[],56.71609878540039,54.64359664916992,14.875869750976562,56.403141021728516,60.66220474243164,14.855162620544434,56.09345626831055,54.655052185058594,14.84976577758789
168.2,RUNNING,10,RETURN,0.564,0.9462,149.239,10.517,True,NORMAL,MONITOR,False,{},"[""uav2"", ""uav1"", ""uav0""]",limited,False,{},NONE,NORMAL,SAFE,1.0,IDLE,0.0,0.0,0.0,,,0.0,False,avoidance not required,,{},,,,,,,,,,,0,safe,5.977,22.651,1.750,0,0,0.0,0.0,[],56.50227355957031,54.43788528442383,14.911630630493164,56.1756477355957,60.44447326660156,14.892207145690918,55.86319351196289,54.43294906616211,14.878877639770508
168.4,RUNNING,10,RETURN,0.564,0.9462,149.239,10.517,True,NORMAL,MONITOR,False,{},"[""uav2"", ""uav1"", ""uav0""]",limited,False,{},NONE,NORMAL,SAFE,1.0,IDLE,0.0,0.0,0.0,,,0.0,False,avoidance not required,,{},,,,,,,,,,,0,safe,5.961,22.433,1.763,0,0,0.0,0.0,[],56.26787185668945,54.212764739990234,14.946728706359863,55.95081329345703,60.22658157348633,14.928351402282715,55.634979248046875,54.21115493774414,14.912779808044434
168.6,RUNNING,10,RETURN,0.565,0.946,149.2054,10.517,True,NORMAL,MONITOR,False,{},"[""uav2"", ""uav1"", ""uav0""]",limited,False,{},NONE,NORMAL,SAFE,1.0,IDLE,0.0,0.0,0.0,,,0.0,False,avoidance not required,,{},,,,,,,,,,,0,safe,5.967,22.211,1.754,0,0,0.0,0.0,[],56.051963806152344,54.00543212890625,14.974945068359375,55.72374725341797,60.006126403808594,14.962575912475586,55.41050338745117,53.99139404296875,14.944964408874512
168.8,RUNNING,10,RETURN,0.566,0.946,149.2054,10.517,True,NORMAL,MONITOR,False,{},"[""uav2"", ""uav1"", ""uav0""]",limited,False,{},NONE,NORMAL,SAFE,1.0,IDLE,0.0,0.0,0.0,,,0.0,False,avoidance not required,,{},,,,,,,,,,,0,safe,5.959,21.991,1.771,0,0,0.0,0.0,[],55.814170837402344,53.77888107299805,15.00666332244873,55.49433898925781,59.7860107421875,14.99308967590332,55.18450164794922,53.77159118652344,14.977416038513184
169.0,RUNNING,10,RETURN,0.567,0.946,149.2054,10.517,True,NORMAL,MONITOR,False,{},"[""uav2"", ""uav1"", ""uav0""]",limited,False,{},NONE,NORMAL,SAFE,1.0,IDLE,0.0,0.0,0.0,,,0.0,False,avoidance not required,,{},,,,,,,,,,,0,safe,5.970,21.772,1.758,0,0,0.0,0.0,[],55.585105895996094,53.560752868652344,15.033018112182617,55.263526916503906,59.56438446044922,15.024957656860352,54.95609664916992,53.55284118652344,15.00590991973877
169.2,RUNNING,10,RETURN,0.567,0.9459,149.1718,10.517,True,NORMAL,MONITOR,False,{},"[""uav2"", ""uav1"", ""uav0""]",limited,False,{},NONE,NORMAL,SAFE,1.0,IDLE,0.0,0.0,0.0,,,0.0,False,avoidance not required,,{},,,,,,,,,,,0,safe,5.971,21.553,1.759,0,0,0.0,0.0,[],55.36261749267578,53.35154724121094,15.058257102966309,55.03181838989258,59.34225845336914,15.052460670471191,54.72723388671875,53.33509063720703,15.037693977355957
169.4,RUNNING,10,RETURN,0.568,0.9459,149.1718,10.517,True,NORMAL,MONITOR,False,{},"[""uav2"", ""uav1"", ""uav0""]",limited,False,{},NONE,NORMAL,SAFE,1.0,IDLE,0.0,0.0,0.0,,,0.0,False,avoidance not required,,{},,,,,,,,,,,0,safe,5.965,21.335,1.770,0,0,0.0,0.0,[],55.1331672668457,53.13916015625,15.080682754516602,54.79910659790039,59.121192932128906,15.079609870910645,54.50008773803711,53.12343215942383,15.069000244140625
169.6,RUNNING,10,RETURN,0.569,0.9457,149.1383,10.517,True,NORMAL,MONITOR,False,{},"[""uav2"", ""uav1"", ""uav0""]",limited,False,{},NONE,NORMAL,SAFE,1.0,IDLE,0.0,0.0,0.0,,,0.0,False,avoidance not required,,{},,,,,,,,,,,0,safe,5.967,21.123,1.775,0,0,0.0,0.0,[],54.901329040527344,52.92449188232422,15.111117362976074,54.565834045410156,58.90456008911133,15.10363483428955,54.27342224121094,52.915260314941406,15.098024368286133
169.8,RUNNING,10,RETURN,0.57,0.9457,149.1383,10.517,True,NORMAL,MONITOR,False,{},"[""uav2"", ""uav1"", ""uav0""]",limited,False,{},NONE,NORMAL,SAFE,1.0,IDLE,0.0,0.0,0.0,,,0.0,False,avoidance not required,,{},,,,,,,,,,,0,safe,5.972,20.915,1.775,0,0,0.0,0.0,[],54.67338562011719,52.71263885498047,15.140084266662598,54.33317565917969,58.6882209777832,15.135038375854492,54.045291900634766,52.70308303833008,15.131985664367676
170.0,RUNNING,10,RETURN,0.57,0.9457,149.1383,10.517,True,NORMAL,MONITOR,False,{},"[""uav2"", ""uav1"", ""uav0""]",limited,False,{},NONE,NORMAL,SAFE,1.0,IDLE,0.0,0.0,0.0,,,0.0,False,avoidance not required,,{},,,,,,,,,,,0,safe,5.972,20.703,1.780,0,0,0.0,0.0,[],54.44434356689453,52.50160217285156,15.176739692687988,54.10350036621094,58.477935791015625,15.164728164672852,53.818119049072266,52.48888397216797,15.165907859802246
170.2,RUNNING,10,RETURN,0.571,0.9455,149.1049,10.517,True,NORMAL,MONITOR,False,{},"[""uav2"", ""uav1"", ""uav0""]",limited,False,{},NONE,NORMAL,SAFE,1.0,IDLE,0.0,0.0,0.0,,,0.0,False,avoidance not required,,{},,,,,,,,,,,0,safe,5.974,20.489,1.784,0,0,0.0,0.0,[],54.21258544921875,52.28709030151367,15.211651802062988,53.873504638671875,58.2647819519043,15.198640823364258,53.58938217163086,52.272151947021484,15.198636054992676
170.4,RUNNING,10,RETURN,0.572,0.9455,149.1049,10.517,True,NORMAL,MONITOR,False,{},"[""uav2"", ""uav1"", ""uav0""]",limited,False,{},NONE,NORMAL,SAFE,1.0,IDLE,0.0,0.0,0.0,,,0.0,False,avoidance not required,,{},,,,,,,,,,,0,safe,5.977,20.272,1.784,0,0,0.0,0.0,[],53.984561920166016,52.071346282958984,15.240715980529785,53.6473503112793,58.0534782409668,15.231773376464844,53.36344909667969,52.05143356323242,15.229606628417969
170.6,RUNNING,10,RETURN,0.573,0.9454,149.0715,10.517,True,NORMAL,MONITOR,False,{},"[""uav2"", ""uav1"", ""uav0""]",limited,False,{},NONE,NORMAL,SAFE,1.0,IDLE,0.0,0.0,0.0,,,0.0,False,avoidance not required,,{},,,,,,,,,,,0,safe,5.979,20.051,1.786,0,0,0.0,0.0,[],53.75282669067383,51.85381317138672,15.271227836608887,53.418582916259766,57.838985443115234,15.264015197753906,53.135223388671875,51.8317756652832,15.259317398071289
170.8,RUNNING,10,RETURN,0.573,0.9454,149.0715,10.517,True,NORMAL,MONITOR,False,{},"[""uav2"", ""uav1"", ""uav0""]",limited,False,{},NONE,NORMAL,SAFE,1.0,IDLE,0.0,0.0,0.0,,,0.0,False,avoidance not required,,{},,,,,,,,,,,0,safe,5.982,19.832,1.784,0,0,0.0,0.0,[],53.52424621582031,51.63658142089844,15.299274444580078,53.19001388549805,57.622093200683594,15.29464054107666,52.90982437133789,51.61531066894531,15.287013053894043
171.0,RUNNING,10,RETURN,0.574,0.9454,149.0715,10.517,True,NORMAL,MONITOR,False,{},"[""uav2"", ""uav1"", ""uav0""]",limited,False,{},NONE,NORMAL,SAFE,1.0,IDLE,0.0,0.0,0.0,,,0.0,False,avoidance not required,,{},,,,,,,,,,,0,safe,5.986,19.615,1.785,0,0,0.0,0.0,[],53.292537689208984,51.41817855834961,15.328276634216309,52.960025787353516,57.404022216796875,15.32525634765625,52.68071746826172,51.39861297607422,15.316835403442383
171.2,RUNNING,10,RETURN,0.575,0.9452,149.038,10.517,True,NORMAL,MONITOR,False,{},"[""uav2"", ""uav1"", ""uav0""]",limited,False,{},NONE,NORMAL,SAFE,1.0,IDLE,0.0,0.0,0.0,,,0.0,False,avoidance not required,,{},,,,,,,,,,,0,safe,5.988,19.399,1.782,0,0,0.0,0.0,[],53.067283630371094,51.19987487792969,15.353195190429688,52.7370719909668,57.188777923583984,15.354222297668457,52.454444885253906,51.18266296386719,15.348655700683594
171.4,RUNNING,10,RETURN,0.576,0.9452,149.038,10.517,True,NORMAL,MONITOR,False,{},"[""uav2"", ""uav1"", ""uav0""]",limited,False,{},NONE,NORMAL,SAFE,1.0,IDLE,0.0,0.0,0.0,,,0.0,False,avoidance not required,,{},,,,,,,,,,,0,safe,5.987,19.183,1.784,0,0,0.0,0.0,[],52.836647033691406,50.98112487792969,15.38037109375,52.51005172729492,56.97178268432617,15.38392162322998,52.22426986694336,50.96251678466797,15.379570007324219
171.6,RUNNING,10,RETURN,0.576,0.945,149.0047,10.517,True,NORMAL,MONITOR,False,{},"[""uav2"", ""uav1"", ""uav0""]",limited,False,{},NONE,NORMAL,SAFE,1.0,IDLE,0.0,0.0,0.0,,,0.0,False,avoidance not required,,{},,,,,,,,,,,0,safe,5.988,18.963,1.780,0,0,0.0,0.0,[],52.608642578125,50.76394271850586,15.404841423034668,52.28573989868164,56.754737854003906,15.411845207214355,51.991703033447266,50.74283218383789,15.40471076965332
171.8,RUNNING,10,RETURN,0.577,0.945,149.0047,10.517,True,NORMAL,MONITOR,False,{},"[""uav2"", ""uav1"", ""uav0""]",limited,False,{},NONE,NORMAL,SAFE,1.0,IDLE,0.0,0.0,0.0,,,0.0,False,avoidance not required,,{},,,,,,,,,,,0,safe,5.983,18.743,1.780,0,0,0.0,0.0,[],52.37656784057617,50.54582977294922,15.429499626159668,52.056297302246094,56.53605270385742,15.43885612487793,51.763160705566406,50.52174377441406,15.421713829040527
172.0,RUNNING,10,RETURN,0.578,0.945,149.0047,10.517,True,NORMAL,MONITOR,False,{},"[""uav2"", ""uav1"", ""uav0""]",limited,False,{},NONE,NORMAL,SAFE,1.0,IDLE,0.0,0.0,0.0,,,0.0,False,avoidance not required,,{},,,,,,,,,,,0,safe,5.987,18.522,1.777,0,0,0.0,0.0,[],52.15163803100586,50.32548522949219,15.448953628540039,51.82628631591797,56.3154182434082,15.458319664001465,51.530174255371094,50.30289077758789,15.444111824035645
172.2,RUNNING,10,RETURN,0.579,0.9449,148.9714,10.517,True,NORMAL,MONITOR,False,{},"[""uav2"", ""uav1"", ""uav0""]",limited,False,{},NONE,NORMAL,SAFE,1.0,IDLE,0.0,0.0,0.0,,,0.0,False,avoidance not required,,{},,,,,,,,,,,0,safe,5.979,18.303,1.777,0,0,0.0,0.0,[],51.91195297241211,50.097862243652344,15.474425315856934,51.593082427978516,56.09518051147461,15.47917652130127,51.29671096801758,50.08594512939453,15.469269752502441
172.4,RUNNING,10,RETURN,0.579,0.9449,148.9714,10.517,True,NORMAL,MONITOR,False,{},"[""uav2"", ""uav1"", ""uav0""]",limited,False,{},NONE,NORMAL,SAFE,1.0,IDLE,0.0,0.0,0.0,,,0.0,False,avoidance not required,,{},,,,,,,,,,,0,safe,5.985,18.086,1.762,0,0,0.0,0.0,[],51.68830490112305,49.88157272338867,15.4993314743042,51.36503982543945,55.874267578125,15.497186660766602,51.06132125854492,49.870704650878906,15.492287635803223
172.6,RUNNING,10,RETURN,0.58,0.9447,148.9384,10.517,True,NORMAL,MONITOR,False,{},"[""uav2"", ""uav1"", ""uav0""]",limited,False,{},NONE,NORMAL,SAFE,1.0,IDLE,0.0,0.0,0.0,,,0.0,False,avoidance not required,,{},,,,,,,,,,,0,safe,5.973,17.871,1.765,0,0,0.0,0.0,[],51.465702056884766,49.66746520996094,15.521402359008789,51.13417053222656,55.65559005737305,15.51972484588623,50.82841110229492,49.6561164855957,15.51056957244873
172.8,RUNNING,10,RETURN,0.581,0.9447,148.9384,10.517,True,NORMAL,MONITOR,False,{},"[""uav2"", ""uav1"", ""uav0""]",limited,False,{},NONE,NORMAL,SAFE,1.0,IDLE,0.0,0.0,0.0,,,0.0,False,avoidance not required,,{},,,,,,,,,,,0,safe,5.963,17.656,1.772,0,0,0.0,0.0,[],51.24427032470703,49.46117401123047,15.545928955078125,50.908538818359375,55.43863296508789,15.539388656616211,50.59428024291992,49.44208526611328,15.53359603881836
173.0,RUNNING,10,RETURN,0.582,0.9447,148.9384,10.517,True,NORMAL,MONITOR,False,{},"[""uav2"", ""uav1"", ""uav0""]",limited,False,{},NONE,NORMAL,SAFE,1.0,IDLE,0.0,0.0,0.0,,,0.0,False,avoidance not required,,{},,,,,,,,,,,0,safe,5.950,17.442,1.784,0,0,0.0,0.0,[],51.00474548339844,49.23329162597656,15.573043823242188,50.67733383178711,55.222755432128906,15.563612937927246,50.36697006225586,49.22563552856445,15.557124137878418
173.2,RUNNING,10,RETURN,0.582,0.9445,148.9054,10.517,True,NORMAL,MONITOR,False,{},"[""uav2"", ""uav1"", ""uav0""]",limited,False,{},NONE,NORMAL,SAFE,1.0,IDLE,0.0,0.0,0.0,,,0.0,False,avoidance not required,,{},,,,,,,,,,,0,safe,5.962,17.229,1.768,0,0,0.0,0.0,[],50.778316497802734,49.02442169189453,15.597832679748535,50.44697189331055,55.00465393066406,15.587785720825195,50.14179611206055,49.00657272338867,15.578532218933105
173.4,RUNNING,10,RETURN,0.583,0.9445,148.9054,10.517,True,NORMAL,MONITOR,False,{},"[""uav2"", ""uav1"", ""uav0""]",limited,False,{},NONE,NORMAL,SAFE,1.0,IDLE,0.0,0.0,0.0,,,0.0,False,avoidance not required,,{},,,,,,,,,,,0,safe,5.964,17.016,1.775,0,0,0.0,0.0,[],50.53801727294922,48.798362731933594,15.619851112365723,50.21318054199219,54.788787841796875,15.612695693969727,49.9127197265625,48.79124069213867,15.600979804992676
173.6,RUNNING,10,RETURN,0.584,0.9444,148.8726,10.517,True,NORMAL,MONITOR,False,{},"[""uav2"", ""uav1"", ""uav0""]",limited,False,{},NONE,NORMAL,SAFE,1.0,IDLE,0.0,0.0,0.0,,,0.0,False,avoidance not required,,{},,,,,,,,,,,0,safe,5.975,16.810,1.760,0,0,0.0,0.0,[],50.311737060546875,48.59195327758789,15.642000198364258,49.98512268066406,54.573692321777344,15.63382339477539,49.68895721435547,48.57868957519531,15.619647979736328
173.8,RUNNING,10,RETURN,0.585,0.9444,148.8726,10.517,True,NORMAL,MONITOR,False,{},"[""uav2"", ""uav1"", ""uav0""]",limited,False,{},NONE,NORMAL,SAFE,1.0,IDLE,0.0,0.0,0.0,,,0.0,False,avoidance not required,,{},,,,,,,,,,,0,safe,5.977,16.609,1.768,0,0,0.0,0.0,[],50.07217788696289,48.36981201171875,15.66555118560791,49.7529182434082,54.36062240600586,15.656917572021484,49.46428680419922,48.36595153808594,15.641152381896973
174.0,RUNNING,10,RETURN,0.585,0.9444,148.8726,10.517,True,NORMAL,MONITOR,False,{},"[""uav2"", ""uav1"", ""uav0""]",limited,False,{},NONE,NORMAL,SAFE,1.0,IDLE,0.0,0.0,0.0,,,0.0,False,avoidance not required,,{},,,,,,,,,,,0,safe,5.992,16.413,1.756,0,0,0.0,0.0,[],49.84727096557617,48.16545867919922,15.687613487243652,49.52680587768555,54.149017333984375,15.677638053894043,49.23482894897461,48.153480529785156,15.665709495544434
174.2,RUNNING,10,RETURN,0.586,0.9442,148.8397,10.517,True,NORMAL,MONITOR,False,{},"[""uav2"", ""uav1"", ""uav0""]",limited,False,{},NONE,NORMAL,SAFE,1.0,IDLE,0.0,0.0,0.0,,,0.0,False,avoidance not required,,{},,,,,,,,,,,0,safe,5.988,16.220,1.767,0,0,0.0,0.0,[],49.62091827392578,47.95177459716797,15.70551586151123,49.29499053955078,53.93614959716797,15.701068878173828,49.009765625,47.938751220703125,15.69205093383789
174.4,RUNNING,10,RETURN,0.587,0.9442,148.8397,10.517,True,NORMAL,MONITOR,False,{},"[""uav2"", ""uav1"", ""uav0""]",limited,False,{},NONE,NORMAL,SAFE,1.0,IDLE,0.0,0.0,0.0,,,0.0,False,avoidance not required,,{},,,,,,,,,,,0,safe,5.989,16.028,1.772,0,0,0.0,0.0,[],49.38881301879883,47.73855209350586,15.725908279418945,49.06421661376953,53.71455764770508,15.723675727844238,48.778934478759766,47.72541427612305,15.71355152130127
174.6,RUNNING,10,RETURN,0.588,0.944,148.8069,10.517,True,NORMAL,MONITOR,False,{},"[""uav2"", ""uav1"", ""uav0""]",limited,False,{},NONE,NORMAL,SAFE,1.0,IDLE,0.0,0.0,0.0,,,0.0,False,avoidance not required,,{},,,,,,,,,,,0,safe,5.990,15.842,1.771,0,0,0.0,0.0,[],49.16240692138672,47.52204513549805,15.744969367980957,48.831058502197266,53.49679183959961,15.746960639953613,48.547977447509766,47.51141357421875,15.732804298400879
174.8,RUNNING,10,RETURN,0.588,0.944,148.8069,10.517,True,NORMAL,MONITOR,False,{},"[""uav2"", ""uav1"", ""uav0""]",limited,False,{},NONE,NORMAL,SAFE,1.0,IDLE,0.0,0.0,0.0,,,0.0,False,avoidance not required,,{},,,,,,,,,,,0,safe,5.986,15.660,1.774,0,0,0.0,0.0,[],48.93315505981445,47.305118560791016,15.764763832092285,48.604454040527344,53.280364990234375,15.76711368560791,48.31342315673828,47.298736572265625,15.755497932434082
175.0,RUNNING,10,RETURN,0.589,0.944,148.8069,10.517,True,NORMAL,MONITOR,False,{},"[""uav2"", ""uav1"", ""uav0""]",limited,False,{},NONE,NORMAL,SAFE,1.0,IDLE,0.0,0.0,0.0,,,0.0,False,avoidance not required,,{},,,,,,,,,,,0,safe,5.980,15.484,1.773,0,0,0.0,0.0,[],48.6981086730957,47.090599060058594,15.788475036621094,48.37242126464844,53.066322326660156,15.787220001220703,48.083580017089844,47.08379364013672,15.779142379760742
175.2,RUNNING,10,RETURN,0.59,0.9439,148.7741,10.517,True,NORMAL,MONITOR,False,{},"[""uav2"", ""uav1"", ""uav0""]",limited,False,{},NONE,NORMAL,SAFE,1.0,IDLE,0.0,0.0,0.0,,,0.0,False,avoidance not required,,{},,,,,,,,,,,0,safe,5.985,15.309,1.770,0,0,0.0,0.0,[],48.465301513671875,46.87469482421875,15.814374923706055,48.1408576965332,52.851314544677734,15.805874824523926,47.85243606567383,46.86564254760742,15.801502227783203
175.4,RUNNING,10,RETURN,0.591,0.9439,148.7741,10.517,True,NORMAL,MONITOR,False,{},"[""uav2"", ""uav1"", ""uav0""]",limited,False,{},NONE,NORMAL,SAFE,1.0,IDLE,0.0,0.0,0.0,,,0.0,False,avoidance not required,,{},,,,,,,,,,,0,safe,5.987,15.136,1.767,0,0,0.0,0.0,[],48.228275299072266,46.660213470458984,15.838057518005371,47.90580368041992,52.63904571533203,15.827631950378418,47.61631393432617,46.649566650390625,15.8224515914917
175.6,RUNNING,10,RETURN,0.591,0.9437,148.7414,10.517,True,NORMAL,MONITOR,False,{},"[""uav2"", ""uav1"", ""uav0""]",limited,False,{},NONE,NORMAL,SAFE,1.0,IDLE,0.0,0.0,0.0,,,0.0,False,avoidance not required,,{},,,,,,,,,,,0,safe,5.988,14.971,1.762,0,0,0.0,0.0,[],47.991817474365234,46.44060134887695,15.85628890991211,47.67238998413086,52.42728042602539,15.8482666015625,47.37852478027344,46.43009567260742,15.83564281463623
175.8,RUNNING,10,RETURN,0.592,0.9437,148.7414,10.517,True,NORMAL,MONITOR,False,{},"[""uav2"", ""uav1"", ""uav0""]",limited,False,{},NONE,NORMAL,SAFE,1.0,IDLE,0.0,0.0,0.0,,,0.0,False,avoidance not required,,{},,,,,,,,,,,0,safe,5.987,14.807,1.753,0,0,0.0,0.0,[],47.75373077392578,46.2251091003418,15.874042510986328,47.436344146728516,52.21615219116211,15.869159698486328,47.1407585144043,46.213653564453125,15.8511381149292
176.0,RUNNING,10,RETURN,0.593,0.9437,148.7414,10.517,True,NORMAL,MONITOR,False,{},"[""uav2"", ""uav1"", ""uav0""]",limited,False,{},NONE,NORMAL,SAFE,1.0,IDLE,0.0,0.0,0.0,,,0.0,False,avoidance not required,,{},,,,,,,,,,,0,safe,5.987,14.653,1.746,0,0,0.0,0.0,[],47.52098083496094,46.009464263916016,15.887679100036621,47.20370864868164,51.99883270263672,15.88115119934082,46.909122467041016,45.994224548339844,15.86746883392334
176.2,RUNNING,10,RETURN,0.594,0.9435,148.7088,10.517,True,NORMAL,MONITOR,False,{},"[""uav2"", ""uav1"", ""uav0""]",limited,False,{},NONE,NORMAL,SAFE,1.0,IDLE,0.0,0.0,0.0,,,0.0,False,avoidance not required,,{},,,,,,,,,,,0,safe,5.988,14.499,1.743,0,0,0.0,0.0,[],47.28515625,45.79597091674805,15.90428638458252,46.96961212158203,51.78313446044922,15.894617080688477,46.675201416015625,45.77960968017578,15.886672973632812
176.4,RUNNING,10,RETURN,0.594,0.9435,148.7088,10.517,True,NORMAL,MONITOR,False,{},"[""uav2"", ""uav1"", ""uav0""]",limited,False,{},NONE,NORMAL,SAFE,1.0,IDLE,0.0,0.0,0.0,,,0.0,False,avoidance not required,,{},,,,,,,,,,,0,safe,5.990,14.355,1.739,0,0,0.0,0.0,[],47.04893493652344,45.57710647583008,15.919175148010254,46.74018859863281,51.56146240234375,15.90898323059082,46.44414520263672,45.56644058227539,15.907549858093262
176.6,RUNNING,10,RETURN,0.595,0.9434,148.6764,10.517,True,NORMAL,MONITOR,False,{},"[""uav2"", ""uav1"", ""uav0""]",limited,False,{},NONE,NORMAL,SAFE,1.0,IDLE,0.0,0.0,0.0,,,0.0,False,avoidance not required,,{},,,,,,,,,,,0,safe,5.995,14.218,1.730,0,0,0.0,0.0,[],46.81128692626953,45.361942291259766,15.933378219604492,46.5087890625,51.34538650512695,15.926898956298828,46.210750579833984,45.35512924194336,15.92553997039795
176.8,RUNNING,10,RETURN,0.596,0.9434,148.6764,10.517,True,NORMAL,MONITOR,False,{},"[""uav2"", ""uav1"", ""uav0""]",limited,False,{},NONE,NORMAL,SAFE,1.0,IDLE,0.0,0.0,0.0,,,0.0,False,avoidance not required,,{},,,,,,,,,,,0,safe,5.999,14.089,1.724,0,0,0.0,0.0,[],46.576438903808594,45.142425537109375,15.950441360473633,46.28437423706055,51.13136672973633,15.945380210876465,45.98000717163086,45.13985824584961,15.941664695739746
177.0,RUNNING,10,RETURN,0.597,0.9434,148.6764,10.517,True,NORMAL,MONITOR,False,{},"[""uav2"", ""uav1"", ""uav0""]",limited,False,{},NONE,NORMAL,SAFE,1.0,IDLE,0.0,0.0,0.0,,,0.0,False,avoidance not required,,{},,,,,,,,,,,0,safe,6.004,13.962,1.719,0,0,0.0,0.0,[],46.34019470214844,44.92796325683594,15.968088150024414,46.05474090576172,50.91961669921875,15.96279239654541,45.746742248535156,44.92761993408203,15.957301139831543
177.2,RUNNING,10,RETURN,0.597,0.9432,148.6443,10.517,True,NORMAL,MONITOR,False,{},"[""uav2"", ""uav1"", ""uav0""]",limited,False,{},NONE,NORMAL,SAFE,1.0,IDLE,0.0,0.0,0.0,,,0.0,False,avoidance not required,,{},,,,,,,,,,,0,safe,6.007,13.844,1.718,0,0,0.0,0.0,[],46.104278564453125,44.7108268737793,15.984492301940918,45.82670593261719,50.70503234863281,15.980074882507324,45.51706314086914,44.71116638183594,15.969329833984375
177.4,RUNNING,10,RETURN,0.598,0.9432,148.6443,10.517,True,NORMAL,MONITOR,False,{},"[""uav2"", ""uav1"", ""uav0""]",limited,False,{},NONE,NORMAL,SAFE,1.0,IDLE,0.0,0.0,0.0,,,0.0,False,avoidance not required,,{},,,,,,,,,,,0,safe,6.013,13.727,1.719,0,0,0.0,0.0,[],45.86949920654297,44.498565673828125,16.002275466918945,45.593387603759766,50.49401092529297,15.998197555541992,45.28783416748047,44.49174499511719,15.983691215515137
177.6,RUNNING,10,RETURN,0.599,0.9431,148.6121,10.517,True,NORMAL,MONITOR,False,{},"[""uav2"", ""uav1"", ""uav0""]",limited,False,{},NONE,NORMAL,SAFE,1.0,IDLE,0.0,0.0,0.0,,,0.0,False,avoidance not required,,{},,,,,,,,,,,0,safe,6.018,13.614,1.718,0,0,0.0,0.0,[],45.64204025268555,44.28293991088867,16.0234375,45.35858917236328,50.280792236328125,16.016584396362305,45.05454635620117,44.27725601196289,16.000591278076172
177.8,RUNNING,10,RETURN,0.6,0.9431,148.6121,10.517,True,NORMAL,MONITOR,False,{},"[""uav2"", ""uav1"", ""uav0""]",limited,False,{},NONE,NORMAL,SAFE,1.0,IDLE,0.0,0.0,0.0,,,0.0,False,avoidance not required,,{},,,,,,,,,,,0,safe,6.013,13.513,1.715,0,0,0.0,0.0,[],45.41230773925781,44.07128143310547,16.04064178466797,45.12270736694336,50.069793701171875,16.034719467163086,44.81843948364258,44.061092376708984,16.019512176513672
178.0,RUNNING,10,RETURN,0.6,0.9431,148.6121,10.517,True,NORMAL,MONITOR,False,{},"[""uav2"", ""uav1"", ""uav0""]",limited,False,{},NONE,NORMAL,SAFE,1.0,IDLE,0.0,0.0,0.0,,,0.0,False,avoidance not required,,{},,,,,,,,,,,0,safe,6.006,13.419,1.712,0,0,0.0,0.0,[],45.18608093261719,43.85503387451172,16.05484962463379,44.89131164550781,49.855186462402344,16.055723190307617,44.58147430419922,43.84891128540039,16.036991119384766
178.2,RUNNING,10,RETURN,0.601,0.9429,148.5801,10.517,True,NORMAL,MONITOR,False,{},"[""uav2"", ""uav1"", ""uav0""]",limited,False,{},NONE,NORMAL,SAFE,1.0,IDLE,0.0,0.0,0.0,,,0.0,False,avoidance not required,,{},,,,,,,,,,,0,safe,5.995,13.335,1.711,0,0,0.0,0.0,[],44.95649719238281,43.642452239990234,16.068286895751953,44.65768051147461,49.6441764831543,16.07236671447754,44.34532165527344,43.63473129272461,16.055173873901367
178.4,RUNNING,10,RETURN,0.602,0.9429,148.5801,10.517,True,NORMAL,MONITOR,False,{},"[""uav2"", ""uav1"", ""uav0""]",limited,False,{},NONE,NORMAL,SAFE,1.0,IDLE,0.0,0.0,0.0,,,0.0,False,avoidance not required,,{},,,,,,,,,,,0,safe,5.989,13.257,1.710,0,0,0.0,0.0,[],44.71852111816406,43.41414260864258,16.084623336791992,44.426025390625,49.431278228759766,16.08711814880371,44.108604431152344,43.42453384399414,16.070541381835938
178.6,RUNNING,10,RETURN,0.603,0.9427,148.5482,10.517,True,NORMAL,MONITOR,False,{},"[""uav2"", ""uav1"", ""uav0""]",limited,False,{},NONE,NORMAL,SAFE,1.0,IDLE,0.0,0.0,0.0,,,0.0,False,avoidance not required,,{},,,,,,,,,,,0,safe,5.990,13.190,1.709,0,0,0.0,0.0,[],44.49634552001953,43.210121154785156,16.097549438476562,44.194366455078125,49.21382522583008,16.10292625427246,43.87030029296875,43.212032318115234,16.087942123413086
178.8,RUNNING,10,RETURN,0.603,0.9427,148.5482,10.517,True,NORMAL,MONITOR,False,{},"[""uav2"", ""uav1"", ""uav0""]",limited,False,{},NONE,NORMAL,SAFE,1.0,IDLE,0.0,0.0,0.0,,,0.0,False,avoidance not required,,{},,,,,,,,,,,0,safe,5.974,13.128,1.706,0,0,0.0,0.0,[],44.26548767089844,42.997379302978516,16.112220764160156,43.95934295654297,49.000877380371094,16.116518020629883,43.63417053222656,43.00206756591797,16.104812622070312
179.0,RUNNING,10,RETURN,0.604,0.9427,148.5482,10.517,True,NORMAL,MONITOR,False,{},"[""uav2"", ""uav1"", ""uav0""]",limited,False,{},NONE,NORMAL,SAFE,1.0,IDLE,0.0,0.0,0.0,,,0.0,False,avoidance not required,,{},,,,,,,,,,,0,safe,5.969,13.076,1.706,0,0,0.0,0.0,[],44.02336120605469,42.78010940551758,16.125741958618164,43.72113800048828,48.786346435546875,16.131620407104492,43.403663635253906,42.78667449951172,16.12335205078125
179.2,RUNNING,10,RETURN,0.605,0.9426,148.5165,10.517,True,NORMAL,MONITOR,False,{},"[""uav2"", ""uav1"", ""uav0""]",limited,False,{},NONE,NORMAL,SAFE,1.0,IDLE,0.0,0.0,0.0,,,0.0,False,avoidance not required,,{},,,,,,,,,,,0,safe,5.980,13.023,1.697,0,0,0.0,0.0,[],43.79141616821289,42.567909240722656,16.133739471435547,43.48365020751953,48.574710845947266,16.146005630493164,43.17548751831055,42.57186508178711,16.13870620727539
179.4,RUNNING,10,RETURN,0.606,0.9426,148.5165,10.517,True,NORMAL,MONITOR,False,{},"[""uav2"", ""uav1"", ""uav0""]",limited,False,{},NONE,NORMAL,SAFE,1.0,IDLE,0.0,0.0,0.0,,,0.0,False,avoidance not required,,{},,,,,,,,,,,0,safe,5.984,12.976,1.695,0,0,0.0,0.0,[],43.567867279052734,42.36711883544922,16.142410278320312,43.25032424926758,48.359493255615234,16.16233253479004,42.94709777832031,42.36103057861328,16.15044593811035
179.6,RUNNING,10,RETURN,0.606,0.9424,148.4849,10.517,True,NORMAL,MONITOR,False,{},"[""uav2"", ""uav1"", ""uav0""]",limited,False,{},NONE,NORMAL,SAFE,1.0,IDLE,0.0,0.0,0.0,,,0.0,False,avoidance not required,,{},,,,,,,,,,,0,safe,5.979,12.941,1.708,0,0,0.0,0.0,[],43.3370475769043,42.15298843383789,16.148225784301758,43.017234802246094,48.14781951904297,16.173233032226562,42.722930908203125,42.14908218383789,16.1628360748291
179.8,RUNNING,10,RETURN,0.607,0.9424,148.4849,10.517,True,NORMAL,MONITOR,False,{},"[""uav2"", ""uav1"", ""uav0""]",limited,False,{},NONE,NORMAL,SAFE,1.0,IDLE,0.0,0.0,0.0,,,0.0,False,avoidance not required,,{},,,,,,,,,,,0,safe,5.986,12.909,1.708,0,0,0.0,0.0,[],43.105186462402344,41.94242858886719,16.159927368164062,42.787349700927734,47.934444427490234,16.178651809692383,42.49647903442383,41.94034194946289,16.174747467041016
180.0,RUNNING,10,RETURN,0.608,0.9424,148.4849,10.517,True,NORMAL,MONITOR,False,{},"[""uav2"", ""uav1"", ""uav0""]",limited,False,{},NONE,NORMAL,SAFE,1.0,IDLE,0.0,0.0,0.0,,,0.0,False,avoidance not required,,{},,,,,,,,,,,0,safe,5.991,12.888,1.708,0,0,0.0,0.0,[],42.87644577026367,41.727657318115234,16.179738998413086,42.55552673339844,47.72407913208008,16.187585830688477,42.271514892578125,41.733577728271484,16.18536949157715
180.2,RUNNING,10,RETURN,0.609,0.9423,148.4534,10.517,True,NORMAL,MONITOR,False,{},"[""uav2"", ""uav1"", ""uav0""]",limited,False,{},NONE,NORMAL,SAFE,1.0,IDLE,0.0,0.0,0.0,,,0.0,False,avoidance not required,,{},,,,,,,,,,,0,safe,5.995,12.876,1.708,0,0,0.0,0.0,[],42.645389556884766,41.517120361328125,16.196239471435547,42.32289123535156,47.51201248168945,16.199094772338867,42.044315338134766,41.526885986328125,16.197275161743164
180.4,RUNNING,10,RETURN,0.609,0.9423,148.4534,10.517,True,NORMAL,MONITOR,False,{},"[""uav2"", ""uav1"", ""uav0""]",limited,False,{},NONE,NORMAL,SAFE,1.0,IDLE,0.0,0.0,0.0,,,0.0,False,avoidance not required,,{},,,,,,,,,,,0,safe,5.999,12.872,1.714,0,0,0.0,0.0,[],42.413753509521484,41.303409576416016,16.218746185302734,42.09036636352539,47.302528381347656,16.209510803222656,41.81972122192383,41.31650924682617,16.213239669799805
180.6,RUNNING,10,RETURN,0.61,0.9421,148.4218,10.517,True,NORMAL,MONITOR,False,{},"[""uav2"", ""uav1"", ""uav0""]",limited,False,{},NONE,NORMAL,SAFE,1.0,IDLE,0.0,0.0,0.0,,,0.0,False,avoidance not required,,{},,,,,,,,,,,0,safe,6.006,12.871,1.720,0,0,0.0,0.0,[],42.18302536010742,41.08694839477539,16.245283126831055,41.86083984375,47.092247009277344,16.22559928894043,41.592193603515625,41.10702133178711,16.22624969482422
180.8,RUNNING,10,RETURN,0.611,0.9421,148.4218,10.517,True,NORMAL,MONITOR,False,{},"[""uav2"", ""uav1"", ""uav0""]",limited,False,{},NONE,NORMAL,SAFE,1.0,IDLE,0.0,0.0,0.0,,,0.0,False,avoidance not required,,{},,,,,,,,,,,0,safe,6.009,12.880,1.724,0,0,0.0,0.0,[],41.951683044433594,40.876007080078125,16.260982513427734,41.631385803222656,46.88288497924805,16.23876953125,41.366241455078125,40.895118713378906,16.241558074951172
181.0,RUNNING,10,RETURN,0.612,0.9421,148.4218,10.517,True,NORMAL,MONITOR,False,{},"[""uav2"", ""uav1"", ""uav0""]",limited,False,{},NONE,NORMAL,SAFE,1.0,IDLE,0.0,0.0,0.0,,,0.0,False,avoidance not required,,{},,,,,,,,,,,0,safe,6.015,12.893,1.728,0,0,0.0,0.0,[],41.72307205200195,40.66685104370117,16.27584457397461,41.4079704284668,46.667701721191406,16.2528018951416,41.13576889038086,40.68440246582031,16.25412368774414
181.2,RUNNING,10,RETURN,0.612,0.942,148.3903,10.517,True,NORMAL,MONITOR,False,{},"[""uav2"", ""uav1"", ""uav0""]",limited,False,{},NONE,NORMAL,SAFE,1.0,IDLE,0.0,0.0,0.0,,,0.0,False,avoidance not required,,{},,,,,,,,,,,0,safe,6.013,12.919,1.729,0,0,0.0,0.0,[],41.49235153198242,40.45840835571289,16.28462028503418,41.18190383911133,46.45539093017578,16.263134002685547,40.90128707885742,40.47486877441406,16.270227432250977
181.4,RUNNING,10,RETURN,0.613,0.942,148.3903,10.517,True,NORMAL,MONITOR,False,{},"[""uav2"", ""uav1"", ""uav0""]",limited,False,{},NONE,NORMAL,SAFE,1.0,IDLE,0.0,0.0,0.0,,,0.0,False,avoidance not required,,{},,,,,,,,,,,0,safe,6.009,12.955,1.728,0,0,0.0,0.0,[],41.259681701660156,40.24429702758789,16.29375648498535,40.956512451171875,46.24258041381836,16.27450942993164,40.664615631103516,40.264923095703125,16.28264045715332
181.6,RUNNING,10,RETURN,0.614,0.9418,148.3589,10.517,True,NORMAL,MONITOR,False,{},"[""uav2"", ""uav1"", ""uav0""]",limited,False,{},NONE,NORMAL,SAFE,1.0,IDLE,0.0,0.0,0.0,,,0.0,False,avoidance not required,,{},,,,,,,,,,,0,safe,6.005,13.001,1.725,0,0,0.0,0.0,[],41.0268669128418,40.03372573852539,16.30056381225586,40.728118896484375,46.03191375732422,16.28469467163086,40.422122955322266,40.052978515625,16.2988224029541
181.8,RUNNING,10,RETURN,0.615,0.9418,148.3589,10.517,True,NORMAL,MONITOR,False,{},"[""uav2"", ""uav1"", ""uav0""]",limited,False,{},NONE,NORMAL,SAFE,1.0,IDLE,0.0,0.0,0.0,,,0.0,False,avoidance not required,,{},,,,,,,,,,,0,safe,5.995,13.057,1.717,0,0,0.0,0.0,[],40.78645706176758,39.81654739379883,16.310176849365234,40.49981689453125,45.82209777832031,16.29630470275879,40.179969787597656,39.8419075012207,16.313793182373047
182.0,RUNNING,10,RETURN,0.615,0.9418,148.3589,10.517,True,NORMAL,MONITOR,False,{},"[""uav2"", ""uav1"", ""uav0""]",limited,False,{},NONE,NORMAL,SAFE,1.0,IDLE,0.0,0.0,0.0,,,0.0,False,avoidance not required,,{},,,,,,,,,,,0,safe,5.978,13.191,1.713,0,0,0.0,0.0,[],40.56381607055664,39.61775588989258,16.315380096435547,40.2681884765625,45.613563537597656,16.30755615234375,39.94132995605469,39.63193130493164,16.322223663330078
182.2,RUNNING,10,RETURN,0.616,0.9416,148.3276,10.517,True,NORMAL,MONITOR,False,{},"[""uav2"", ""uav1"", ""uav0""]",limited,False,{},NONE,NORMAL,SAFE,1.0,IDLE,0.0,0.0,0.0,,,0.0,False,avoidance not required,,{},,,,,,,,,,,0,safe,5.978,13.191,1.713,0,0,0.0,0.0,[],40.32296371459961,39.40327072143555,16.324356079101562,40.033409118652344,45.405860900878906,16.324312210083008,39.705055236816406,39.423728942871094,16.330379486083984
182.4,RUNNING,10,RETURN,0.617,0.9416,148.3276,10.517,True,NORMAL,MONITOR,False,{},"[""uav2"", ""uav1"", ""uav0""]",limited,False,{},NONE,NORMAL,SAFE,1.0,IDLE,0.0,0.0,0.0,,,0.0,False,avoidance not required,,{},,,,,,,,,,,0,safe,5.982,13.267,1.713,0,0,0.0,0.0,[],40.09107971191406,39.196533203125,16.331722259521484,39.79827880859375,45.1982307434082,16.33625030517578,39.47195053100586,39.214576721191406,16.33562660217285
182.6,RUNNING,10,RETURN,0.618,0.9415,148.2964,10.517,True,NORMAL,MONITOR,False,{},"[""uav2"", ""uav1"", ""uav0""]",limited,False,{},NONE,NORMAL,SAFE,1.0,IDLE,0.0,0.0,0.0,,,0.0,False,avoidance not required,,{},,,,,,,,,,,0,safe,5.981,13.346,1.713,0,0,0.0,0.0,[],39.86893844604492,38.99754333496094,16.342487335205078,39.56380844116211,44.98998260498047,16.348899841308594,39.24369812011719,39.00575637817383,16.345582962036133
182.8,RUNNING,10,RETURN,0.618,0.9415,148.2964,10.517,True,NORMAL,MONITOR,False,{},"[""uav2"", ""uav1"", ""uav0""]",limited,False,{},NONE,NORMAL,SAFE,1.0,IDLE,0.0,0.0,0.0,,,0.0,False,avoidance not required,,{},,,,,,,,,,,0,safe,5.975,13.429,1.721,0,0,0.0,0.0,[],39.637306213378906,38.79032897949219,16.351612091064453,39.330360412597656,44.781524658203125,16.357280731201172,39.016380310058594,38.79446792602539,16.35508155822754
183.0,RUNNING,10,RETURN,0.619,0.9415,148.2964,10.517,True,NORMAL,MONITOR,False,{},"[""uav2"", ""uav1"", ""uav0""]",limited,False,{},NONE,NORMAL,SAFE,1.0,IDLE,0.0,0.0,0.0,,,0.0,False,avoidance not required,,{},,,,,,,,,,,0,safe,5.979,13.516,1.724,0,0,0.0,0.0,[],39.405757904052734,38.58623504638672,16.365036010742188,39.10116195678711,44.57489776611328,16.36865997314453,38.788177490234375,38.5823860168457,16.361814498901367
183.2,RUNNING,10,RETURN,0.62,0.9413,148.2652,10.517,True,NORMAL,MONITOR,False,{},"[""uav2"", ""uav1"", ""uav0""]",limited,False,{},NONE,NORMAL,SAFE,1.0,IDLE,0.0,0.0,0.0,,,0.0,False,avoidance not required,,{},,,,,,,,,,,0,safe,5.982,13.610,1.729,0,0,0.0,0.0,[],39.17317581176758,38.37919616699219,16.372892379760742,38.86991882324219,44.36689376831055,16.377315521240234,38.55772018432617,38.371822357177734,16.370044708251953
183.4,RUNNING,10,RETURN,0.621,0.9413,148.2652,10.517,True,NORMAL,MONITOR,False,{},"[""uav2"", ""uav1"", ""uav0""]",limited,False,{},NONE,NORMAL,SAFE,1.0,IDLE,0.0,0.0,0.0,,,0.0,False,avoidance not required,,{},,,,,,,,,,,0,safe,5.985,13.713,1.731,0,0,0.0,0.0,[],38.93630599975586,38.17184829711914,16.382747650146484,38.63653564453125,44.160865783691406,16.39006996154785,38.326210021972656,38.16376495361328,16.374980926513672
183.6,RUNNING,10,RETURN,0.621,0.9412,148.234,10.517,True,NORMAL,MONITOR,False,{},"[""uav2"", ""uav1"", ""uav0""]",limited,False,{},NONE,NORMAL,SAFE,1.0,IDLE,0.0,0.0,0.0,,,0.0,False,avoidance not required,,{},,,,,,,,,,,0,safe,5.990,13.824,1.730,0,0,0.0,0.0,[],38.701316833496094,37.962615966796875,16.387378692626953,38.403324127197266,43.95163345336914,16.39558982849121,38.094505310058594,37.95339584350586,16.378372192382812
183.8,RUNNING,10,RETURN,0.622,0.9412,148.234,10.517,True,NORMAL,MONITOR,False,{},"[""uav2"", ""uav1"", ""uav0""]",limited,False,{},NONE,NORMAL,SAFE,1.0,IDLE,0.0,0.0,0.0,,,0.0,False,avoidance not required,,{},,,,,,,,,,,0,safe,5.993,13.941,1.729,0,0,0.0,0.0,[],38.467979431152344,37.757328033447266,16.39506721496582,38.17240905761719,43.74209213256836,16.403398513793945,37.85942840576172,37.742130279541016,16.38847541809082
184.0,RUNNING,10,RETURN,0.623,0.9412,148.234,10.517,True,NORMAL,MONITOR,False,{},"[""uav2"", ""uav1"", ""uav0""]",limited,False,{},NONE,NORMAL,SAFE,1.0,IDLE,0.0,0.0,0.0,,,0.0,False,avoidance not required,,{},,,,,,,,,,,0,safe,5.991,14.066,1.732,0,0,0.0,0.0,[],38.23613739013672,37.548709869384766,16.401599884033203,37.94060134887695,43.53068542480469,16.40780258178711,37.62667465209961,37.529483795166016,16.39505386352539
184.2,RUNNING,10,RETURN,0.624,0.941,148.2028,10.517,True,NORMAL,MONITOR,False,{},"[""uav2"", ""uav1"", ""uav0""]",limited,False,{},NONE,NORMAL,SAFE,1.0,IDLE,0.0,0.0,0.0,,,0.0,False,avoidance not required,,{},,,,,,,,,,,0,safe,5.991,14.195,1.734,0,0,0.0,0.0,[],38.00397491455078,37.3404426574707,16.412189483642578,37.70766067504883,43.32029342651367,16.417171478271484,37.39558410644531,37.3174934387207,16.40380096435547
184.4,RUNNING,10,RETURN,0.624,0.941,148.2028,10.517,True,NORMAL,MONITOR,False,{},"[""uav2"", ""uav1"", ""uav0""]",limited,False,{},NONE,NORMAL,SAFE,1.0,IDLE,0.0,0.0,0.0,,,0.0,False,avoidance not required,,{},,,,,,,,,,,0,safe,5.992,14.328,1.735,0,0,0.0,0.0,[],37.772865295410156,37.129295349121094,16.417848587036133,37.47405242919922,43.10805892944336,16.422096252441406,37.165321350097656,37.104766845703125,16.41050910949707
184.6,RUNNING,10,RETURN,0.625,0.9409,148.1716,10.517,True,NORMAL,MONITOR,False,{},"[""uav2"", ""uav1"", ""uav0""]",limited,False,{},NONE,NORMAL,SAFE,1.0,IDLE,0.0,0.0,0.0,,,0.0,False,avoidance not required,,{},,,,,,,,,,,0,safe,5.993,14.102,1.736,0,0,0.0,0.0,[],37.543182373046875,36.92143249511719,16.425127029418945,37.23512268066406,42.89723587036133,16.428226470947266,36.93402862548828,36.892982482910156,16.420154571533203
184.8,RUNNING,10,RETURN,0.626,0.9409,148.1716,10.517,True,NORMAL,MONITOR,False,{},"[""uav2"", ""uav1"", ""uav0""]",limited,False,{},NONE,NORMAL,SAFE,1.0,IDLE,0.0,0.0,0.0,,,0.0,False,avoidance not required,,{},,,,,,,,,,,0,safe,5.989,13.493,1.741,0,0,0.0,0.0,[],37.313812255859375,36.71044158935547,16.42979621887207,36.99940490722656,42.68468475341797,16.43242835998535,36.702735900878906,36.68086624145508,16.426307678222656
185.0,RUNNING,10,RETURN,0.627,0.9409,148.1716,10.517,True,NORMAL,MONITOR,False,{},"[""uav2"", ""uav1"", ""uav0""]",limited,False,{},NONE,NORMAL,SAFE,1.0,IDLE,0.0,0.0,0.0,,,0.0,False,avoidance not required,,{},,,,,,,,,,,0,safe,5.989,13.493,1.741,0,0,0.0,0.0,[],37.08283233642578,36.50102996826172,16.43741226196289,36.76680374145508,42.47320556640625,16.44033432006836,36.467071533203125,36.472686767578125,16.429893493652344
185.2,RUNNING,10,RETURN,0.627,0.9407,148.1404,10.517,True,NORMAL,MONITOR,False,{},"[""uav2"", ""uav1"", ""uav0""]",limited,False,{},NONE,NORMAL,SAFE,1.0,IDLE,0.0,0.0,0.0,,,0.0,False,avoidance not required,,{},,,,,,,,,,,0,safe,5.984,13.188,1.742,0,0,0.0,0.0,[],36.85314178466797,36.28833770751953,16.439783096313477,36.534969329833984,42.26047134399414,16.44434928894043,36.23146438598633,36.26189041137695,16.433122634887695
185.4,RUNNING,10,RETURN,0.628,0.9407,148.1404,10.517,True,NORMAL,MONITOR,False,{},"[""uav2"", ""uav1"", ""uav0""]",limited,False,{},NONE,NORMAL,SAFE,1.0,IDLE,0.0,0.0,0.0,,,0.0,False,avoidance not required,,{},,,,,,,,,,,0,safe,5.978,12.881,1.742,0,0,0.0,0.0,[],36.61758041381836,36.07084655761719,16.447595596313477,36.30161666870117,42.05004119873047,16.44623374938965,35.99903869628906,36.04889678955078,16.43573570251465
185.6,RUNNING,10,RETURN,0.629,0.9405,148.1092,10.517,True,NORMAL,MONITOR,False,{},"[""uav2"", ""uav1"", ""uav0""]",limited,False,{},NONE,NORMAL,SAFE,1.0,IDLE,0.0,0.0,0.0,,,0.0,False,avoidance not required,,{},,,,,,,,,,,0,safe,5.982,12.568,1.735,0,0,0.0,0.0,[],36.3983154296875,35.866676330566406,16.4503173828125,36.07020568847656,41.83738327026367,16.447534561157227,35.768550872802734,35.83425521850586,16.441917419433594
185.8,RUNNING,10,RETURN,0.63,0.9405,148.1092,10.517,True,NORMAL,MONITOR,False,{},"[""uav2"", ""uav1"", ""uav0""]",limited,False,{},NONE,NORMAL,SAFE,1.0,IDLE,0.0,0.0,0.0,,,0.0,False,avoidance not required,,{},,,,,,,,,,,0,safe,5.970,12.275,1.748,0,0,0.0,0.0,[],36.16706085205078,35.65546417236328,16.456092834472656,35.83971405029297,41.623077392578125,16.450159072875977,35.539161682128906,35.62060546875,16.447235107421875
186.0,RUNNING,10,RETURN,0.63,0.9405,148.1092,10.517,True,NORMAL,MONITOR,False,{},"[""uav2"", ""uav1"", ""uav0""]",limited,False,{},NONE,NORMAL,SAFE,1.0,IDLE,0.0,0.0,0.0,,,0.0,False,avoidance not required,,{},,,,,,,,,,,0,safe,5.972,11.969,1.748,0,0,0.0,0.0,[],35.93704605102539,35.44164276123047,16.45810317993164,35.60978317260742,41.40753936767578,16.45343017578125,35.30754852294922,35.41078567504883,16.45473289489746
186.2,RUNNING,10,RETURN,0.631,0.9404,148.078,10.517,True,NORMAL,MONITOR,False,{},"[""uav2"", ""uav1"", ""uav0""]",limited,False,{},NONE,NORMAL,SAFE,1.0,IDLE,0.0,0.0,0.0,,,0.0,False,avoidance not required,,{},,,,,,,,,,,0,safe,5.971,11.663,1.746,0,0,0.0,0.0,[],35.7122917175293,35.22903060913086,16.461238861083984,35.37777328491211,41.18893051147461,16.462364196777344,35.0771598815918,35.19871139526367,16.458702087402344
186.4,RUNNING,10,RETURN,0.632,0.9404,148.078,10.517,True,NORMAL,MONITOR,False,{},"[""uav2"", ""uav1"", ""uav0""]",limited,False,{},NONE,NORMAL,SAFE,1.0,IDLE,0.0,0.0,0.0,,,0.0,False,avoidance not required,,{},,,,,,,,,,,0,safe,5.965,11.361,1.750,0,0,0.0,0.0,[],35.475830078125,35.00565719604492,16.462196350097656,35.14698791503906,40.97222137451172,16.467716217041016,34.84521484375,34.98421859741211,16.461172103881836
186.6,RUNNING,10,RETURN,0.633,0.9402,148.0468,10.517,True,NORMAL,MONITOR,False,{},"[""uav2"", ""uav1"", ""uav0""]",limited,False,{},NONE,NORMAL,SAFE,1.0,IDLE,0.0,0.0,0.0,,,0.0,False,avoidance not required,,{},,,,,,,,,,,0,safe,5.969,11.045,1.737,0,0,0.0,0.0,[],35.255226135253906,34.80060577392578,16.462766647338867,34.916378021240234,40.759647369384766,16.476552963256836,34.615108489990234,34.76980209350586,16.462749481201172
186.8,RUNNING,10,RETURN,0.633,0.9402,148.0468,10.517,True,NORMAL,MONITOR,False,{},"[""uav2"", ""uav1"", ""uav0""]",limited,False,{},NONE,NORMAL,SAFE,1.0,IDLE,0.0,0.0,0.0,,,0.0,False,avoidance not required,,{},,,,,,,,,,,0,safe,5.960,10.752,1.749,0,0,0.0,0.0,[],35.0242805480957,34.58538055419922,16.462907791137695,34.686187744140625,40.54676818847656,16.4787540435791,34.38530349731445,34.5562629699707,16.468061447143555
187.0,RUNNING,10,RETURN,0.634,0.9402,148.0468,10.517,True,NORMAL,MONITOR,False,{},"[""uav2"", ""uav1"", ""uav0""]",limited,False,{},NONE,NORMAL,SAFE,1.0,IDLE,0.0,0.0,0.0,,,0.0,False,avoidance not required,,{},,,,,,,,,,,0,safe,5.961,10.445,1.747,0,0,0.0,0.0,[],34.79376983642578,34.37146759033203,16.466407775878906,34.4539794921875,40.332481384277344,16.483736038208008,34.15618896484375,34.34310531616211,16.47376823425293
187.2,RUNNING,10,RETURN,0.635,0.9401,148.0157,10.517,True,NORMAL,MONITOR,False,{},"[""uav2"", ""uav1"", ""uav0""]",limited,False,{},NONE,NORMAL,SAFE,1.0,IDLE,0.0,0.0,0.0,,,0.0,False,avoidance not required,,{},,,,,,,,,,,0,safe,5.962,10.141,1.745,0,0,0.0,0.0,[],34.56232833862305,34.15669250488281,16.46936798095703,34.22422409057617,40.119930267333984,16.487247467041016,33.925086975097656,34.131343841552734,16.482772827148438
187.4,RUNNING,10,RETURN,0.636,0.9401,148.0157,10.517,True,NORMAL,MONITOR,False,{},"[""uav2"", ""uav1"", ""uav0""]",limited,False,{},NONE,NORMAL,SAFE,1.0,IDLE,0.0,0.0,0.0,,,0.0,False,avoidance not required,,{},,,,,,,,,,,0,safe,5.963,9.836,1.742,0,0,0.0,0.0,[],34.33034896850586,33.944580078125,16.473739624023438,33.99906539916992,39.91184616088867,16.49325180053711,33.69459533691406,33.91862106323242,16.49420166015625
187.6,RUNNING,10,RETURN,0.636,0.9399,147.9845,10.517,True,NORMAL,MONITOR,False,{},"[""uav2"", ""uav1"", ""uav0""]",limited,False,{},NONE,NORMAL,SAFE,1.0,IDLE,0.0,0.0,0.0,,,0.0,False,avoidance not required,,{},,,,,,,,,,,0,safe,5.964,9.533,1.741,0,0,0.0,0.0,[],34.089820861816406,33.723121643066406,16.47796630859375,33.77310562133789,39.702457427978516,16.49547004699707,33.46590042114258,33.70662307739258,16.49962615966797
187.8,RUNNING,10,RETURN,0.637,0.9399,147.9845,10.517,True,NORMAL,MONITOR,False,{},"[""uav2"", ""uav1"", ""uav0""]",limited,False,{},NONE,NORMAL,SAFE,1.0,IDLE,0.0,0.0,0.0,,,0.0,False,avoidance not required,,{},,,,,,,,,,,0,safe,5.976,9.219,1.727,0,0,0.0,0.0,[],33.87106704711914,33.52125549316406,16.48307991027832,33.54743194580078,39.490882873535156,16.50048065185547,33.23836898803711,33.49662780761719,16.503618240356445
188.0,RUNNING,10,RETURN,0.638,0.9399,147.9845,10.517,True,NORMAL,MONITOR,False,{},"[""uav2"", ""uav1"", ""uav0""]",limited,False,{},NONE,NORMAL,SAFE,1.0,IDLE,0.0,0.0,0.0,,,0.0,False,avoidance not required,,{},,,,,,,,,,,0,safe,5.967,8.935,1.743,0,0,0.0,0.0,[],33.641387939453125,33.30834197998047,16.4848575592041,33.320091247558594,39.27952575683594,16.50164222717285,33.0106201171875,33.28668212890625,16.50449562072754
188.2,RUNNING,10,RETURN,0.639,0.9398,147.9534,10.517,True,NORMAL,MONITOR,False,{},"[""uav2"", ""uav1"", ""uav0""]",limited,False,{},NONE,NORMAL,SAFE,1.0,IDLE,0.0,0.0,0.0,,,0.0,False,avoidance not required,,{},,,,,,,,,,,0,safe,5.969,8.635,1.742,0,0,0.0,0.0,[],33.400489807128906,33.08210754394531,16.486698150634766,33.091182708740234,39.06949996948242,16.503284454345703,32.78094482421875,33.07854461669922,16.508541107177734
188.4,RUNNING,10,RETURN,0.639,0.9398,147.9534,10.517,True,NORMAL,MONITOR,False,{},"[""uav2"", ""uav1"", ""uav0""]",limited,False,{},NONE,NORMAL,SAFE,1.0,IDLE,0.0,0.0,0.0,,,0.0,False,avoidance not required,,{},,,,,,,,,,,0,safe,5.980,8.320,1.725,0,0,0.0,0.0,[],33.16800308227539,32.865936279296875,16.487932205200195,32.86090087890625,38.85939407348633,16.503740310668945,32.55118942260742,32.869056701660156,16.50849723815918
188.6,RUNNING,10,RETURN,0.64,0.9396,147.9222,10.517,True,NORMAL,MONITOR,False,{},"[""uav2"", ""uav1"", ""uav0""]",limited,False,{},NONE,NORMAL,SAFE,1.0,IDLE,0.0,0.0,0.0,,,0.0,False,avoidance not required,,{},,,,,,,,,,,0,safe,5.975,7.731,1.728,0,0,0.0,0.0,[],32.9429931640625,32.65992736816406,16.49093246459961,32.6274528503418,38.65005111694336,16.50763702392578,32.31843566894531,32.65715408325195,16.507030487060547
188.8,RUNNING,10,RETURN,0.641,0.9396,147.9222,10.517,True,NORMAL,MONITOR,False,{},"[""uav2"", ""uav1"", ""uav0""]",limited,False,{},NONE,NORMAL,SAFE,1.0,IDLE,0.0,0.0,0.0,,,0.0,False,avoidance not required,,{},,,,,,,,,,,0,safe,5.975,7.731,1.728,0,0,0.0,0.0,[],32.70826721191406,32.4456787109375,16.493640899658203,32.394840240478516,38.439353942871094,16.50773048400879,32.088722229003906,32.443111419677734,16.50855255126953
189.0,RUNNING,10,RETURN,0.642,0.9396,147.9222,10.517,True,NORMAL,MONITOR,False,{},"[""uav2"", ""uav1"", ""uav0""]",limited,False,{},NONE,NORMAL,SAFE,1.0,IDLE,0.0,0.0,0.0,,,0.0,False,avoidance not required,,{},,,,,,,,,,,0,safe,5.980,7.432,1.724,0,0,0.0,0.0,[],32.47478485107422,32.232032775878906,16.495176315307617,32.16291046142578,38.22824478149414,16.506628036499023,31.85957145690918,32.2293701171875,16.507856369018555
189.2,RUNNING,10,RETURN,0.642,0.9395,147.891,10.517,True,NORMAL,MONITOR,False,{},"[""uav2"", ""uav1"", ""uav0""]",limited,False,{},NONE,NORMAL,SAFE,1.0,IDLE,0.0,0.0,0.0,,,0.0,False,avoidance not required,,{},,,,,,,,,,,0,safe,5.985,7.135,1.720,0,0,0.0,0.0,[],32.242164611816406,32.0175666809082,16.499671936035156,31.93132209777832,38.016483306884766,16.508161544799805,31.630014419555664,32.0133056640625,16.504270553588867
189.4,RUNNING,10,RETURN,0.643,0.9395,147.891,10.517,True,NORMAL,MONITOR,False,{},"[""uav2"", ""uav1"", ""uav0""]",limited,False,{},NONE,NORMAL,SAFE,1.0,IDLE,0.0,0.0,0.0,,,0.0,False,avoidance not required,,{},,,,,,,,,,,0,safe,5.988,6.842,1.716,0,0,0.0,0.0,[],32.01038360595703,31.805173873901367,16.500896453857422,31.699642181396484,37.80430221557617,16.508760452270508,31.39905548095703,31.797889709472656,16.50093650817871
189.6,RUNNING,10,RETURN,0.644,0.9393,147.8598,10.517,True,NORMAL,MONITOR,False,{},"[""uav2"", ""uav1"", ""uav0""]",limited,False,{},NONE,NORMAL,SAFE,1.0,IDLE,0.0,0.0,0.0,,,0.0,False,avoidance not required,,{},,,,,,,,,,,0,safe,5.989,6.551,1.714,0,0,0.0,0.0,[],31.779888153076172,31.595775604248047,16.499725341796875,31.46729850769043,37.590919494628906,16.509662628173828,31.1687068939209,31.584209442138672,16.499874114990234
189.8,RUNNING,10,RETURN,0.645,0.9393,147.8598,10.517,True,NORMAL,MONITOR,False,{},"[""uav2"", ""uav1"", ""uav0""]",limited,False,{},NONE,NORMAL,SAFE,1.0,IDLE,0.0,0.0,0.0,,,0.0,False,avoidance not required,,{},,,,,,,,,,,0,safe,5.989,6.265,1.716,0,0,0.0,0.0,[],31.549238204956055,31.385683059692383,16.499021530151367,31.235248565673828,37.378814697265625,16.50977897644043,30.937511444091797,31.37062644958496,16.499103546142578
190.0,RUNNING,10,RETURN,0.645,0.9393,147.8598,10.517,True,NORMAL,MONITOR,False,{},"[""uav2"", ""uav1"", ""uav0""]",limited,False,{},NONE,NORMAL,SAFE,1.0,IDLE,0.0,0.0,0.0,,,0.0,False,avoidance not required,,{},,,,,,,,,,,0,safe,5.988,5.980,1.716,0,0,0.0,0.0,[],31.317832946777344,31.17367935180664,16.495460510253906,31.002107620239258,37.16826248168945,16.510358810424805,30.707155227661133,31.159000396728516,16.49903106689453
190.2,RUNNING,10,RETURN,0.646,0.9391,147.8287,10.517,True,NORMAL,MONITOR,False,{},"[""uav2"", ""uav1"", ""uav0""]",limited,False,{},NONE,NORMAL,SAFE,1.0,IDLE,0.0,0.0,0.0,,,0.0,False,avoidance not required,,{},,,,,,,,,,,0,safe,5.989,5.696,1.715,0,0,0.0,0.0,[],31.086509704589844,30.962438583374023,16.493511199951172,30.769487380981445,36.95784378051758,16.5080509185791,30.477258682250977,30.946182250976562,16.500137329101562
190.4,RUNNING,10,RETURN,0.647,0.9391,147.8287,10.517,True,NORMAL,MONITOR,False,{},"[""uav2"", ""uav1"", ""uav0""]",limited,False,{},NONE,NORMAL,SAFE,1.0,IDLE,0.0,0.0,0.0,,,0.0,False,avoidance not required,,{},,,,,,,,,,,0,safe,5.991,5.416,1.714,0,0,0.0,0.0,[],30.854215621948242,30.748958587646484,16.49302864074707,30.5346622467041,36.746826171875,16.50702476501465,30.246278762817383,30.730688095092773,16.498886108398438
190.6,RUNNING,10,RETURN,0.648,0.939,147.7977,10.517,True,NORMAL,MONITOR,False,{},"[""uav2"", ""uav1"", ""uav0""]",limited,False,{},NONE,NORMAL,SAFE,1.0,IDLE,0.0,0.0,0.0,,,0.0,False,avoidance not required,,{},,,,,,,,,,,0,safe,5.992,5.139,1.712,0,0,0.0,0.0,[],30.622629165649414,30.53671646118164,16.494531631469727,30.302400588989258,36.535484313964844,16.502256393432617,30.015134811401367,30.518198013305664,16.49940299987793
190.8,RUNNING,10,RETURN,0.648,0.939,147.7977,10.517,True,NORMAL,MONITOR,False,{},"[""uav2"", ""uav1"", ""uav0""]",limited,False,{},NONE,NORMAL,SAFE,1.0,IDLE,0.0,0.0,0.0,,,0.0,False,avoidance not required,,{},,,,,,,,,,,0,safe,5.993,4.868,1.710,0,0,0.0,0.0,[],30.38135528564453,30.314632415771484,16.498046875,30.072734832763672,36.3211784362793,16.494421005249023,29.78081703186035,30.30706214904785,16.5014591217041
191.0,RUNNING,10,RETURN,0.649,0.939,147.7977,10.517,True,NORMAL,MONITOR,False,{},"[""uav2"", ""uav1"", ""uav0""]",limited,False,{},NONE,NORMAL,SAFE,1.0,IDLE,0.0,0.0,0.0,,,0.0,False,avoidance not required,,{},,,,,,,,,,,0,safe,5.999,4.593,1.695,0,0,0.0,0.0,[],30.148740768432617,30.103687286376953,16.4995174407959,29.842470169067383,36.108158111572266,16.4915771484375,29.547273635864258,30.097604751586914,16.500001907348633
191.2,RUNNING,10,RETURN,0.65,0.9388,147.7666,10.517,True,NORMAL,MONITOR,False,{},"[""uav2"", ""uav1"", ""uav0""]",limited,False,{},NONE,NORMAL,SAFE,1.0,IDLE,0.0,0.0,0.0,,,0.0,False,avoidance not required,,{},,,,,,,,,,,0,safe,5.999,4.335,1.694,0,0,0.0,0.0,[],29.920534133911133,29.903217315673828,16.49883460998535,29.608070373535156,35.8951416015625,16.49127960205078,29.310951232910156,29.887283325195312,16.498334884643555
191.4,RUNNING,10,RETURN,0.651,0.9388,147.7666,10.517,True,NORMAL,MONITOR,False,{},"[""uav2"", ""uav1"", ""uav0""]",limited,False,{},NONE,NORMAL,SAFE,1.0,IDLE,0.0,0.0,0.0,,,0.0,False,avoidance not required,,{},,,,,,,,,,,0,safe,5.990,4.091,1.702,0,0,0.0,0.0,[],29.68602180480957,29.693920135498047,16.498233795166016,29.37550163269043,35.683414459228516,16.490015029907227,29.077529907226562,29.678407669067383,16.49708366394043
191.6,RUNNING,10,RETURN,0.651,0.9387,147.7356,10.517,True,NORMAL,MONITOR,False,{},"[""uav2"", ""uav1"", ""uav0""]",limited,False,{},NONE,NORMAL,SAFE,1.0,IDLE,0.0,0.0,0.0,,,0.0,False,avoidance not required,,{},,,,,,,,,,,0,safe,5.992,3.848,1.701,0,0,0.0,0.0,[],29.4532470703125,29.47704315185547,16.498315811157227,29.142398834228516,35.46977615356445,16.49053382873535,28.8463077545166,29.46815299987793,16.49508285522461
191.8,RUNNING,10,RETURN,0.652,0.9387,147.7356,10.517,True,NORMAL,MONITOR,False,{},"[""uav2"", ""uav1"", ""uav0""]",limited,False,{},NONE,NORMAL,SAFE,1.0,IDLE,0.0,0.0,0.0,,,0.0,False,avoidance not required,,{},,,,,,,,,,,0,safe,5.993,3.614,1.695,0,0,0.0,0.0,[],29.222627639770508,29.26343536376953,16.49784278869629,28.911401748657227,35.25802230834961,16.489896774291992,28.616674423217773,29.258623123168945,16.495243072509766
192.0,RUNNING,10,RETURN,0.653,0.9387,147.7356,10.517,True,NORMAL,MONITOR,False,{},"[""uav2"", ""uav1"", ""uav0""]",limited,False,{},NONE,NORMAL,SAFE,1.0,IDLE,0.0,0.0,0.0,,,0.0,False,avoidance not required,,{},,,,,,,,,,,0,safe,5.994,3.396,1.693,0,0,0.0,0.0,[],28.995691299438477,29.048887252807617,16.4996337890625,28.6822509765625,35.04555130004883,16.486791610717773,28.386579513549805,29.04537582397461,16.499971389770508
192.2,RUNNING,10,RETURN,0.654,0.9385,147.7046,10.517,True,NORMAL,MONITOR,False,{},"[""uav2"", ""uav1"", ""uav0""]",limited,False,{},NONE,NORMAL,SAFE,1.0,IDLE,0.0,0.0,0.0,,,0.0,False,avoidance not required,,{},,,,,,,,,,,0,safe,5.991,3.197,1.693,0,0,0.0,0.0,[],28.759714126586914,28.828840255737305,16.49851417541504,28.454313278198242,34.8344612121582,16.485347747802734,28.157480239868164,28.8342342376709,16.500181198120117
192.4,RUNNING,10,RETURN,0.654,0.9385,147.7046,10.517,True,NORMAL,MONITOR,False,{},"[""uav2"", ""uav1"", ""uav0""]",limited,False,{},NONE,NORMAL,SAFE,1.0,IDLE,0.0,0.0,0.0,,,0.0,False,avoidance not required,,{},,,,,,,,,,,0,safe,5.998,3.010,1.685,0,0,0.0,0.0,[],28.540931701660156,28.625545501708984,16.493925094604492,28.227746963500977,34.621238708496094,16.484601974487305,27.928733825683594,28.62062644958496,16.492618560791016
192.6,RUNNING,10,RETURN,0.655,0.9384,147.6736,10.517,True,NORMAL,MONITOR,False,{},"[""uav2"", ""uav1"", ""uav0""]",limited,False,{},NONE,NORMAL,SAFE,1.0,IDLE,0.0,0.0,0.0,,,0.0,False,avoidance not required,,{},,,,,,,,,,,0,safe,5.988,2.855,1.697,0,0,0.0,0.0,[],28.31285285949707,28.415515899658203,16.49260711669922,28.000621795654297,34.40986633300781,16.484447479248047,27.700788497924805,28.40955352783203,16.487817764282227
192.8,RUNNING,10,RETURN,0.656,0.9384,147.6736,10.517,True,NORMAL,MONITOR,False,{},"[""uav2"", ""uav1"", ""uav0""]",limited,False,{},NONE,NORMAL,SAFE,1.0,IDLE,0.0,0.0,0.0,,,0.0,False,avoidance not required,,{},,,,,,,,,,,0,safe,5.988,2.722,1.700,0,0,0.0,0.0,[],28.085147857666016,28.20188331604004,16.495302200317383,27.773515701293945,34.195884704589844,16.48394775390625,27.4746150970459,28.19632911682129,16.487234115600586
193.0,RUNNING,10,RETURN,0.657,0.9384,147.6736,10.517,True,NORMAL,MONITOR,False,{},"[""uav2"", ""uav1"", ""uav0""]",limited,False,{},NONE,NORMAL,SAFE,1.0,IDLE,0.0,0.0,0.0,,,0.0,False,avoidance not required,,{},,,,,,,,,,,0,safe,5.989,2.624,1.700,0,0,0.0,0.0,[],27.856830596923828,27.990583419799805,16.497175216674805,27.54538345336914,33.98424530029297,16.482980728149414,27.246475219726562,27.980276107788086,16.48537826538086
193.2,RUNNING,10,RETURN,0.657,0.9382,147.6426,10.517,True,NORMAL,MONITOR,False,{},"[""uav2"", ""uav1"", ""uav0""]",limited,False,{},NONE,NORMAL,SAFE,1.0,IDLE,0.0,0.0,0.0,,,0.0,False,avoidance not required,,{},,,,,,,,,,,0,safe,5.990,2.559,1.702,0,0,0.0,0.0,[],27.62894058227539,27.774255752563477,16.497716903686523,27.316661834716797,33.769134521484375,16.485431671142578,27.01731300354004,27.768007278442383,16.483619689941406
193.4,RUNNING,10,RETURN,0.658,0.9382,147.6426,10.517,True,NORMAL,MONITOR,False,{},"[""uav2"", ""uav1"", ""uav0""]",limited,False,{},NONE,NORMAL,SAFE,1.0,IDLE,0.0,0.0,0.0,,,0.0,False,avoidance not required,,{},,,,,,,,,,,0,safe,5.988,2.519,1.700,0,0,0.0,0.0,[],27.399696350097656,27.562795639038086,16.497467041015625,27.08612632751465,33.55638122558594,16.48444175720215,26.786880493164062,27.55693244934082,16.478328704833984
193.6,RUNNING,10,RETURN,0.659,0.9381,147.6115,10.517,True,NORMAL,MONITOR,False,{},"[""uav2"", ""uav1"", ""uav0""]",limited,False,{},NONE,NORMAL,SAFE,1.0,IDLE,0.0,0.0,0.0,,,0.0,False,avoidance not required,,{},,,,,,,,,,,0,safe,5.987,2.499,1.701,0,0,0.0,0.0,[],27.16983413696289,27.35658073425293,16.499752044677734,26.85374641418457,33.34090042114258,16.479412078857422,26.556039810180664,27.34781837463379,16.477521896362305
193.8,RUNNING,10,RETURN,0.66,0.9381,147.6115,10.517,True,NORMAL,MONITOR,False,{},"[""uav2"", ""uav1"", ""uav0""]",limited,False,{},NONE,NORMAL,SAFE,1.0,IDLE,0.0,0.0,0.0,,,0.0,False,avoidance not required,,{},,,,,,,,,,,0,safe,5.986,2.500,1.705,0,0,0.0,0.0,[],26.938949584960938,27.15103530883789,16.498733520507812,26.62152099609375,33.1300163269043,16.47682762145996,26.326173782348633,27.135841369628906,16.476499557495117
194.0,RUNNING,10,RETURN,0.66,0.9381,147.6115,10.517,True,NORMAL,MONITOR,False,{},"[""uav2"", ""uav1"", ""uav0""]",limited,False,{},NONE,NORMAL,SAFE,1.0,IDLE,0.0,0.0,0.0,,,0.0,False,avoidance not required,,{},,,,,,,,,,,0,safe,5.987,2.499,1.708,0,0,0.0,0.0,[],26.7095947265625,26.94243049621582,16.49382972717285,26.392492294311523,32.922691345214844,16.477025985717773,26.095855712890625,26.92680549621582,16.47663688659668
194.2,RUNNING,10,RETURN,0.661,0.9379,147.5804,10.517,True,NORMAL,MONITOR,False,{},"[""uav2"", ""uav1"", ""uav0""]",limited,False,{},NONE,NORMAL,SAFE,1.0,IDLE,0.0,0.0,0.0,,,0.0,False,avoidance not required,,{},,,,,,,,,,,0,safe,5.986,2.494,1.711,0,0,0.0,0.0,[],26.479990005493164,26.734893798828125,16.489816665649414,26.162752151489258,32.71638488769531,16.476207733154297,25.866531372070312,26.71875,16.47618293762207
194.4,RUNNING,10,RETURN,0.662,0.9379,147.5804,10.517,True,NORMAL,MONITOR,False,{},"[""uav2"", ""uav1"", ""uav0""]",limited,False,{},NONE,NORMAL,SAFE,1.0,IDLE,0.0,0.0,0.0,,,0.0,False,avoidance not required,,{},,,,,,,,,,,0,safe,5.987,2.490,1.714,0,0,0.0,0.0,[],26.257762908935547,26.52707862854004,16.487682342529297,25.935569763183594,32.50725555419922,16.47335433959961,25.636837005615234,26.511240005493164,16.47625160217285
194.6,RUNNING,10,RETURN,0.663,0.9377,147.5493,10.517,True,NORMAL,MONITOR,False,{},"[""uav2"", ""uav1"", ""uav0""]",limited,False,{},NONE,NORMAL,SAFE,1.0,IDLE,0.0,0.0,0.0,,,0.0,False,avoidance not required,,{},,,,,,,,,,,0,safe,5.979,2.488,1.722,0,0,0.0,0.0,[],26.02880096435547,26.31217384338379,16.4840145111084,25.707304000854492,32.299034118652344,16.47186279296875,25.409929275512695,26.300952911376953,16.47657012939453
194.8,RUNNING,10,RETURN,0.663,0.9377,147.5493,10.517,True,NORMAL,MONITOR,False,{},"[""uav2"", ""uav1"", ""uav0""]",limited,False,{},NONE,NORMAL,SAFE,1.0,IDLE,0.0,0.0,0.0,,,0.0,False,avoidance not required,,{},,,,,,,,,,,0,safe,5.981,2.484,1.720,0,0,0.0,0.0,[],25.812164306640625,26.114084243774414,16.482383728027344,25.4827938079834,32.08930969238281,16.47052764892578,25.181625366210938,26.091646194458008,16.478694915771484
195.0,RUNNING,10,RETURN,0.664,0.9377,147.5493,10.517,True,NORMAL,MONITOR,False,{},"[""uav2"", ""uav1"", ""uav0""]",limited,False,{},NONE,NORMAL,SAFE,1.0,IDLE,0.0,0.0,0.0,,,0.0,False,avoidance not required,,{},,,,,,,,,,,0,safe,5.970,2.482,1.739,0,0,0.0,0.0,[],25.58624267578125,25.908803939819336,16.481689453125,25.25430679321289,31.881376266479492,16.471202850341797,24.957929611206055,25.879100799560547,16.482345581054688
195.2,RUNNING,10,RETURN,0.665,0.9376,147.5181,10.517,True,NORMAL,MONITOR,False,{},"[""uav2"", ""uav1"", ""uav0""]",limited,False,{},NONE,NORMAL,SAFE,1.0,IDLE,0.0,0.0,0.0,,,0.0,False,avoidance not required,,{},,,,,,,,,,,0,safe,5.972,2.482,1.746,0,0,0.0,0.0,[],25.355785369873047,25.702306747436523,16.479711532592773,25.023775100708008,31.674816131591797,16.472156524658203,24.73377799987793,25.668384552001953,16.482786178588867
195.4,RUNNING,10,RETURN,0.666,0.9376,147.5181,10.517,True,NORMAL,MONITOR,False,{},"[""uav2"", ""uav1"", ""uav0""]",limited,False,{},NONE,NORMAL,SAFE,1.0,IDLE,0.0,0.0,0.0,,,0.0,False,avoidance not required,,{},,,,,,,,,,,0,safe,5.978,2.480,1.748,0,0,0.0,0.0,[],25.12529945373535,25.49468421936035,16.478017807006836,24.791879653930664,31.468076705932617,16.471406936645508,24.506269454956055,25.46044158935547,16.48069953918457
195.6,RUNNING,10,RETURN,0.666,0.9374,147.487,10.517,True,NORMAL,MONITOR,False,{},"[""uav2"", ""uav1"", ""uav0""]",limited,False,{},NONE,NORMAL,SAFE,1.0,IDLE,0.0,0.0,0.0,,,0.0,False,avoidance not required,,{},,,,,,,,,,,0,safe,5.981,2.478,1.750,0,0,0.0,0.0,[],24.891923904418945,25.286373138427734,16.473892211914062,24.56374740600586,31.25880241394043,16.4698543548584,24.281862258911133,25.255741119384766,16.47833251953125
195.8,RUNNING,10,RETURN,0.667,0.9374,147.487,10.517,True,NORMAL,MONITOR,False,{},"[""uav2"", ""uav1"", ""uav0""]",limited,False,{},NONE,NORMAL,SAFE,1.0,IDLE,0.0,0.0,0.0,,,0.0,False,avoidance not required,,{},,,,,,,,,,,0,safe,5.990,2.474,1.750,0,0,0.0,0.0,[],24.652067184448242,25.0708065032959,16.46491813659668,24.333166122436523,31.04962158203125,16.467082977294922,24.05374526977539,25.0508975982666,16.476858139038086
196.0,RUNNING,10,RETURN,0.668,0.9374,147.487,10.517,True,NORMAL,MONITOR,False,{},"[""uav2"", ""uav1"", ""uav0""]",limited,False,{},NONE,NORMAL,SAFE,1.0,IDLE,0.0,0.0,0.0,,,0.0,False,avoidance not required,,{},,,,,,,,,,,0,safe,6.002,2.465,1.739,0,0,0.0,0.0,[],24.428024291992188,24.870737075805664,16.46114730834961,24.104541778564453,30.839235305786133,16.464738845825195,23.8284912109375,24.84502410888672,16.478309631347656
196.2,RUNNING,10,RETURN,0.669,0.9373,147.4558,10.517,True,NORMAL,MONITOR,False,{},"[""uav2"", ""uav1"", ""uav0""]",limited,False,{},NONE,NORMAL,SAFE,1.0,IDLE,0.0,0.0,0.0,,,0.0,False,avoidance not required,,{},,,,,,,,,,,0,safe,6.010,2.462,1.740,0,0,0.0,0.0,[],24.187925338745117,24.652965545654297,16.462404251098633,23.873964309692383,30.62952995300293,16.463838577270508,23.598098754882812,24.638845443725586,16.477609634399414
196.4,RUNNING,10,RETURN,0.669,0.9373,147.4558,10.517,True,NORMAL,MONITOR,False,{},"[""uav2"", ""uav1"", ""uav0""]",limited,False,{},NONE,NORMAL,SAFE,1.0,IDLE,0.0,0.0,0.0,,,0.0,False,avoidance not required,,{},,,,,,,,,,,0,safe,6.010,2.462,1.740,0,0,0.0,0.0,[],23.96505355834961,24.451536178588867,16.465822219848633,23.6461238861084,30.417390823364258,16.464887619018555,23.365753173828125,24.432514190673828,16.476404190063477
196.6,RUNNING,10,RETURN,0.67,0.9371,147.4245,10.517,True,NORMAL,MONITOR,False,{},"[""uav2"", ""uav1"", ""uav0""]",limited,False,{},NONE,NORMAL,SAFE,1.0,IDLE,0.0,0.0,0.0,,,0.0,False,avoidance not required,,{},,,,,,,,,,,0,safe,6.001,2.466,1.752,0,0,0.0,0.0,[],23.73041534423828,24.24149513244629,16.467082977294922,23.41512107849121,30.20692253112793,16.46430206298828,23.13165283203125,24.225650787353516,16.47637939453125
196.8,RUNNING,10,RETURN,0.671,0.9371,147.4245,10.517,True,NORMAL,MONITOR,False,{},"[""uav2"", ""uav1"", ""uav0""]",limited,False,{},NONE,NORMAL,SAFE,1.0,IDLE,0.0,0.0,0.0,,,0.0,False,avoidance not required,,{},,,,,,,,,,,0,safe,6.001,2.467,1.749,0,0,0.0,0.0,[],23.495506286621094,24.032167434692383,16.4714412689209,23.184167861938477,29.995952606201172,16.462770462036133,22.900848388671875,24.01786231994629,16.47392463684082
197.0,RUNNING,10,RETURN,0.672,0.9371,147.4245,10.517,True,NORMAL,MONITOR,False,{},"[""uav2"", ""uav1"", ""uav0""]",limited,False,{},NONE,NORMAL,SAFE,1.0,IDLE,0.0,0.0,0.0,,,0.0,False,avoidance not required,,{},,,,,,,,,,,0,safe,6.005,2.471,1.747,0,0,0.0,0.0,[],23.260059356689453,23.82229995727539,16.47083854675293,22.95134925842285,29.786497116088867,16.462356567382812,22.667747497558594,23.81028938293457,16.470632553100586
197.2,RUNNING,10,RETURN,0.672,0.937,147.3932,10.517,True,NORMAL,MONITOR,False,{},"[""uav2"", ""uav1"", ""uav0""]",limited,False,{},NONE,NORMAL,SAFE,1.0,IDLE,0.0,0.0,0.0,,,0.0,False,avoidance not required,,{},,,,,,,,,,,0,safe,6.008,2.471,1.744,0,0,0.0,0.0,[],23.02806282043457,23.614349365234375,16.469013214111328,22.72035026550293,29.57548713684082,16.45998191833496,22.437036514282227,23.603849411010742,16.468425750732422
197.4,RUNNING,10,RETURN,0.673,0.937,147.3932,10.517,True,NORMAL,MONITOR,False,{},"[""uav2"", ""uav1"", ""uav0""]",limited,False,{},NONE,NORMAL,SAFE,1.0,IDLE,0.0,0.0,0.0,,,0.0,False,avoidance not required,,{},,,,,,,,,,,0,safe,6.009,2.469,1.745,0,0,0.0,0.0,[],22.794673919677734,23.405460357666016,16.46622085571289,22.487586975097656,29.366662979125977,16.456968307495117,22.204578399658203,23.395959854125977,16.46870994567871
197.6,RUNNING,10,RETURN,0.674,0.9368,147.3618,10.517,True,NORMAL,MONITOR,False,{},"[""uav2"", ""uav1"", ""uav0""]",limited,False,{},NONE,NORMAL,SAFE,1.0,IDLE,0.0,0.0,0.0,,,0.0,False,avoidance not required,,{},,,,,,,,,,,0,safe,6.010,2.466,1.745,0,0,0.0,0.0,[],22.562313079833984,23.196325302124023,16.46412467956543,22.256101608276367,29.158580780029297,16.454771041870117,21.97613525390625,23.185903549194336,16.474029541015625
197.8,RUNNING,10,RETURN,0.675,0.9368,147.3618,10.517,True,NORMAL,MONITOR,False,{},"[""uav2"", ""uav1"", ""uav0""]",limited,False,{},NONE,NORMAL,SAFE,1.0,IDLE,0.0,0.0,0.0,,,0.0,False,avoidance not required,,{},,,,,,,,,,,0,safe,6.014,2.464,1.747,0,0,0.0,0.0,[],22.328954696655273,22.986257553100586,16.46237564086914,22.025375366210938,28.948192596435547,16.456451416015625,21.744386672973633,22.97504234313965,16.475589752197266
198.0,RUNNING,10,RETURN,0.675,0.9368,147.3618,10.517,True,NORMAL,MONITOR,False,{},"[""uav2"", ""uav1"", ""uav0""]",limited,False,{},NONE,NORMAL,SAFE,1.0,IDLE,0.0,0.0,0.0,,,0.0,False,avoidance not required,,{},,,,,,,,,,,0,safe,6.015,2.462,1.746,0,0,0.0,0.0,[],22.09581756591797,22.774595260620117,16.46114730834961,21.792617797851562,28.739089965820312,16.457855224609375,21.51396369934082,22.76152992248535,16.475345611572266
198.2,RUNNING,10,RETURN,0.676,0.9367,147.3304,10.517,True,NORMAL,MONITOR,False,{},"[""uav2"", ""uav1"", ""uav0""]",limited,False,{},NONE,NORMAL,SAFE,1.0,IDLE,0.0,0.0,0.0,,,0.0,False,avoidance not required,,{},,,,,,,,,,,0,safe,6.018,2.461,1.744,0,0,0.0,0.0,[],21.853221893310547,22.55379295349121,16.46129035949707,21.559633255004883,28.529014587402344,16.460092544555664,21.280471801757812,22.54956817626953,16.47308921813965
198.4,RUNNING,10,RETURN,0.677,0.9367,147.3304,10.517,True,NORMAL,MONITOR,False,{},"[""uav2"", ""uav1"", ""uav0""]",limited,False,{},NONE,NORMAL,SAFE,1.0,IDLE,0.0,0.0,0.0,,,0.0,False,avoidance not required,,{},,,,,,,,,,,0,safe,6.027,2.461,1.741,0,0,0.0,0.0,[],21.631729125976562,22.347545623779297,16.460559844970703,21.325618743896484,28.3195743560791,16.462299346923828,21.047847747802734,22.339616775512695,16.471654891967773
198.6,RUNNING,10,RETURN,0.678,0.9365,147.299,10.517,True,NORMAL,MONITOR,False,{},"[""uav2"", ""uav1"", ""uav0""]",limited,False,{},NONE,NORMAL,SAFE,1.0,IDLE,0.0,0.0,0.0,,,0.0,False,avoidance not required,,{},,,,,,,,,,,0,safe,6.016,2.461,1.739,0,0,0.0,0.0,[],21.400169372558594,22.134218215942383,16.457767486572266,21.092201232910156,28.108154296875,16.46332550048828,20.81371307373047,22.129487991333008,16.470033645629883
198.8,RUNNING,10,RETURN,0.678,0.9365,147.299,10.517,True,NORMAL,MONITOR,False,{},"[""uav2"", ""uav1"", ""uav0""]",limited,False,{},NONE,NORMAL,SAFE,1.0,IDLE,0.0,0.0,0.0,,,0.0,False,avoidance not required,,{},,,,,,,,,,,0,safe,6.014,2.458,1.737,0,0,0.0,0.0,[],21.1756534576416,21.9205379486084,16.457971572875977,20.858116149902344,27.898605346679688,16.460479736328125,20.582685470581055,21.918251037597656,16.469236373901367
199.0,RUNNING,10,RETURN,0.679,0.9365,147.299,10.517,True,NORMAL,MONITOR,False,{},"[""uav2"", ""uav1"", ""uav0""]",limited,False,{},NONE,NORMAL,SAFE,1.0,IDLE,0.0,0.0,0.0,,,0.0,False,avoidance not required,,{},,,,,,,,,,,0,safe,6.007,2.458,1.736,0,0,0.0,0.0,[],20.93873405456543,21.698741912841797,16.45838165283203,20.625600814819336,27.688936233520508,16.456499099731445,20.3489933013916,21.706830978393555,16.466936111450195
199.2,RUNNING,10,RETURN,0.68,0.9363,147.2676,10.517,True,NORMAL,MONITOR,False,{},"[""uav2"", ""uav1"", ""uav0""]",limited,False,{},NONE,NORMAL,SAFE,1.0,IDLE,0.0,0.0,0.0,,,0.0,False,avoidance not required,,{},,,,,,,,,,,0,safe,6.010,2.456,1.733,0,0,0.0,0.0,[],20.72242546081543,21.490304946899414,16.46010971069336,20.3975887298584,27.47894287109375,16.456422805786133,20.11530113220215,21.492979049682617,16.46428680419922
199.4,RUNNING,10,RETURN,0.681,0.9363,147.2676,10.517,True,NORMAL,MONITOR,False,{},"[""uav2"", ""uav1"", ""uav0""]",limited,False,{},NONE,NORMAL,SAFE,1.0,IDLE,0.0,0.0,0.0,,,0.0,False,avoidance not required,,{},,,,,,,,,,,0,safe,5.993,2.456,1.733,0,0,0.0,0.0,[],20.499662399291992,21.277477264404297,16.459819793701172,20.168336868286133,27.270267486572266,16.455215454101562,19.88004493713379,21.280807495117188,16.46080207824707
199.6,RUNNING,10,RETURN,0.681,0.9362,147.2362,10.511,True,NORMAL,MONITOR,False,{},"[""uav2"", ""uav1"", ""uav0""]",limited,False,{},NONE,NORMAL,SAFE,1.0,IDLE,0.0,0.0,0.0,,,0.0,False,avoidance not required,,{},,,,,,,,,,,0,safe,5.980,2.455,1.736,0,0,0.0,0.0,[],20.272058486938477,21.066078186035156,16.457643508911133,19.942651748657227,27.06198501586914,16.453968048095703,19.64409065246582,21.07059669494629,16.4582462310791
199.8,RUNNING,10,RETURN,0.682,0.9362,147.2362,10.511,True,NORMAL,MONITOR,False,{},"[""uav2"", ""uav1"", ""uav0""]",limited,False,{},NONE,NORMAL,SAFE,1.0,IDLE,0.0,0.0,0.0,,,0.0,False,avoidance not required,,{},,,,,,,,,,,0,safe,5.972,2.454,1.738,0,0,0.0,0.0,[],20.044876098632812,20.85279655456543,16.461179733276367,19.71323013305664,26.853702545166016,16.451400756835938,19.40850257873535,20.860740661621094,16.452178955078125
200.0,RUNNING,10,RETURN,0.683,0.9362,147.2362,10.511,True,NORMAL,MONITOR,False,{},"[""uav2"", ""uav1"", ""uav0""]",limited,False,{},NONE,NORMAL,SAFE,1.0,IDLE,0.0,0.0,0.0,,,0.0,False,avoidance not required,,{},,,,,,,,,,,0,safe,5.964,2.451,1.739,0,0,0.0,0.0,[],19.815717697143555,20.642044067382812,16.455265045166016,19.48070526123047,26.6445369720459,16.449602127075195,19.175739288330078,20.65118408203125,16.448379516601562
200.2,RUNNING,10,RETURN,0.684,0.936,147.2049,10.474,True,NORMAL,MONITOR,False,{},"[""uav2"", ""uav1"", ""uav0""]",limited,False,{},NONE,NORMAL,SAFE,1.0,IDLE,0.0,0.0,0.0,,,0.0,False,avoidance not required,,{},,,,,,,,,,,0,safe,5.960,2.450,1.740,0,0,0.0,0.0,[],19.57293128967285,20.424983978271484,16.4472599029541,19.24673080444336,26.436161041259766,16.443124771118164,18.942184448242188,20.442028045654297,16.443302154541016
200.4,RUNNING,10,RETURN,0.684,0.936,147.2049,10.474,True,NORMAL,MONITOR,False,{},"[""uav2"", ""uav1"", ""uav0""]",limited,False,{},NONE,NORMAL,SAFE,1.0,IDLE,0.0,0.0,0.0,,,0.0,False,avoidance not required,,{},,,,,,,,,,,0,safe,5.969,2.443,1.726,0,0,0.0,0.0,[],19.345008850097656,20.22547149658203,16.44063949584961,19.01178741455078,26.229202270507812,16.437532424926758,18.708269119262695,20.233558654785156,16.437402725219727
200.6,RUNNING,10,RETURN,0.685,0.9359,147.1736,10.437,True,NORMAL,MONITOR,False,{},"[""uav2"", ""uav1"", ""uav0""]",limited,False,{},NONE,NORMAL,SAFE,1.0,IDLE,0.0,0.0,0.0,,,0.0,False,avoidance not required,,{},,,,,,,,,,,0,safe,5.963,2.438,1.735,0,0,0.0,0.0,[],19.10715675354004,20.01761245727539,16.43303108215332,18.776931762695312,26.01995849609375,16.43233871459961,18.475196838378906,20.02387046813965,16.432594299316406
200.8,RUNNING,10,RETURN,0.686,0.9359,147.1736,10.437,True,NORMAL,MONITOR,False,{},"[""uav2"", ""uav1"", ""uav0""]",limited,False,{},NONE,NORMAL,SAFE,1.0,IDLE,0.0,0.0,0.0,,,0.0,False,avoidance not required,,{},,,,,,,,,,,0,safe,5.968,2.432,1.732,0,0,0.0,0.0,[],18.869356155395508,19.805147171020508,16.42225456237793,18.54219627380371,25.803064346313477,16.42831802368164,18.24480628967285,19.810632705688477,16.428579330444336
201.0,RUNNING,10,RETURN,0.687,0.9359,147.1736,10.437,True,NORMAL,MONITOR,False,{},"[""uav2"", ""uav1"", ""uav0""]",limited,False,{},NONE,NORMAL,SAFE,1.0,IDLE,0.0,0.0,0.0,,,0.0,False,avoidance not required,,{},,,,,,,,,,,0,safe,5.975,2.422,1.724,0,0,0.0,0.0,[],18.63250732421875,19.59419059753418,16.41400146484375,18.308589935302734,25.588516235351562,16.42530632019043,18.01395606994629,19.598751068115234,16.424732208251953
201.2,RUNNING,10,RETURN,0.687,0.9357,147.1424,10.4,True,NORMAL,MONITOR,False,{},"[""uav2"", ""uav1"", ""uav0""]",limited,False,{},NONE,NORMAL,SAFE,1.0,IDLE,0.0,0.0,0.0,,,0.0,False,avoidance not required,,{},,,,,,,,,,,0,safe,5.981,2.414,1.719,0,0,0.0,0.0,[],18.398258209228516,19.380779266357422,16.40983009338379,18.077468872070312,25.373693466186523,16.42242431640625,17.78364372253418,19.38719367980957,16.41995620727539
201.4,RUNNING,10,RETURN,0.688,0.9357,147.1424,10.4,True,NORMAL,MONITOR,False,{},"[""uav2"", ""uav1"", ""uav0""]",limited,False,{},NONE,NORMAL,SAFE,1.0,IDLE,0.0,0.0,0.0,,,0.0,False,avoidance not required,,{},,,,,,,,,,,0,safe,5.985,2.410,1.714,0,0,0.0,0.0,[],18.16379165649414,19.169830322265625,16.406997680664062,17.846643447875977,25.161468505859375,16.41864013671875,17.552885055541992,19.1768856048584,16.41458511352539
201.6,RUNNING,10,RETURN,0.689,0.9356,147.1112,10.382,True,NORMAL,MONITOR,False,{},"[""uav2"", ""uav1"", ""uav0""]",limited,False,{},NONE,NORMAL,SAFE,1.0,IDLE,0.0,0.0,0.0,,,0.0,False,avoidance not required,,{},,,,,,,,,,,0,safe,5.989,2.407,1.711,0,0,0.0,0.0,[],17.92695426940918,18.96044158935547,16.407690048217773,17.618154525756836,24.949243545532227,16.414003372192383,17.32257080078125,18.968534469604492,16.41147804260254
201.8,RUNNING,10,RETURN,0.69,0.9356,147.1112,10.382,True,NORMAL,MONITOR,False,{},"[""uav2"", ""uav1"", ""uav0""]",limited,False,{},NONE,NORMAL,SAFE,1.0,IDLE,0.0,0.0,0.0,,,0.0,False,avoidance not required,,{},,,,,,,,,,,0,safe,5.996,2.408,1.709,0,0,0.0,0.0,[],17.691614151000977,18.752721786499023,16.405067443847656,17.388826370239258,24.73978042602539,16.408557891845703,17.09156608581543,18.759674072265625,16.407812118530273
202.0,RUNNING,10,RETURN,0.69,0.9356,147.1112,10.382,True,NORMAL,MONITOR,False,{},"[""uav2"", ""uav1"", ""uav0""]",limited,False,{},NONE,NORMAL,SAFE,1.0,IDLE,0.0,0.0,0.0,,,0.0,False,avoidance not required,,{},,,,,,,,,,,0,safe,6.000,2.405,1.710,0,0,0.0,0.0,[],17.447660446166992,18.538164138793945,16.397966384887695,17.159814834594727,24.533653259277344,16.405439376831055,16.85983657836914,18.54973602294922,16.40618133544922
202.2,RUNNING,10,RETURN,0.691,0.9354,147.08,10.345,True,NORMAL,MONITOR,False,{},"[""uav2"", ""uav1"", ""uav0""]",limited,False,{},NONE,NORMAL,SAFE,1.0,IDLE,0.0,0.0,0.0,,,0.0,False,avoidance not required,,{},,,,,,,,,,,0,safe,6.012,2.398,1.709,0,0,0.0,0.0,[],17.219072341918945,18.34381103515625,16.38701057434082,16.929048538208008,24.328371047973633,16.399768829345703,16.628646850585938,18.340320587158203,16.402849197387695
202.4,RUNNING,10,RETURN,0.692,0.9354,147.08,10.345,True,NORMAL,MONITOR,False,{},"[""uav2"", ""uav1"", ""uav0""]",limited,False,{},NONE,NORMAL,SAFE,1.0,IDLE,0.0,0.0,0.0,,,0.0,False,avoidance not required,,{},,,,,,,,,,,0,safe,6.010,2.387,1.709,0,0,0.0,0.0,[],16.982101440429688,18.13962173461914,16.379863739013672,16.69550132751465,24.126340866088867,16.389989852905273,16.399837493896484,18.13301658630371,16.3990478515625
202.6,RUNNING,10,RETURN,0.693,0.9352,147.0488,10.308,True,NORMAL,MONITOR,False,{},"[""uav2"", ""uav1"", ""uav0""]",limited,False,{},NONE,NORMAL,SAFE,1.0,IDLE,0.0,0.0,0.0,,,0.0,False,avoidance not required,,{},,,,,,,,,,,0,safe,6.018,2.380,1.713,0,0,0.0,0.0,[],16.748886108398438,17.93339729309082,16.374422073364258,16.46205711364746,23.922529220581055,16.384449005126953,16.170682907104492,17.92514419555664,16.3905086517334
202.8,RUNNING,10,RETURN,0.693,0.9352,147.0488,10.308,True,NORMAL,MONITOR,False,{},"[""uav2"", ""uav1"", ""uav0""]",limited,False,{},NONE,NORMAL,SAFE,1.0,IDLE,0.0,0.0,0.0,,,0.0,False,avoidance not required,,{},,,,,,,,,,,0,safe,6.022,2.375,1.715,0,0,0.0,0.0,[],16.517602920532227,17.72723388671875,16.368186950683594,16.22784996032715,23.720090866088867,16.382165908813477,15.942034721374512,17.718589782714844,16.37851333618164
203.0,RUNNING,10,RETURN,0.694,0.9352,147.0488,10.308,True,NORMAL,MONITOR,False,{},"[""uav2"", ""uav1"", ""uav0""]",limited,False,{},NONE,NORMAL,SAFE,1.0,IDLE,0.0,0.0,0.0,,,0.0,False,avoidance not required,,{},,,,,,,,,,,0,safe,6.024,2.382,1.719,0,0,0.0,0.0,[],16.28774070739746,17.522348403930664,16.35807991027832,15.995253562927246,23.51437759399414,16.376155853271484,15.711380958557129,17.509933471679688,16.37101936340332
203.2,RUNNING,10,RETURN,0.695,0.9351,147.0175,10.271,True,NORMAL,MONITOR,False,{},"[""uav2"", ""uav1"", ""uav0""]",limited,False,{},NONE,NORMAL,SAFE,1.0,IDLE,0.0,0.0,0.0,,,0.0,False,avoidance not required,,{},,,,,,,,,,,0,safe,6.024,2.376,1.720,0,0,0.0,0.0,[],16.058731079101562,17.31451416015625,16.35266876220703,15.764410972595215,23.30731773376465,16.366994857788086,15.476452827453613,17.300447463989258,16.365819931030273
203.4,RUNNING,10,RETURN,0.696,0.9351,147.0175,10.271,True,NORMAL,MONITOR,False,{},"[""uav2"", ""uav1"", ""uav0""]",limited,False,{},NONE,NORMAL,SAFE,1.0,IDLE,0.0,0.0,0.0,,,0.0,False,avoidance not required,,{},,,,,,,,,,,0,safe,6.018,2.367,1.718,0,0,0.0,0.0,[],15.826298713684082,17.105274200439453,16.350448608398438,15.534564971923828,23.098356246948242,16.362089157104492,15.24196720123291,17.09140396118164,16.358949661254883
203.6,RUNNING,10,RETURN,0.696,0.9349,146.9863,10.235,True,NORMAL,MONITOR,False,{},"[""uav2"", ""uav1"", ""uav0""]",limited,False,{},NONE,NORMAL,SAFE,1.0,IDLE,0.0,0.0,0.0,,,0.0,False,avoidance not required,,{},,,,,,,,,,,0,safe,6.016,2.359,1.716,0,0,0.0,0.0,[],15.595970153808594,16.8949031829834,16.348350524902344,15.307586669921875,22.891036987304688,16.359981536865234,15.007712364196777,16.881263732910156,16.355932235717773
203.8,RUNNING,10,RETURN,0.697,0.9349,146.9863,10.235,True,NORMAL,MONITOR,False,{},"[""uav2"", ""uav1"", ""uav0""]",limited,False,{},NONE,NORMAL,SAFE,1.0,IDLE,0.0,0.0,0.0,,,0.0,False,avoidance not required,,{},,,,,,,,,,,0,safe,6.012,2.356,1.720,0,0,0.0,0.0,[],15.365931510925293,16.688247680664062,16.346872329711914,15.079381942749023,22.681028366088867,16.357879638671875,14.770029067993164,16.671875,16.355804443359375
204.0,RUNNING,10,RETURN,0.698,0.9349,146.9863,10.235,True,NORMAL,MONITOR,False,{},"[""uav2"", ""uav1"", ""uav0""]",limited,False,{},NONE,NORMAL,SAFE,1.0,IDLE,0.0,0.0,0.0,,,0.0,False,avoidance not required,,{},,,,,,,,,,,0,safe,6.004,2.356,1.721,0,0,0.0,0.0,[],15.137210845947266,16.479820251464844,16.345720291137695,14.85109806060791,22.470664978027344,16.35837745666504,14.533937454223633,16.462413787841797,16.35462188720703
204.2,RUNNING,10,RETURN,0.699,0.9348,146.955,10.198,True,NORMAL,MONITOR,False,{},"[""uav2"", ""uav1"", ""uav0""]",limited,False,{},NONE,NORMAL,SAFE,1.0,IDLE,0.0,0.0,0.0,,,0.0,False,avoidance not required,,{},,,,,,,,,,,0,safe,5.997,2.355,1.723,0,0,0.0,0.0,[],14.907196998596191,16.275924682617188,16.340192794799805,14.621060371398926,22.259357452392578,16.357208251953125,14.295866012573242,16.25796127319336,16.349807739257812
204.4,RUNNING,10,RETURN,0.699,0.9348,146.955,10.198,True,NORMAL,MONITOR,False,{},"[""uav2"", ""uav1"", ""uav0""]",limited,False,{},NONE,NORMAL,SAFE,1.0,IDLE,0.0,0.0,0.0,,,0.0,False,avoidance not required,,{},,,,,,,,,,,0,safe,5.989,2.350,1.723,0,0,0.0,0.0,[],14.678398132324219,16.06882095336914,16.336759567260742,14.38797664642334,22.05066680908203,16.351268768310547,14.061790466308594,16.051158905029297,16.345849990844727
204.6,RUNNING,10,RETURN,0.7,0.9346,146.9238,10.161,True,NORMAL,MONITOR,False,{},"[""uav2"", ""uav1"", ""uav0""]",limited,False,{},NONE,NORMAL,SAFE,1.0,IDLE,0.0,0.0,0.0,,,0.0,False,avoidance not required,,{},,,,,,,,,,,0,safe,5.983,2.346,1.727,0,0,0.0,0.0,[],14.451507568359375,15.86584186553955,16.332406997680664,14.155253410339355,21.840620040893555,16.34689712524414,13.831268310546875,15.845746994018555,16.34268569946289
204.8,RUNNING,10,RETURN,0.701,0.9346,146.9238,10.161,True,NORMAL,MONITOR,False,{},"[""uav2"", ""uav1"", ""uav0""]",limited,False,{},NONE,NORMAL,SAFE,1.0,IDLE,0.0,0.0,0.0,,,0.0,False,avoidance not required,,{},,,,,,,,,,,0,safe,5.980,2.343,1.735,0,0,0.0,0.0,[],14.223938941955566,15.658164024353027,16.32855796813965,13.923280715942383,21.634634017944336,16.34221076965332,13.602018356323242,15.638084411621094,16.3406925201416
205.0,RUNNING,10,RETURN,0.702,0.9346,146.9238,10.161,True,NORMAL,MONITOR,False,{},"[""uav2"", ""uav1"", ""uav0""]",limited,False,{},NONE,NORMAL,SAFE,1.0,IDLE,0.0,0.0,0.0,,,0.0,False,avoidance not required,,{},,,,,,,,,,,0,safe,5.978,2.341,1.739,0,0,0.0,0.0,[],13.991767883300781,15.450733184814453,16.323211669921875,13.688244819641113,21.424516677856445,16.341394424438477,13.372488021850586,15.433843612670898,16.337156295776367
205.2,RUNNING,10,RETURN,0.702,0.9345,146.8926,10.124,True,NORMAL,MONITOR,False,{},"[""uav2"", ""uav1"", ""uav0""]",limited,False,{},NONE,NORMAL,SAFE,1.0,IDLE,0.0,0.0,0.0,,,0.0,False,avoidance not required,,{},,,,,,,,,,,0,safe,5.981,2.337,1.739,0,0,0.0,0.0,[],13.756945610046387,15.243867874145508,16.3207950592041,13.454143524169922,21.21276092529297,16.338926315307617,13.14483642578125,15.22552490234375,16.332326889038086
205.4,RUNNING,10,RETURN,0.703,0.9345,146.8926,10.124,True,NORMAL,MONITOR,False,{},"[""uav2"", ""uav1"", ""uav0""]",limited,False,{},NONE,NORMAL,SAFE,1.0,IDLE,0.0,0.0,0.0,,,0.0,False,avoidance not required,,{},,,,,,,,,,,0,safe,5.988,2.332,1.738,0,0,0.0,0.0,[],13.525018692016602,15.032535552978516,16.318994522094727,13.218082427978516,21.00177574157715,16.334239959716797,12.919784545898438,15.017669677734375,16.322816848754883
205.6,RUNNING,10,RETURN,0.704,0.9343,146.8614,10.106,True,NORMAL,MONITOR,False,{},"[""uav2"", ""uav1"", ""uav0""]",limited,False,{},NONE,NORMAL,SAFE,1.0,IDLE,0.0,0.0,0.0,,,0.0,False,avoidance not required,,{},,,,,,,,,,,0,safe,5.995,2.323,1.737,0,0,0.0,0.0,[],13.294143676757812,14.821273803710938,16.31739044189453,12.981207847595215,20.787155151367188,16.327316284179688,12.693954467773438,14.806859970092773,16.316818237304688
205.8,RUNNING,10,RETURN,0.705,0.9343,146.8614,10.106,True,NORMAL,MONITOR,False,{},"[""uav2"", ""uav1"", ""uav0""]",limited,False,{},NONE,NORMAL,SAFE,1.0,IDLE,0.0,0.0,0.0,,,0.0,False,avoidance not required,,{},,,,,,,,,,,0,safe,6.000,2.317,1.736,0,0,0.0,0.0,[],13.064167022705078,14.607099533081055,16.31431770324707,12.74674129486084,20.572839736938477,16.32077980041504,12.467347145080566,14.598384857177734,16.312623977661133
206.0,RUNNING,10,RETURN,0.705,0.9343,146.8614,10.106,True,NORMAL,MONITOR,False,{},"[""uav2"", ""uav1"", ""uav0""]",limited,False,{},NONE,NORMAL,SAFE,1.0,IDLE,0.0,0.0,0.0,,,0.0,False,avoidance not required,,{},,,,,,,,,,,0,safe,6.003,2.313,1.733,0,0,0.0,0.0,[],12.830907821655273,14.394678115844727,16.309940338134766,12.511881828308105,20.361536026000977,16.316272735595703,12.238321304321289,14.387348175048828,16.305776596069336
206.2,RUNNING,10,RETURN,0.706,0.9342,146.83,10.069,True,NORMAL,MONITOR,False,{},"[""uav2"", ""uav1"", ""uav0""]",limited,False,{},NONE,NORMAL,SAFE,1.0,IDLE,0.0,0.0,0.0,,,0.0,False,avoidance not required,,{},,,,,,,,,,,0,safe,6.007,2.306,1.729,0,0,0.0,0.0,[],12.589836120605469,14.172612190246582,16.302793502807617,12.27963638305664,20.152753829956055,16.31268882751465,12.003668785095215,14.180127143859863,16.3004093170166
206.4,RUNNING,10,RETURN,0.707,0.9342,146.83,10.069,True,NORMAL,MONITOR,False,{},"[""uav2"", ""uav1"", ""uav0""]",limited,False,{},NONE,NORMAL,SAFE,1.0,IDLE,0.0,0.0,0.0,,,0.0,False,avoidance not required,,{},,,,,,,,,,,0,safe,6.002,2.295,1.726,0,0,0.0,0.0,[],12.368962287902832,13.966859817504883,16.29627227783203,12.049532890319824,19.942420959472656,16.30620574951172,11.77093505859375,13.969460487365723,16.295442581176758
206.6,RUNNING,10,RETURN,0.708,0.934,146.7987,10.032,True,NORMAL,MONITOR,False,{},"[""uav2"", ""uav1"", ""uav0""]",limited,False,{},NONE,NORMAL,SAFE,1.0,IDLE,0.0,0.0,0.0,,,0.0,False,avoidance not required,,{},,,,,,,,,,,0,safe,6.002,2.295,1.726,0,0,0.0,0.0,[],12.129651069641113,13.751696586608887,16.294706344604492,11.820292472839355,19.733768463134766,16.30340576171875,11.539287567138672,13.761735916137695,16.288249969482422
206.8,RUNNING,10,RETURN,0.708,0.934,146.7987,10.032,True,NORMAL,MONITOR,False,{},"[""uav2"", ""uav1"", ""uav0""]",limited,False,{},NONE,NORMAL,SAFE,1.0,IDLE,0.0,0.0,0.0,,,0.0,False,avoidance not required,,{},,,,,,,,,,,0,safe,6.010,2.288,1.725,0,0,0.0,0.0,[],11.908502578735352,13.554350852966309,16.29425048828125,11.591875076293945,19.523523330688477,16.297826766967773,11.308338165283203,13.554008483886719,16.282663345336914
207.0,RUNNING,10,RETURN,0.709,0.934,146.7987,10.032,True,NORMAL,MONITOR,False,{},"[""uav2"", ""uav1"", ""uav0""]",limited,False,{},NONE,NORMAL,SAFE,1.0,IDLE,0.0,0.0,0.0,,,0.0,False,avoidance not required,,{},,,,,,,,,,,0,safe,6.000,2.283,1.727,0,0,0.0,0.0,[],11.679732322692871,13.345023155212402,16.290630340576172,11.362173080444336,19.314769744873047,16.289152145385742,11.077956199645996,13.342696189880371,16.27876853942871
207.2,RUNNING,10,RETURN,0.71,0.9338,146.7673,9.996,True,NORMAL,MONITOR,False,{},"[""uav2"", ""uav1"", ""uav0""]",limited,False,{},NONE,NORMAL,SAFE,1.0,IDLE,0.0,0.0,0.0,,,0.0,False,avoidance not required,,{},,,,,,,,,,,0,safe,5.998,2.279,1.728,0,0,0.0,0.0,[],11.45382308959961,13.138799667358398,16.284767150878906,11.133440971374512,19.10454750061035,16.281190872192383,10.848271369934082,13.134997367858887,16.27870750427246
207.4,RUNNING,10,RETURN,0.711,0.9338,146.7673,9.996,True,NORMAL,MONITOR,False,{},"[""uav2"", ""uav1"", ""uav0""]",limited,False,{},NONE,NORMAL,SAFE,1.0,IDLE,0.0,0.0,0.0,,,0.0,False,avoidance not required,,{},,,,,,,,,,,0,safe,5.994,2.279,1.734,0,0,0.0,0.0,[],11.226597785949707,12.928583145141602,16.27558135986328,10.905242919921875,18.896352767944336,16.272790908813477,10.619209289550781,12.923126220703125,16.274715423583984
207.6,RUNNING,10,RETURN,0.711,0.9337,146.736,9.959,True,NORMAL,MONITOR,False,{},"[""uav2"", ""uav1"", ""uav0""]",limited,False,{},NONE,NORMAL,SAFE,1.0,IDLE,0.0,0.0,0.0,,,0.0,False,avoidance not required,,{},,,,,,,,,,,0,safe,5.993,2.275,1.736,0,0,0.0,0.0,[],10.997330665588379,12.720126152038574,16.266841888427734,10.676884651184082,18.686933517456055,16.264087677001953,10.391984939575195,12.71125316619873,16.26835823059082
207.8,RUNNING,10,RETURN,0.712,0.9337,146.736,9.959,True,NORMAL,MONITOR,False,{},"[""uav2"", ""uav1"", ""uav0""]",limited,False,{},NONE,NORMAL,SAFE,1.0,IDLE,0.0,0.0,0.0,,,0.0,False,avoidance not required,,{},,,,,,,,,,,0,safe,5.995,2.268,1.738,0,0,0.0,0.0,[],10.767193794250488,12.50748348236084,16.259645462036133,10.449448585510254,18.481491088867188,16.2570858001709,10.164226531982422,12.496833801269531,16.262876510620117
208.0,RUNNING,10,RETURN,0.713,0.9337,146.736,9.959,True,NORMAL,MONITOR,False,{},"[""uav2"", ""uav1"", ""uav0""]",limited,False,{},NONE,NORMAL,SAFE,1.0,IDLE,0.0,0.0,0.0,,,0.0,False,avoidance not required,,{},,,,,,,,,,,0,safe,5.997,2.263,1.737,0,0,0.0,0.0,[],10.524117469787598,12.284530639648438,16.251604080200195,10.220975875854492,18.272438049316406,16.252628326416016,9.938570976257324,12.284276008605957,16.25907325744629
208.2,RUNNING,10,RETURN,0.714,0.9335,146.7046,9.922,True,NORMAL,MONITOR,False,{},"[""uav2"", ""uav1"", ""uav0""]",limited,False,{},NONE,NORMAL,SAFE,1.0,IDLE,0.0,0.0,0.0,,,0.0,False,avoidance not required,,{},,,,,,,,,,,0,safe,6.014,2.274,1.729,0,0,0.0,0.0,[],10.29219913482666,12.0696439743042,16.24578285217285,9.990213394165039,18.062458038330078,16.247880935668945,9.711008071899414,12.071372032165527,16.255277633666992
208.4,RUNNING,10,RETURN,0.714,0.9335,146.7046,9.922,True,NORMAL,MONITOR,False,{},"[""uav2"", ""uav1"", ""uav0""]",limited,False,{},NONE,NORMAL,SAFE,1.0,IDLE,0.0,0.0,0.0,,,0.0,False,avoidance not required,,{},,,,,,,,,,,0,safe,6.019,2.308,1.729,0,0,0.0,0.0,[],10.07232666015625,11.867687225341797,16.239112854003906,9.760189056396484,17.85130500793457,16.244163513183594,9.485655784606934,11.866272926330566,16.250749588012695
208.6,RUNNING,10,RETURN,0.715,0.9334,146.6732,9.885,True,NORMAL,MONITOR,False,{},"[""uav2"", ""uav1"", ""uav0""]",limited,False,{},NONE,NORMAL,SAFE,1.0,IDLE,0.0,0.0,0.0,,,0.0,False,avoidance not required,,{},,,,,,,,,,,0,safe,6.013,2.361,1.723,0,0,0.0,0.0,[],9.843193054199219,11.656044006347656,16.23357582092285,9.534111976623535,17.645435333251953,16.23752784729004,9.258223533630371,11.663382530212402,16.241069793701172
208.8,RUNNING,10,RETURN,0.716,0.9334,146.6732,9.885,True,NORMAL,MONITOR,False,{},"[""uav2"", ""uav1"", ""uav0""]",limited,False,{},NONE,NORMAL,SAFE,1.0,IDLE,0.0,0.0,0.0,,,0.0,False,avoidance not required,,{},,,,,,,,,,,0,safe,6.015,2.431,1.689,0,0,0.0,0.0,[],9.616981506347656,11.452072143554688,16.228618621826172,9.307106971740723,17.438413619995117,16.23105239868164,9.029070854187012,11.456209182739258,16.2322940826416
209.0,RUNNING,10,RETURN,0.717,0.9334,146.6732,9.885,True,NORMAL,MONITOR,False,{},"[""uav2"", ""uav1"", ""uav0""]",limited,False,{},NONE,NORMAL,SAFE,1.0,IDLE,0.0,0.0,0.0,,,0.0,False,avoidance not required,,{},,,,,,,,,,,0,safe,6.012,2.521,1.622,0,0,0.0,0.0,[],9.392403602600098,11.250673294067383,16.223901748657227,9.08253002166748,17.23993682861328,16.225080490112305,8.802033424377441,11.25265884399414,16.224895477294922
209.2,RUNNING,10,RETURN,0.717,0.9332,146.642,9.849,True,NORMAL,MONITOR,False,{},"[""uav2"", ""uav1"", ""uav0""]",limited,False,{},NONE,NORMAL,SAFE,1.0,IDLE,0.0,0.0,0.0,,,0.0,False,avoidance not required,,{},,,,,,,,,,,0,safe,6.010,2.628,1.533,0,0,0.0,0.0,[],9.170710563659668,11.049047470092773,16.221820831298828,8.861174583435059,17.04049301147461,16.2240047454834,8.57778549194336,11.049429893493652,16.221891403198242
209.4,RUNNING,10,RETURN,0.718,0.9332,146.642,9.849,True,NORMAL,MONITOR,False,{},"[""uav2"", ""uav1"", ""uav0""]",limited,False,{},NONE,NORMAL,SAFE,1.0,IDLE,0.0,0.0,0.0,,,0.0,False,avoidance not required,,{},,,,,,,,,,,0,safe,6.007,2.751,1.420,0,0,0.0,0.0,[],8.95574951171875,10.858071327209473,16.224224090576172,8.647282600402832,16.84815788269043,16.227558135986328,8.361275672912598,10.855963706970215,16.220136642456055
209.6,RUNNING,10,RETURN,0.719,0.9331,146.6114,9.83,True,NORMAL,MONITOR,False,{},"[""uav2"", ""uav1"", ""uav0""]",limited,False,{},NONE,NORMAL,SAFE,1.0,IDLE,0.0,0.0,0.0,,,0.0,False,avoidance not required,,{},,,,,,,,,,,0,safe,6.006,2.883,1.298,0,0,0.0,0.0,[],8.749408721923828,10.673696517944336,16.22768783569336,8.440776824951172,16.66166114807129,16.230680465698242,8.152441024780273,10.66965389251709,16.221384048461914
209.8,RUNNING,10,RETURN,0.72,0.9331,146.6114,9.83,True,NORMAL,MONITOR,False,{},"[""uav2"", ""uav1"", ""uav0""]",limited,False,{},NONE,NORMAL,SAFE,1.0,IDLE,0.0,0.0,0.0,,,0.0,False,avoidance not required,,{},,,,,,,,,,,0,safe,6.003,3.021,1.166,0,0,0.0,0.0,[],8.553589820861816,10.496620178222656,16.225826263427734,8.245891571044922,16.489046096801758,16.230215072631836,7.953730583190918,10.491368293762207,16.21971893310547
210.0,RUNNING,10,RETURN,0.72,0.9331,146.6114,9.83,True,NORMAL,MONITOR,False,{},"[""uav2"", ""uav1"", ""uav0""]",limited,False,{},NONE,NORMAL,SAFE,1.0,IDLE,0.0,0.0,0.0,,,0.0,False,avoidance not required,,{},,,,,,,,,,,0,safe,6.000,3.158,1.039,0,0,0.0,0.0,[],8.37350082397461,10.336918830871582,16.2172908782959,8.063974380493164,16.324478149414062,16.220361709594727,7.768555641174316,10.328229904174805,16.209426879882812
210.2,RUNNING,10,RETURN,0.721,0.9329,146.5817,9.793,True,NORMAL,MONITOR,False,{},"[""uav2"", ""uav1"", ""uav0""]",limited,False,{},NONE,NORMAL,SAFE,1.0,IDLE,0.0,0.0,0.0,,,0.0,False,avoidance not required,,{},,,,,,,,,,,0,safe,5.995,3.285,0.944,0,0,0.0,0.0,[],8.208935737609863,10.190150260925293,16.19783592224121,7.8988165855407715,16.173620223999023,16.20105743408203,7.598763942718506,10.173331260681152,16.187793731689453
210.4,RUNNING,10,RETURN,0.722,0.9329,146.5817,9.793,True,NORMAL,MONITOR,False,{},"[""uav2"", ""uav1"", ""uav0""]",limited,False,{},NONE,NORMAL,SAFE,1.0,IDLE,0.0,0.0,0.0,,,0.0,False,avoidance not required,,{},,,,,,,,,,,0,safe,5.990,3.399,0.893,0,0,0.0,0.0,[],8.059540748596191,10.047783851623535,16.161718368530273,7.749122142791748,16.03106689453125,16.163694381713867,7.444925308227539,10.029901504516602,16.150020599365234
210.6,RUNNING,10,RETURN,0.723,0.9328,146.5524,9.757,True,NORMAL,MONITOR,False,{},"[""uav2"", ""uav1"", ""uav0""]",limited,False,{},NONE,NORMAL,SAFE,1.0,IDLE,0.0,0.0,0.0,,,0.0,False,avoidance not required,,{},,,,,,,,,,,0,safe,5.985,3.495,0.891,0,0,0.0,0.0,[],7.928483009338379,9.91563892364502,16.11025619506836,7.616683006286621,15.904145240783691,16.107973098754883,7.308942794799805,9.891347885131836,16.097911834716797
210.8,RUNNING,10,RETURN,0.723,0.9328,146.5524,9.757,True,NORMAL,MONITOR,False,{},"[""uav2"", ""uav1"", ""uav0""]",limited,False,{},NONE,NORMAL,SAFE,1.0,IDLE,0.0,0.0,0.0,,,0.0,False,avoidance not required,,{},,,,,,,,,,,0,safe,5.981,3.574,0.938,0,0,0.0,0.0,[],7.810314655303955,9.782751083374023,16.04176139831543,7.498495578765869,15.77641487121582,16.03764533996582,7.192817687988281,9.756951332092285,16.032461166381836
211.0,RUNNING,10,RETURN,0.724,0.9328,146.5524,9.757,True,NORMAL,MONITOR,False,{},"[""uav2"", ""uav1"", ""uav0""]",limited,False,{},NONE,NORMAL,SAFE,1.0,IDLE,0.0,0.0,0.0,,,0.0,False,avoidance not required,,{},,,,,,,,,,,0,safe,5.983,3.638,1.019,0,0,0.0,0.0,[],7.703346252441406,9.645317077636719,15.956344604492188,7.3975701332092285,15.657185554504395,15.958097457885742,7.085994243621826,9.622048377990723,15.952545166015625
211.2,RUNNING,10,RETURN,0.725,0.9326,146.5232,9.72,True,NORMAL,MONITOR,False,{},"[""uav2"", ""uav1"", ""uav0""]",limited,False,{},NONE,NORMAL,SAFE,1.0,IDLE,0.0,0.0,0.0,,,0.0,False,avoidance not required,,{},,,,,,,,,,,0,safe,5.983,3.695,1.131,0,0,0.0,0.0,[],7.608966827392578,9.512306213378906,15.864959716796875,7.301619052886963,15.527169227600098,15.86483383178711,6.984870910644531,9.486639022827148,15.86007308959961
211.4,RUNNING,10,RETURN,0.726,0.9326,146.5232,9.72,True,NORMAL,MONITOR,False,{},"[""uav2"", ""uav1"", ""uav0""]",limited,False,{},NONE,NORMAL,SAFE,1.0,IDLE,0.0,0.0,0.0,,,0.0,False,avoidance not required,,{},,,,,,,,,,,0,safe,5.976,3.750,1.252,0,0,0.0,0.0,[],7.516241550445557,9.373455047607422,15.759415626525879,7.213200569152832,15.393564224243164,15.761859893798828,6.888894081115723,9.343281745910645,15.756651878356934
211.6,RUNNING,10,RETURN,0.726,0.9325,146.4938,9.683,True,NORMAL,MONITOR,False,{},"[""uav2"", ""uav1"", ""uav0""]",limited,False,{},NONE,NORMAL,SAFE,1.0,IDLE,0.0,0.0,0.0,,,0.0,False,avoidance not required,,{},,,,,,,,,,,0,safe,5.973,3.805,1.369,0,0,0.0,0.0,[],7.424617290496826,9.22822380065918,15.646834373474121,7.121302127838135,15.24239730834961,15.64580249786377,6.80034065246582,9.19558334350586,15.64254379272461
211.8,RUNNING,10,RETURN,0.727,0.9325,146.4938,9.683,True,NORMAL,MONITOR,False,{},"[""uav2"", ""uav1"", ""uav0""]",limited,False,{},NONE,NORMAL,SAFE,1.0,IDLE,0.0,0.0,0.0,,,0.0,False,avoidance not required,,{},,,,,,,,,,,0,safe,5.976,3.860,1.465,0,0,0.0,0.0,[],7.32804536819458,9.065315246582031,15.525849342346191,7.030209541320801,15.083149909973145,15.523836135864258,6.707619667053223,9.033395767211914,15.52224349975586
212.0,RUNNING,10,RETURN,0.728,0.9325,146.4938,9.683,True,NORMAL,MONITOR,False,{},"[""uav2"", ""uav1"", ""uav0""]",limited,False,{},NONE,NORMAL,SAFE,1.0,IDLE,0.0,0.0,0.0,,,0.0,False,avoidance not required,,{},,,,,,,,,,,0,safe,5.980,3.930,1.553,0,0,0.0,0.0,[],7.231589317321777,8.893171310424805,15.401500701904297,6.931535243988037,14.904370307922363,15.395243644714355,6.616820335388184,8.864090919494629,15.4030179977417
212.2,RUNNING,10,RETURN,0.729,0.9323,146.4635,9.646,True,NORMAL,MONITOR,False,{},"[""uav2"", ""uav1"", ""uav0""]",limited,False,{},NONE,NORMAL,SAFE,1.0,IDLE,0.0,0.0,0.0,,,0.0,False,avoidance not required,,{},,,,,,,,,,,0,safe,5.985,4.012,1.618,0,0,0.0,0.0,[],7.1270527839660645,8.703765869140625,15.272448539733887,6.831655025482178,14.714478492736816,15.262222290039062,6.523580551147461,8.681477546691895,15.276320457458496
212.4,RUNNING,10,RETURN,0.729,0.9323,146.4635,9.646,True,NORMAL,MONITOR,False,{},"[""uav2"", ""uav1"", ""uav0""]",limited,False,{},NONE,NORMAL,SAFE,1.0,IDLE,0.0,0.0,0.0,,,0.0,False,avoidance not required,,{},,,,,,,,,,,0,safe,5.997,4.109,1.673,0,0,0.0,0.0,[],7.02061128616333,8.506660461425781,15.14315414428711,6.722469806671143,14.509025573730469,15.1288423538208,6.419345378875732,8.483044624328613,15.14476490020752
212.6,RUNNING,10,RETURN,0.73,0.9322,146.4322,9.609,True,NORMAL,MONITOR,False,{},"[""uav2"", ""uav1"", ""uav0""]",limited,False,{},NONE,NORMAL,SAFE,1.0,IDLE,0.0,0.0,0.0,,,0.0,False,avoidance not required,,{},,,,,,,,,,,0,safe,5.999,4.231,1.714,0,0,0.0,0.0,[],6.906074523925781,8.293954849243164,15.007718086242676,6.610903739929199,14.297381401062012,14.997550010681152,6.310949802398682,8.274418830871582,15.014713287353516
212.8,RUNNING,10,RETURN,0.731,0.9322,146.4322,9.609,True,NORMAL,MONITOR,False,{},"[""uav2"", ""uav1"", ""uav0""]",limited,False,{},NONE,NORMAL,SAFE,1.0,IDLE,0.0,0.0,0.0,,,0.0,False,avoidance not required,,{},,,,,,,,,,,0,safe,6.005,4.374,1.744,0,0,0.0,0.0,[],6.794109344482422,8.069225311279297,14.870096206665039,6.490638256072998,14.072211265563965,14.8623685836792,6.193148136138916,8.053098678588867,14.876319885253906
213.0,RUNNING,10,RETURN,0.732,0.9322,146.4322,9.609,True,NORMAL,MONITOR,False,{},"[""uav2"", ""uav1"", ""uav0""]",limited,False,{},NONE,NORMAL,SAFE,1.0,IDLE,0.0,0.0,0.0,,,0.0,False,avoidance not required,,{},,,,,,,,,,,0,safe,5.999,4.540,1.763,0,0,0.0,0.0,[],6.672268867492676,7.835458755493164,14.72829532623291,6.370528221130371,13.838296890258789,14.728740692138672,6.074965953826904,7.819699287414551,14.738483428955078
213.2,RUNNING,10,RETURN,0.732,0.932,146.4003,9.573,True,NORMAL,MONITOR,False,{},"[""uav2"", ""uav1"", ""uav0""]",limited,False,{},NONE,NORMAL,SAFE,1.0,IDLE,0.0,0.0,0.0,,,0.0,False,avoidance not required,,{},,,,,,,,,,,0,safe,6.003,4.724,1.771,0,0,0.0,0.0,[],6.548839092254639,7.593118190765381,14.58773422241211,6.24224328994751,13.596477508544922,14.587075233459473,5.95269775390625,7.579008102416992,14.603096008300781
213.4,RUNNING,10,RETURN,0.733,0.932,146.4003,9.573,True,NORMAL,MONITOR,False,{},"[""uav2"", ""uav1"", ""uav0""]",limited,False,{},NONE,NORMAL,SAFE,1.0,IDLE,0.0,0.0,0.0,,,0.0,False,avoidance not required,,{},,,,,,,,,,,0,safe,6.004,4.926,1.770,0,0,0.0,0.0,[],6.417335033416748,7.347855567932129,14.44660758972168,6.1138153076171875,13.346980094909668,14.444314956665039,5.821826457977295,7.334721565246582,14.461103439331055
213.6,RUNNING,10,RETURN,0.734,0.9318,146.368,9.554,True,NORMAL,MONITOR,False,{},"[""uav2"", ""uav1"", ""uav0""]",limited,False,{},NONE,NORMAL,SAFE,1.0,IDLE,0.0,0.0,0.0,,,0.0,False,avoidance not required,,{},,,,,,,,,,,0,safe,6.005,5.146,1.762,0,0,0.0,0.0,[],6.287375450134277,7.098104000091553,14.307467460632324,5.978739261627197,13.096394538879395,14.301156044006348,5.692988872528076,7.084752082824707,14.319994926452637
213.8,RUNNING,10,RETURN,0.735,0.9318,146.368,9.554,True,NORMAL,MONITOR,False,{},"[""uav2"", ""uav1"", ""uav0""]",limited,False,{},NONE,NORMAL,SAFE,1.0,IDLE,0.0,0.0,0.0,,,0.0,False,avoidance not required,,{},,,,,,,,,,,0,safe,6.006,5.377,1.754,0,0,0.0,0.0,[],6.154739856719971,6.844655990600586,14.166827201843262,5.845264434814453,12.843900680541992,14.159187316894531,5.563734531402588,6.833921909332275,14.178333282470703
214.0,RUNNING,10,RETURN,0.735,0.9318,146.368,9.554,True,NORMAL,MONITOR,False,{},"[""uav2"", ""uav1"", ""uav0""]",limited,False,{},NONE,NORMAL,SAFE,1.0,IDLE,0.0,0.0,0.0,,,0.0,False,avoidance not required,,{},,,,,,,,,,,0,safe,6.009,5.617,1.740,0,0,0.0,0.0,[],6.009667873382568,6.584624290466309,14.01748275756836,5.705966949462891,12.59320068359375,14.013917922973633,5.425853729248047,6.585792064666748,14.033967018127441
214.2,RUNNING,10,RETURN,0.736,0.9317,146.3358,9.518,True,NORMAL,MONITOR,False,{},"[""uav2"", ""uav1"", ""uav0""]",limited,False,{},NONE,NORMAL,SAFE,1.0,IDLE,0.0,0.0,0.0,,,0.0,False,avoidance not required,,{},,,,,,,,,,,0,safe,6.016,5.869,1.726,0,0,0.0,0.0,[],5.8690385818481445,6.335577011108398,13.872995376586914,5.571903228759766,12.341382026672363,13.872819900512695,5.285885334014893,6.336295127868652,13.89062213897705
214.4,RUNNING,10,RETURN,0.737,0.9317,146.3358,9.518,True,NORMAL,MONITOR,False,{},"[""uav2"", ""uav1"", ""uav0""]",limited,False,{},NONE,NORMAL,SAFE,1.0,IDLE,0.0,0.0,0.0,,,0.0,False,avoidance not required,,{},,,,,,,,,,,0,safe,6.017,6.130,1.709,0,0,0.0,0.0,[],5.730436325073242,6.100246906280518,13.734917640686035,5.433121681213379,12.094014167785645,13.731193542480469,5.141757488250732,6.090456962585449,13.745468139648438
214.6,RUNNING,10,RETURN,0.738,0.9315,146.3037,9.481,True,NORMAL,MONITOR,False,{},"[""uav2"", ""uav1"", ""uav0""]",limited,False,{},NONE,NORMAL,SAFE,1.0,IDLE,0.0,0.0,0.0,,,0.0,False,avoidance not required,,{},,,,,,,,,,,0,safe,6.011,6.393,1.693,0,0,0.0,0.0,[],5.586931228637695,5.853773593902588,13.59399127960205,5.299574851989746,11.848173141479492,13.590353965759277,5.000729084014893,5.841597080230713,13.60239028930664
214.8,RUNNING,10,RETURN,0.738,0.9315,146.3037,9.481,True,NORMAL,MONITOR,False,{},"[""uav2"", ""uav1"", ""uav0""]",limited,False,{},NONE,NORMAL,SAFE,1.0,IDLE,0.0,0.0,0.0,,,0.0,False,avoidance not required,,{},,,,,,,,,,,0,safe,6.014,6.658,1.676,0,0,0.0,0.0,[],5.441720485687256,5.613058090209961,13.451447486877441,5.159547805786133,11.606284141540527,13.44751262664795,4.858176231384277,5.596556663513184,13.460084915161133
215.0,RUNNING,10,RETURN,0.739,0.9315,146.3037,9.481,True,NORMAL,MONITOR,False,{},"[""uav2"", ""uav1"", ""uav0""]",limited,False,{},NONE,NORMAL,SAFE,1.0,IDLE,0.0,0.0,0.0,,,0.0,False,avoidance not required,,{},,,,,,,,,,,0,safe,6.016,6.923,1.665,0,0,0.0,0.0,[],5.299053192138672,5.372064113616943,13.316818237304688,5.018788814544678,11.361212730407715,13.305038452148438,4.713038444519043,5.357986927032471,13.313337326049805
215.2,RUNNING,10,RETURN,0.74,0.9314,146.2717,9.444,True,NORMAL,MONITOR,False,{},"[""uav2"", ""uav1"", ""uav0""]",limited,False,{},NONE,NORMAL,SAFE,1.0,IDLE,0.0,0.0,0.0,,,0.0,False,avoidance not required,,{},,,,,,,,,,,0,safe,6.014,7.187,1.658,0,0,0.0,0.0,[],5.156947612762451,5.133593559265137,13.182564735412598,4.8738017082214355,11.121614456176758,13.159334182739258,4.569240093231201,5.119898796081543,13.171919822692871
215.4,RUNNING,10,RETURN,0.741,0.9314,146.2717,9.444,True,NORMAL,MONITOR,False,{},"[""uav2"", ""uav1"", ""uav0""]",limited,False,{},NONE,NORMAL,SAFE,1.0,IDLE,0.0,0.0,0.0,,,0.0,False,avoidance not required,,{},,,,,,,,,,,0,safe,6.012,7.451,1.655,0,0,0.0,0.0,[],5.013966083526611,4.9009504318237305,13.039068222045898,4.726502418518066,10.881052017211914,13.013089179992676,4.423049449920654,4.886868000030518,13.028074264526367
215.6,RUNNING,10,RETURN,0.741,0.9312,146.24,9.407,True,NORMAL,MONITOR,False,{},"[""uav2"", ""uav1"", ""uav0""]",limited,False,{},NONE,NORMAL,SAFE,1.0,IDLE,0.0,0.0,0.0,,,0.0,False,avoidance not required,,{},,,,,,,,,,,0,safe,6.009,7.715,1.653,0,0,0.0,0.0,[],4.87160587310791,4.669219970703125,12.896132469177246,4.578876495361328,10.646951675415039,12.866230964660645,4.274871349334717,4.6529221534729,12.886938095092773
215.8,RUNNING,10,RETURN,0.742,0.9312,146.24,9.407,True,NORMAL,MONITOR,False,{},"[""uav2"", ""uav1"", ""uav0""]",limited,False,{},NONE,NORMAL,SAFE,1.0,IDLE,0.0,0.0,0.0,,,0.0,False,avoidance not required,,{},,,,,,,,,,,0,safe,6.003,7.981,1.653,0,0,0.0,0.0,[],4.729536533355713,4.4409990310668945,12.748796463012695,4.431194305419922,10.413252830505371,12.724703788757324,4.128535270690918,4.42331600189209,12.741284370422363
216.0,RUNNING,10,RETURN,0.743,0.9312,146.24,9.407,True,NORMAL,MONITOR,False,{},"[""uav2"", ""uav1"", ""uav0""]",limited,False,{},NONE,NORMAL,SAFE,1.0,IDLE,0.0,0.0,0.0,,,0.0,False,avoidance not required,,{},,,,,,,,,,,0,safe,5.999,8.244,1.656,0,0,0.0,0.0,[],4.590418815612793,4.212307453155518,12.604511260986328,4.284886360168457,10.183792114257812,12.580760955810547,3.9861958026885986,4.191371917724609,12.592964172363281
216.2,RUNNING,10,RETURN,0.744,0.931,146.2084,9.37,True,NORMAL,MONITOR,False,{},"[""uav2"", ""uav1"", ""uav0""]",limited,False,{},NONE,NORMAL,SAFE,1.0,IDLE,0.0,0.0,0.0,,,0.0,False,avoidance not required,,{},,,,,,,,,,,0,safe,5.996,8.506,1.663,0,0,0.0,0.0,[],4.450602054595947,3.9858062267303467,12.455564498901367,4.1407856941223145,9.953611373901367,12.441243171691895,3.8438875675201416,3.9629366397857666,12.442973136901855
216.4,RUNNING,10,RETURN,0.744,0.931,146.2084,9.37,True,NORMAL,MONITOR,False,{},"[""uav2"", ""uav1"", ""uav0""]",limited,False,{},NONE,NORMAL,SAFE,1.0,IDLE,0.0,0.0,0.0,,,0.0,False,avoidance not required,,{},,,,,,,,,,,0,safe,5.993,8.766,1.671,0,0,0.0,0.0,[],4.305543422698975,3.747089385986328,12.301902770996094,3.9973502159118652,9.726852416992188,12.295637130737305,3.7031002044677734,3.731384515762329,12.302541732788086
216.6,RUNNING,10,RETURN,0.745,0.9309,146.1768,9.334,True,NORMAL,MONITOR,False,{},"[""uav2"", ""uav1"", ""uav0""]",limited,False,{},NONE,NORMAL,SAFE,1.0,IDLE,0.0,0.0,0.0,,,0.0,False,avoidance not required,,{},,,,,,,,,,,0,safe,5.998,9.028,1.667,0,0,0.0,0.0,[],4.171360492706299,3.525352716445923,12.16323184967041,3.8536338806152344,9.49943733215332,12.147924423217773,3.5640387535095215,3.4983086585998535,12.163559913635254
216.8,RUNNING,10,RETURN,0.746,0.9309,146.1768,9.334,True,NORMAL,MONITOR,False,{},"[""uav2"", ""uav1"", ""uav0""]",limited,False,{},NONE,NORMAL,SAFE,1.0,IDLE,0.0,0.0,0.0,,,0.0,False,avoidance not required,,{},,,,,,,,,,,0,safe,5.993,9.290,1.689,0,0,0.0,0.0,[],4.031531810760498,3.296114444732666,12.015000343322754,3.7114298343658447,9.272649765014648,11.999706268310547,3.4248619079589844,3.268991470336914,12.015742301940918
217.0,RUNNING,10,RETURN,0.747,0.9309,146.1768,9.334,True,NORMAL,MONITOR,False,{},"[""uav2"", ""uav1"", ""uav0""]",limited,False,{},NONE,NORMAL,SAFE,1.0,IDLE,0.0,0.0,0.0,,,0.0,False,avoidance not required,,{},,,,,,,,,,,0,safe,5.993,9.550,1.698,0,0,0.0,0.0,[],3.8869025707244873,3.055349349975586,11.864730834960938,3.571197748184204,9.03964614868164,11.860450744628906,3.287726402282715,3.0393717288970947,11.868592262268066
217.2,RUNNING,10,RETURN,0.747,0.9307,146.1451,9.297,True,NORMAL,MONITOR,False,{},"[""uav2"", ""uav1"", ""uav0""]",limited,False,{},NONE,NORMAL,SAFE,1.0,IDLE,0.0,0.0,0.0,,,0.0,False,avoidance not required,,{},,,,,,,,,,,0,safe,6.001,9.810,1.695,0,0,0.0,0.0,[],3.746894598007202,2.824068546295166,11.717101097106934,3.4310295581817627,8.8084716796875,11.714071273803711,3.1488585472106934,2.8104498386383057,11.716914176940918
217.4,RUNNING,10,RETURN,0.748,0.9307,146.1451,9.297,True,NORMAL,MONITOR,False,{},"[""uav2"", ""uav1"", ""uav0""]",limited,False,{},NONE,NORMAL,SAFE,1.0,IDLE,0.0,0.0,0.0,,,0.0,False,avoidance not required,,{},,,,,,,,,,,0,safe,6.002,10.070,1.702,0,0,0.0,0.0,[],3.611842393875122,2.5987801551818848,11.578887939453125,3.288668394088745,8.574849128723145,11.570012092590332,3.008786201477051,2.5771334171295166,11.5668363571167
217.6,RUNNING,10,RETURN,0.749,0.9306,146.1133,9.278,True,NORMAL,MONITOR,False,{},"[""uav2"", ""uav1"", ""uav0""]",limited,False,{},NONE,NORMAL,SAFE,1.0,IDLE,0.0,0.0,0.0,,,0.0,False,avoidance not required,,{},,,,,,,,,,,0,safe,5.997,10.310,1.717,0,0,0.0,0.0,[],3.471590280532837,2.3649332523345947,11.427721977233887,3.147800922393799,8.342442512512207,11.419955253601074,2.8688600063323975,2.345263957977295,11.415539741516113
217.8,RUNNING,10,RETURN,0.75,0.9306,146.1133,9.278,True,NORMAL,MONITOR,False,{},"[""uav2"", ""uav1"", ""uav0""]",limited,False,{},NONE,NORMAL,SAFE,1.0,IDLE,0.0,0.0,0.0,,,0.0,False,avoidance not required,,{},,,,,,,,,,,0,safe,5.997,10.484,1.715,0,0,0.0,0.0,[],3.3340790271759033,2.129173994064331,11.279708862304688,3.0091350078582764,8.106188774108887,11.27137565612793,2.732851028442383,2.11183762550354,11.27038860321045
218.0,RUNNING,10,RETURN,0.75,0.9306,146.1133,9.278,True,NORMAL,MONITOR,False,{},"[""uav2"", ""uav1"", ""uav0""]",limited,False,{},NONE,NORMAL,SAFE,1.0,IDLE,0.0,0.0,0.0,,,0.0,False,avoidance not required,,{},,,,,,,,,,,0,safe,5.999,10.660,1.710,0,0,0.0,0.0,[],3.190056800842285,1.8849824666976929,11.123002052307129,2.871816873550415,7.867020606994629,11.12448501586914,2.5948026180267334,1.8801851272583008,11.119625091552734
218.2,RUNNING,10,RETURN,0.751,0.9304,146.0815,9.242,True,NORMAL,MONITOR,False,{},"[""uav2"", ""uav1"", ""uav0""]",limited,False,{},NONE,NORMAL,SAFE,1.0,IDLE,0.0,0.0,0.0,,,0.0,False,avoidance not required,,{},,,,,,,,,,,0,safe,6.005,10.840,1.687,0,0,0.0,0.0,[],3.050609588623047,1.6478427648544312,10.979938507080078,2.7346880435943604,7.631618976593018,10.975137710571289,2.455195188522339,1.6490943431854248,10.974522590637207
218.4,RUNNING,10,RETURN,0.752,0.9304,146.0815,9.242,True,NORMAL,MONITOR,False,{},"[""uav2"", ""uav1"", ""uav0""]",limited,False,{},NONE,NORMAL,SAFE,1.0,IDLE,0.0,0.0,0.0,,,0.0,False,avoidance not required,,{},,,,,,,,,,,0,safe,6.005,11.023,1.673,0,0,0.0,0.0,[],2.9080095291137695,1.4107309579849243,10.833334922790527,2.5983340740203857,7.398193836212158,10.834136962890625,2.315889358520508,1.4190804958343506,10.825698852539062
218.6,RUNNING,10,RETURN,0.753,0.9302,146.0498,9.205,True,NORMAL,MONITOR,False,{},"[""uav2"", ""uav1"", ""uav0""]",limited,False,{},NONE,NORMAL,SAFE,1.0,IDLE,0.0,0.0,0.0,,,0.0,False,avoidance not required,,{},,,,,,,,,,,0,safe,6.008,11.208,1.656,0,0,0.0,0.0,[],2.772850751876831,1.1864529848098755,10.691134452819824,2.462909460067749,7.167524814605713,10.689041137695312,2.1770689487457275,1.1892962455749512,10.681706428527832
218.8,RUNNING,10,RETURN,0.753,0.9302,146.0498,9.205,True,NORMAL,MONITOR,False,{},"[""uav2"", ""uav1"", ""uav0""]",limited,False,{},NONE,NORMAL,SAFE,1.0,IDLE,0.0,0.0,0.0,,,0.0,False,avoidance not required,,{},,,,,,,,,,,0,safe,6.004,11.395,1.635,0,0,0.0,0.0,[],2.6318202018737793,0.9541440606117249,10.552898406982422,2.328720808029175,6.938058853149414,10.549497604370117,2.036189317703247,0.9587830305099487,10.544038772583008
219.0,RUNNING,10,RETURN,0.754,0.9302,146.0498,9.205,True,NORMAL,MONITOR,False,{},"[""uav2"", ""uav1"", ""uav0""]",limited,False,{},NONE,NORMAL,SAFE,1.0,IDLE,0.0,0.0,0.0,,,0.0,False,avoidance not required,,{},,,,,,,,,,,0,safe,6.004,11.583,1.608,0,0,0.0,0.0,[],2.494560718536377,0.725784182548523,10.411746978759766,2.1946845054626465,6.711662292480469,10.408315658569336,1.8970363140106201,0.7304385304450989,10.403646469116211
219.2,RUNNING,10,RETURN,0.755,0.9301,146.0183,9.168,True,NORMAL,MONITOR,False,{},"[""uav2"", ""uav1"", ""uav0""]",limited,False,{},NONE,NORMAL,SAFE,1.0,IDLE,0.0,0.0,0.0,,,0.0,False,avoidance not required,,{},,,,,,,,,,,0,safe,6.002,11.774,1.573,0,0,0.0,0.0,[],2.3604750633239746,0.5001718401908875,10.280516624450684,2.0573360919952393,6.4866862297058105,10.273876190185547,1.7566207647323608,0.5017866492271423,10.272322654724121
219.4,RUNNING,10,RETURN,0.756,0.9301,146.0183,9.168,True,NORMAL,MONITOR,False,{},"[""uav2"", ""uav1"", ""uav0""]",limited,False,{},NONE,NORMAL,SAFE,1.0,IDLE,0.0,0.0,0.0,,,0.0,False,avoidance not required,,{},,,,,,,,,,,0,safe,5.996,11.970,1.541,0,0,0.0,0.0,[],2.2290823459625244,0.2794683277606964,10.142590522766113,1.92364501953125,6.266386985778809,10.135598182678223,1.6200084686279297,0.27806028723716736,10.134542465209961
219.6,RUNNING,10,RETURN,0.756,0.9299,145.9871,9.131,True,NORMAL,MONITOR,False,{},"[""uav2"", ""uav1"", ""uav0""]",limited,False,{},NONE,NORMAL,SAFE,1.0,IDLE,0.0,0.0,0.0,,,0.0,False,avoidance not required,,{},,,,,,,,,,,0,safe,5.991,12.164,1.500,0,0,0.0,0.0,[],2.0964231491088867,0.06436721235513687,10.007732391357422,1.7917063236236572,6.051026344299316,10.00120735168457,1.4823449850082397,0.05974190682172775,9.999197959899902
219.8,RUNNING,10,RETURN,0.757,0.9299,145.9871,9.131,True,NORMAL,MONITOR,False,{},"[""uav2"", ""uav1"", ""uav0""]",limited,False,{},NONE,NORMAL,SAFE,1.0,IDLE,0.0,0.0,0.0,,,0.0,False,avoidance not required,,{},,,,,,,,,,,0,safe,5.986,12.356,1.456,0,0,0.0,0.0,[],1.963206171989441,-0.15532898902893066,9.868762016296387,1.6633872985839844,5.840442657470703,9.86601448059082,1.3511450290679932,-0.15449118614196777,9.865524291992188
220.0,RUNNING,10,RETURN,0.758,0.9299,145.9871,9.131,True,NORMAL,MONITOR,False,{},"[""uav2"", ""uav1"", ""uav0""]",limited,False,{},NONE,NORMAL,SAFE,1.0,IDLE,0.0,0.0,0.0,,,0.0,False,avoidance not required,,{},,,,,,,,,,,0,safe,5.988,12.546,1.399,0,0,0.0,0.0,[],1.8399714231491089,-0.35572975873947144,9.749716758728027,1.5315903425216675,5.6383748054504395,9.73737621307373,1.2216171026229858,-0.3696238696575165,9.741801261901855
220.2,RUNNING,10,RETURN,0.759,0.9298,145.9563,9.095,True,NORMAL,MONITOR,False,{},"[""uav2"", ""uav1"", ""uav0""]",limited,False,{},NONE,NORMAL,SAFE,1.0,IDLE,0.0,0.0,0.0,,,0.0,False,avoidance not required,,{},,,,,,,,,,,0,safe,5.982,12.738,1.360,0,0,0.0,0.0,[],1.7121542692184448,-0.5668983459472656,9.620725631713867,1.4072834253311157,5.4404072761535645,9.612425804138184,1.0995951890945435,-0.5761206746101379,9.619203567504883
220.4,RUNNING,10,RETURN,0.759,0.9298,145.9563,9.095,True,NORMAL,MONITOR,False,{},"[""uav2"", ""uav1"", ""uav0""]",limited,False,{},NONE,NORMAL,SAFE,1.0,IDLE,0.0,0.0,0.0,,,0.0,False,avoidance not required,,{},,,,,,,,,,,0,safe,5.987,12.924,1.296,0,0,0.0,0.0,[],1.593523621559143,-0.7591308951377869,9.507148742675781,1.2844963073730469,5.247615814208984,9.501785278320312,0.9802210927009583,-0.7760941386222839,9.50360107421875
220.6,RUNNING,10,RETURN,0.76,0.9296,145.9262,9.058,True,NORMAL,MONITOR,False,{},"[""uav2"", ""uav1"", ""uav0""]",limited,False,{},NONE,NORMAL,SAFE,1.0,IDLE,0.0,0.0,0.0,,,0.0,False,avoidance not required,,{},,,,,,,,,,,0,safe,5.987,13.107,1.250,0,0,0.0,0.0,[],1.4777491092681885,-0.9510778784751892,9.39035415649414,1.169776201248169,5.059540748596191,9.389747619628906,0.8678845763206482,-0.9671558141708374,9.386630058288574
220.8,RUNNING,10,RETURN,0.761,0.9296,145.9262,9.058,True,NORMAL,MONITOR,False,{},"[""uav2"", ""uav1"", ""uav0""]",limited,False,{},NONE,NORMAL,SAFE,1.0,IDLE,0.0,0.0,0.0,,,0.0,False,avoidance not required,,{},,,,,,,,,,,0,safe,5.990,13.283,1.197,0,0,0.0,0.0,[],1.3636473417282104,-1.1364326477050781,9.282458305358887,1.0557550191879272,4.8770904541015625,9.28552532196045,0.7584564685821533,-1.151009440422058,9.276679992675781
221.0,RUNNING,10,RETURN,0.762,0.9296,145.9262,9.058,True,NORMAL,MONITOR,False,{},"[""uav2"", ""uav1"", ""uav0""]",limited,False,{},NONE,NORMAL,SAFE,1.0,IDLE,0.0,0.0,0.0,,,0.0,False,avoidance not required,,{},,,,,,,,,,,0,safe,5.995,13.457,1.145,0,0,0.0,0.0,[],1.2575761079788208,-1.3130524158477783,9.175168991088867,0.9503593444824219,4.700588703155518,9.177997589111328,0.6546722650527954,-1.3261044025421143,9.167845726013184
221.2,RUNNING,10,RETURN,0.762,0.9295,145.8968,9.021,True,NORMAL,MONITOR,False,{},"[""uav2"", ""uav1"", ""uav0""]",limited,False,{},NONE,NORMAL,SAFE,1.0,IDLE,0.0,0.0,0.0,,,0.0,False,avoidance not required,,{},,,,,,,,,,,0,safe,5.997,13.623,1.088,0,0,0.0,0.0,[],1.1521843671798706,-1.4803111553192139,9.07480525970459,0.8480547666549683,4.530277252197266,9.077049255371094,0.5481963753700256,-1.4934611320495605,9.066387176513672
221.4,RUNNING,10,RETURN,0.763,0.9295,145.8968,9.021,True,NORMAL,MONITOR,False,{},"[""uav2"", ""uav1"", ""uav0""]",limited,False,{},NONE,NORMAL,SAFE,1.0,IDLE,0.0,0.0,0.0,,,0.0,False,avoidance not required,,{},,,,,,,,,,,0,safe,5.996,13.784,1.030,0,0,0.0,0.0,[],1.0551931858062744,-1.6397135257720947,8.974106788635254,0.7529512047767639,4.367685794830322,8.976409912109375,0.44966399669647217,-1.652565360069275,8.964956283569336
221.6,RUNNING,10,RETURN,0.764,0.9293,145.868,9.003,True,NORMAL,MONITOR,False,{},"[""uav2"", ""uav1"", ""uav0""]",limited,False,{},NONE,NORMAL,SAFE,1.0,IDLE,0.0,0.0,0.0,,,0.0,False,avoidance not required,,{},,,,,,,,,,,0,safe,5.994,13.936,0.970,0,0,0.0,0.0,[],0.9565771818161011,-1.7899179458618164,8.88330078125,0.6579062938690186,4.214519500732422,8.882076263427734,0.3504868149757385,-1.8036094903945923,8.871604919433594
221.8,RUNNING,10,RETURN,0.765,0.9293,145.868,9.003,True,NORMAL,MONITOR,False,{},"[""uav2"", ""uav1"", ""uav0""]",limited,False,{},NONE,NORMAL,SAFE,1.0,IDLE,0.0,0.0,0.0,,,0.0,False,avoidance not required,,{},,,,,,,,,,,0,safe,5.994,14.085,0.909,0,0,0.0,0.0,[],0.8680257797241211,-1.9328277111053467,8.792168617248535,0.5706532597541809,4.068915843963623,8.789070129394531,0.26148930191993713,-1.9468063116073608,8.784810066223145
222.0,RUNNING,10,RETURN,0.765,0.9293,145.868,9.003,True,NORMAL,MONITOR,False,{},"[""uav2"", ""uav1"", ""uav0""]",limited,False,{},NONE,NORMAL,SAFE,1.0,IDLE,0.0,0.0,0.0,,,0.0,False,avoidance not required,,{},,,,,,,,,,,0,safe,5.993,14.225,0.846,0,0,0.0,0.0,[],0.7803272008895874,-2.064826250076294,8.708992004394531,0.4834447205066681,3.933955669403076,8.70522689819336,0.17428116500377655,-2.0817453861236572,8.707440376281738
222.2,RUNNING,10,RETURN,0.766,0.9292,145.8399,8.966,True,NORMAL,MONITOR,False,{},"[""uav2"", ""uav1"", ""uav0""]",limited,False,{},NONE,NORMAL,SAFE,1.0,IDLE,0.0,0.0,0.0,,,0.0,False,avoidance not required,,{},,,,,,,,,,,0,safe,5.994,14.361,0.786,0,0,0.0,0.0,[],0.7033169269561768,-2.1914260387420654,8.629846572875977,0.40687429904937744,3.8047194480895996,8.628033638000488,0.09782683849334717,-2.2096121311187744,8.630369186401367
222.4,RUNNING,10,RETURN,0.767,0.9292,145.8399,8.966,True,NORMAL,MONITOR,False,{},"[""uav2"", ""uav1"", ""uav0""]",limited,False,{},NONE,NORMAL,SAFE,1.0,IDLE,0.0,0.0,0.0,,,0.0,False,avoidance not required,,{},,,,,,,,,,,0,safe,5.995,14.485,0.726,0,0,0.0,0.0,[],0.6260813474655151,-2.315676212310791,8.55286693572998,0.33467593789100647,3.681570529937744,8.561491966247559,0.02449113316833973,-2.33119535446167,8.56010627746582
222.6,RUNNING,10,RETURN,0.768,0.9291,145.8122,8.929,True,NORMAL,MONITOR,False,{},"[""uav2"", ""uav1"", ""uav0""]",limited,False,{},NONE,NORMAL,SAFE,1.0,IDLE,0.0,0.0,0.0,,,0.0,False,avoidance not required,,{},,,,,,,,,,,0,safe,5.998,14.603,0.661,0,0,0.0,0.0,[],0.5653879642486572,-2.42281436920166,8.483839988708496,0.27201589941978455,3.567603349685669,8.4943265914917,-0.03906974941492081,-2.4434616565704346,8.491856575012207
222.8,RUNNING,10,RETURN,0.768,0.9291,145.8122,8.929,True,NORMAL,MONITOR,False,{},"[""uav2"", ""uav1"", ""uav0""]",limited,False,{},NONE,NORMAL,SAFE,1.0,IDLE,0.0,0.0,0.0,,,0.0,False,avoidance not required,,{},,,,,,,,,,,0,safe,5.996,14.709,0.598,0,0,0.0,0.0,[],0.508868932723999,-2.5205512046813965,8.425439834594727,0.21458691358566284,3.4678361415863037,8.431928634643555,-0.09964949637651443,-2.5443527698516846,8.428620338439941
223.0,RUNNING,10,RETURN,0.769,0.9291,145.8122,8.929,True,NORMAL,MONITOR,False,{},"[""uav2"", ""uav1"", ""uav0""]",limited,False,{},NONE,NORMAL,SAFE,1.0,IDLE,0.0,0.0,0.0,,,0.0,False,avoidance not required,,{},,,,,,,,,,,0,safe,5.992,14.804,0.539,0,0,0.0,0.0,[],0.4601316750049591,-2.6135547161102295,8.368205070495605,0.16405922174453735,3.3752987384796143,8.374281883239746,-0.15196943283081055,-2.637246608734131,8.368817329406738
223.2,RUNNING,10,RETURN,0.77,0.9289,145.7852,8.892,True,NORMAL,MONITOR,False,{},"[""uav2"", ""uav1"", ""uav0""]",limited,False,{},NONE,NORMAL,SAFE,1.0,IDLE,0.0,0.0,0.0,,,0.0,False,avoidance not required,,{},,,,,,,,,,,0,safe,5.988,14.891,0.477,0,0,0.0,0.0,[],0.4137299060821533,-2.6977572441101074,8.3207368850708,0.11517894268035889,3.295564651489258,8.32343578338623,-0.20348168909549713,-2.7186546325683594,8.319890022277832
223.4,RUNNING,10,RETURN,0.771,0.9289,145.7852,8.892,True,NORMAL,MONITOR,False,{},"[""uav2"", ""uav1"", ""uav0""]",limited,False,{},NONE,NORMAL,SAFE,1.0,IDLE,0.0,0.0,0.0,,,0.0,False,avoidance not required,,{},,,,,,,,,,,0,safe,5.983,14.970,0.415,0,0,0.0,0.0,[],0.37396538257598877,-2.774629831314087,8.274831771850586,0.0733247920870781,3.2216503620147705,8.276588439941406,-0.24617251753807068,-2.7930748462677,8.27403450012207
223.6,RUNNING,10,RETURN,0.771,0.9288,145.7586,8.856,True,NORMAL,MONITOR,False,{},"[""uav2"", ""uav1"", ""uav0""]",limited,False,{},NONE,NORMAL,SAFE,1.0,IDLE,0.0,0.0,0.0,,,0.0,False,avoidance not required,,{},,,,,,,,,,,0,safe,5.980,15.041,0.349,0,0,0.0,0.0,[],0.3338510990142822,-2.8354458808898926,8.236080169677734,0.03335518017411232,3.1605584621429443,8.240559577941895,-0.2878909111022949,-2.8576083183288574,8.237265586853027
223.8,RUNNING,11,HOME_FORMATION,0.772,0.9288,145.7586,8.856,True,NORMAL,MONITOR,False,{},"[""uav2"", ""uav1"", ""uav0""]",limited,False,{},NONE,NORMAL,SAFE,1.0,IDLE,0.0,0.0,0.0,,,0.0,False,avoidance not required,,{},,,,,,,,,,,0,safe,5.978,15.104,0.290,0,0,0.0,0.0,[],0.3006720542907715,-2.892132520675659,8.20083999633789,0.001268155057914555,3.1047704219818115,8.208017349243164,-0.31994593143463135,-2.9149816036224365,8.205382347106934
224.0,RUNNING,11,HOME_FORMATION,0.773,0.9288,145.7586,8.856,True,NORMAL,MONITOR,False,{},"[""uav2"", ""uav1"", ""uav0""]",limited,False,{},NONE,NORMAL,SAFE,1.0,IDLE,0.0,0.0,0.0,,,0.0,False,avoidance not required,,{},,,,,,,,,,,0,safe,5.979,15.158,0.233,0,0,0.0,0.0,[],0.273379385471344,-2.9300739765167236,8.179330825805664,-0.028576940298080444,3.0607714653015137,8.18387508392334,-0.3494458496570587,-2.963277816772461,8.183488845825195
224.2,RUNNING,11,HOME_FORMATION,0.774,0.9287,145.7323,8.819,True,NORMAL,MONITOR,False,{},"[""uav2"", ""uav1"", ""uav0""]",limited,False,{},NONE,NORMAL,SAFE,1.0,IDLE,0.0,0.0,0.0,,,0.0,False,avoidance not required,,{},,,,,,,,,,,0,safe,5.977,15.204,0.199,0,0,0.0,0.0,[],0.25308552384376526,-2.965400218963623,8.158785820007324,-0.05059324577450752,3.0230233669281006,8.163456916809082,-0.3685678541660309,-3.0009028911590576,8.163009643554688
224.4,RUNNING,11,HOME_FORMATION,0.774,0.9287,145.7323,8.819,True,NORMAL,MONITOR,False,{},"[""uav2"", ""uav1"", ""uav0""]",limited,False,{},NONE,NORMAL,SAFE,1.0,IDLE,0.0,0.0,0.0,,,0.0,False,avoidance not required,,{},,,,,,,,,,,0,safe,5.978,15.241,0.179,0,0,0.0,0.0,[],0.23685139417648315,-2.985198497772217,8.141888618469238,-0.07199064642190933,2.998124122619629,8.151464462280273,-0.38477203249931335,-3.020419120788574,8.146679878234863
224.6,RUNNING,11,HOME_FORMATION,0.775,0.9285,145.706,8.782,True,NORMAL,MONITOR,False,{},"[""uav2"", ""uav1"", ""uav0""]",limited,False,{},NONE,NORMAL,SAFE,1.0,IDLE,0.0,0.0,0.0,,,0.0,False,avoidance not required,,{},,,,,,,,,,,0,safe,5.978,15.272,0.183,0,0,0.0,0.0,[],0.22568002343177795,-2.9964749813079834,8.128244400024414,-0.08417017757892609,2.976318359375,8.137855529785156,-0.399694561958313,-3.029794216156006,8.131155967712402
224.8,RUNNING,11,HOME_FORMATION,0.776,0.9285,145.706,8.782,True,NORMAL,MONITOR,False,{},"[""uav2"", ""uav1"", ""uav0""]",limited,False,{},NONE,NORMAL,SAFE,1.0,IDLE,0.0,0.0,0.0,,,0.0,False,avoidance not required,,{},,,,,,,,,,,0,safe,5.975,15.293,0.197,0,0,0.0,0.0,[],0.22095753252506256,-3.004931688308716,8.114777565002441,-0.09432767331600189,2.9681966304779053,8.127476692199707,-0.40547746419906616,-3.034105062484741,8.117161750793457
225.0,RUNNING,11,HOME_FORMATION,0.777,0.9285,145.706,8.782,True,NORMAL,MONITOR,False,{},"[""uav2"", ""uav1"", ""uav0""]",limited,False,{},NONE,NORMAL,SAFE,1.0,IDLE,0.0,0.0,0.0,,,0.0,False,avoidance not required,,{},,,,,,,,,,,0,safe,5.974,15.305,0.215,0,0,0.0,0.0,[],0.22132408618927002,-2.9998672008514404,8.107625961303711,-0.0993150994181633,2.9664227962493896,8.117682456970215,-0.40938159823417664,-3.0275471210479736,8.1082181930542
225.2,RUNNING,11,HOME_FORMATION,0.777,0.9284,145.6804,8.745,True,NORMAL,MONITOR,False,{},"[""uav2"", ""uav1"", ""uav0""]",limited,False,{},NONE,NORMAL,SAFE,1.0,IDLE,0.0,0.0,0.0,,,0.0,False,avoidance not required,,{},,,,,,,,,,,0,safe,5.969,15.311,0.237,0,0,0.0,0.0,[],0.22387796640396118,-2.9929518699645996,8.099227905273438,-0.09763991832733154,2.957529306411743,8.107104301452637,-0.40660539269447327,-3.017530918121338,8.100998878479004
225.4,RUNNING,11,HOME_FORMATION,0.778,0.9284,145.6804,8.745,True,NORMAL,MONITOR,False,{},"[""uav2"", ""uav1"", ""uav0""]",limited,False,{},NONE,NORMAL,SAFE,1.0,IDLE,0.0,0.0,0.0,,,0.0,False,avoidance not required,,{},,,,,,,,,,,0,safe,5.970,15.313,0.260,0,0,0.0,0.0,[],0.22613126039505005,-2.9761037826538086,8.095540046691895,-0.09359791874885559,2.9511446952819824,8.099873542785645,-0.4032297730445862,-3.0007922649383545,8.100361824035645
225.6,RUNNING,11,HOME_FORMATION,0.779,0.9282,145.6488,8.727,True,NORMAL,MONITOR,False,{},"[""uav2"", ""uav1"", ""uav0""]",limited,False,{},NONE,NORMAL,SAFE,1.0,IDLE,0.0,0.0,0.0,,,0.0,False,avoidance not required,,{},,,,,,,,,,,0,safe,5.971,15.312,0.286,0,0,0.0,0.0,[],0.23008625209331512,-2.9566946029663086,8.088696479797363,-0.08606617897748947,2.9357662200927734,8.092864036560059,-0.3939058482646942,-2.9792895317077637,8.095175743103027
225.8,RUNNING,11,HOME_FORMATION,0.78,0.9282,145.6488,8.727,True,NORMAL,MONITOR,False,{},"[""uav2"", ""uav1"", ""uav0""]",limited,False,{},NONE,NORMAL,SAFE,1.0,IDLE,0.0,0.0,0.0,,,0.0,False,avoidance not required,,{},,,,,,,,,,,0,safe,5.976,15.313,0.310,0,0,0.0,0.0,[],0.23605646193027496,-2.9257097244262695,8.083701133728027,-0.07677237689495087,2.9189155101776123,8.090575218200684,-0.38112542033195496,-2.949059009552002,8.089058876037598
226.0,RUNNING,11,HOME_FORMATION,0.78,0.9282,145.6488,8.727,True,NORMAL,MONITOR,False,{},"[""uav2"", ""uav1"", ""uav0""]",limited,False,{},NONE,NORMAL,SAFE,1.0,IDLE,0.0,0.0,0.0,,,0.0,False,avoidance not required,,{},,,,,,,,,,,0,safe,5.983,15.312,0.330,0,0,0.0,0.0,[],0.24057170748710632,-2.8906829357147217,8.083075523376465,-0.06683478504419327,2.892024040222168,8.087013244628906,-0.36673644185066223,-2.9116861820220947,8.08422565460205
226.2,RUNNING,11,HOME_FORMATION,0.781,0.9281,145.6228,8.69,True,NORMAL,MONITOR,False,{},"[""uav2"", ""uav1"", ""uav0""]",limited,False,{},NONE,NORMAL,SAFE,1.0,IDLE,0.0,0.0,0.0,,,0.0,False,avoidance not required,,{},,,,,,,,,,,0,safe,5.993,15.316,0.349,0,0,0.0,0.0,[],0.2439117431640625,-2.8541109561920166,8.078939437866211,-0.05800764262676239,2.8614444732666016,8.08841609954834,-0.35098934173583984,-2.870789051055908,8.080401420593262
226.4,RUNNING,11,HOME_FORMATION,0.782,0.9281,145.6228,8.69,True,NORMAL,MONITOR,False,{},"[""uav2"", ""uav1"", ""uav0""]",limited,False,{},NONE,NORMAL,SAFE,1.0,IDLE,0.0,0.0,0.0,,,0.0,False,avoidance not required,,{},,,,,,,,,,,0,safe,6.005,15.322,0.369,0,0,0.0,0.0,[],0.24585109949111938,-2.8098578453063965,8.07791519165039,-0.04912196472287178,2.8211872577667236,8.084535598754883,-0.3346906304359436,-2.8226664066314697,8.078598022460938
226.6,RUNNING,11,HOME_FORMATION,0.783,0.928,145.597,8.653,True,NORMAL,MONITOR,False,{},"[""uav2"", ""uav1"", ""uav0""]",limited,False,{},NONE,NORMAL,SAFE,1.0,IDLE,0.0,0.0,0.0,,,0.0,False,avoidance not required,,{},,,,,,,,,,,0,safe,6.019,15.333,0.386,0,0,0.0,0.0,[],0.24676111340522766,-2.7624003887176514,8.07336139678955,-0.04070550575852394,2.780996799468994,8.080032348632812,-0.31910401582717896,-2.7714788913726807,8.075660705566406
226.8,RUNNING,11,HOME_FORMATION,0.783,0.928,145.597,8.653,True,NORMAL,MONITOR,False,{},"[""uav2"", ""uav1"", ""uav0""]",limited,False,{},NONE,NORMAL,SAFE,1.0,IDLE,0.0,0.0,0.0,,,0.0,False,avoidance not required,,{},,,,,,,,,,,0,safe,6.034,15.345,0.409,0,0,0.0,0.0,[],0.249531090259552,-2.703841209411621,8.073593139648438,-0.033229704946279526,2.7307991981506348,8.073975563049316,-0.3043232858181,-2.7140610218048096,8.075810432434082
227.0,RUNNING,11,HOME_FORMATION,0.784,0.928,145.597,8.653,True,NORMAL,MONITOR,False,{},"[""uav2"", ""uav1"", ""uav0""]",limited,False,{},NONE,NORMAL,SAFE,1.0,IDLE,0.0,0.0,0.0,,,0.0,False,avoidance not required,,{},,,,,,,,,,,0,safe,6.046,15.362,0.432,0,0,0.0,0.0,[],0.250003457069397,-2.644632339477539,8.069463729858398,-0.026197021827101707,2.676905393600464,8.070914268493652,-0.2904728055000305,-2.654370069503784,8.07265853881836
227.2,RUNNING,11,HOME_FORMATION,0.785,0.9279,145.5712,8.616,True,NORMAL,MONITOR,False,{},"[""uav2"", ""uav1"", ""uav0""]",limited,False,{},NONE,NORMAL,SAFE,1.0,IDLE,0.0,0.0,0.0,,,0.0,False,avoidance not required,,{},,,,,,,,,,,0,safe,6.060,15.381,0.455,0,0,0.0,0.0,[],0.25244662165641785,-2.576129198074341,8.06740665435791,-0.019637595862150192,2.613999605178833,8.067548751831055,-0.2762377858161926,-2.588561534881592,8.06975269317627
227.4,RUNNING,11,HOME_FORMATION,0.786,0.9279,145.5712,8.616,True,NORMAL,MONITOR,False,{},"[""uav2"", ""uav1"", ""uav0""]",limited,False,{},NONE,NORMAL,SAFE,1.0,IDLE,0.0,0.0,0.0,,,0.0,False,avoidance not required,,{},,,,,,,,,,,0,safe,6.009,15.406,0.472,0,0,0.0,0.0,[],0.25331151485443115,-2.502985715866089,8.065568923950195,-0.008526506833732128,2.550459623336792,8.068646430969238,-0.2629522979259491,-2.5209577083587646,8.06513500213623
227.6,RUNNING,11,HOME_FORMATION,0.786,0.9277,145.5455,8.58,True,NORMAL,MONITOR,False,{},"[""uav2"", ""uav1"", ""uav0""]",limited,False,{},NONE,NORMAL,SAFE,1.0,IDLE,0.0,0.0,0.0,,,0.0,False,avoidance not required,,{},,,,,,,,,,,0,safe,5.896,15.426,0.492,0,0,0.0,0.0,[],0.25049883127212524,-2.4308903217315674,8.060260772705078,-0.0015248599229380488,2.4783966541290283,8.066961288452148,-0.24712136387825012,-2.4527554512023926,8.063779830932617
227.8,RUNNING,11,HOME_FORMATION,0.787,0.9277,145.5455,8.58,True,NORMAL,MONITOR,False,{},"[""uav2"", ""uav1"", ""uav0""]",limited,False,{},NONE,NORMAL,SAFE,1.0,IDLE,0.0,0.0,0.0,,,0.0,False,avoidance not required,,{},,,,,,,,,,,0,safe,5.779,15.455,0.504,0,0,0.0,0.0,[],0.2505352795124054,-2.3514328002929688,8.054916381835938,0.005526889115571976,2.404942035675049,8.070103645324707,-0.23383457958698273,-2.3803036212921143,8.060737609863281
228.0,RUNNING,11,HOME_FORMATION,0.788,0.9277,145.5455,8.58,True,NORMAL,MONITOR,False,{},"[""uav2"", ""uav1"", ""uav0""]",limited,False,{},NONE,NORMAL,SAFE,1.0,IDLE,0.0,0.0,0.0,,,0.0,False,avoidance not required,,{},,,,,,,,,,,0,safe,5.653,15.485,0.517,0,0,0.0,0.0,[],0.249563068151474,-2.2724478244781494,8.051688194274902,0.009685760363936424,2.327146530151367,8.068614959716797,-0.22040599584579468,-2.3051187992095947,8.056119918823242
228.2,RUNNING,11,HOME_FORMATION,0.789,0.9276,145.5197,8.543,True,NORMAL,MONITOR,False,{},"[""uav2"", ""uav1"", ""uav0""]",limited,False,{},NONE,NORMAL,SAFE,1.0,IDLE,0.0,0.0,0.0,,,0.0,False,avoidance not required,,{},,,,,,,,,,,0,safe,5.525,15.520,0.527,0,0,0.0,0.0,[],0.24359190464019775,-2.1945929527282715,8.046302795410156,0.01872207038104534,2.242237091064453,8.066767692565918,-0.2094046026468277,-2.227444887161255,8.051036834716797
228.4,RUNNING,11,HOME_FORMATION,0.789,0.9276,145.5197,8.543,True,NORMAL,MONITOR,False,{},"[""uav2"", ""uav1"", ""uav0""]",limited,False,{},NONE,NORMAL,SAFE,1.0,IDLE,0.0,0.0,0.0,,,0.0,False,avoidance not required,,{},,,,,,,,,,,0,safe,5.398,15.554,0.531,0,0,0.0,0.0,[],0.23583799600601196,-2.110971450805664,8.043858528137207,0.022825879976153374,2.1533994674682617,8.059852600097656,-0.19447670876979828,-2.14323091506958,8.050261497497559
228.6,RUNNING,11,HOME_FORMATION,0.79,0.9275,145.494,8.506,True,NORMAL,MONITOR,False,{},"[""uav2"", ""uav1"", ""uav0""]",limited,False,{},NONE,NORMAL,SAFE,1.0,IDLE,0.0,0.0,0.0,,,0.0,False,avoidance not required,,{},,,,,,,,,,,0,safe,5.264,15.595,0.531,0,0,0.0,0.0,[],0.2254776507616043,-2.0289061069488525,8.03967571258545,0.029475195333361626,2.0676333904266357,8.056233406066895,-0.18337057530879974,-2.0582973957061768,8.047903060913086
228.8,RUNNING,11,HOME_FORMATION,0.791,0.9275,145.494,8.506,True,NORMAL,MONITOR,False,{},"[""uav2"", ""uav1"", ""uav0""]",limited,False,{},NONE,NORMAL,SAFE,1.0,IDLE,0.0,0.0,0.0,,,0.0,False,avoidance not required,,{},,,,,,,,,,,0,safe,5.140,15.633,0.535,0,0,0.0,0.0,[],0.21762187778949738,-1.9437040090560913,8.036067962646484,0.03257632628083229,1.9774699211120605,8.05079460144043,-0.17165051400661469,-1.9695966243743896,8.044775009155273
229.0,RUNNING,11,HOME_FORMATION,0.792,0.9275,145.494,8.506,True,NORMAL,MONITOR,False,{},"[""uav2"", ""uav1"", ""uav0""]",limited,False,{},NONE,NORMAL,SAFE,1.0,IDLE,0.0,0.0,0.0,,,0.0,False,avoidance not required,,{},,,,,,,,,,,0,safe,5.008,15.676,0.534,0,0,0.0,0.0,[],0.20722277462482452,-1.85987389087677,8.033132553100586,0.044377464801073074,1.885419487953186,8.04622745513916,-0.1630771905183792,-1.8809930086135864,8.042007446289062
229.2,RUNNING,11,HOME_FORMATION,0.792,0.9273,145.4683,8.469,True,NORMAL,MONITOR,False,{},"[""uav2"", ""uav1"", ""uav0""]",limited,False,{},NONE,NORMAL,SAFE,1.0,IDLE,0.0,0.0,0.0,,,0.0,False,avoidance not required,,{},,,,,,,,,,,0,safe,4.873,15.713,0.533,0,0,0.0,0.0,[],0.20003503561019897,-1.7734498977661133,8.032349586486816,0.04902767390012741,1.7868441343307495,8.042988777160645,-0.15457406640052795,-1.7870664596557617,8.039427757263184
229.4,RUNNING,11,HOME_FORMATION,0.793,0.9273,145.4683,8.469,True,NORMAL,MONITOR,False,{},"[""uav2"", ""uav1"", ""uav0""]",limited,False,{},NONE,NORMAL,SAFE,1.0,IDLE,0.0,0.0,0.0,,,0.0,False,avoidance not required,,{},,,,,,,,,,,0,safe,4.729,15.689,0.524,0,0,0.0,0.0,[],0.19009174406528473,-1.6884653568267822,8.03126049041748,0.056061770766973495,1.6946368217468262,8.04389476776123,-0.1481289267539978,-1.6943509578704834,8.036779403686523
229.6,RUNNING,11,HOME_FORMATION,0.794,0.9272,145.4426,8.451,True,NORMAL,MONITOR,False,{},"[""uav2"", ""uav1"", ""uav0""]",limited,False,{},NONE,NORMAL,SAFE,1.0,IDLE,0.0,0.0,0.0,,,0.0,False,avoidance not required,,{},,,,,,,,,,,0,safe,4.590,15.615,0.521,0,0,0.0,0.0,[],0.18285690248012543,-1.6037263870239258,8.035211563110352,0.0571136474609375,1.5974012613296509,8.042001724243164,-0.13798917829990387,-1.5949639081954956,8.033632278442383
229.8,RUNNING,11,HOME_FORMATION,0.795,0.9272,145.4426,8.451,True,NORMAL,MONITOR,False,{},"[""uav2"", ""uav1"", ""uav0""]",limited,False,{},NONE,NORMAL,SAFE,1.0,IDLE,0.0,0.0,0.0,,,0.0,False,avoidance not required,,{},,,,,,,,,,,0,safe,4.453,15.534,0.519,0,0,0.0,0.0,[],0.17195424437522888,-1.518570065498352,8.034515380859375,0.0612618625164032,1.4975563287734985,8.043386459350586,-0.13072696328163147,-1.4996145963668823,8.031176567077637
230.0,RUNNING,11,HOME_FORMATION,0.795,0.9272,145.4426,8.451,True,NORMAL,MONITOR,False,{},"[""uav2"", ""uav1"", ""uav0""]",limited,False,{},NONE,NORMAL,SAFE,1.0,IDLE,0.0,0.0,0.0,,,0.0,False,avoidance not required,,{},,,,,,,,,,,0,safe,4.318,15.458,0.520,0,0,0.0,0.0,[],0.1634802669286728,-1.428249478340149,8.034722328186035,0.05906149744987488,1.3998669385910034,8.040670394897461,-0.11988332867622375,-1.402126431465149,8.032649040222168
230.2,RUNNING,11,HOME_FORMATION,0.796,0.9271,145.417,8.414,True,NORMAL,MONITOR,False,{},"[""uav2"", ""uav1"", ""uav0""]",limited,False,{},NONE,NORMAL,SAFE,1.0,IDLE,0.0,0.0,0.0,,,0.0,False,avoidance not required,,{},,,,,,,,,,,0,safe,4.194,15.379,0.514,0,0,0.0,0.0,[],0.15244947373867035,-1.338158369064331,8.033581733703613,0.05934303626418114,1.3053297996520996,8.040237426757812,-0.11038357764482498,-1.3053438663482666,8.031598091125488
230.4,RUNNING,11,HOME_FORMATION,0.797,0.9271,145.417,8.414,True,NORMAL,MONITOR,False,{},"[""uav2"", ""uav1"", ""uav0""]",limited,False,{},NONE,NORMAL,SAFE,1.0,IDLE,0.0,0.0,0.0,,,0.0,False,avoidance not required,,{},,,,,,,,,,,0,safe,4.076,15.301,0.506,0,0,0.0,0.0,[],0.14735975861549377,-1.2416151762008667,8.031780242919922,0.0542653426527977,1.2097423076629639,8.037615776062012,-0.0932772234082222,-1.2117382287979126,8.02734661102295
230.6,RUNNING,11,HOME_FORMATION,0.798,0.927,145.3914,8.377,True,NORMAL,MONITOR,False,{},"[""uav2"", ""uav1"", ""uav0""]",limited,False,{},NONE,NORMAL,SAFE,1.0,IDLE,0.0,0.0,0.0,,,0.0,False,avoidance not required,,{},,,,,,,,,,,0,safe,3.975,15.220,0.491,0,0,0.0,0.0,[],0.14399856328964233,-1.1458545923233032,8.027409553527832,0.054622430354356766,1.1273260116577148,8.034453392028809,-0.07960332185029984,-1.1239840984344482,8.021918296813965
230.8,RUNNING,11,HOME_FORMATION,0.798,0.927,145.3914,8.377,True,NORMAL,MONITOR,False,{},"[""uav2"", ""uav1"", ""uav0""]",limited,False,{},NONE,NORMAL,SAFE,1.0,IDLE,0.0,0.0,0.0,,,0.0,False,avoidance not required,,{},,,,,,,,,,,0,safe,3.885,15.146,0.474,0,0,0.0,0.0,[],0.1358356475830078,-1.054945468902588,8.023454666137695,0.05854983627796173,1.0421247482299805,8.029288291931152,-0.07148987799882889,-1.0366110801696777,8.019001007080078
231.0,RUNNING,11,HOME_FORMATION,0.799,0.927,145.3914,8.377,True,NORMAL,MONITOR,False,{},"[""uav2"", ""uav1"", ""uav0""]",limited,False,{},NONE,NORMAL,SAFE,1.0,IDLE,0.0,0.0,0.0,,,0.0,False,avoidance not required,,{},,,,,,,,,,,0,safe,3.791,15.077,0.458,0,0,0.0,0.0,[],0.13051855564117432,-0.962766170501709,8.019952774047852,0.05597510188817978,0.9575013518333435,8.024068832397461,-0.06451796740293503,-0.9470393061637878,8.020441055297852
231.2,RUNNING,11,HOME_FORMATION,0.8,0.9268,145.3658,8.341,True,NORMAL,MONITOR,False,{},"[""uav2"", ""uav1"", ""uav0""]",limited,False,{},NONE,NORMAL,SAFE,1.0,IDLE,0.0,0.0,0.0,,,0.0,False,avoidance not required,,{},,,,,,,,,,,0,safe,3.706,15.007,0.439,0,0,0.0,0.0,[],0.12119937688112259,-0.8754410147666931,8.016679763793945,0.055323489010334015,0.8753047585487366,8.020224571228027,-0.05986027419567108,-0.8629265427589417,8.022100448608398
231.4,RUNNING,11,HOME_FORMATION,0.801,0.9268,145.3658,8.341,True,NORMAL,MONITOR,False,{},"[""uav2"", ""uav1"", ""uav0""]",limited,False,{},NONE,NORMAL,SAFE,1.0,IDLE,0.0,0.0,0.0,,,0.0,False,avoidance not required,,{},,,,,,,,,,,0,safe,3.628,14.942,0.420,0,0,0.0,0.0,[],0.11718600243330002,-0.7861005663871765,8.012043952941895,0.049777645617723465,0.7961603999137878,8.0173921585083,-0.047809407114982605,-0.7789363265037537,8.023592948913574
231.6,RUNNING,11,HOME_FORMATION,0.801,0.9267,145.3403,8.304,True,NORMAL,MONITOR,False,{},"[""uav2"", ""uav1"", ""uav0""]",limited,False,{},NONE,NORMAL,SAFE,1.0,IDLE,0.0,0.0,0.0,,,0.0,False,avoidance not required,,{},,,,,,,,,,,0,safe,3.569,14.873,0.403,0,0,0.0,0.0,[],0.10885141044855118,-0.7031213045120239,8.00916576385498,0.04555230215191841,0.7202761173248291,8.017855644226074,-0.03932088986039162,-0.7001960277557373,8.02185344696045
231.8,RUNNING,11,HOME_FORMATION,0.802,0.9267,145.3403,8.304,True,NORMAL,MONITOR,False,{},"[""uav2"", ""uav1"", ""uav0""]",limited,False,{},NONE,NORMAL,SAFE,1.0,IDLE,0.0,0.0,0.0,,,0.0,False,avoidance not required,,{},,,,,,,,,,,0,safe,3.515,14.810,0.388,0,0,0.0,0.0,[],0.10584016889333725,-0.6220128536224365,8.005910873413086,0.039212487637996674,0.6480667591094971,8.01573657989502,-0.02146325632929802,-0.6242973208427429,8.017870903015137
232.0,RUNNING,11,HOME_FORMATION,0.803,0.9267,145.3403,8.304,True,NORMAL,MONITOR,False,{},"[""uav2"", ""uav1"", ""uav0""]",limited,False,{},NONE,NORMAL,SAFE,1.0,IDLE,0.0,0.0,0.0,,,0.0,False,avoidance not required,,{},,,,,,,,,,,0,safe,3.474,14.743,0.372,0,0,0.0,0.0,[],0.09742431342601776,-0.5471236109733582,8.002907752990723,0.039041917771101,0.578463613986969,8.007258415222168,-0.01062024012207985,-0.5525596141815186,8.015735626220703
232.2,RUNNING,11,HOME_FORMATION,0.804,0.9266,145.3148,8.267,True,NORMAL,MONITOR,False,{},"[""uav2"", ""uav1"", ""uav0""]",limited,False,{},NONE,NORMAL,SAFE,1.0,IDLE,0.0,0.0,0.0,,,0.0,False,avoidance not required,,{},,,,,,,,,,,0,safe,3.431,14.684,0.355,0,0,0.0,0.0,[],0.09303130954504013,-0.4761377274990082,7.999356746673584,0.034539684653282166,0.5087934732437134,8.001553535461426,0.0071387942880392075,-0.4811818301677704,8.0108642578125
232.4,RUNNING,11,HOME_FORMATION,0.804,0.9266,145.3148,8.267,True,NORMAL,MONITOR,False,{},"[""uav2"", ""uav1"", ""uav0""]",limited,False,{},NONE,NORMAL,SAFE,1.0,IDLE,0.0,0.0,0.0,,,0.0,False,avoidance not required,,{},,,,,,,,,,,0,safe,3.388,14.620,0.333,0,0,0.0,0.0,[],0.0836775079369545,-0.41077858209609985,7.997180461883545,0.03686347231268883,0.443960040807724,7.997413635253906,0.015185925178229809,-0.41466206312179565,8.00656795501709
232.6,RUNNING,11,HOME_FORMATION,0.805,0.9264,145.2893,8.23,True,NORMAL,MONITOR,False,{},"[""uav2"", ""uav1"", ""uav0""]",limited,False,{},NONE,NORMAL,SAFE,1.0,IDLE,0.0,0.0,0.0,,,0.0,False,avoidance not required,,{},,,,,,,,,,,0,safe,3.364,14.567,0.311,0,0,0.0,0.0,[],0.07729008793830872,-0.3503698408603668,7.994838237762451,0.033917270600795746,0.3791654109954834,7.9951581954956055,0.0233700443059206,-0.3469647169113159,7.994112968444824
232.8,RUNNING,11,HOME_FORMATION,0.806,0.9264,145.2893,8.23,True,NORMAL,MONITOR,False,{},"[""uav2"", ""uav1"", ""uav0""]",limited,False,{},NONE,NORMAL,SAFE,1.0,IDLE,0.0,0.0,0.0,,,0.0,False,avoidance not required,,{},,,,,,,,,,,0,safe,3.337,14.513,0.283,0,0,0.0,0.0,[],0.07635817676782608,-0.29606911540031433,7.9887542724609375,0.030610013753175735,0.3171003460884094,7.993207931518555,0.034431662410497665,-0.28251853585243225,7.982942581176758
233.0,RUNNING,11,HOME_FORMATION,0.807,0.9264,145.2893,8.23,True,NORMAL,MONITOR,False,{},"[""uav2"", ""uav1"", ""uav0""]",limited,False,{},NONE,NORMAL,SAFE,1.0,IDLE,0.0,0.0,0.0,,,0.0,False,avoidance not required,,{},,,,,,,,,,,0,safe,3.312,14.459,0.253,0,0,0.0,0.0,[],0.07015256583690643,-0.24518480896949768,7.98643684387207,0.025355523452162743,0.2576065957546234,7.991253852844238,0.03929486498236656,-0.22345107793807983,7.9800896644592285
233.2,RUNNING,11,HOME_FORMATION,0.807,0.9263,145.2636,8.194,True,NORMAL,MONITOR,False,{},"[""uav2"", ""uav1"", ""uav0""]",limited,False,{},NONE,NORMAL,SAFE,1.0,IDLE,0.0,0.0,0.0,,,0.0,False,avoidance not required,,{},,,,,,,,,,,0,safe,3.294,14.414,0.219,0,0,0.0,0.0,[],0.07077181339263916,-0.19613690674304962,7.986562728881836,0.02658803202211857,0.20550233125686646,7.983959674835205,0.049211833626031876,-0.16977320611476898,7.975294589996338
233.4,RUNNING,11,HOME_FORMATION,0.808,0.9263,145.2636,8.194,True,NORMAL,MONITOR,False,{},"[""uav2"", ""uav1"", ""uav0""]",limited,False,{},NONE,NORMAL,SAFE,1.0,IDLE,0.0,0.0,0.0,,,0.0,False,avoidance not required,,{},,,,,,,,,,,0,safe,3.280,14.369,0.190,0,0,0.0,0.0,[],0.06575369834899902,-0.15098975598812103,7.986274242401123,0.024261949583888054,0.15702275931835175,7.982577323913574,0.052033305168151855,-0.12508615851402283,7.973674297332764
233.6,RUNNING,11,HOME_FORMATION,0.809,0.9262,145.2378,8.175,True,NORMAL,MONITOR,False,{},"[""uav2"", ""uav1"", ""uav0""]",limited,False,{},NONE,NORMAL,SAFE,1.0,IDLE,0.0,0.0,0.0,,,0.0,False,avoidance not required,,{},,,,,,,,,,,0,safe,3.273,14.335,0.159,0,0,0.0,0.0,[],0.0666256695985794,-0.10586414486169815,7.981417655944824,0.02550387568771839,0.11981669068336487,7.98072624206543,0.060980286449193954,-0.07804745435714722,7.968456268310547
233.8,RUNNING,12,HOME_DESCENT,0.81,0.9262,145.2378,8.175,True,NORMAL,MONITOR,False,{},"[""uav2"", ""uav1"", ""uav0""]",limited,True,{},NONE,NORMAL,SAFE,1.0,IDLE,0.0,0.0,0.0,,,0.0,False,avoidance not required,,{},,,,,,,,,,,0,safe,3.267,14.296,0.126,0,0,0.0,0.0,[],0.06192395091056824,-0.06731949746608734,7.980039596557617,0.023669805377721786,0.08444922417402267,7.978872299194336,0.06217662990093231,-0.0426010861992836,7.969592094421387
234.0,RUNNING,12,HOME_DESCENT,0.81,0.9262,145.2378,8.175,True,NORMAL,MONITOR,False,{},"[""uav2"", ""uav1"", ""uav0""]",limited,True,{},NONE,NORMAL,SAFE,1.0,IDLE,0.0,0.0,0.0,,,0.0,False,avoidance not required,,{},,,,,,,,,,,0,safe,3.265,14.270,0.094,0,0,0.0,0.0,[],0.06348364800214767,-0.03196773678064346,7.978431701660156,0.028907623142004013,0.0579526349902153,7.971038818359375,0.06909550726413727,-0.00734504871070385,7.970088958740234
234.2,RUNNING,12,HOME_DESCENT,0.811,0.9261,145.2118,8.138,True,NORMAL,MONITOR,False,{},"[""uav2"", ""uav1"", ""uav0""]",limited,True,{},NONE,NORMAL,SAFE,1.0,IDLE,0.0,0.0,0.0,,,0.0,False,avoidance not required,,{},,,,,,,,,,,0,safe,3.267,14.240,0.075,0,0,0.0,0.0,[],0.05947406217455864,-0.005050820764154196,7.9768877029418945,0.0355423204600811,0.040498118847608566,7.967529296875,0.06818453967571259,0.019020594656467438,7.971170425415039
234.4,RUNNING,12,HOME_DESCENT,0.812,0.9261,145.2118,8.138,True,NORMAL,MONITOR,False,{},"[""uav2"", ""uav1"", ""uav0""]",limited,True,{},NONE,NORMAL,SAFE,1.0,IDLE,0.0,0.0,0.0,,,0.0,False,avoidance not required,,{},,,,,,,,,,,0,safe,3.276,14.222,0.075,0,0,0.0,0.0,[],0.061525698751211166,0.01630661077797413,7.971454620361328,0.036298733204603195,0.023380838334560394,7.967460632324219,0.07033585011959076,0.047890085726976395,7.9715986251831055
234.6,RUNNING,12,HOME_DESCENT,0.813,0.9259,145.185,8.102,True,NORMAL,MONITOR,False,{},"[""uav2"", ""uav1"", ""uav0""]",limited,True,{},NONE,NORMAL,SAFE,1.0,IDLE,0.0,0.0,0.0,,,0.0,False,avoidance not required,,{},,,,,,,,,,,0,safe,3.275,14.201,0.088,0,0,0.0,0.0,[],0.05715727061033249,0.03097778558731079,7.96848726272583,0.03832578286528587,0.014236478134989738,7.96644401550293,0.06697849929332733,0.06533663719892502,7.973974704742432
234.8,RUNNING,12,HOME_DESCENT,0.813,0.9259,145.185,8.102,True,NORMAL,MONITOR,False,{},"[""uav2"", ""uav1"", ""uav0""]",limited,True,{},NONE,NORMAL,SAFE,1.0,IDLE,0.0,0.0,0.0,,,0.0,False,avoidance not required,,{},,,,,,,,,,,0,safe,3.281,14.191,0.095,0,0,0.0,0.0,[],0.057824503630399704,0.04317687824368477,7.960374355316162,0.03671835735440254,0.0048201060853898525,7.966139316558838,0.07338188588619232,0.08183063566684723,7.974207878112793
235.0,RUNNING,12,HOME_DESCENT,0.814,0.9259,145.185,8.102,True,NORMAL,MONITOR,False,{},"[""uav2"", ""uav1"", ""uav0""]",limited,True,{},NONE,NORMAL,SAFE,1.0,IDLE,0.0,0.0,0.0,,,0.0,False,avoidance not required,,{},,,,,,,,,,,0,safe,3.279,14.175,0.111,0,0,0.0,0.0,[],0.06129300966858864,0.05148125812411308,7.956592082977295,0.040868256241083145,0.00215183780528605,7.962482929229736,0.07237394899129868,0.08834104239940643,7.973747253417969
235.2,RUNNING,12,HOME_DESCENT,0.815,0.9258,145.1576,8.065,True,NORMAL,MONITOR,False,{},"[""uav2"", ""uav1"", ""uav0""]",limited,True,{},NONE,NORMAL,SAFE,1.0,IDLE,0.0,0.0,0.0,,,0.0,False,avoidance not required,,{},,,,,,,,,,,0,safe,3.280,14.171,0.114,0,0,0.0,0.0,[],0.05777967721223831,0.05439136177301407,7.9576096534729,0.04013446345925331,-0.0021212478168308735,7.964700222015381,0.07756003737449646,0.09564240276813507,7.966512203216553
235.4,RUNNING,12,HOME_DESCENT,0.816,0.9258,145.1576,8.065,True,NORMAL,MONITOR,False,{},"[""uav2"", ""uav1"", ""uav0""]",limited,True,{},NONE,NORMAL,SAFE,1.0,IDLE,0.0,0.0,0.0,,,0.0,False,avoidance not required,,{},,,,,,,,,,,0,safe,3.283,14.162,0.123,0,0,0.0,0.0,[],0.05483229085803032,0.05669768899679184,7.957677364349365,0.04213991016149521,-1.3826938811689615e-05,7.963930606842041,0.07491359859704971,0.09445179998874664,7.9611029624938965
235.6,RUNNING,12,HOME_DESCENT,0.816,0.9257,145.1314,8.028,True,NORMAL,MONITOR,False,{},"[""uav2"", ""uav1"", ""uav0""]",limited,True,{},NONE,NORMAL,SAFE,1.0,IDLE,0.0,0.0,0.0,,,0.0,False,avoidance not required,,{},,,,,,,,,,,0,safe,3.288,14.165,0.121,0,0,0.0,0.0,[],0.05239909887313843,0.054133884608745575,7.954522609710693,0.039068803191185,-0.0014609419740736485,7.96560525894165,0.07804039865732193,0.09539685398340225,7.948812007904053
235.8,RUNNING,12,HOME_DESCENT,0.817,0.9257,145.1314,8.028,True,NORMAL,MONITOR,False,{},"[""uav2"", ""uav1"", ""uav0""]",limited,True,{},NONE,NORMAL,SAFE,1.0,IDLE,0.0,0.0,0.0,,,0.0,False,avoidance not required,,{},,,,,,,,,,,0,safe,3.287,14.162,0.124,0,0,0.0,0.0,[],0.04600008204579353,0.049018967896699905,7.955316543579102,0.03673231601715088,0.0006061423337087035,7.961496829986572,0.07466966658830643,0.09011344611644745,7.9413323402404785
236.0,RUNNING,12,HOME_DESCENT,0.818,0.9257,145.1314,8.028,True,NORMAL,MONITOR,False,{},"[""uav2"", ""uav1"", ""uav0""]",limited,True,{},NONE,NORMAL,SAFE,1.0,IDLE,0.0,0.0,0.0,,,0.0,False,avoidance not required,,{},,,,,,,,,,,0,safe,3.291,14.168,0.118,0,0,0.0,0.0,[],0.04341612011194229,0.04638463631272316,7.953885555267334,0.032125845551490784,-0.0005068425671197474,7.959655284881592,0.07827859371900558,0.09146291017532349,7.933442115783691
236.2,RUNNING,12,HOME_DESCENT,0.819,0.9255,145.1058,7.991,True,NORMAL,MONITOR,False,{},"[""uav2"", ""uav1"", ""uav0""]",limited,True,{},NONE,NORMAL,SAFE,1.0,IDLE,0.0,0.0,0.0,,,0.0,False,avoidance not required,,{},,,,,,,,,,,0,safe,3.289,14.164,0.121,0,0,0.0,0.0,[],0.038483768701553345,0.04127398505806923,7.955509662628174,0.033681951463222504,0.0013472100254148245,7.955083847045898,0.0745958760380745,0.08629287779331207,7.930676460266113
236.4,RUNNING,12,HOME_DESCENT,0.819,0.9255,145.1058,7.991,True,NORMAL,MONITOR,False,{},"[""uav2"", ""uav1"", ""uav0""]",limited,True,{},NONE,NORMAL,SAFE,1.0,IDLE,0.0,0.0,0.0,,,0.0,False,avoidance not required,,{},,,,,,,,,,,0,safe,3.295,14.171,0.114,0,0,0.0,0.0,[],0.0411214679479599,0.03962431475520134,7.9551167488098145,0.03242754191160202,0.0006596967577934265,7.9543070793151855,0.07625727355480194,0.08943148702383041,7.926003932952881
236.6,RUNNING,12,HOME_DESCENT,0.82,0.9254,145.0808,7.954,True,NORMAL,MONITOR,False,{},"[""uav2"", ""uav1"", ""uav0""]",limited,True,{},NONE,NORMAL,SAFE,1.0,IDLE,0.0,0.0,0.0,,,0.0,False,avoidance not required,,{},,,,,,,,,,,0,safe,3.292,14.167,0.118,0,0,0.0,0.0,[],0.039198700338602066,0.03504754230380058,7.958804607391357,0.03781323879957199,0.007890409789979458,7.952929973602295,0.07879038900136948,0.09398156404495239,7.916501998901367
236.8,RUNNING,12,HOME_DESCENT,0.821,0.9254,145.0808,7.954,True,NORMAL,MONITOR,False,{},"[""uav2"", ""uav1"", ""uav0""]",limited,True,{},NONE,NORMAL,SAFE,1.0,IDLE,0.0,0.0,0.0,,,0.0,False,avoidance not required,,{},,,,,,,,,,,0,safe,3.299,14.162,0.123,0,0,0.0,0.0,[],0.041367579251527786,0.03233100101351738,7.9621052742004395,0.037901122123003006,0.011136908084154129,7.953981876373291,0.07414120435714722,0.08955243974924088,7.907341957092285
237.0,RUNNING,12,HOME_DESCENT,0.822,0.9254,145.0808,7.954,True,NORMAL,MONITOR,False,{},"[""uav2"", ""uav1"", ""uav0""]",limited,True,{},NONE,NORMAL,SAFE,1.0,IDLE,0.0,0.0,0.0,,,0.0,False,avoidance not required,,{},,,,,,,,,,,0,safe,3.297,14.169,0.116,0,0,0.0,0.0,[],0.039390575140714645,0.027993829920887947,7.963160991668701,0.039888761937618256,0.025272028520703316,7.949578285217285,0.07196968048810959,0.0865263119339943,7.892023086547852
237.2,RUNNING,12,HOME_DESCENT,0.822,0.9253,145.0556,7.918,True,NORMAL,MONITOR,False,{},"[""uav2"", ""uav1"", ""uav0""]",limited,True,{},NONE,NORMAL,SAFE,1.0,IDLE,0.0,0.0,0.0,,,0.0,False,avoidance not required,,{},,,,,,,,,,,0,safe,3.301,14.172,0.113,0,0,0.0,0.0,[],0.04276232421398163,0.028874630108475685,7.958042144775391,0.037382010370492935,0.030096035450696945,7.947112083435059,0.06512943655252457,0.07829272001981735,7.881284713745117
237.4,RUNNING,12,HOME_DESCENT,0.823,0.9253,145.0556,7.918,True,NORMAL,MONITOR,False,{},"[""uav2"", ""uav1"", ""uav0""]",limited,True,{},NONE,NORMAL,SAFE,1.0,IDLE,0.0,0.0,0.0,,,0.0,False,avoidance not required,,{},,,,,,,,,,,0,safe,3.295,14.183,0.102,0,0,0.0,0.0,[],0.04128608852624893,0.026985235512256622,7.955611228942871,0.03877649083733559,0.04083315283060074,7.938241481781006,0.06446443498134613,0.07702545821666718,7.866260051727295
237.6,RUNNING,12,HOME_DESCENT,0.824,0.9252,145.0306,7.899,True,NORMAL,MONITOR,False,{},"[""uav2"", ""uav1"", ""uav0""]",limited,True,{},NONE,NORMAL,SAFE,1.0,IDLE,0.0,0.0,0.0,,,0.0,False,avoidance not required,,{},,,,,,,,,,,0,safe,3.298,14.184,0.101,0,0,0.0,0.0,[],0.04344898834824562,0.028657928109169006,7.948265075683594,0.03640826791524887,0.043824512511491776,7.93251895904541,0.06293976306915283,0.07611383497714996,7.855052947998047
237.8,RUNNING,12,HOME_DESCENT,0.825,0.9252,145.0306,7.899,True,NORMAL,MONITOR,False,{},"[""uav2"", ""uav1"", ""uav0""]",limited,True,{},NONE,NORMAL,SAFE,1.0,IDLE,0.0,0.0,0.0,,,0.0,False,avoidance not required,,{},,,,,,,,,,,0,safe,3.293,14.186,0.099,0,0,0.0,0.0,[],0.0406951867043972,0.027922946959733963,7.947277545928955,0.037959612905979156,0.05210215598344803,7.922055244445801,0.05627419054508209,0.06930568814277649,7.845361709594727
238.0,RUNNING,12,HOME_DESCENT,0.825,0.9252,145.0306,7.899,True,NORMAL,MONITOR,False,{},"[""uav2"", ""uav1"", ""uav0""]",limited,True,{},NONE,NORMAL,SAFE,1.0,IDLE,0.0,0.0,0.0,,,0.0,False,avoidance not required,,{},,,,,,,,,,,0,safe,3.297,14.196,0.091,0,0,0.0,0.0,[],0.040864311158657074,0.034749992191791534,7.945886135101318,0.03484078124165535,0.052293967455625534,7.918421745300293,0.05190897732973099,0.06745008379220963,7.826330661773682
238.2,RUNNING,12,HOME_DESCENT,0.826,0.925,145.0055,7.863,True,NORMAL,MONITOR,False,{},"[""uav2"", ""uav1"", ""uav0""]",limited,True,{},NONE,NORMAL,SAFE,1.0,IDLE,0.0,0.0,0.0,,,0.0,False,avoidance not required,,{},,,,,,,,,,,0,safe,3.294,14.200,0.086,0,0,0.0,0.0,[],0.03726497292518616,0.036714836955070496,7.9468092918396,0.03482509404420853,0.06220146641135216,7.9152116775512695,0.04489130154252052,0.06091945618391037,7.8139753341674805
238.4,RUNNING,12,HOME_DESCENT,0.827,0.925,145.0055,7.863,True,NORMAL,MONITOR,False,{},"[""uav2"", ""uav1"", ""uav0""]",limited,True,{},NONE,NORMAL,SAFE,1.0,IDLE,0.0,0.0,0.0,,,0.0,False,avoidance not required,,{},,,,,,,,,,,0,safe,3.298,14.210,0.078,0,0,0.0,0.0,[],0.03758225217461586,0.042814090847969055,7.945199489593506,0.03168998286128044,0.06342566013336182,7.911548614501953,0.0440022349357605,0.061461158096790314,7.800508975982666
238.6,RUNNING,12,HOME_DESCENT,0.828,0.9249,144.9803,7.826,True,NORMAL,MONITOR,False,{},"[""uav2"", ""uav1"", ""uav0""]",limited,True,{},NONE,NORMAL,SAFE,1.0,IDLE,0.0,0.0,0.0,,,0.0,False,avoidance not required,,{},,,,,,,,,,,0,safe,3.294,14.210,0.079,0,0,0.0,0.0,[],0.03421872481703758,0.04392116889357567,7.9460673332214355,0.03336184844374657,0.06999428570270538,7.904537677764893,0.039201557636260986,0.05704249441623688,7.788671493530273
238.8,RUNNING,12,HOME_DESCENT,0.828,0.9249,144.9803,7.826,True,NORMAL,MONITOR,False,{},"[""uav2"", ""uav1"", ""uav0""]",limited,True,{},NONE,NORMAL,SAFE,1.0,IDLE,0.0,0.0,0.0,,,0.0,False,avoidance not required,,{},,,,,,,,,,,0,safe,3.300,14.216,0.078,0,0,0.0,0.0,[],0.03310079127550125,0.04761631041765213,7.9406609535217285,0.031162813305854797,0.06780635565519333,7.899519920349121,0.036455992609262466,0.05855002626776695,7.768563747406006
239.0,RUNNING,12,HOME_DESCENT,0.829,0.9249,144.9803,7.826,True,NORMAL,MONITOR,False,{},"[""uav2"", ""uav1"", ""uav0""]",limited,True,{},NONE,NORMAL,SAFE,1.0,IDLE,0.0,0.0,0.0,,,0.0,False,avoidance not required,,{},,,,,,,,,,,0,safe,3.298,14.217,0.075,0,0,0.0,0.0,[],0.02937561273574829,0.04715915769338608,7.939055442810059,0.03320989012718201,0.06901372969150543,7.890155792236328,0.03110024705529213,0.05490369722247124,7.753275394439697
239.2,RUNNING,12,HOME_DESCENT,0.83,0.9248,144.9552,7.789,True,NORMAL,MONITOR,False,{},"[""uav2"", ""uav1"", ""uav0""]",limited,True,{},NONE,NORMAL,SAFE,1.0,IDLE,0.0,0.0,0.0,,,0.0,False,avoidance not required,,{},,,,,,,,,,,0,safe,3.301,14.224,0.077,0,0,0.0,0.0,[],0.02931649051606655,0.050879139453172684,7.936800003051758,0.031286828219890594,0.06388260424137115,7.8819122314453125,0.030982645228505135,0.0557069294154644,7.731235980987549
239.4,RUNNING,12,HOME_DESCENT,0.831,0.9248,144.9552,7.789,True,NORMAL,MONITOR,False,{},"[""uav2"", ""uav1"", ""uav0""]",limited,True,{},NONE,NORMAL,SAFE,1.0,IDLE,0.0,0.0,0.0,,,0.0,False,avoidance not required,,{},,,,,,,,,,,0,safe,3.302,14.223,0.072,0,0,0.0,0.0,[],0.026850946247577667,0.04976295307278633,7.936285972595215,0.0330112986266613,0.06648802757263184,7.869812965393066,0.028730779886245728,0.05135362222790718,7.715182304382324
239.6,RUNNING,12,HOME_DESCENT,0.831,0.9246,144.9298,7.752,True,NORMAL,MONITOR,False,{},"[""uav2"", ""uav1"", ""uav0""]",limited,True,{},NONE,NORMAL,SAFE,1.0,IDLE,0.0,0.0,0.0,,,0.0,False,avoidance not required,,{},,,,,,,,,,,0,safe,3.299,14.228,0.075,0,0,0.0,0.0,[],0.0289361160248518,0.05162908136844635,7.9283766746521,0.031639792025089264,0.06262732297182083,7.858668327331543,0.035577885806560516,0.04919547587633133,7.697719573974609
239.8,RUNNING,12,HOME_DESCENT,0.832,0.9246,144.9298,7.752,True,NORMAL,MONITOR,False,{},"[""uav2"", ""uav1"", ""uav0""]",limited,True,{},NONE,NORMAL,SAFE,1.0,IDLE,0.0,0.0,0.0,,,0.0,False,avoidance not required,,{},,,,,,,,,,,0,safe,3.303,14.224,0.073,0,0,0.0,0.0,[],0.02774331159889698,0.04880666732788086,7.924590587615967,0.03522110357880592,0.0630430281162262,7.83950138092041,0.0362352654337883,0.043512195348739624,7.681978225708008
240.0,RUNNING,12,HOME_DESCENT,0.833,0.9246,144.9298,7.752,True,NORMAL,MONITOR,False,{},"[""uav2"", ""uav1"", ""uav0""]",limited,True,{},NONE,NORMAL,SAFE,1.0,IDLE,0.0,0.0,0.0,,,0.0,False,avoidance not required,,{},,,,,,,,,,,0,safe,3.305,14.228,0.073,0,0,0.0,0.0,[],0.033867355436086655,0.048138443380594254,7.913989067077637,0.0338580384850502,0.05690061300992966,7.825827121734619,0.03717733174562454,0.04205530881881714,7.660672187805176
240.2,RUNNING,12,HOME_DESCENT,0.834,0.9245,144.9046,7.715,True,NORMAL,MONITOR,False,{},"[""uav2"", ""uav1"", ""uav0""]",limited,True,{},NONE,NORMAL,SAFE,1.0,IDLE,0.0,0.0,0.0,,,0.0,False,avoidance not required,,{},,,,,,,,,,,0,safe,3.301,14.228,0.074,0,0,0.0,0.0,[],0.04261861741542816,0.04582509398460388,7.902076244354248,0.036525826901197433,0.05226205661892891,7.806751728057861,0.037615470588207245,0.041482049971818924,7.634972095489502
240.4,RUNNING,12,HOME_DESCENT,0.834,0.9245,144.9046,7.715,True,NORMAL,MONITOR,False,{},"[""uav2"", ""uav1"", ""uav0""]",limited,True,{},NONE,NORMAL,SAFE,1.0,IDLE,0.0,0.0,0.0,,,0.0,False,avoidance not required,,{},,,,,,,,,,,0,safe,3.295,14.228,0.072,0,0,0.0,0.0,[],0.044862501323223114,0.04095708951354027,7.895401954650879,0.03467194736003876,0.04342501237988472,7.792295455932617,0.0345490537583828,0.03735195845365524,7.616666793823242
240.6,RUNNING,12,HOME_DESCENT,0.835,0.9244,144.8793,7.679,True,NORMAL,MONITOR,False,{},"[""uav2"", ""uav1"", ""uav0""]",limited,True,{},NONE,NORMAL,SAFE,1.0,IDLE,0.0,0.0,0.0,,,0.0,False,avoidance not required,,{},,,,,,,,,,,0,safe,3.291,14.233,0.073,0,0,0.0,0.0,[],0.048273716121912,0.04214533045887947,7.887515544891357,0.034936245530843735,0.03608577698469162,7.772868633270264,0.03471115604043007,0.03791707009077072,7.59268856048584
240.8,RUNNING,12,HOME_DESCENT,0.836,0.9244,144.8793,7.679,True,NORMAL,MONITOR,False,{},"[""uav2"", ""uav1"", ""uav0""]",limited,True,{},NONE,NORMAL,SAFE,1.0,IDLE,0.0,0.0,0.0,,,0.0,False,avoidance not required,,{},,,,,,,,,,,0,safe,3.289,14.233,0.074,0,0,0.0,0.0,[],0.04679848998785019,0.03974442556500435,7.88292932510376,0.032169636338949203,0.027584532275795937,7.759638786315918,0.03183436766266823,0.03502567484974861,7.571094036102295
241.0,RUNNING,12,HOME_DESCENT,0.837,0.9244,144.8793,7.679,True,NORMAL,MONITOR,False,{},"[""uav2"", ""uav1"", ""uav0""]",limited,True,{},NONE,NORMAL,SAFE,1.0,IDLE,0.0,0.0,0.0,,,0.0,False,avoidance not required,,{},,,,,,,,,,,0,safe,3.288,14.237,0.074,0,0,0.0,0.0,[],0.04896354675292969,0.04118763655424118,7.872862815856934,0.03422071784734726,0.02579295076429844,7.73980712890625,0.03246155381202698,0.03634302690625191,7.548484802246094
241.2,RUNNING,12,HOME_DESCENT,0.837,0.9243,144.854,7.642,True,NORMAL,MONITOR,False,{},"[""uav2"", ""uav1"", ""uav0""]",limited,True,{},NONE,NORMAL,SAFE,1.0,IDLE,0.0,0.0,0.0,,,0.0,False,avoidance not required,,{},,,,,,,,,,,0,safe,3.288,14.236,0.077,0,0,0.0,0.0,[],0.04620753228664398,0.039185456931591034,7.864241123199463,0.03265507519245148,0.021527115255594254,7.722343444824219,0.030226316303014755,0.03428112715482712,7.524150848388672
241.4,RUNNING,12,HOME_DESCENT,0.838,0.9243,144.854,7.642,True,NORMAL,MONITOR,False,{},"[""uav2"", ""uav1"", ""uav0""]",limited,True,{},NONE,NORMAL,SAFE,1.0,IDLE,0.0,0.0,0.0,,,0.0,False,avoidance not required,,{},,,,,,,,,,,0,safe,3.290,14.239,0.077,0,0,0.0,0.0,[],0.0457502119243145,0.04364851862192154,7.843684673309326,0.037310004234313965,0.02364749275147915,7.696123123168945,0.0323401503264904,0.03675764426589012,7.492112159729004
241.6,RUNNING,12,HOME_DESCENT,0.839,0.9241,144.8288,7.623,True,NORMAL,MONITOR,False,{},"[""uav2"", ""uav1"", ""uav0""]",limited,True,{},NONE,NORMAL,SAFE,1.0,IDLE,0.0,0.0,0.0,,,0.0,False,avoidance not required,,{},,,,,,,,,,,0,safe,3.295,14.235,0.075,0,0,0.0,0.0,[],0.044079143553972244,0.04758218675851822,7.824102878570557,0.03700421378016472,0.021989446133375168,7.675919055938721,0.03447609022259712,0.0392681248486042,7.461037635803223
241.8,RUNNING,12,HOME_DESCENT,0.84,0.9241,144.8288,7.623,True,NORMAL,MONITOR,False,{},"[""uav2"", ""uav1"", ""uav0""]",limited,True,{},NONE,NORMAL,SAFE,1.0,IDLE,0.0,0.0,0.0,,,0.0,False,avoidance not required,,{},,,,,,,,,,,0,safe,3.296,14.232,0.075,0,0,0.0,0.0,[],0.03916499763727188,0.04641082137823105,7.812313556671143,0.04115193337202072,0.02235282026231289,7.651287078857422,0.032632432878017426,0.03757123276591301,7.436442852020264
242.0,RUNNING,12,HOME_DESCENT,0.84,0.9241,144.8288,7.623,True,NORMAL,MONITOR,False,{},"[""uav2"", ""uav1"", ""uav0""]",limited,True,{},NONE,NORMAL,SAFE,1.0,IDLE,0.0,0.0,0.0,,,0.0,False,avoidance not required,,{},,,,,,,,,,,0,safe,3.299,14.235,0.076,0,0,0.0,0.0,[],0.03857573866844177,0.04715011641383171,7.794954299926758,0.04125057905912399,0.019822876900434494,7.632503509521484,0.03296345844864845,0.03806271031498909,7.407083988189697
242.2,RUNNING,12,HOME_DESCENT,0.841,0.924,144.8036,7.587,True,NORMAL,MONITOR,False,{},"[""uav2"", ""uav1"", ""uav0""]",limited,True,{},NONE,NORMAL,SAFE,1.0,IDLE,0.0,0.0,0.0,,,0.0,False,avoidance not required,,{},,,,,,,,,,,0,safe,3.299,14.234,0.076,0,0,0.0,0.0,[],0.03463827818632126,0.0439218245446682,7.782888412475586,0.05144370347261429,0.019387083128094673,7.609108924865723,0.030150048434734344,0.035193320363759995,7.381990909576416
242.4,RUNNING,12,HOME_DESCENT,0.842,0.924,144.8036,7.587,True,NORMAL,MONITOR,False,{},"[""uav2"", ""uav1"", ""uav0""]",limited,True,{},NONE,NORMAL,SAFE,1.0,IDLE,0.0,0.0,0.0,,,0.0,False,avoidance not required,,{},,,,,,,,,,,0,safe,3.287,14.238,0.077,0,0,0.0,0.0,[],0.034482795745134354,0.04536059498786926,7.761117458343506,0.05439966544508934,0.01630084216594696,7.5902485847473145,0.030274130403995514,0.035784222185611725,7.353812217712402
242.6,RUNNING,12,HOME_DESCENT,0.843,0.9239,144.7782,7.55,True,NORMAL,MONITOR,False,{},"[""uav2"", ""uav1"", ""uav0""]",limited,True,{},NONE,NORMAL,SAFE,1.0,IDLE,0.0,0.0,0.0,,,0.0,False,avoidance not required,,{},,,,,,,,,,,0,safe,3.284,14.238,0.079,0,0,0.0,0.0,[],0.031053923070430756,0.042994026094675064,7.74835205078125,0.06311149150133133,0.015760235488414764,7.562491416931152,0.0272072721272707,0.03328520059585571,7.3280110359191895
242.8,RUNNING,12,HOME_DESCENT,0.843,0.9239,144.7782,7.55,True,NORMAL,MONITOR,False,{},"[""uav2"", ""uav1"", ""uav0""]",limited,True,{},NONE,NORMAL,SAFE,1.0,IDLE,0.0,0.0,0.0,,,0.0,False,avoidance not required,,{},,,,,,,,,,,0,safe,3.273,14.242,0.081,0,0,0.0,0.0,[],0.0318753607571125,0.04438885673880577,7.731556415557861,0.06391934305429459,0.013521864078938961,7.54155969619751,0.029089389368891716,0.03508314862847328,7.293315410614014
243.0,RUNNING,12,HOME_DESCENT,0.844,0.9239,144.7782,7.55,True,NORMAL,MONITOR,False,{},"[""uav2"", ""uav1"", ""uav0""]",limited,True,{},NONE,NORMAL,SAFE,1.0,IDLE,0.0,0.0,0.0,,,0.0,False,avoidance not required,,{},,,,,,,,,,,0,safe,3.275,14.239,0.079,0,0,0.0,0.0,[],0.03375362232327461,0.04429681971669197,7.711728572845459,0.06844627857208252,0.014539171010255814,7.514636993408203,0.03134472295641899,0.03619971498847008,7.259792804718018
243.2,RUNNING,12,HOME_DESCENT,0.845,0.9238,144.753,7.513,True,NORMAL,MONITOR,False,{},"[""uav2"", ""uav1"", ""uav0""]",limited,True,{},NONE,NORMAL,SAFE,1.0,IDLE,0.0,0.0,0.0,,,0.0,False,avoidance not required,,{},,,,,,,,,,,0,safe,3.273,14.237,0.079,0,0,0.0,0.0,[],0.031087445095181465,0.039806902408599854,7.699561595916748,0.0658285990357399,0.013435350731015205,7.492974758148193,0.029624441638588905,0.03425407409667969,7.230919361114502
243.4,RUNNING,12,HOME_DESCENT,0.846,0.9238,144.753,7.513,True,NORMAL,MONITOR,False,{},"[""uav2"", ""uav1"", ""uav0""]",limited,True,{},NONE,NORMAL,SAFE,1.0,IDLE,0.0,0.0,0.0,,,0.0,False,avoidance not required,,{},,,,,,,,,,,0,safe,3.274,14.239,0.080,0,0,0.0,0.0,[],0.029362095519900322,0.034240905195474625,7.68044376373291,0.06463726609945297,0.014281146228313446,7.470429420471191,0.0301284808665514,0.035318054258823395,7.198647499084473
243.6,RUNNING,12,HOME_DESCENT,0.846,0.9236,144.7279,7.476,True,NORMAL,MONITOR,False,{},"[""uav2"", ""uav1"", ""uav0""]",limited,True,{},NONE,NORMAL,SAFE,1.0,IDLE,0.0,0.0,0.0,,,0.0,False,avoidance not required,,{},,,,,,,,,,,0,safe,3.277,14.238,0.081,0,0,0.0,0.0,[],0.031001031398773193,0.0316803865134716,7.658509254455566,0.05822765827178955,0.013277792371809483,7.449008464813232,0.027408380061388016,0.033693261444568634,7.1705522537231445
243.8,RUNNING,12,HOME_DESCENT,0.847,0.9236,144.7279,7.476,True,NORMAL,MONITOR,False,{},"[""uav2"", ""uav1"", ""uav0""]",limited,True,{},NONE,NORMAL,SAFE,1.0,IDLE,0.0,0.0,0.0,,,0.0,False,avoidance not required,,{},,,,,,,,,,,0,safe,3.281,14.241,0.083,0,0,0.0,0.0,[],0.02871404029428959,0.027172107249498367,7.643944263458252,0.061018671840429306,0.014399349689483643,7.416583061218262,0.027854284271597862,0.03795073181390762,7.137838363647461
244.0,RUNNING,12,HOME_DESCENT,0.848,0.9236,144.7279,7.476,True,NORMAL,MONITOR,False,{},"[""uav2"", ""uav1"", ""uav0""]",limited,True,{},NONE,NORMAL,SAFE,1.0,IDLE,0.0,0.0,0.0,,,0.0,False,avoidance not required,,{},,,,,,,,,,,0,safe,3.279,14.238,0.086,0,0,0.0,0.0,[],0.028962137177586555,0.024369454011321068,7.627650737762451,0.05812433734536171,0.014468050561845303,7.389653205871582,0.025117235258221626,0.03779827430844307,7.107796669006348
244.2,RUNNING,12,HOME_DESCENT,0.849,0.9235,144.7026,7.44,True,NORMAL,MONITOR,False,{},"[""uav2"", ""uav1"", ""uav0""]",limited,True,{},NONE,NORMAL,SAFE,1.0,IDLE,0.0,0.0,0.0,,,0.0,False,avoidance not required,,{},,,,,,,,,,,0,safe,3.279,14.240,0.089,0,0,0.0,0.0,[],0.028018968179821968,0.02260635793209076,7.608497619628906,0.06043737009167671,0.01867472380399704,7.360739707946777,0.026050865650177002,0.03942875936627388,7.073023319244385
244.4,RUNNING,12,HOME_DESCENT,0.849,0.9235,144.7026,7.44,True,NORMAL,MONITOR,False,{},"[""uav2"", ""uav1"", ""uav0""]",limited,True,{},NONE,NORMAL,SAFE,1.0,IDLE,0.0,0.0,0.0,,,0.0,False,avoidance not required,,{},,,,,,,,,,,0,safe,3.278,14.238,0.089,0,0,0.0,0.0,[],0.024291791021823883,0.01976577751338482,7.592859268188477,0.05623621493577957,0.019985660910606384,7.333698749542236,0.024141205474734306,0.03796103224158287,7.0422868728637695
244.6,RUNNING,12,HOME_DESCENT,0.85,0.9234,144.6774,7.403,True,NORMAL,MONITOR,False,{},"[""uav2"", ""uav1"", ""uav0""]",limited,True,{},NONE,NORMAL,SAFE,1.0,IDLE,0.0,0.0,0.0,,,0.0,False,avoidance not required,,{},,,,,,,,,,,0,safe,3.281,14.240,0.092,0,0,0.0,0.0,[],0.0234046783298254,0.018964678049087524,7.573068141937256,0.053292468190193176,0.02109799161553383,7.300368785858154,0.026377588510513306,0.03893696516752243,7.004878997802734
244.8,RUNNING,12,HOME_DESCENT,0.851,0.9234,144.6774,7.403,True,NORMAL,MONITOR,False,{},"[""uav2"", ""uav1"", ""uav0""]",limited,True,{},NONE,NORMAL,SAFE,1.0,IDLE,0.0,0.0,0.0,,,0.0,False,avoidance not required,,{},,,,,,,,,,,0,safe,3.286,14.238,0.091,0,0,0.0,0.0,[],0.020227935165166855,0.016253158450126648,7.55477237701416,0.046859607100486755,0.02033253386616707,7.274765491485596,0.031096145510673523,0.03933433070778847,6.967271327972412
245.0,RUNNING,12,HOME_DESCENT,0.852,0.9234,144.6774,7.403,True,NORMAL,MONITOR,False,{},"[""uav2"", ""uav1"", ""uav0""]",limited,True,{},NONE,NORMAL,SAFE,1.0,IDLE,0.0,0.0,0.0,,,0.0,False,avoidance not required,,{},,,,,,,,,,,0,safe,3.299,14.235,0.092,0,0,0.0,0.0,[],0.020667603239417076,0.012667433358728886,7.5322370529174805,0.04719632863998413,0.01944759488105774,7.241363048553467,0.03157335892319679,0.03599964454770088,6.936955451965332
245.2,RUNNING,12,HOME_DESCENT,0.852,0.9233,144.6522,7.366,True,NORMAL,MONITOR,False,{},"[""uav2"", ""uav1"", ""uav0""]",limited,True,{},NONE,NORMAL,SAFE,1.0,IDLE,0.0,0.0,0.0,,,0.0,False,avoidance not required,,{},,,,,,,,,,,0,safe,3.298,14.237,0.096,0,0,0.0,0.0,[],0.0190740954130888,0.008692717179656029,7.510385513305664,0.04312369227409363,0.016714101657271385,7.213993072509766,0.036630384624004364,0.03276566043496132,6.902470111846924
245.4,RUNNING,12,HOME_DESCENT,0.853,0.9233,144.6522,7.366,True,NORMAL,MONITOR,False,{},"[""uav2"", ""uav1"", ""uav0""]",limited,True,{},NONE,NORMAL,SAFE,1.0,IDLE,0.0,0.0,0.0,,,0.0,False,avoidance not required,,{},,,,,,,,,,,0,safe,3.308,14.235,0.098,0,0,0.0,0.0,[],0.02296987734735012,0.004742080811411142,7.479634761810303,0.04436758533120155,0.01211384404450655,7.1835174560546875,0.0400577075779438,0.0305405892431736,6.874130725860596
245.6,RUNNING,12,HOME_DESCENT,0.854,0.9231,144.6269,7.348,True,NORMAL,MONITOR,False,{},"[""uav2"", ""uav1"", ""uav0""]",limited,True,{},NONE,NORMAL,SAFE,1.0,IDLE,0.0,0.0,0.0,,,0.0,False,avoidance not required,,{},,,,,,,,,,,0,safe,3.310,14.234,0.107,0,0,0.0,0.0,[],0.023321358487010002,0.0013410296523943543,7.454771995544434,0.04174717515707016,0.007682829163968563,7.158838748931885,0.03901994973421097,0.02610665373504162,6.84754753112793
245.8,RUNNING,12,HOME_DESCENT,0.855,0.9231,144.6269,7.348,True,NORMAL,MONITOR,False,{},"[""uav2"", ""uav1"", ""uav0""]",limited,True,{},NONE,NORMAL,SAFE,1.0,IDLE,0.0,0.0,0.0,,,0.0,False,avoidance not required,,{},,,,,,,,,,,0,safe,3.312,14.238,0.115,0,0,0.0,0.0,[],0.026788463816046715,-0.001095456536859274,7.4279890060424805,0.044961556792259216,0.0008724905201233923,7.128310203552246,0.03963260352611542,0.020519236102700233,6.813744068145752
246.0,RUNNING,12,HOME_DESCENT,0.855,0.9231,144.6269,7.348,True,NORMAL,MONITOR,False,{},"[""uav2"", ""uav1"", ""uav0""]",limited,True,{},NONE,NORMAL,SAFE,1.0,IDLE,0.0,0.0,0.0,,,0.0,False,avoidance not required,,{},,,,,,,,,,,0,safe,3.310,14.242,0.118,0,0,0.0,0.0,[],0.02706337161362171,-0.003138943575322628,7.404815673828125,0.04345091059803963,-0.004516087006777525,7.102942943572998,0.036839522421360016,0.014367219991981983,6.784468650817871
246.2,RUNNING,12,HOME_DESCENT,0.856,0.923,144.6015,7.311,True,NORMAL,MONITOR,False,{},"[""uav2"", ""uav1"", ""uav0""]",limited,True,{},NONE,NORMAL,SAFE,1.0,IDLE,0.0,0.0,0.0,,,0.0,False,avoidance not required,,{},,,,,,,,,,,0,safe,3.309,14.248,0.125,0,0,0.0,0.0,[],0.030409038066864014,-0.005849554669111967,7.379681587219238,0.04656421020627022,-0.011736410669982433,7.072157382965088,0.03527170419692993,0.004758482798933983,6.75060510635376
246.4,RUNNING,12,HOME_DESCENT,0.857,0.923,144.6015,7.311,True,NORMAL,MONITOR,False,{},"[""uav2"", ""uav1"", ""uav0""]",limited,True,{},NONE,NORMAL,SAFE,1.0,IDLE,0.0,0.0,0.0,,,0.0,False,avoidance not required,,{},,,,,,,,,,,0,safe,3.304,14.256,0.129,0,0,0.0,0.0,[],0.030001498758792877,-0.008113391697406769,7.356411933898926,0.044665370136499405,-0.017252948135137558,7.045245170593262,0.03244016692042351,-0.002058562356978655,6.715904235839844
246.6,RUNNING,12,HOME_DESCENT,0.858,0.9229,144.5761,7.274,True,NORMAL,MONITOR,False,{},"[""uav2"", ""uav1"", ""uav0""]",limited,True,{},NONE,NORMAL,SAFE,1.0,IDLE,0.0,0.0,0.0,,,0.0,False,avoidance not required,,{},,,,,,,,,,,0,safe,3.304,14.263,0.132,0,0,0.0,0.0,[],0.03207319229841232,-0.01114622037857771,7.327940464019775,0.04520728066563606,-0.0287353303283453,7.012791156768799,0.03605318441987038,-0.0033376971259713173,6.6813812255859375
246.8,RUNNING,12,HOME_DESCENT,0.858,0.9229,144.5761,7.274,True,NORMAL,MONITOR,False,{},"[""uav2"", ""uav1"", ""uav0""]",limited,True,{},NONE,NORMAL,SAFE,1.0,IDLE,0.0,0.0,0.0,,,0.0,False,avoidance not required,,{},,,,,,,,,,,0,safe,3.308,14.261,0.138,0,0,0.0,0.0,[],0.030816320329904556,-0.01229455042630434,7.30122184753418,0.04275830462574959,-0.034327637404203415,6.984313488006592,0.036173317581415176,-0.0045536477118730545,6.644762992858887
247.0,RUNNING,12,HOME_DESCENT,0.859,0.9229,144.5761,7.274,True,NORMAL,MONITOR,False,{},"[""uav2"", ""uav1"", ""uav0""]",limited,True,{},NONE,NORMAL,SAFE,1.0,IDLE,0.0,0.0,0.0,,,0.0,False,avoidance not required,,{},,,,,,,,,,,0,safe,3.311,14.262,0.142,0,0,0.0,0.0,[],0.03198668733239174,-0.01169652584940195,7.268576145172119,0.048419468104839325,-0.0361301489174366,6.955122470855713,0.03265830874443054,-0.005917359609156847,6.61039400100708
247.2,RUNNING,12,HOME_DESCENT,0.86,0.9228,144.5507,7.237,True,NORMAL,MONITOR,False,{},"[""uav2"", ""uav1"", ""uav0""]",limited,True,{},NONE,NORMAL,SAFE,1.0,IDLE,0.0,0.0,0.0,,,0.0,False,avoidance not required,,{},,,,,,,,,,,0,safe,3.302,14.265,0.147,0,0,0.0,0.0,[],0.0298327449709177,-0.010930351912975311,7.241272449493408,0.04761580750346184,-0.035171590745449066,6.925986289978027,0.028688762336969376,-0.009134670719504356,6.569206714630127
247.4,RUNNING,12,HOME_DESCENT,0.861,0.9228,144.5507,7.237,True,NORMAL,MONITOR,False,{},"[""uav2"", ""uav1"", ""uav0""]",limited,True,{},NONE,NORMAL,SAFE,1.0,IDLE,0.0,0.0,0.0,,,0.0,False,avoidance not required,,{},,,,,,,,,,,0,safe,3.301,14.270,0.146,0,0,0.0,0.0,[],0.02838469296693802,-0.012082220986485481,7.212983131408691,0.04586616903543472,-0.03580056503415108,6.8911943435668945,0.026223262771964073,-0.011912130750715733,6.524177074432373
247.6,RUNNING,12,HOME_DESCENT,0.861,0.9226,144.5253,7.201,True,NORMAL,MONITOR,False,{},"[""uav2"", ""uav1"", ""uav0""]",limited,True,{},NONE,NORMAL,SAFE,1.0,IDLE,0.0,0.0,0.0,,,0.0,False,avoidance not required,,{},,,,,,,,,,,0,safe,3.301,14.274,0.142,0,0,0.0,0.0,[],0.02503204345703125,-0.012447556480765343,7.184890270233154,0.041398052126169205,-0.03447656333446503,6.859800338745117,0.022090459242463112,-0.013472871854901314,6.483512878417969
247.8,RUNNING,12,HOME_DESCENT,0.862,0.9226,144.5253,7.201,True,NORMAL,MONITOR,False,{},"[""uav2"", ""uav1"", ""uav0""]",limited,True,{},NONE,NORMAL,SAFE,1.0,IDLE,0.0,0.0,0.0,,,0.0,False,avoidance not required,,{},,,,,,,,,,,0,safe,3.302,14.278,0.142,0,0,0.0,0.0,[],0.025975674390792847,-0.0155259370803833,7.149939060211182,0.041512392461299896,-0.035207655280828476,6.823666572570801,0.019698116928339005,-0.01523584220558405,6.445220947265625
248.0,RUNNING,12,HOME_DESCENT,0.863,0.9226,144.5253,7.201,True,NORMAL,MONITOR,False,{},"[""uav2"", ""uav1"", ""uav0""]",limited,True,{},NONE,NORMAL,SAFE,1.0,IDLE,0.0,0.0,0.0,,,0.0,False,avoidance not required,,{},,,,,,,,,,,0,safe,3.300,14.281,0.146,0,0,0.0,0.0,[],0.024396246299147606,-0.017376050353050232,7.119060039520264,0.037359584122896194,-0.03349410369992256,6.789390563964844,0.016559656709432602,-0.016019033268094063,6.407227993011475
248.2,RUNNING,12,HOME_DESCENT,0.864,0.9225,144.4999,7.164,True,NORMAL,MONITOR,False,{},"[""uav2"", ""uav1"", ""uav0""]",limited,True,{},NONE,NORMAL,SAFE,1.0,IDLE,0.0,0.0,0.0,,,0.0,False,avoidance not required,,{},,,,,,,,,,,0,safe,3.301,14.284,0.149,0,0,0.0,0.0,[],0.025895044207572937,-0.01937909796833992,7.085669040679932,0.03200764209032059,-0.03384175896644592,6.754419803619385,0.015871211886405945,-0.017228739336133003,6.359184741973877
248.4,RUNNING,12,HOME_DESCENT,0.864,0.9225,144.4999,7.164,True,NORMAL,MONITOR,False,{},"[""uav2"", ""uav1"", ""uav0""]",limited,True,{},NONE,NORMAL,SAFE,1.0,IDLE,0.0,0.0,0.0,,,0.0,False,avoidance not required,,{},,,,,,,,,,,0,safe,3.308,14.285,0.144,0,0,0.0,0.0,[],0.024128397926688194,-0.019154705107212067,7.054021835327148,0.025082912296056747,-0.031072262674570084,6.719343185424805,0.01240222342312336,-0.01699141412973404,6.317716598510742
248.6,RUNNING,12,HOME_DESCENT,0.865,0.9224,144.4745,7.127,True,NORMAL,MONITOR,False,{},"[""uav2"", ""uav1"", ""uav0""]",limited,True,{},NONE,NORMAL,SAFE,1.0,IDLE,0.0,0.0,0.0,,,0.0,False,avoidance not required,,{},,,,,,,,,,,0,safe,3.312,14.287,0.145,0,0,0.0,0.0,[],0.021205509081482887,-0.016946623101830482,7.019622325897217,0.019490303471684456,-0.025754248723387718,6.682370185852051,0.00759208993986249,-0.016611238941550255,6.277253150939941
248.8,RUNNING,12,HOME_DESCENT,0.866,0.9224,144.4745,7.127,True,NORMAL,MONITOR,False,{},"[""uav2"", ""uav1"", ""uav0""]",limited,True,{},NONE,NORMAL,SAFE,1.0,IDLE,0.0,0.0,0.0,,,0.0,False,avoidance not required,,{},,,,,,,,,,,0,safe,3.313,14.290,0.147,0,0,0.0,0.0,[],0.017411328852176666,-0.013946241699159145,6.988319396972656,0.012259162031114101,-0.019860979169607162,6.646007537841797,0.0028334439266473055,-0.01614978536963463,6.236692428588867
249.0,RUNNING,12,HOME_DESCENT,0.867,0.9224,144.4745,7.127,True,NORMAL,MONITOR,False,{},"[""uav2"", ""uav1"", ""uav0""]",limited,True,{},NONE,NORMAL,SAFE,1.0,IDLE,0.0,0.0,0.0,,,0.0,False,avoidance not required,,{},,,,,,,,,,,0,safe,3.313,14.294,0.150,0,0,0.0,0.0,[],0.017766200006008148,-0.010161220096051693,6.95302152633667,0.004533417988568544,-0.015490827150642872,6.604535102844238,0.0006547423545271158,-0.019349178299307823,6.196296215057373
249.2,RUNNING,12,HOME_DESCENT,0.867,0.9222,144.4491,7.09,True,NORMAL,MONITOR,False,{},"[""uav2"", ""uav1"", ""uav0""]",limited,True,{},NONE,NORMAL,SAFE,1.0,IDLE,0.0,0.0,0.0,,,0.0,False,avoidance not required,,{},,,,,,,,,,,0,safe,3.305,14.297,0.154,0,0,0.0,0.0,[],0.016423111781477928,-0.007343312259763479,6.921069622039795,-0.001565570360980928,-0.01189057994633913,6.565702438354492,-0.0012759948149323463,-0.019887113943696022,6.155294895172119
249.4,RUNNING,12,HOME_DESCENT,0.868,0.9222,144.4491,7.09,True,NORMAL,MONITOR,False,{},"[""uav2"", ""uav1"", ""uav0""]",limited,True,{},NONE,NORMAL,SAFE,1.0,IDLE,0.0,0.0,0.0,,,0.0,False,avoidance not required,,{},,,,,,,,,,,0,safe,3.301,14.299,0.157,0,0,0.0,0.0,[],0.01880146563053131,-0.007109836209565401,6.882820129394531,-0.001938777742907405,-0.01345188356935978,6.525798320770264,-0.0011612055823206902,-0.018656983971595764,6.110736846923828
249.6,RUNNING,12,HOME_DESCENT,0.869,0.9221,144.4236,7.072,True,NORMAL,MONITOR,False,{},"[""uav2"", ""uav1"", ""uav0""]",limited,True,{},NONE,NORMAL,SAFE,1.0,IDLE,0.0,0.0,0.0,,,0.0,False,avoidance not required,,{},,,,,,,,,,,0,safe,3.299,14.298,0.157,0,0,0.0,0.0,[],0.021063659340143204,-0.009322532452642918,6.843655109405518,-0.0028158349450677633,-0.013440990820527077,6.487406253814697,-0.0017136390088126063,-0.017320839688181877,6.066783905029297
249.8,RUNNING,12,HOME_DESCENT,0.87,0.9221,144.4236,7.072,True,NORMAL,MONITOR,False,{},"[""uav2"", ""uav1"", ""uav0""]",limited,True,{},NONE,NORMAL,SAFE,1.0,IDLE,0.0,0.0,0.0,,,0.0,False,avoidance not required,,{},,,,,,,,,,,0,safe,3.295,14.298,0.157,0,0,0.0,0.0,[],0.020441021770238876,-0.01097705215215683,6.8077898025512695,-0.002319600898772478,-0.01568908803164959,6.443017482757568,-0.002756570465862751,-0.018066342920064926,6.017514705657959
250.0,RUNNING,12,HOME_DESCENT,0.87,0.9221,144.4236,7.072,True,NORMAL,MONITOR,False,{},"[""uav2"", ""uav1"", ""uav0""]",limited,True,{},NONE,NORMAL,SAFE,1.0,IDLE,0.0,0.0,0.0,,,0.0,False,avoidance not required,,{},,,,,,,,,,,0,safe,3.297,14.299,0.153,0,0,0.0,0.0,[],0.0195439662784338,-0.015749411657452583,6.766190528869629,-0.002859770553186536,-0.0162650216370821,6.400374889373779,-0.0029724137857556343,-0.01679251529276371,5.969796180725098
250.2,RUNNING,12,HOME_DESCENT,0.871,0.922,144.3982,7.035,True,NORMAL,MONITOR,False,{},"[""uav2"", ""uav1"", ""uav0""]",limited,True,{},NONE,NORMAL,SAFE,1.0,IDLE,0.0,0.0,0.0,,,0.0,False,avoidance not required,,{},,,,,,,,,,,0,safe,3.298,14.298,0.151,0,0,0.0,0.0,[],0.017273109406232834,-0.01875481568276882,6.725476264953613,-0.00434942776337266,-0.017508968710899353,6.351792812347412,-0.0039014576468616724,-0.015315518714487553,5.92872428894043
250.4,RUNNING,12,HOME_DESCENT,0.872,0.922,144.3982,7.035,True,NORMAL,MONITOR,False,{},"[""uav2"", ""uav1"", ""uav0""]",limited,True,{},NONE,NORMAL,SAFE,1.0,IDLE,0.0,0.0,0.0,,,0.0,False,avoidance not required,,{},,,,,,,,,,,0,safe,3.300,14.298,0.155,0,0,0.0,0.0,[],0.014485877938568592,-0.019436445087194443,6.691773891448975,-0.0057731205597519875,-0.016394764184951782,6.310196876525879,-0.007393831852823496,-0.015320689417421818,5.887807369232178
250.6,RUNNING,12,HOME_DESCENT,0.873,0.9219,144.3728,6.998,True,NORMAL,MONITOR,False,{},"[""uav2"", ""uav1"", ""uav0""]",limited,True,{},NONE,NORMAL,SAFE,1.0,IDLE,0.0,0.0,0.0,,,0.0,False,avoidance not required,,{},,,,,,,,,,,0,safe,3.302,14.300,0.160,0,0,0.0,0.0,[],0.015816135331988335,-0.0185247752815485,6.651444911956787,-0.00633817445486784,-0.012032265774905682,6.2678728103637695,-0.009935176931321621,-0.014111911877989769,5.849415302276611
250.8,RUNNING,12,HOME_DESCENT,0.873,0.9219,144.3728,6.998,True,NORMAL,MONITOR,False,{},"[""uav2"", ""uav1"", ""uav0""]",limited,True,{},NONE,NORMAL,SAFE,1.0,IDLE,0.0,0.0,0.0,,,0.0,False,avoidance not required,,{},,,,,,,,,,,0,safe,3.300,14.301,0.167,0,0,0.0,0.0,[],0.01693923957645893,-0.019225819036364555,6.610870838165283,-0.006923683453351259,-0.008299444802105427,6.2297868728637695,-0.010661263950169086,-0.011335141956806183,5.808958053588867
251.0,RUNNING,12,HOME_DESCENT,0.874,0.9219,144.3728,6.998,True,NORMAL,MONITOR,False,{},"[""uav2"", ""uav1"", ""uav0""]",limited,True,{},NONE,NORMAL,SAFE,1.0,IDLE,0.0,0.0,0.0,,,0.0,False,avoidance not required,,{},,,,,,,,,,,0,safe,3.298,14.300,0.173,0,0,0.0,0.0,[],0.01579059287905693,-0.01848594844341278,6.5787434577941895,-0.0059105935506522655,-0.0067277695052325726,6.185446739196777,-0.010887316428124905,-0.008554493077099323,5.769773960113525
251.2,RUNNING,12,HOME_DESCENT,0.875,0.9217,144.3472,6.961,True,NORMAL,MONITOR,False,{},"[""uav2"", ""uav1"", ""uav0""]",limited,True,{},NONE,NORMAL,SAFE,1.0,IDLE,0.0,0.0,0.0,,,0.0,False,avoidance not required,,{},,,,,,,,,,,0,safe,3.302,14.298,0.180,0,0,0.0,0.0,[],0.016747623682022095,-0.01676763780415058,6.5463032722473145,-0.005471864715218544,-0.005099697038531303,6.146190166473389,-0.008999587967991829,-0.004955693613737822,5.723404407501221
251.4,RUNNING,12,HOME_DESCENT,0.876,0.9217,144.3472,6.961,True,NORMAL,MONITOR,False,{},"[""uav2"", ""uav1"", ""uav0""]",limited,True,{},NONE,NORMAL,SAFE,1.0,IDLE,0.0,0.0,0.0,,,0.0,False,avoidance not required,,{},,,,,,,,,,,0,safe,3.302,14.294,0.180,0,0,0.0,0.0,[],0.015471960417926311,-0.013749162666499615,6.515134811401367,-0.000491019687615335,-0.004313643090426922,6.10394811630249,-0.007992928847670555,-0.00245454884134233,5.678162097930908
251.6,RUNNING,12,HOME_DESCENT,0.876,0.9216,144.3217,6.925,True,NORMAL,MONITOR,False,{},"[""uav2"", ""uav1"", ""uav0""]",limited,True,{},NONE,NORMAL,SAFE,1.0,IDLE,0.0,0.0,0.0,,,0.0,False,avoidance not required,,{},,,,,,,,,,,0,safe,3.310,14.292,0.182,0,0,0.0,0.0,[],0.014995432458817959,-0.008287116885185242,6.482241630554199,0.002139405347406864,-0.002959736157208681,6.064088821411133,-0.006905758753418922,-0.00020746266818605363,5.6257710456848145
251.8,RUNNING,12,HOME_DESCENT,0.877,0.9216,144.3217,6.925,True,NORMAL,MONITOR,False,{},"[""uav2"", ""uav1"", ""uav0""]",limited,True,{},NONE,NORMAL,SAFE,1.0,IDLE,0.0,0.0,0.0,,,0.0,False,avoidance not required,,{},,,,,,,,,,,0,safe,3.314,14.289,0.176,0,0,0.0,0.0,[],0.013051969930529594,-0.0037233412731438875,6.449372291564941,0.005588136613368988,-0.0022590341977775097,6.02129602432251,-0.006018809508532286,0.0012266822159290314,5.579752445220947
252.0,RUNNING,12,HOME_DESCENT,0.878,0.9216,144.3217,6.925,True,NORMAL,MONITOR,False,{},"[""uav2"", ""uav1"", ""uav0""]",limited,True,{},NONE,NORMAL,SAFE,1.0,IDLE,0.0,0.0,0.0,,,0.0,False,avoidance not required,,{},,,,,,,,,,,0,safe,3.318,14.288,0.178,0,0,0.0,0.0,[],0.012772434391081333,0.00032493751496076584,6.4121832847595215,0.006664689630270004,-0.0011124474694952369,5.981055736541748,-0.002869940362870693,0.001620959141291678,5.53655481338501
252.2,RUNNING,12,HOME_DESCENT,0.879,0.9215,144.2962,6.888,True,NORMAL,MONITOR,False,{},"[""uav2"", ""uav1"", ""uav0""]",limited,True,{},NONE,NORMAL,SAFE,1.0,IDLE,0.0,0.0,0.0,,,0.0,False,avoidance not required,,{},,,,,,,,,,,0,safe,3.320,14.285,0.182,0,0,0.0,0.0,[],0.011485806666314602,0.0030109116341918707,6.377571105957031,0.006457575596868992,-0.00016758353740442544,5.936857223510742,-0.0006252441671676934,0.001755983685143292,5.495769023895264
252.4,RUNNING,12,HOME_DESCENT,0.879,0.9215,144.2962,6.888,True,NORMAL,MONITOR,False,{},"[""uav2"", ""uav1"", ""uav0""]",limited,True,{},NONE,NORMAL,SAFE,1.0,IDLE,0.0,0.0,0.0,,,0.0,False,avoidance not required,,{},,,,,,,,,,,0,safe,3.322,14.283,0.189,0,0,0.0,0.0,[],0.013502568006515503,0.0054117473773658276,6.34140682220459,0.005969136953353882,0.0005368298734538257,5.896906852722168,0.004165058955550194,0.00355129549279809,5.453639984130859
252.6,RUNNING,12,HOME_DESCENT,0.88,0.9214,144.2706,6.851,True,NORMAL,MONITOR,False,{},"[""uav2"", ""uav1"", ""uav0""]",limited,True,{},NONE,NORMAL,SAFE,1.0,IDLE,0.0,0.0,0.0,,,0.0,False,avoidance not required,,{},,,,,,,,,,,0,safe,3.322,14.279,0.195,0,0,0.0,0.0,[],0.014637709595263004,0.009198368526995182,6.302651882171631,0.009203104302287102,0.0001597833470441401,5.856272220611572,0.0073378439992666245,0.00519771222025156,5.41122579574585
252.8,RUNNING,12,HOME_DESCENT,0.881,0.9214,144.2706,6.851,True,NORMAL,MONITOR,False,{},"[""uav2"", ""uav1"", ""uav0""]",limited,True,{},NONE,NORMAL,SAFE,1.0,IDLE,0.0,0.0,0.0,,,0.0,False,avoidance not required,,{},,,,,,,,,,,0,safe,3.325,14.275,0.200,0,0,0.0,0.0,[],0.013925561681389809,0.01131302397698164,6.265100955963135,0.010242776945233345,-8.820845687296242e-05,5.817161560058594,0.014699728228151798,0.010524654760956764,5.366084575653076
253.0,RUNNING,12,HOME_DESCENT,0.882,0.9214,144.2706,6.851,True,NORMAL,MONITOR,False,{},"[""uav2"", ""uav1"", ""uav0""]",limited,True,{},NONE,NORMAL,SAFE,1.0,IDLE,0.0,0.0,0.0,,,0.0,False,avoidance not required,,{},,,,,,,,,,,0,safe,3.327,14.266,0.204,0,0,0.0,0.0,[],0.015597387216985226,0.013904031366109848,6.226728439331055,0.01255815103650093,-0.0001260314747923985,5.77823543548584,0.018385903909802437,0.01298826839774847,5.322315692901611
253.2,RUNNING,12,HOME_DESCENT,0.882,0.9212,144.2451,6.814,True,NORMAL,MONITOR,False,{},"[""uav2"", ""uav1"", ""uav0""]",limited,True,{},NONE,NORMAL,SAFE,1.0,IDLE,0.0,0.0,0.0,,,0.0,False,avoidance not required,,{},,,,,,,,,,,0,safe,3.327,14.262,0.209,0,0,0.0,0.0,[],0.016504958271980286,0.01790875382721424,6.189759254455566,0.012920715846121311,0.00017874564218800515,5.7371063232421875,0.02193983644247055,0.013929887674748898,5.279534816741943
253.4,RUNNING,12,HOME_DESCENT,0.883,0.9212,144.2451,6.814,True,NORMAL,MONITOR,False,{},"[""uav2"", ""uav1"", ""uav0""]",limited,True,{},NONE,NORMAL,SAFE,1.0,IDLE,0.0,0.0,0.0,,,0.0,False,avoidance not required,,{},,,,,,,,,,,0,safe,3.327,14.259,0.215,0,0,0.0,0.0,[],0.015105707570910454,0.01918693073093891,6.151861190795898,0.01681048981845379,0.0041869692504405975,5.692198276519775,0.022913847118616104,0.014654476195573807,5.233707904815674
253.6,RUNNING,12,HOME_DESCENT,0.884,0.9211,144.2194,6.796,True,NORMAL,MONITOR,False,{},"[""uav2"", ""uav1"", ""uav0""]",limited,True,{},NONE,NORMAL,SAFE,1.0,IDLE,0.0,0.0,0.0,,,0.0,False,avoidance not required,,{},,,,,,,,,,,0,safe,3.335,14.249,0.222,0,0,0.0,0.0,[],0.014441011473536491,0.01989082060754299,6.11244535446167,0.0174265019595623,0.006623275578022003,5.649351119995117,0.027714718133211136,0.022512082010507584,5.187410354614258
253.8,RUNNING,12,HOME_DESCENT,0.885,0.9211,144.2194,6.796,True,NORMAL,MONITOR,False,{},"[""uav2"", ""uav1"", ""uav0""]",limited,True,{},NONE,NORMAL,SAFE,1.0,IDLE,0.0,0.0,0.0,,,0.0,False,avoidance not required,,{},,,,,,,,,,,0,safe,3.335,14.249,0.222,0,0,0.0,0.0,[],0.012491094879806042,0.019698362797498703,6.072117805480957,0.017482815310359,0.009221503511071205,5.6030097007751465,0.02919190190732479,0.02606477029621601,5.139761447906494
254.0,RUNNING,12,HOME_DESCENT,0.885,0.9211,144.2194,6.796,True,NORMAL,MONITOR,False,{},"[""uav2"", ""uav1"", ""uav0""]",limited,True,{},NONE,NORMAL,SAFE,1.0,IDLE,0.0,0.0,0.0,,,0.0,False,avoidance not required,,{},,,,,,,,,,,0,safe,3.338,14.245,0.224,0,0,0.0,0.0,[],0.012413237243890762,0.024089794605970383,6.030841827392578,0.016234857961535454,0.0106112752109766,5.560901641845703,0.03499685227870941,0.027202419936656952,5.091590404510498
254.2,RUNNING,12,HOME_DESCENT,0.886,0.921,144.1938,6.759,True,NORMAL,MONITOR,False,{},"[""uav2"", ""uav1"", ""uav0""]",limited,True,{},NONE,NORMAL,SAFE,1.0,IDLE,0.0,0.0,0.0,,,0.0,False,avoidance not required,,{},,,,,,,,,,,0,safe,3.337,14.240,0.225,0,0,0.0,0.0,[],0.013392330147325993,0.02671855501830578,5.986940383911133,0.01744704693555832,0.01337474025785923,5.514386177062988,0.03626352548599243,0.026706969365477562,5.041985988616943
254.4,RUNNING,12,HOME_DESCENT,0.887,0.921,144.1938,6.759,True,NORMAL,MONITOR,False,{},"[""uav2"", ""uav1"", ""uav0""]",limited,True,{},NONE,NORMAL,SAFE,1.0,IDLE,0.0,0.0,0.0,,,0.0,False,avoidance not required,,{},,,,,,,,,,,0,safe,3.338,14.240,0.225,0,0,0.0,0.0,[],0.012828445993363857,0.026639234274625778,5.941389560699463,0.016776297241449356,0.014521860517561436,5.468047618865967,0.03696729615330696,0.029501665383577347,4.995337009429932
254.6,RUNNING,12,HOME_DESCENT,0.888,0.9208,144.1682,6.722,True,NORMAL,MONITOR,False,{},"[""uav2"", ""uav1"", ""uav0""]",limited,True,{},NONE,NORMAL,SAFE,1.0,IDLE,0.0,0.0,0.0,,,0.0,False,avoidance not required,,{},,,,,,,,,,,0,safe,3.337,14.239,0.230,0,0,0.0,0.0,[],0.014223328791558743,0.026598066091537476,5.897495746612549,0.017646383494138718,0.017247704789042473,5.4239888191223145,0.03469502925872803,0.029399093240499496,4.9487152099609375
254.8,RUNNING,12,HOME_DESCENT,0.888,0.9208,144.1682,6.722,True,NORMAL,MONITOR,False,{},"[""uav2"", ""uav1"", ""uav0""]",limited,True,{},NONE,NORMAL,SAFE,1.0,IDLE,0.0,0.0,0.0,,,0.0,False,avoidance not required,,{},,,,,,,,,,,0,safe,3.337,14.239,0.230,0,0,0.0,0.0,[],0.016806606203317642,0.0273628868162632,5.852353096008301,0.01725199818611145,0.020319517701864243,5.383919715881348,0.034208137542009354,0.028336720541119576,4.905136585235596
255.0,RUNNING,12,HOME_DESCENT,0.889,0.9208,144.1682,6.722,True,NORMAL,MONITOR,False,{},"[""uav2"", ""uav1"", ""uav0""]",limited,True,{},NONE,NORMAL,SAFE,1.0,IDLE,0.0,0.0,0.0,,,0.0,False,avoidance not required,,{},,,,,,,,,,,0,safe,3.334,14.240,0.236,0,0,0.0,0.0,[],0.016826851293444633,0.026275204494595528,5.810018539428711,0.015410326421260834,0.021119389683008194,5.342113971710205,0.031419504433870316,0.02590092457830906,4.858896255493164
255.2,RUNNING,12,HOME_DESCENT,0.89,0.9207,144.1425,6.686,True,NORMAL,MONITOR,False,{},"[""uav2"", ""uav1"", ""uav0""]",limited,True,{},NONE,NORMAL,SAFE,1.0,IDLE,0.0,0.0,0.0,,,0.0,False,avoidance not required,,{},,,,,,,,,,,0,safe,3.332,14.244,0.239,0,0,0.0,0.0,[],0.017672734335064888,0.024923689663410187,5.772758483886719,0.015362108126282692,0.019907863810658455,5.302242755889893,0.03216022253036499,0.02455255389213562,4.809883117675781
255.4,RUNNING,12,HOME_DESCENT,0.891,0.9207,144.1425,6.686,True,NORMAL,MONITOR,False,{},"[""uav2"", ""uav1"", ""uav0""]",limited,True,{},NONE,NORMAL,SAFE,1.0,IDLE,0.0,0.0,0.0,,,0.0,False,avoidance not required,,{},,,,,,,,,,,0,safe,3.331,14.244,0.239,0,0,0.0,0.0,[],0.01834053546190262,0.023145180195569992,5.731484413146973,0.013787556439638138,0.017866292968392372,5.258088111877441,0.03475078567862511,0.024725662544369698,4.765821933746338
255.6,RUNNING,12,HOME_DESCENT,0.891,0.9206,144.1168,6.649,True,NORMAL,MONITOR,False,{},"[""uav2"", ""uav1"", ""uav0""]",limited,True,{},NONE,NORMAL,SAFE,1.0,IDLE,0.0,0.0,0.0,,,0.0,False,avoidance not required,,{},,,,,,,,,,,0,safe,3.329,14.242,0.245,0,0,0.0,0.0,[],0.01706300489604473,0.020418714731931686,5.687464714050293,0.014559485949575901,0.014048774726688862,5.212004661560059,0.033532340079545975,0.022870758548378944,4.719658374786377
255.8,RUNNING,12,HOME_DESCENT,0.892,0.9206,144.1168,6.649,True,NORMAL,MONITOR,False,{},"[""uav2"", ""uav1"", ""uav0""]",limited,True,{},NONE,NORMAL,SAFE,1.0,IDLE,0.0,0.0,0.0,,,0.0,False,avoidance not required,,{},,,,,,,,,,,0,safe,3.332,14.244,0.248,0,0,0.0,0.0,[],0.017241530120372772,0.019389141350984573,5.648094654083252,0.013560447841882706,0.01067660003900528,5.163458824157715,0.0315348356962204,0.0216172244399786,4.672947883605957
256.0,RUNNING,12,HOME_DESCENT,0.893,0.9206,144.1168,6.649,True,NORMAL,MONITOR,False,{},"[""uav2"", ""uav1"", ""uav0""]",limited,True,{},NONE,NORMAL,SAFE,1.0,IDLE,0.0,0.0,0.0,,,0.0,False,avoidance not required,,{},,,,,,,,,,,0,safe,3.332,14.247,0.251,0,0,0.0,0.0,[],0.01591646485030651,0.017031850293278694,5.606348514556885,0.014308096840977669,0.009811936877667904,5.1204833984375,0.02814764343202114,0.01867009699344635,4.626357078552246
256.2,RUNNING,12,HOME_DESCENT,0.894,0.9205,144.0911,6.612,True,NORMAL,MONITOR,False,{},"[""uav2"", ""uav1"", ""uav0""]",limited,True,{},NONE,NORMAL,SAFE,1.0,IDLE,0.0,0.0,0.0,,,0.0,False,avoidance not required,,{},,,,,,,,,,,0,safe,3.334,14.251,0.254,0,0,0.0,0.0,[],0.016668276861310005,0.013791532255709171,5.565999507904053,0.013613402843475342,0.008505496196448803,5.07688045501709,0.02850266546010971,0.015244675800204277,4.583200931549072
256.4,RUNNING,12,HOME_DESCENT,0.894,0.9205,144.0911,6.612,True,NORMAL,MONITOR,False,{},"[""uav2"", ""uav1"", ""uav0""]",limited,True,{},NONE,NORMAL,SAFE,1.0,IDLE,0.0,0.0,0.0,,,0.0,False,avoidance not required,,{},,,,,,,,,,,0,safe,3.333,14.253,0.260,0,0,0.0,0.0,[],0.01590818166732788,0.010093385353684425,5.523229598999023,0.014755966141819954,0.006940867286175489,5.034021854400635,0.026340113952755928,0.011643090285360813,4.5364670753479
256.6,RUNNING,12,HOME_DESCENT,0.895,0.9203,144.0654,6.575,True,NORMAL,MONITOR,False,{},"[""uav2"", ""uav1"", ""uav0""]",limited,True,{},NONE,NORMAL,SAFE,1.0,IDLE,0.0,0.0,0.0,,,0.0,False,avoidance not required,,{},,,,,,,,,,,0,safe,3.335,14.257,0.265,0,0,0.0,0.0,[],0.018247395753860474,0.0064489711076021194,5.483196258544922,0.014686688780784607,0.005129852332174778,4.989123344421387,0.02610948495566845,0.01039013173431158,4.494840621948242
256.8,RUNNING,12,HOME_DESCENT,0.896,0.9203,144.0654,6.575,True,NORMAL,MONITOR,False,{},"[""uav2"", ""uav1"", ""uav0""]",limited,True,{},NONE,NORMAL,SAFE,1.0,IDLE,0.0,0.0,0.0,,,0.0,False,avoidance not required,,{},,,,,,,,,,,0,safe,3.333,14.258,0.273,0,0,0.0,0.0,[],0.018191885203123093,0.003499445505440235,5.438220024108887,0.01928720250725746,0.0036817030049860477,4.946767330169678,0.02671142667531967,0.009391269646584988,4.45514440536499
257.0,RUNNING,12,HOME_DESCENT,0.897,0.9203,144.0654,6.575,True,NORMAL,MONITOR,False,{},"[""uav2"", ""uav1"", ""uav0""]",limited,True,{},NONE,NORMAL,SAFE,1.0,IDLE,0.0,0.0,0.0,,,0.0,False,avoidance not required,,{},,,,,,,,,,,0,safe,3.337,14.259,0.281,0,0,0.0,0.0,[],0.019212260842323303,0.0036445644218474627,5.3979926109313965,0.0210737194865942,0.0020527145825326443,4.89970588684082,0.023981034755706787,0.008006230928003788,4.40726900100708
257.2,RUNNING,12,HOME_DESCENT,0.897,0.9202,144.0396,6.539,True,NORMAL,MONITOR,False,{},"[""uav2"", ""uav1"", ""uav0""]",limited,True,{},NONE,NORMAL,SAFE,1.0,IDLE,0.0,0.0,0.0,,,0.0,False,avoidance not required,,{},,,,,,,,,,,0,safe,3.339,14.262,0.284,0,0,0.0,0.0,[],0.018172703683376312,0.0032661098521202803,5.351472854614258,0.025386307388544083,0.000307675072690472,4.85706901550293,0.017839452251791954,0.009706550277769566,4.359548091888428
257.4,RUNNING,12,HOME_DESCENT,0.898,0.9202,144.0396,6.539,True,NORMAL,MONITOR,False,{},"[""uav2"", ""uav1"", ""uav0""]",limited,True,{},NONE,NORMAL,SAFE,1.0,IDLE,0.0,0.0,0.0,,,0.0,False,avoidance not required,,{},,,,,,,,,,,0,safe,3.330,14.265,0.286,0,0,0.0,0.0,[],0.019464515149593353,0.004153141751885414,5.307394981384277,0.025267941877245903,-0.000948456407058984,4.807973861694336,0.012216550298035145,0.009708271361887455,4.308505058288574
257.6,RUNNING,12,HOME_DESCENT,0.899,0.9201,144.0138,6.52,True,NORMAL,MONITOR,False,{},"[""uav2"", ""uav1"", ""uav0""]",limited,True,{},NONE,NORMAL,SAFE,1.0,IDLE,0.0,0.0,0.0,,,0.0,False,avoidance not required,,{},,,,,,,,,,,0,safe,3.325,14.269,0.289,0,0,0.0,0.0,[],0.018963593989610672,0.0043152375146746635,5.2565836906433105,0.021525723859667778,-0.0007482812507078052,4.758919715881348,0.009137233719229698,0.012119611725211143,4.259066581726074
257.8,RUNNING,12,HOME_DESCENT,0.9,0.9201,144.0138,6.52,True,NORMAL,MONITOR,False,{},"[""uav2"", ""uav1"", ""uav0""]",limited,True,{},NONE,NORMAL,SAFE,1.0,IDLE,0.0,0.0,0.0,,,0.0,False,avoidance not required,,{},,,,,,,,,,,0,safe,3.325,14.269,0.289,0,0,0.0,0.0,[],0.02149268239736557,0.0092164296656847,5.2047600746154785,0.017017435282468796,-0.000574403558857739,4.708074569702148,0.005610624328255653,0.011625422164797783,4.209072113037109
258.0,RUNNING,12,HOME_DESCENT,0.9,0.9201,144.0138,6.52,True,NORMAL,MONITOR,False,{},"[""uav2"", ""uav1"", ""uav0""]",limited,True,{},NONE,NORMAL,SAFE,1.0,IDLE,0.0,0.0,0.0,,,0.0,False,avoidance not required,,{},,,,,,,,,,,0,safe,3.326,14.272,0.286,0,0,0.0,0.0,[],0.02246638759970665,0.013549482449889183,5.155251979827881,0.013834984973073006,0.003605473320931196,4.6634840965271,-0.0009035523398779333,0.008976633660495281,4.159326553344727
258.2,RUNNING,12,HOME_DESCENT,0.901,0.9199,143.988,6.483,True,NORMAL,MONITOR,False,{},"[""uav2"", ""uav1"", ""uav0""]",limited,True,{},NONE,NORMAL,SAFE,1.0,IDLE,0.0,0.0,0.0,,,0.0,False,avoidance not required,,{},,,,,,,,,,,0,safe,3.324,14.279,0.289,0,0,0.0,0.0,[],0.021205361932516098,0.014827395789325237,5.106043815612793,0.012957090511918068,0.005038436036556959,4.616818904876709,-0.005616704933345318,0.006015793886035681,4.107849597930908
258.4,RUNNING,12,HOME_DESCENT,0.902,0.9199,143.988,6.483,True,NORMAL,MONITOR,False,{},"[""uav2"", ""uav1"", ""uav0""]",limited,True,{},NONE,NORMAL,SAFE,1.0,IDLE,0.0,0.0,0.0,,,0.0,False,avoidance not required,,{},,,,,,,,,,,0,safe,3.321,14.284,0.292,0,0,0.0,0.0,[],0.019929805770516396,0.016835255548357964,5.066808223724365,0.011382856406271458,0.005874641239643097,4.566386699676514,-0.009250679053366184,0.006392259616404772,4.061062812805176
258.6,RUNNING,12,HOME_DESCENT,0.903,0.9198,143.9622,6.447,True,NORMAL,MONITOR,False,{},"[""uav2"", ""uav1"", ""uav0""]",limited,True,{},NONE,NORMAL,SAFE,1.0,IDLE,0.0,0.0,0.0,,,0.0,False,avoidance not required,,{},,,,,,,,,,,0,safe,3.318,14.286,0.296,0,0,0.0,0.0,[],0.01731068454682827,0.017050180584192276,5.02104377746582,0.012074018828570843,0.012795715592801571,4.520846843719482,-0.010942495428025723,0.0059235249646008015,4.01453161239624
258.8,RUNNING,12,HOME_DESCENT,0.903,0.9198,143.9622,6.447,True,NORMAL,MONITOR,False,{},"[""uav2"", ""uav1"", ""uav0""]",limited,True,{},NONE,NORMAL,SAFE,1.0,IDLE,0.0,0.0,0.0,,,0.0,False,avoidance not required,,{},,,,,,,,,,,0,safe,3.316,14.288,0.299,0,0,0.0,0.0,[],0.01419544406235218,0.021018777042627335,4.980216026306152,0.011401614174246788,0.016699789091944695,4.471378326416016,-0.010628475807607174,0.009189856238663197,3.9759411811828613
259.0,RUNNING,12,HOME_DESCENT,0.904,0.9198,143.9622,6.447,True,NORMAL,MONITOR,False,{},"[""uav2"", ""uav1"", ""uav0""]",limited,True,{},NONE,NORMAL,SAFE,1.0,IDLE,0.0,0.0,0.0,,,0.0,False,avoidance not required,,{},,,,,,,,,,,0,safe,3.315,14.285,0.308,0,0,0.0,0.0,[],0.010881444439291954,0.02149374783039093,4.933228492736816,0.010837799869477749,0.02326270379126072,4.428301811218262,-0.009801752865314484,0.01039499044418335,3.9296152591705322
259.2,RUNNING,12,HOME_DESCENT,0.905,0.9197,143.9364,6.41,True,NORMAL,MONITOR,False,{},"[""uav2"", ""uav1"", ""uav0""]",limited,True,{},NONE,NORMAL,SAFE,1.0,IDLE,0.0,0.0,0.0,,,0.0,False,avoidance not required,,{},,,,,,,,,,,0,safe,3.317,14.284,0.310,0,0,0.0,0.0,[],0.009295472875237465,0.023590482771396637,4.887446403503418,0.009275977499783039,0.02577553130686283,4.38009786605835,-0.009384258650243282,0.016695119440555573,3.8846874237060547
259.4,RUNNING,12,HOME_DESCENT,0.906,0.9197,143.9364,6.41,True,NORMAL,MONITOR,False,{},"[""uav2"", ""uav1"", ""uav0""]",limited,True,{},NONE,NORMAL,SAFE,1.0,IDLE,0.0,0.0,0.0,,,0.0,False,avoidance not required,,{},,,,,,,,,,,0,safe,3.319,14.279,0.314,0,0,0.0,0.0,[],0.007172309793531895,0.03106609545648098,4.840142250061035,0.008629296906292439,0.031956303864717484,4.334282398223877,-0.009277858771383762,0.020860115066170692,3.8367178440093994
259.6,RUNNING,12,HOME_DESCENT,0.906,0.9196,143.9105,6.373,True,NORMAL,MONITOR,False,{},"[""uav2"", ""uav1"", ""uav0""]",limited,True,{},NONE,NORMAL,SAFE,1.0,IDLE,0.0,0.0,0.0,,,0.0,False,avoidance not required,,{},,,,,,,,,,,0,safe,3.320,14.276,0.317,0,0,0.0,0.0,[],0.004769003484398127,0.03306366130709648,4.788319110870361,0.007984593510627747,0.03381185978651047,4.284452438354492,-0.008681954815983772,0.022087978199124336,3.7865445613861084
259.8,RUNNING,12,HOME_DESCENT,0.907,0.9196,143.9105,6.373,True,NORMAL,MONITOR,False,{},"[""uav2"", ""uav1"", ""uav0""]",limited,True,{},NONE,NORMAL,SAFE,1.0,IDLE,0.0,0.0,0.0,,,0.0,False,avoidance not required,,{},,,,,,,,,,,0,safe,3.321,14.275,0.315,0,0,0.0,0.0,[],0.00016812331159599125,0.03414781391620636,4.736604690551758,0.009075583890080452,0.037833139300346375,4.239763259887695,-0.010116113349795341,0.02968141809105873,3.738048553466797
260.0,RUNNING,12,HOME_DESCENT,0.908,0.9196,143.9105,6.373,True,NORMAL,MONITOR,False,{},"[""uav2"", ""uav1"", ""uav0""]",limited,True,{},NONE,NORMAL,SAFE,1.0,IDLE,0.0,0.0,0.0,,,0.0,False,avoidance not required,,{},,,,,,,,,,,0,safe,3.319,14.271,0.317,0,0,0.0,0.0,[],-0.003209850750863552,0.032336823642253876,4.682621002197266,0.008843923918902874,0.03770763427019119,4.186534881591797,-0.013114041648805141,0.03889907896518707,3.685058355331421
260.2,RUNNING,12,HOME_DESCENT,0.909,0.9194,143.8846,6.336,True,NORMAL,MONITOR,False,{},"[""uav2"", ""uav1"", ""uav0""]",limited,True,{},NONE,NORMAL,SAFE,1.0,IDLE,0.0,0.0,0.0,,,0.0,False,avoidance not required,,{},,,,,,,,,,,0,safe,3.316,14.266,0.314,0,0,0.0,0.0,[],-0.006950943265110254,0.034622929990291595,4.632476329803467,0.006098663900047541,0.04223264753818512,4.131661891937256,-0.0145908547565341,0.041932784020900726,3.63413143157959
260.4,RUNNING,12,HOME_DESCENT,0.909,0.9194,143.8846,6.336,True,NORMAL,MONITOR,False,{},"[""uav2"", ""uav1"", ""uav0""]",limited,True,{},NONE,NORMAL,SAFE,1.0,IDLE,0.0,0.0,0.0,,,0.0,False,avoidance not required,,{},,,,,,,,,,,0,safe,3.317,14.265,0.309,0,0,0.0,0.0,[],-0.009598389267921448,0.03360443189740181,4.581254959106445,0.0040886979550123215,0.04205402359366417,4.076370716094971,-0.020446669310331345,0.04830057546496391,3.5837481021881104
260.6,RUNNING,12,HOME_DESCENT,0.91,0.9193,143.8588,6.299,True,NORMAL,MONITOR,False,{},"[""uav2"", ""uav1"", ""uav0""]",limited,True,{},NONE,NORMAL,SAFE,1.0,IDLE,0.0,0.0,0.0,,,0.0,False,avoidance not required,,{},,,,,,,,,,,0,safe,3.312,14.265,0.308,0,0,0.0,0.0,[],-0.014825589954853058,0.03614377602934837,4.534979343414307,0.003972445614635944,0.04489824175834656,4.031014442443848,-0.022746695205569267,0.04884279891848564,3.531693935394287
260.8,RUNNING,12,HOME_DESCENT,0.911,0.9193,143.8588,6.299,True,NORMAL,MONITOR,False,{},"[""uav2"", ""uav1"", ""uav0""]",limited,True,{},NONE,NORMAL,SAFE,1.0,IDLE,0.0,0.0,0.0,,,0.0,False,avoidance not required,,{},,,,,,,,,,,0,safe,3.311,14.266,0.312,0,0,0.0,0.0,[],-0.0177200585603714,0.03544136509299278,4.4813947677612305,0.002667985623702407,0.04324815794825554,3.980468988418579,-0.025676703080534935,0.05021369829773903,3.4800519943237305
261.0,RUNNING,12,HOME_DESCENT,0.912,0.9193,143.8588,6.299,True,NORMAL,MONITOR,False,{},"[""uav2"", ""uav1"", ""uav0""]",limited,True,{},NONE,NORMAL,SAFE,1.0,IDLE,0.0,0.0,0.0,,,0.0,False,avoidance not required,,{},,,,,,,,,,,0,safe,3.310,14.268,0.309,0,0,0.0,0.0,[],-0.021346479654312134,0.038527023047208786,4.426877498626709,-0.0040491074323654175,0.04373548552393913,3.9272232055664062,-0.02640846185386181,0.047485049813985825,3.4253599643707275
261.2,RUNNING,12,HOME_DESCENT,0.912,0.9192,143.8329,6.263,True,NORMAL,MONITOR,False,{},"[""uav2"", ""uav1"", ""uav0""]",limited,True,{},NONE,NORMAL,SAFE,1.0,IDLE,0.0,0.0,0.0,,,0.0,False,avoidance not required,,{},,,,,,,,,,,0,safe,3.316,14.270,0.305,0,0,0.0,0.0,[],-0.022906921803951263,0.03750719875097275,4.371733665466309,-0.008297448046505451,0.0408720038831234,3.87172532081604,-0.03187410905957222,0.049296166747808456,3.3724565505981445
261.4,RUNNING,12,HOME_DESCENT,0.913,0.9192,143.8329,6.263,True,NORMAL,MONITOR,False,{},"[""uav2"", ""uav1"", ""uav0""]",limited,True,{},NONE,NORMAL,SAFE,1.0,IDLE,0.0,0.0,0.0,,,0.0,False,avoidance not required,,{},,,,,,,,,,,0,safe,3.314,14.273,0.300,0,0,0.0,0.0,[],-0.02653036266565323,0.03874797374010086,4.323937892913818,-0.012686561793088913,0.0392138846218586,3.8157155513763428,-0.03687495365738869,0.051871564239263535,3.3180463314056396
261.6,RUNNING,12,HOME_DESCENT,0.914,0.919,143.8071,6.244,True,NORMAL,MONITOR,False,{},"[""uav2"", ""uav1"", ""uav0""]",limited,True,{},NONE,NORMAL,SAFE,1.0,IDLE,0.0,0.0,0.0,,,0.0,False,avoidance not required,,{},,,,,,,,,,,0,safe,3.313,14.274,0.302,0,0,0.0,0.0,[],-0.027572527527809143,0.036319550126791,4.273738861083984,-0.01481687743216753,0.03459945321083069,3.762439727783203,-0.03772631287574768,0.0491953119635582,3.269338846206665
261.8,RUNNING,12,HOME_DESCENT,0.915,0.919,143.8071,6.244,True,NORMAL,MONITOR,False,{},"[""uav2"", ""uav1"", ""uav0""]",limited,True,{},NONE,NORMAL,SAFE,1.0,IDLE,0.0,0.0,0.0,,,0.0,False,avoidance not required,,{},,,,,,,,,,,0,safe,3.314,14.277,0.302,0,0,0.0,0.0,[],-0.029457593336701393,0.0337829664349556,4.226939678192139,-0.014976438134908676,0.02940758503973484,3.7137503623962402,-0.04059094190597534,0.046785954385995865,3.2217564582824707
262.0,RUNNING,12,HOME_DESCENT,0.915,0.919,143.8071,6.244,True,NORMAL,MONITOR,False,{},"[""uav2"", ""uav1"", ""uav0""]",limited,True,{},NONE,NORMAL,SAFE,1.0,IDLE,0.0,0.0,0.0,,,0.0,False,avoidance not required,,{},,,,,,,,,,,0,safe,3.311,14.281,0.305,0,0,0.0,0.0,[],-0.028682155534625053,0.029582245275378227,4.175468921661377,-0.014506994746625423,0.023058587685227394,3.6643104553222656,-0.03987618163228035,0.04095480591058731,3.1705641746520996
262.2,RUNNING,12,HOME_DESCENT,0.916,0.9189,143.7782,6.208,True,NORMAL,MONITOR,False,{},"[""uav2"", ""uav1"", ""uav0""]",limited,True,{},NONE,NORMAL,SAFE,1.0,IDLE,0.0,0.0,0.0,,,0.0,False,avoidance not required,,{},,,,,,,,,,,0,safe,3.312,14.284,0.303,0,0,0.0,0.0,[],-0.026202932000160217,0.0307527594268322,4.120832443237305,-0.01642191968858242,0.017922045662999153,3.6167469024658203,-0.041925109922885895,0.0350218303501606,3.118579864501953
262.4,RUNNING,12,HOME_DESCENT,0.917,0.9189,143.7782,6.208,True,NORMAL,MONITOR,False,{},"[""uav2"", ""uav1"", ""uav0""]",limited,True,{},NONE,NORMAL,SAFE,1.0,IDLE,0.0,0.0,0.0,,,0.0,False,avoidance not required,,{},,,,,,,,,,,0,safe,3.312,14.290,0.298,0,0,0.0,0.0,[],-0.022889448329806328,0.029010586440563202,4.064669132232666,-0.017064834013581276,0.013135622255504131,3.5639100074768066,-0.040534552186727524,0.028298646211624146,3.068676710128784
262.6,RUNNING,12,HOME_DESCENT,0.918,0.9188,143.7525,6.171,True,NORMAL,MONITOR,False,{},"[""uav2"", ""uav1"", ""uav0""]",limited,True,{},NONE,NORMAL,SAFE,1.0,IDLE,0.0,0.0,0.0,,,0.0,False,avoidance not required,,{},,,,,,,,,,,0,safe,3.314,14.293,0.291,0,0,0.0,0.0,[],-0.02250758931040764,0.030652891844511032,4.008425235748291,-0.02077902853488922,0.013655186630785465,3.508131504058838,-0.040943194180727005,0.025585634633898735,3.0194132328033447
262.8,RUNNING,12,HOME_DESCENT,0.918,0.9188,143.7525,6.171,True,NORMAL,MONITOR,False,{},"[""uav2"", ""uav1"", ""uav0""]",limited,True,{},NONE,NORMAL,SAFE,1.0,IDLE,0.0,0.0,0.0,,,0.0,False,avoidance not required,,{},,,,,,,,,,,0,safe,3.316,14.296,0.285,0,0,0.0,0.0,[],-0.02020403929054737,0.029088368639349937,3.9537575244903564,-0.02213159389793873,0.013230266980826855,3.453666925430298,-0.038292523473501205,0.021659458056092262,2.968094825744629
263.0,RUNNING,12,HOME_DESCENT,0.919,0.9188,143.7525,6.171,True,NORMAL,MONITOR,False,{},"[""uav2"", ""uav1"", ""uav0""]",limited,True,{},NONE,NORMAL,SAFE,1.0,IDLE,0.0,0.0,0.0,,,0.0,False,avoidance not required,,{},,,,,,,,,,,0,safe,3.320,14.297,0.280,0,0,0.0,0.0,[],-0.01610739715397358,0.028703099116683006,3.9009387493133545,-0.02420351654291153,0.017888937145471573,3.403552770614624,-0.037229765206575394,0.022200023755431175,2.914794445037842
263.2,RUNNING,12,HOME_DESCENT,0.92,0.9186,143.7267,6.134,True,NORMAL,MONITOR,False,{},"[""uav2"", ""uav1"", ""uav0""]",limited,True,{},NONE,NORMAL,SAFE,1.0,IDLE,0.0,0.0,0.0,,,0.0,False,avoidance not required,,{},,,,,,,,,,,0,safe,3.323,14.295,0.277,0,0,0.0,0.0,[],-0.011911759153008461,0.025835728272795677,3.848224401473999,-0.024050021544098854,0.019378766417503357,3.351590156555176,-0.03359377756714821,0.02056565321981907,2.863685131072998
263.4,RUNNING,12,HOME_DESCENT,0.921,0.9186,143.7267,6.134,True,NORMAL,MONITOR,False,{},"[""uav2"", ""uav1"", ""uav0""]",limited,True,{},NONE,NORMAL,SAFE,1.0,IDLE,0.0,0.0,0.0,,,0.0,False,avoidance not required,,{},,,,,,,,,,,0,safe,3.325,14.294,0.273,0,0,0.0,0.0,[],-0.007600277196615934,0.022642284631729126,3.792987823486328,-0.024176832288503647,0.02076181024312973,3.30073881149292,-0.03192479908466339,0.023114703595638275,2.8152072429656982
263.6,RUNNING,12,HOME_DESCENT,0.921,0.9185,143.701,6.097,True,NORMAL,MONITOR,False,{},"[""uav2"", ""uav1"", ""uav0""]",limited,True,{},NONE,NORMAL,SAFE,1.0,IDLE,0.0,0.0,0.0,,,0.0,False,avoidance not required,,{},,,,,,,,,,,0,safe,3.320,14.291,0.267,0,0,0.0,0.0,[],-0.00399393867701292,0.01875947043299675,3.7383790016174316,-0.02253374457359314,0.019716793671250343,3.249190330505371,-0.02834157459437847,0.02314821630716324,2.7660093307495117
263.8,RUNNING,12,HOME_DESCENT,0.922,0.9185,143.701,6.097,True,NORMAL,MONITOR,False,{},"[""uav2"", ""uav1"", ""uav0""]",limited,True,{},NONE,NORMAL,SAFE,1.0,IDLE,0.0,0.0,0.0,,,0.0,False,avoidance not required,,{},,,,,,,,,,,0,safe,3.318,14.288,0.262,0,0,0.0,0.0,[],-0.003775395918637514,0.018620898947119713,3.677945852279663,-0.02200157381594181,0.020007070153951645,3.1961398124694824,-0.02869177982211113,0.025975190103054047,2.713003158569336
264.0,RUNNING,12,HOME_DESCENT,0.923,0.9185,143.701,6.097,True,NORMAL,MONITOR,False,{},"[""uav2"", ""uav1"", ""uav0""]",limited,True,{},NONE,NORMAL,SAFE,1.0,IDLE,0.0,0.0,0.0,,,0.0,False,avoidance not required,,{},,,,,,,,,,,0,safe,3.317,14.287,0.257,0,0,0.0,0.0,[],-0.003189314855262637,0.01724311336874962,3.621471405029297,-0.0201460812240839,0.018895359709858894,3.1451058387756348,-0.026206016540527344,0.025439618155360222,2.6613402366638184
264.2,RUNNING,12,HOME_DESCENT,0.924,0.9184,143.6753,6.06,True,NORMAL,MONITOR,False,{},"[""uav2"", ""uav1"", ""uav0""]",limited,True,{},NONE,NORMAL,SAFE,1.0,IDLE,0.0,0.0,0.0,,,0.0,False,avoidance not required,,{},,,,,,,,,,,0,safe,3.317,14.285,0.254,0,0,0.0,0.0,[],-0.005254196003079414,0.02089552767574787,3.562025308609009,-0.021412435919046402,0.019556928426027298,3.0929453372955322,-0.026647571474313736,0.02576296404004097,2.6064491271972656
264.4,RUNNING,12,HOME_DESCENT,0.924,0.9184,143.6753,6.06,True,NORMAL,MONITOR,False,{},"[""uav2"", ""uav1"", ""uav0""]",limited,True,{},NONE,NORMAL,SAFE,1.0,IDLE,0.0,0.0,0.0,,,0.0,False,avoidance not required,,{},,,,,,,,,,,0,safe,3.317,14.285,0.250,0,0,0.0,0.0,[],-0.005706464871764183,0.02142966352403164,3.5099923610687256,-0.020072126761078835,0.017735973000526428,3.0395140647888184,-0.024181943386793137,0.024240756407380104,2.5525870323181152
264.6,RUNNING,12,HOME_DESCENT,0.925,0.9182,143.6497,6.024,True,NORMAL,MONITOR,False,{},"[""uav2"", ""uav1"", ""uav0""]",limited,True,{},NONE,NORMAL,SAFE,1.0,IDLE,0.0,0.0,0.0,,,0.0,False,avoidance not required,,{},,,,,,,,,,,0,safe,3.319,14.285,0.244,0,0,0.0,0.0,[],-0.008061101660132408,0.023049548268318176,3.460878849029541,-0.02000228874385357,0.014664177782833576,2.986621856689453,-0.022743944078683853,0.02587663196027279,2.50063419342041
264.8,RUNNING,12,HOME_DESCENT,0.926,0.9182,143.6497,6.024,True,NORMAL,MONITOR,False,{},"[""uav2"", ""uav1"", ""uav0""]",limited,True,{},NONE,NORMAL,SAFE,1.0,IDLE,0.0,0.0,0.0,,,0.0,False,avoidance not required,,{},,,,,,,,,,,0,safe,3.322,14.282,0.238,0,0,0.0,0.0,[],-0.009081547148525715,0.022346213459968567,3.4132301807403564,-0.01776129938662052,0.011455112136900425,2.9345479011535645,-0.01989421807229519,0.025263089686632156,2.4513227939605713
265.0,RUNNING,12,HOME_DESCENT,0.927,0.9182,143.6497,6.024,True,NORMAL,MONITOR,False,{},"[""uav2"", ""uav1"", ""uav0""]",limited,True,{},NONE,NORMAL,SAFE,1.0,IDLE,0.0,0.0,0.0,,,0.0,False,avoidance not required,,{},,,,,,,,,,,0,safe,3.326,14.281,0.233,0,0,0.0,0.0,[],-0.013225904665887356,0.023780828341841698,3.361009120941162,-0.015633225440979004,0.013603338971734047,2.8795318603515625,-0.021806951612234116,0.02925020083785057,2.4029440879821777
265.2,RUNNING,12,HOME_DESCENT,0.927,0.9181,143.6241,5.987,True,NORMAL,MONITOR,False,{},"[""uav2"", ""uav1"", ""uav0""]",limited,True,{},NONE,NORMAL,SAFE,1.0,IDLE,0.0,0.0,0.0,,,0.0,False,avoidance not required,,{},,,,,,,,,,,0,safe,3.328,14.279,0.229,0,0,0.0,0.0,[],-0.01492953673005104,0.02275223471224308,3.312049627304077,-0.012333525344729424,0.01350856851786375,2.8285140991210938,-0.02099691517651081,0.03011011891067028,2.355226755142212
265.4,RUNNING,12,HOME_DESCENT,0.928,0.9181,143.6241,5.987,True,NORMAL,MONITOR,False,{},"[""uav2"", ""uav1"", ""uav0""]",limited,True,{},NONE,NORMAL,SAFE,1.0,IDLE,0.0,0.0,0.0,,,0.0,False,avoidance not required,,{},,,,,,,,,,,0,safe,3.325,14.278,0.228,0,0,0.0,0.0,[],-0.019043320789933205,0.023002589121460915,3.2572214603424072,-0.010225913487374783,0.014834072440862656,2.7766427993774414,-0.02163633145391941,0.03270868957042694,2.295189142227173
265.6,RUNNING,12,HOME_DESCENT,0.929,0.918,143.5985,5.968,True,NORMAL,MONITOR,False,{},"[""uav2"", ""uav1"", ""uav0""]",limited,True,{},NONE,NORMAL,SAFE,1.0,IDLE,0.0,0.0,0.0,,,0.0,False,avoidance not required,,{},,,,,,,,,,,0,safe,3.324,14.277,0.222,0,0,0.0,0.0,[],-0.019870229065418243,0.02189730480313301,3.204349994659424,-0.007833154872059822,0.015683436766266823,2.7247495651245117,-0.020598512142896652,0.03143824264407158,2.2464709281921387
265.8,RUNNING,12,HOME_DESCENT,0.93,0.918,143.5985,5.968,True,NORMAL,MONITOR,False,{},"[""uav2"", ""uav1"", ""uav0""]",limited,True,{},NONE,NORMAL,SAFE,1.0,IDLE,0.0,0.0,0.0,,,0.0,False,avoidance not required,,{},,,,,,,,,,,0,safe,3.322,14.277,0.218,0,0,0.0,0.0,[],-0.02045920118689537,0.023004969581961632,3.1485226154327393,-0.007767125032842159,0.020082734525203705,2.671383857727051,-0.02424398995935917,0.026140958070755005,2.1958720684051514
266.0,RUNNING,12,HOME_DESCENT,0.93,0.918,143.5985,5.968,True,NORMAL,MONITOR,False,{},"[""uav2"", ""uav1"", ""uav0""]",limited,True,{},NONE,NORMAL,SAFE,1.0,IDLE,0.0,0.0,0.0,,,0.0,False,avoidance not required,,{},,,,,,,,,,,0,safe,3.318,14.283,0.210,0,0,0.0,0.0,[],-0.01895253360271454,0.021771106868982315,3.0972373485565186,-0.007598687894642353,0.021092785522341728,2.623072624206543,-0.02396351844072342,0.021552778780460358,2.152808666229248
266.2,RUNNING,12,HOME_DESCENT,0.931,0.9179,143.573,5.932,True,NORMAL,MONITOR,False,{},"[""uav2"", ""uav1"", ""uav0""]",limited,True,{},NONE,NORMAL,SAFE,1.0,IDLE,0.0,0.0,0.0,,,0.0,False,avoidance not required,,{},,,,,,,,,,,0,safe,3.317,14.286,0.207,0,0,0.0,0.0,[],-0.019119784235954285,0.01937909796833992,3.041473150253296,-0.013066221959888935,0.01640196144580841,2.569674253463745,-0.02382480353116989,0.022898877039551735,2.1086411476135254
266.4,RUNNING,12,HOME_DESCENT,0.932,0.9179,143.573,5.932,True,NORMAL,MONITOR,False,{},"[""uav2"", ""uav1"", ""uav0""]",limited,True,{},NONE,NORMAL,SAFE,1.0,IDLE,0.0,0.0,0.0,,,0.0,False,avoidance not required,,{},,,,,,,,,,,0,safe,3.321,14.285,0.198,0,0,0.0,0.0,[],-0.017261669039726257,0.016617687419056892,2.9928436279296875,-0.014572457410395145,0.012980516999959946,2.5239758491516113,-0.020814385265111923,0.02143600769340992,2.0667147636413574
266.6,RUNNING,12,HOME_DESCENT,0.933,0.9177,143.5476,5.895,True,NORMAL,MONITOR,False,{},"[""uav2"", ""uav1"", ""uav0""]",limited,True,{},NONE,NORMAL,SAFE,1.0,IDLE,0.0,0.0,0.0,,,0.0,False,avoidance not required,,{},,,,,,,,,,,0,safe,3.325,14.284,0.197,0,0,0.0,0.0,[],-0.017977863550186157,0.01493957731872797,2.9413299560546875,-0.014777607284486294,0.012838625349104404,2.4706764221191406,-0.017588475719094276,0.016413629055023193,2.0139591693878174
266.8,RUNNING,12,HOME_DESCENT,0.933,0.9177,143.5476,5.895,True,NORMAL,MONITOR,False,{},"[""uav2"", ""uav1"", ""uav0""]",limited,True,{},NONE,NORMAL,SAFE,1.0,IDLE,0.0,0.0,0.0,,,0.0,False,avoidance not required,,{},,,,,,,,,,,0,safe,3.329,14.285,0.193,0,0,0.0,0.0,[],-0.01694052293896675,0.01315287221223116,2.891169548034668,-0.01317727379500866,0.012125924229621887,2.423339605331421,-0.013785606250166893,0.01217741146683693,1.9687087535858154
267.0,RUNNING,12,HOME_DESCENT,0.934,0.9177,143.5476,5.895,True,NORMAL,MONITOR,False,{},"[""uav2"", ""uav1"", ""uav0""]",limited,True,{},NONE,NORMAL,SAFE,1.0,IDLE,0.0,0.0,0.0,,,0.0,False,avoidance not required,,{},,,,,,,,,,,0,safe,3.331,14.286,0.190,0,0,0.0,0.0,[],-0.018634816631674767,0.013423066586256027,2.827716588973999,-0.013336513191461563,0.012215870432555676,2.3681795597076416,-0.0136807169765234,0.01307773683220148,1.9150646924972534
267.2,RUNNING,12,HOME_DESCENT,0.935,0.9176,143.5221,5.858,True,NORMAL,MONITOR,False,{},"[""uav2"", ""uav1"", ""uav0""]",limited,True,{},NONE,NORMAL,SAFE,1.0,IDLE,0.0,0.0,0.0,,,0.0,False,avoidance not required,,{},,,,,,,,,,,0,safe,3.331,14.285,0.174,0,0,0.0,0.0,[],-0.01768374629318714,0.012613696046173573,2.775787115097046,-0.012158894911408424,0.011152246966958046,2.3224194049835205,-0.01210167445242405,0.012845299206674099,1.873215913772583
267.4,RUNNING,12,HOME_DESCENT,0.936,0.9176,143.5221,5.858,True,NORMAL,MONITOR,False,{},"[""uav2"", ""uav1"", ""uav0""]",limited,True,{},NONE,NORMAL,SAFE,1.0,IDLE,0.0,0.0,0.0,,,0.0,False,avoidance not required,,{},,,,,,,,,,,0,safe,3.330,14.284,0.169,0,0,0.0,0.0,[],-0.016748473048210144,0.011295676231384277,2.7196545600891113,-0.014790724031627178,0.009030475281178951,2.2694599628448486,-0.014990088529884815,0.012673689983785152,1.8266719579696655
267.6,RUNNING,12,HOME_DESCENT,0.936,0.9175,143.4967,5.821,True,NORMAL,MONITOR,False,{},"[""uav2"", ""uav1"", ""uav0""]",limited,True,{},NONE,NORMAL,SAFE,1.0,IDLE,0.0,0.0,0.0,,,0.0,False,avoidance not required,,{},,,,,,,,,,,0,safe,3.329,14.286,0.160,0,0,0.0,0.0,[],-0.014634083956480026,0.008837897330522537,2.6750123500823975,-0.01503971591591835,0.007144139148294926,2.2262330055236816,-0.017123406752943993,0.010740246623754501,1.7781392335891724
267.8,RUNNING,12,HOME_DESCENT,0.937,0.9175,143.4967,5.821,True,NORMAL,MONITOR,False,{},"[""uav2"", ""uav1"", ""uav0""]",limited,True,{},NONE,NORMAL,SAFE,1.0,IDLE,0.0,0.0,0.0,,,0.0,False,avoidance not required,,{},,,,,,,,,,,0,safe,3.328,14.289,0.160,0,0,0.0,0.0,[],-0.0170097965747118,0.003369818441569805,2.6211376190185547,-0.017799559980630875,0.004644076805561781,2.1796865463256836,-0.01661200076341629,0.009647744707763195,1.73537278175354
268.0,RUNNING,12,HOME_DESCENT,0.938,0.9175,143.4967,5.821,True,NORMAL,MONITOR,False,{},"[""uav2"", ""uav1"", ""uav0""]",limited,True,{},NONE,NORMAL,SAFE,1.0,IDLE,0.0,0.0,0.0,,,0.0,False,avoidance not required,,{},,,,,,,,,,,0,safe,3.329,14.289,0.157,0,0,0.0,0.0,[],-0.021191729232668877,0.0014559108531102538,2.5644309520721436,-0.01797768846154213,0.0023369218688458204,2.140129804611206,-0.016260143369436264,0.01305628102272749,1.6875911951065063
268.2,RUNNING,12,HOME_DESCENT,0.939,0.9174,143.4713,5.785,True,NORMAL,MONITOR,False,{},"[""uav2"", ""uav1"", ""uav0""]",limited,True,{},NONE,NORMAL,SAFE,1.0,IDLE,0.0,0.0,0.0,,,0.0,False,avoidance not required,,{},,,,,,,,,,,0,safe,3.330,14.287,0.161,0,0,0.0,0.0,[],-0.021511590108275414,9.408617188455537e-05,2.5205492973327637,-0.018668493255972862,-0.0019911141134798527,2.094937324523926,-0.013900152407586575,0.014339660294353962,1.6484439373016357
268.4,RUNNING,12,HOME_DESCENT,0.939,0.9174,143.4713,5.785,True,NORMAL,MONITOR,False,{},"[""uav2"", ""uav1"", ""uav0""]",limited,True,{},NONE,NORMAL,SAFE,1.0,IDLE,0.0,0.0,0.0,,,0.0,False,avoidance not required,,{},,,,,,,,,,,0,safe,3.330,14.284,0.158,0,0,0.0,0.0,[],-0.021401485428214073,-0.0014923970447853208,2.473961353302002,-0.016725370660424232,-0.004865303169935942,2.050507068634033,-0.011779368855059147,0.014207364991307259,1.60569429397583
268.6,RUNNING,12,HOME_DESCENT,0.94,0.9172,143.446,5.748,True,NORMAL,MONITOR,False,{},"[""uav2"", ""uav1"", ""uav0""]",limited,True,{},NONE,NORMAL,SAFE,1.0,IDLE,0.0,0.0,0.0,,,0.0,False,avoidance not required,,{},,,,,,,,,,,0,safe,3.332,14.283,0.156,0,0,0.0,0.0,[],-0.02098565548658371,-0.0032232184894382954,2.423766851425171,-0.013596434146165848,-0.0069960481487214565,2.000544786453247,-0.008807890117168427,0.01242944598197937,1.5696157217025757
268.8,RUNNING,12,HOME_DESCENT,0.941,0.9172,143.446,5.748,True,NORMAL,MONITOR,False,{},"[""uav2"", ""uav1"", ""uav0""]",limited,True,{},NONE,NORMAL,SAFE,1.0,IDLE,0.0,0.0,0.0,,,0.0,False,avoidance not required,,{},,,,,,,,,,,0,safe,3.333,14.282,0.148,0,0,0.0,0.0,[],-0.01867689937353134,-0.004071981646120548,2.3815484046936035,-0.010010751895606518,-0.007650766521692276,1.9542511701583862,-0.006980366073548794,0.006986533757299185,1.5267877578735352
269.0,RUNNING,12,HOME_DESCENT,0.942,0.9172,143.446,5.748,True,NORMAL,MONITOR,False,{},"[""uav2"", ""uav1"", ""uav0""]",limited,True,{},NONE,NORMAL,SAFE,1.0,IDLE,0.0,0.0,0.0,,,0.0,False,avoidance not required,,{},,,,,,,,,,,0,safe,3.331,14.284,0.143,0,0,0.0,0.0,[],-0.0179872028529644,-0.00520319351926446,2.32995867729187,-0.0087361428886652,-0.008615485392510891,1.8983068466186523,-0.004869572818279266,0.003277110867202282,1.4869786500930786
269.2,RUNNING,12,HOME_DESCENT,0.942,0.9171,143.4207,5.711,True,NORMAL,MONITOR,False,{},"[""uav2"", ""uav1"", ""uav0""]",limited,True,{},NONE,NORMAL,SAFE,1.0,IDLE,0.0,0.0,0.0,,,0.0,False,avoidance not required,,{},,,,,,,,,,,0,safe,3.329,14.285,0.133,0,0,0.0,0.0,[],-0.019097773358225822,-0.008230444975197315,2.2765800952911377,-0.006791470572352409,-0.009290579706430435,1.8519642353057861,-0.0052446420304477215,0.002827015472576022,1.4462406635284424
269.4,RUNNING,12,HOME_DESCENT,0.943,0.9171,143.4207,5.711,True,NORMAL,MONITOR,False,{},"[""uav2"", ""uav1"", ""uav0""]",limited,True,{},NONE,NORMAL,SAFE,1.0,IDLE,0.0,0.0,0.0,,,0.0,False,avoidance not required,,{},,,,,,,,,,,0,safe,3.326,14.286,0.124,0,0,0.0,0.0,[],-0.0178680419921875,-0.009822696447372437,2.236173391342163,-0.008077489212155342,-0.013424375094473362,1.7995644807815552,-0.004233031067997217,0.0021023359149694443,1.410541296005249
269.6,RUNNING,12,HOME_DESCENT,0.944,0.917,143.3954,5.693,True,NORMAL,MONITOR,False,{},"[""uav2"", ""uav1"", ""uav0""]",limited,True,{},NONE,NORMAL,SAFE,1.0,IDLE,0.0,0.0,0.0,,,0.0,False,avoidance not required,,{},,,,,,,,,,,0,safe,3.327,14.286,0.127,0,0,0.0,0.0,[],-0.01598580740392208,-0.011519549414515495,2.192570209503174,-0.008278176188468933,-0.01493303757160902,1.7594201564788818,-0.0012016886612400413,0.0008812035666778684,1.3666259050369263
269.8,RUNNING,12,HOME_DESCENT,0.945,0.917,143.3954,5.693,True,NORMAL,MONITOR,False,{},"[""uav2"", ""uav1"", ""uav0""]",limited,True,{},NONE,NORMAL,SAFE,1.0,IDLE,0.0,0.0,0.0,,,0.0,False,avoidance not required,,{},,,,,,,,,,,0,safe,3.330,14.284,0.127,0,0,0.0,0.0,[],-0.01370061282068491,-0.011142957955598831,2.1532938480377197,-0.013016268610954285,-0.014133734628558159,1.706764578819275,0.0012189766857773066,1.5935031115077436e-05,1.332613468170166
270.0,RUNNING,12,HOME_DESCENT,0.945,0.917,143.3954,5.693,True,NORMAL,MONITOR,False,{},"[""uav2"", ""uav1"", ""uav0""]",limited,True,{},NONE,NORMAL,SAFE,1.0,IDLE,0.0,0.0,0.0,,,0.0,False,avoidance not required,,{},,,,,,,,,,,0,safe,3.331,14.283,0.131,0,0,0.0,0.0,[],-0.01538833137601614,-0.008449488319456577,2.1048521995544434,-0.014501958154141903,-0.011917535215616226,1.6661686897277832,-0.00042699475307017565,-0.001756280311383307,1.295910120010376
270.2,RUNNING,12,HOME_DESCENT,0.946,0.9169,143.3702,5.656,True,NORMAL,MONITOR,False,{},"[""uav2"", ""uav1"", ""uav0""]",limited,True,{},NONE,NORMAL,SAFE,1.0,IDLE,0.0,0.0,0.0,,,0.0,False,avoidance not required,,{},,,,,,,,,,,0,safe,3.330,14.286,0.126,0,0,0.0,0.0,[],-0.0148280318826437,-0.005377877037972212,2.0633504390716553,-0.013507193885743618,-0.008478907868266106,1.6213010549545288,-0.000612011062912643,-0.0026310442481189966,1.2604773044586182
270.4,RUNNING,12,HOME_DESCENT,0.947,0.9169,143.3702,5.656,True,NORMAL,MONITOR,False,{},"[""uav2"", ""uav1"", ""uav0""]",limited,True,{},NONE,NORMAL,SAFE,1.0,IDLE,0.0,0.0,0.0,,,0.0,False,avoidance not required,,{},,,,,,,,,,,0,safe,3.331,14.287,0.127,0,0,0.0,0.0,[],-0.015654953196644783,-0.00034639707882888615,2.0145633220672607,-0.011509904637932777,-0.005917900707572699,1.5850375890731812,-0.001152120647020638,-0.0026251592207700014,1.2168710231781006
270.6,RUNNING,12,HOME_DESCENT,0.948,0.9167,143.3449,5.619,True,NORMAL,MONITOR,False,{},"[""uav2"", ""uav1"", ""uav0""]",limited,True,{},NONE,NORMAL,SAFE,1.0,IDLE,0.0,0.0,0.0,,,0.0,False,avoidance not required,,{},,,,,,,,,,,0,safe,3.331,14.287,0.120,0,0,0.0,0.0,[],-0.014356061816215515,0.002879062667489052,1.9730613231658936,-0.01126521173864603,-0.005780588835477829,1.5434907674789429,-9.256019984604791e-05,-0.002283441135659814,1.1726548671722412
270.8,RUNNING,12,HOME_DESCENT,0.948,0.9167,143.3449,5.619,True,NORMAL,MONITOR,False,{},"[""uav2"", ""uav1"", ""uav0""]",limited,True,{},NONE,NORMAL,SAFE,1.0,IDLE,0.0,0.0,0.0,,,0.0,False,avoidance not required,,{},,,,,,,,,,,0,safe,3.331,14.286,0.121,0,0,0.0,0.0,[],-0.01317556295543909,0.00270933099091053,1.9211198091506958,-0.00972809363156557,-0.004957566503435373,1.5080738067626953,0.0013680204283446074,-0.0016152578173205256,1.1393262147903442
271.0,RUNNING,12,HOME_DESCENT,0.949,0.9167,143.3449,5.619,True,NORMAL,MONITOR,False,{},"[""uav2"", ""uav1"", ""uav0""]",limited,True,{},NONE,NORMAL,SAFE,1.0,IDLE,0.0,0.0,0.0,,,0.0,False,avoidance not required,,{},,,,,,,,,,,0,safe,3.329,14.284,0.110,0,0,0.0,0.0,[],-0.010687463916838169,0.0026893322356045246,1.8807268142700195,-0.009758795611560345,-0.003962070681154728,1.4595671892166138,0.0010923991212621331,0.0002967464679386467,1.0996984243392944
271.2,RUNNING,12,HOME_DESCENT,0.95,0.9166,143.3197,5.582,True,NORMAL,MONITOR,False,{},"[""uav2"", ""uav1"", ""uav0""]",limited,True,{},NONE,NORMAL,SAFE,1.0,IDLE,0.0,0.0,0.0,,,0.0,False,avoidance not required,,{},,,,,,,,,,,0,safe,3.328,14.283,0.111,0,0,0.0,0.0,[],-0.009560177102684975,0.002210797742009163,1.833580732345581,-0.008281807415187359,-0.0026360005140304565,1.4231691360473633,0.0014151667710393667,0.0018312862375751138,1.0657860040664673
271.4,RUNNING,12,HOME_DESCENT,0.951,0.9166,143.3197,5.582,True,NORMAL,MONITOR,False,{},"[""uav2"", ""uav1"", ""uav0""]",limited,True,{},NONE,NORMAL,SAFE,1.0,IDLE,0.0,0.0,0.0,,,0.0,False,avoidance not required,,{},,,,,,,,,,,0,safe,3.327,14.282,0.105,0,0,0.0,0.0,[],-0.007791801355779171,0.002057051518931985,1.7931803464889526,-0.007162987720221281,-0.001385076087899506,1.379474401473999,0.000639296427834779,0.0024671130813658237,1.0241718292236328
271.6,RUNNING,12,HOME_DESCENT,0.951,0.9165,143.2945,5.546,True,NORMAL,MONITOR,False,{},"[""uav2"", ""uav1"", ""uav0""]",limited,True,{},NONE,NORMAL,SAFE,1.0,IDLE,0.0,0.0,0.0,,,0.0,False,avoidance not required,,{},,,,,,,,,,,0,safe,3.326,14.282,0.105,0,0,0.0,0.0,[],-0.008149155415594578,8.762677316553891e-05,1.7469508647918701,-0.005415098275989294,0.0004372766416054219,1.3438496589660645,-0.0003435804392211139,0.00536207715049386,0.9861488342285156
271.8,RUNNING,12,HOME_DESCENT,0.952,0.9165,143.2945,5.546,True,NORMAL,MONITOR,False,{},"[""uav2"", ""uav1"", ""uav0""]",limited,True,{},NONE,NORMAL,SAFE,1.0,IDLE,0.0,0.0,0.0,,,0.0,False,avoidance not required,,{},,,,,,,,,,,0,safe,3.324,14.281,0.099,0,0,0.0,0.0,[],-0.007171802222728729,-0.0007341464515775442,1.7101885080337524,-0.0056249829940497875,0.003872190834954381,1.2987161874771118,-0.000732164946384728,0.007135764230042696,0.9588838815689087
272.0,RUNNING,12,HOME_DESCENT,0.953,0.9165,143.2945,5.546,True,NORMAL,MONITOR,False,{},"[""uav2"", ""uav1"", ""uav0""]",limited,True,{},NONE,NORMAL,SAFE,1.0,IDLE,0.0,0.0,0.0,,,0.0,False,avoidance not required,,{},,,,,,,,,,,0,safe,3.322,14.280,0.102,0,0,0.0,0.0,[],-0.005627824924886227,0.000811234931461513,1.6642615795135498,-0.00452174199745059,0.006174157839268446,1.2674849033355713,-0.0037404815666377544,0.007594117429107428,0.9257875680923462
272.2,RUNNING,12,HOME_DESCENT,0.954,0.9163,143.2693,5.509,True,NORMAL,MONITOR,False,{},"[""uav2"", ""uav1"", ""uav0""]",limited,True,{},NONE,NORMAL,SAFE,1.0,IDLE,0.0,0.0,0.0,,,0.0,False,avoidance not required,,{},,,,,,,,,,,0,safe,3.318,14.282,0.095,0,0,0.0,0.0,[],-0.0029818646144121885,0.002483048476278782,1.6275911331176758,-0.0008955851662904024,0.007949475198984146,1.231753945350647,-0.0048096515238285065,0.008327670395374298,0.897551417350769
272.4,RUNNING,12,HOME_DESCENT,0.954,0.9163,143.2693,5.509,True,NORMAL,MONITOR,False,{},"[""uav2"", ""uav1"", ""uav0""]",limited,True,{},NONE,NORMAL,SAFE,1.0,IDLE,0.0,0.0,0.0,,,0.0,False,avoidance not required,,{},,,,,,,,,,,0,safe,3.313,14.282,0.098,0,0,0.0,0.0,[],0.0006577420281246305,0.0057181124575436115,1.5845438241958618,0.001954461447894573,0.008850391022861004,1.2036051750183105,-0.005242043174803257,0.014470281079411507,0.8616323471069336
272.6,RUNNING,12,HOME_DESCENT,0.955,0.9162,143.2442,5.472,True,NORMAL,MONITOR,False,{},"[""uav2"", ""uav1"", ""uav0""]",limited,True,{},NONE,NORMAL,SAFE,1.0,IDLE,0.0,0.0,0.0,,,0.0,False,avoidance not required,,{},,,,,,,,,,,0,safe,3.311,14.278,0.093,0,0,0.0,0.0,[],0.003921492025256157,0.0074172127060592175,1.5481311082839966,0.0008658241713419557,0.008599900640547276,1.1690729856491089,-0.00461169658228755,0.017535703256726265,0.8366026282310486
272.8,RUNNING,12,HOME_DESCENT,0.956,0.9162,143.2442,5.472,True,NORMAL,MONITOR,False,{},"[""uav2"", ""uav1"", ""uav0""]",limited,True,{},NONE,NORMAL,SAFE,1.0,IDLE,0.0,0.0,0.0,,,0.0,False,avoidance not required,,{},,,,,,,,,,,0,safe,3.311,14.275,0.095,0,0,0.0,0.0,[],0.007594240363687277,0.007113197352737188,1.5086359977722168,0.0006670068250969052,0.007837893441319466,1.139184594154358,-0.0049649192951619625,0.020955955609679222,0.8073347806930542
273.0,RUNNING,12,HOME_DESCENT,0.957,0.9162,143.2442,5.472,True,NORMAL,MONITOR,False,{},"[""uav2"", ""uav1"", ""uav0""]",limited,True,{},NONE,NORMAL,SAFE,1.0,IDLE,0.0,0.0,0.0,,,0.0,False,avoidance not required,,{},,,,,,,,,,,0,safe,3.311,14.273,0.094,0,0,0.0,0.0,[],0.00995059683918953,0.005739089101552963,1.476865291595459,0.0007665271987207234,0.0057790568098425865,1.1043404340744019,-0.004317869897931814,0.021666809916496277,0.7832940220832825
273.2,RUNNING,12,HOME_DESCENT,0.957,0.9161,143.2191,5.435,True,NORMAL,MONITOR,False,{},"[""uav2"", ""uav1"", ""uav0""]",limited,True,{},NONE,NORMAL,SAFE,1.0,IDLE,0.0,0.0,0.0,,,0.0,False,avoidance not required,,{},,,,,,,,,,,0,safe,3.311,14.272,0.100,0,0,0.0,0.0,[],0.009539177641272545,0.0005511167692020535,1.4393278360366821,0.00142841471824795,0.0035704157780855894,1.0764065980911255,-0.0032069075386971235,0.021994048729538918,0.746346652507782
273.4,RUNNING,12,HOME_DESCENT,0.958,0.9161,143.2191,5.435,True,NORMAL,MONITOR,False,{},"[""uav2"", ""uav1"", ""uav0""]",limited,True,{},NONE,NORMAL,SAFE,1.0,IDLE,0.0,0.0,0.0,,,0.0,False,avoidance not required,,{},,,,,,,,,,,0,safe,3.312,14.271,0.099,0,0,0.0,0.0,[],0.011398300528526306,-0.0026057318318635225,1.4003162384033203,0.0013560877414420247,-0.0016787211643531919,1.041988730430603,-0.002546671312302351,0.023402316495776176,0.707909107208252
273.6,RUNNING,12,HOME_DESCENT,0.959,0.916,143.1939,5.417,True,NORMAL,MONITOR,False,{},"[""uav2"", ""uav1"", ""uav0""]",limited,True,{},NONE,NORMAL,SAFE,1.0,IDLE,0.0,0.0,0.0,,,0.0,False,avoidance not required,,{},,,,,,,,,,,0,safe,3.309,14.270,0.097,0,0,0.0,0.0,[],0.012682963162660599,-0.003983530681580305,1.3668482303619385,0.002235206076875329,-0.004658438730984926,1.0124270915985107,-0.0015975036658346653,0.02305028587579727,0.6836298108100891
273.8,RUNNING,12,HOME_DESCENT,0.96,0.916,143.1939,5.417,True,NORMAL,MONITOR,False,{},"[""uav2"", ""uav1"", ""uav0""]",limited,True,{},NONE,NORMAL,SAFE,1.0,IDLE,0.0,0.0,0.0,,,0.0,False,avoidance not required,,{},,,,,,,,,,,0,safe,3.309,14.269,0.100,0,0,0.0,0.0,[],0.011714482679963112,-0.0010227903258055449,1.3280982971191406,0.006913970690220594,-0.0034511289559304714,0.9827148914337158,-0.0027473794762045145,0.024250568822026253,0.6559001207351685
274.0,RUNNING,12,HOME_DESCENT,0.96,0.916,143.1939,5.417,True,NORMAL,MONITOR,False,{},"[""uav2"", ""uav1"", ""uav0""]",limited,True,{},NONE,NORMAL,SAFE,1.0,IDLE,0.0,0.0,0.0,,,0.0,False,avoidance not required,,{},,,,,,,,,,,0,safe,3.307,14.269,0.096,0,0,0.0,0.0,[],0.008773955516517162,0.0049642459489405155,1.2891148328781128,0.009702881798148155,-0.0024955039843916893,0.9578813910484314,-0.004163194913417101,0.026913663372397423,0.6246947646141052
274.2,RUNNING,12,HOME_DESCENT,0.961,0.9158,143.1689,5.38,True,NORMAL,MONITOR,False,{},"[""uav2"", ""uav1"", ""uav0""]",limited,True,{},NONE,NORMAL,SAFE,1.0,IDLE,0.0,0.0,0.0,,,0.0,False,avoidance not required,,{},,,,,,,,,,,0,safe,3.303,14.268,0.092,0,0,0.0,0.0,[],0.006122985854744911,0.009251718409359455,1.2583599090576172,0.009732135571539402,-0.0006393264629878104,0.9233444333076477,-0.004354139789938927,0.02655002847313881,0.6037376523017883
274.4,RUNNING,12,HOME_DESCENT,0.962,0.9158,143.1689,5.38,True,NORMAL,MONITOR,False,{},"[""uav2"", ""uav1"", ""uav0""]",limited,True,{},NONE,NORMAL,SAFE,1.0,IDLE,0.0,0.0,0.0,,,0.0,False,avoidance not required,,{},,,,,,,,,,,0,safe,3.302,14.269,0.097,0,0,0.0,0.0,[],0.0019339212449267507,0.016440855339169502,1.226114273071289,0.00926283374428749,0.0007410804973915219,0.8945145606994629,-0.004837385844439268,0.02532738260924816,0.5800677537918091
274.6,RUNNING,12,HOME_DESCENT,0.963,0.9157,143.1438,5.343,True,NORMAL,MONITOR,False,{},"[""uav2"", ""uav1"", ""uav0""]",limited,True,{},NONE,NORMAL,SAFE,1.0,IDLE,0.0,0.0,0.0,,,0.0,False,avoidance not required,,{},,,,,,,,,,,0,safe,3.301,14.270,0.099,0,0,0.0,0.0,[],6.379044498316944e-05,0.020373845472931862,1.1969940662384033,0.008543022908270359,0.004464175086468458,0.8611615896224976,-0.004458326380699873,0.02182038314640522,0.5617365837097168
274.8,RUNNING,12,HOME_DESCENT,0.963,0.9157,143.1438,5.343,True,NORMAL,MONITOR,False,{},"[""uav2"", ""uav1"", ""uav0""]",limited,True,{},NONE,NORMAL,SAFE,1.0,IDLE,0.0,0.0,0.0,,,0.0,False,avoidance not required,,{},,,,,,,,,,,0,safe,3.301,14.272,0.105,0,0,0.0,0.0,[],0.0014327382668852806,0.02561054565012455,1.1609292030334473,0.007910335436463356,0.00679622869938612,0.8332347869873047,-0.004451833665370941,0.015590080991387367,0.536945641040802
275.0,RUNNING,12,HOME_DESCENT,0.964,0.9157,143.1438,5.343,True,NORMAL,MONITOR,False,{},"[""uav2"", ""uav1"", ""uav0""]",limited,True,{},NONE,NORMAL,SAFE,1.0,IDLE,0.0,0.0,0.0,,,0.0,False,avoidance not required,,{},,,,,,,,,,,0,safe,3.301,14.277,0.103,0,0,0.0,0.0,[],0.000498001289088279,0.02726883627474308,1.1215342283248901,0.00542411906644702,0.016424600034952164,0.801186740398407,-0.003629757324233651,0.010182902216911316,0.5184798240661621
275.2,RUNNING,12,HOME_DESCENT,0.965,0.9156,143.1187,5.306,True,NORMAL,MONITOR,False,{},"[""uav2"", ""uav1"", ""uav0""]",limited,True,{},NONE,NORMAL,SAFE,1.0,IDLE,0.0,0.0,0.0,,,0.0,False,avoidance not required,,{},,,,,,,,,,,0,safe,3.303,14.280,0.097,0,0,0.0,0.0,[],9.192779543809593e-05,0.02632954530417919,1.089643955230713,0.0036499430425465107,0.02169663831591606,0.7714189887046814,-0.003858953947201371,0.008199119009077549,0.49672731757164
275.4,RUNNING,12,HOME_DESCENT,0.966,0.9156,143.1187,5.306,True,NORMAL,MONITOR,False,{},"[""uav2"", ""uav1"", ""uav0""]",limited,True,{},NONE,NORMAL,SAFE,1.0,IDLE,0.0,0.0,0.0,,,0.0,False,avoidance not required,,{},,,,,,,,,,,0,safe,3.304,14.281,0.097,0,0,0.0,0.0,[],-0.002248121192678809,0.025536365807056427,1.0602174997329712,0.0011555104283615947,0.028781330212950706,0.7336967587471008,-0.0036300774663686752,0.006600862834602594,0.48030197620391846
275.6,RUNNING,12,HOME_DESCENT,0.966,0.9155,143.0936,5.27,True,NORMAL,MONITOR,False,{},"[""uav2"", ""uav1"", ""uav0""]",limited,True,{},NONE,NORMAL,SAFE,1.0,IDLE,0.0,0.0,0.0,,,0.0,False,avoidance not required,,{},,,,,,,,,,,0,safe,3.305,14.282,0.099,0,0,0.0,0.0,[],-0.0032798503525555134,0.02330859564244747,1.0320013761520386,-0.00043209840077906847,0.031542956829071045,0.7044379115104675,-0.004015789832919836,0.010075714439153671,0.46139249205589294
275.8,RUNNING,12,HOME_DESCENT,0.967,0.9155,143.0936,5.27,True,NORMAL,MONITOR,False,{},"[""uav2"", ""uav1"", ""uav0""]",limited,True,{},NONE,NORMAL,SAFE,1.0,IDLE,0.0,0.0,0.0,,,0.0,False,avoidance not required,,{},,,,,,,,,,,0,safe,3.305,14.280,0.102,0,0,0.0,0.0,[],-0.002734790788963437,0.022898567840456963,0.9974654316902161,-0.0031450195237994194,0.03768913820385933,0.6786665916442871,-0.0034410469233989716,0.011198618449270725,0.44417694211006165
276.0,RUNNING,12,HOME_DESCENT,0.968,0.9155,143.0936,5.27,True,NORMAL,MONITOR,False,{},"[""uav2"", ""uav1"", ""uav0""]",limited,True,{},NONE,NORMAL,SAFE,1.0,IDLE,0.0,0.0,0.0,,,0.0,False,avoidance not required,,{},,,,,,,,,,,0,safe,3.308,14.279,0.098,0,0,0.0,0.0,[],-0.0017179097048938274,0.021190447732806206,0.9660210013389587,-0.004039950203150511,0.039130695164203644,0.656517744064331,-0.00200017262250185,0.012152975425124168,0.4200994074344635
276.2,RUNNING,12,HOME_DESCENT,0.969,0.9153,143.0685,5.233,True,NORMAL,MONITOR,False,{},"[""uav2"", ""uav1"", ""uav0""]",limited,True,{},NONE,NORMAL,SAFE,1.0,IDLE,0.0,0.0,0.0,,,0.0,False,avoidance not required,,{},,,,,,,,,,,0,safe,3.311,14.277,0.096,0,0,0.0,0.0,[],-0.0006823582807555795,0.021394381299614906,0.9316352009773254,-0.002608923241496086,0.04371826350688934,0.62931227684021,-0.0003006883489433676,0.015208565630018711,0.39852818846702576
276.4,RUNNING,12,HOME_DESCENT,0.969,0.9153,143.0685,5.233,True,NORMAL,MONITOR,False,{},"[""uav2"", ""uav1"", ""uav0""]",limited,True,{},NONE,NORMAL,SAFE,1.0,IDLE,0.0,0.0,0.0,,,0.0,False,avoidance not required,,{},,,,,,,,,,,0,safe,3.310,14.274,0.092,0,0,0.0,0.0,[],-5.233472620602697e-06,0.02032286487519741,0.9015523791313171,-0.0011648926883935928,0.043616682291030884,0.6043184995651245,0.0014758631587028503,0.016140805557370186,0.3832632601261139
276.6,RUNNING,12,HOME_DESCENT,0.97,0.9152,143.0435,5.196,True,NORMAL,MONITOR,False,{},"[""uav2"", ""uav1"", ""uav0""]",limited,True,{},NONE,NORMAL,SAFE,1.0,IDLE,0.0,0.0,0.0,,,0.0,False,avoidance not required,,{},,,,,,,,,,,0,safe,3.310,14.272,0.091,0,0,0.0,0.0,[],-0.0007761159213259816,0.023277709260582924,0.870201587677002,0.0004331232630647719,0.0485106036067009,0.5716196894645691,0.004271637182682753,0.018204256892204285,0.36322271823883057
276.8,RUNNING,12,HOME_DESCENT,0.971,0.9152,143.0435,5.196,True,NORMAL,MONITOR,False,{},"[""uav2"", ""uav1"", ""uav0""]",limited,True,{},NONE,NORMAL,SAFE,1.0,IDLE,0.0,0.0,0.0,,,0.0,False,avoidance not required,,{},,,,,,,,,,,0,safe,3.311,14.268,0.089,0,0,0.0,0.0,[],-0.0014555531088262796,0.0235280878841877,0.8427826166152954,0.0011892792535945773,0.04852262884378433,0.5483899116516113,0.005757124163210392,0.018813742324709892,0.34880581498146057
277.0,RUNNING,12,HOME_DESCENT,0.971,0.9151,143.0184,5.178,True,NORMAL,MONITOR,False,{},"[""uav2"", ""uav1"", ""uav0""]",limited,True,{},NONE,NORMAL,SAFE,1.0,IDLE,0.0,0.0,0.0,,,0.0,False,avoidance not required,,{},,,,,,,,,,,0,safe,3.311,14.267,0.089,0,0,0.0,0.0,[],-0.0023562530986964703,0.025242354720830917,0.8076270818710327,-0.0009218573104590178,0.05133381858468056,0.5190727114677429,0.007052680943161249,0.02408956177532673,0.3279375433921814
277.2,RUNNING,12,HOME_DESCENT,0.972,0.9151,143.0184,5.178,True,NORMAL,MONITOR,False,{},"[""uav2"", ""uav1"", ""uav0""]",limited,True,{},NONE,NORMAL,SAFE,1.0,IDLE,0.0,0.0,0.0,,,0.0,False,avoidance not required,,{},,,,,,,,,,,0,safe,3.314,14.262,0.082,0,0,0.0,0.0,[],-0.0028753033839166164,0.025157926604151726,0.7804079055786133,-0.0023155889939516783,0.0496441014111042,0.49780726432800293,0.007283349055796862,0.02579805999994278,0.3111390471458435
277.4,RUNNING,12,HOME_DESCENT,0.973,0.9151,143.0184,5.178,True,NORMAL,MONITOR,False,{},"[""uav2"", ""uav1"", ""uav0""]",limited,True,{},NONE,NORMAL,SAFE,1.0,IDLE,0.0,0.0,0.0,,,0.0,False,avoidance not required,,{},,,,,,,,,,,0,safe,3.313,14.261,0.082,0,0,0.0,0.0,[],-0.002111885230988264,0.028274569660425186,0.7504623532295227,-0.0009945279452949762,0.05281902849674225,0.46834102272987366,0.0070175533182919025,0.026083223521709442,0.28762251138687134
277.6,RUNNING,12,HOME_DESCENT,0.974,0.915,142.9933,5.141,True,NORMAL,MONITOR,False,{},"[""uav2"", ""uav1"", ""uav0""]",limited,True,{},NONE,NORMAL,SAFE,1.0,IDLE,0.0,0.0,0.0,,,0.0,False,avoidance not required,,{},,,,,,,,,,,0,safe,3.313,14.261,0.080,0,0,0.0,0.0,[],-0.0019639404490590096,0.028590593487024307,0.723486065864563,-7.586627907585353e-05,0.05157346650958061,0.4441116750240326,0.006391199305653572,0.025121312588453293,0.2743149697780609
277.8,RUNNING,12,HOME_DESCENT,0.974,0.915,142.9933,5.141,True,NORMAL,MONITOR,False,{},"[""uav2"", ""uav1"", ""uav0""]",limited,True,{},NONE,NORMAL,SAFE,1.0,IDLE,0.0,0.0,0.0,,,0.0,False,avoidance not required,,{},,,,,,,,,,,0,safe,3.311,14.262,0.079,0,0,0.0,0.0,[],-0.0027584850322455168,0.03105553798377514,0.6942288279533386,0.0017744366778060794,0.052443403750658035,0.4126436114311218,0.0074727958999574184,0.02576385624706745,0.2556101977825165
278.0,RUNNING,12,HOME_DESCENT,0.975,0.915,142.9933,5.141,True,NORMAL,MONITOR,False,{},"[""uav2"", ""uav1"", ""uav0""]",limited,True,{},NONE,NORMAL,SAFE,1.0,IDLE,0.0,0.0,0.0,,,0.0,False,avoidance not required,,{},,,,,,,,,,,0,safe,3.310,14.261,0.076,0,0,0.0,0.0,[],-0.0033499286510050297,0.030876105651259422,0.6669155359268188,0.00307892425917089,0.04927592724561691,0.3944717347621918,0.006704732775688171,0.026632150635123253,0.24035565555095673
278.2,RUNNING,12,HOME_DESCENT,0.976,0.9148,142.9681,5.104,True,NORMAL,MONITOR,False,{},"[""uav2"", ""uav1"", ""uav0""]",limited,True,{},NONE,NORMAL,SAFE,1.0,IDLE,0.0,0.0,0.0,,,0.0,False,avoidance not required,,{},,,,,,,,,,,0,safe,3.307,14.261,0.073,0,0,0.0,0.0,[],-0.0016439884202554822,0.030925720930099487,0.6307183504104614,0.009169566445052624,0.044208548963069916,0.37642839550971985,0.006320534273982048,0.025327347218990326,0.23157209157943726
278.4,RUNNING,12,HOME_DESCENT,0.977,0.9148,142.9681,5.104,True,NORMAL,MONITOR,False,{},"[""uav2"", ""uav1"", ""uav0""]",limited,True,{},NONE,NORMAL,SAFE,1.0,IDLE,0.0,0.0,0.0,,,0.0,False,avoidance not required,,{},,,,,,,,,,,0,safe,3.300,14.262,0.062,0,0,0.0,0.0,[],0.000360701436875388,0.029058409854769707,0.6037527322769165,0.012363316491246223,0.039143919944763184,0.361663281917572,0.010765665210783482,0.023285405710339546,0.21750935912132263
278.6,RUNNING,12,HOME_DESCENT,0.977,0.9147,142.9429,5.067,True,NORMAL,MONITOR,False,{},"[""uav2"", ""uav1"", ""uav0""]",limited,True,{},NONE,NORMAL,SAFE,1.0,IDLE,0.0,0.0,0.0,,,0.0,False,avoidance not required,,{},,,,,,,,,,,0,safe,3.302,14.260,0.058,0,0,0.0,0.0,[],0.00767850736156106,0.028022555634379387,0.5729485750198364,0.01715450920164585,0.04026562720537186,0.33639973402023315,0.013203895650804043,0.020181307569146156,0.20574630796909332
278.8,RUNNING,12,HOME_DESCENT,0.978,0.9147,142.9429,5.067,True,NORMAL,MONITOR,False,{},"[""uav2"", ""uav1"", ""uav0""]",limited,True,{},NONE,NORMAL,SAFE,1.0,IDLE,0.0,0.0,0.0,,,0.0,False,avoidance not required,,{},,,,,,,,,,,0,safe,3.299,14.261,0.051,0,0,0.0,0.0,[],0.011289278976619244,0.025830863043665886,0.548616886138916,0.019156746566295624,0.03846505284309387,0.3172151446342468,0.017345165833830833,0.01668655127286911,0.18892152607440948
279.0,RUNNING,12,HOME_DESCENT,0.979,0.9147,142.9429,5.067,True,NORMAL,MONITOR,False,{},"[""uav2"", ""uav1"", ""uav0""]",limited,True,{},NONE,NORMAL,SAFE,1.0,IDLE,0.0,0.0,0.0,,,0.0,False,avoidance not required,,{},,,,,,,,,,,0,safe,3.301,14.260,0.049,0,0,0.0,0.0,[],0.013005486689507961,0.02508602663874626,0.523358941078186,0.023378513753414154,0.03854641690850258,0.2912403643131256,0.01929302141070366,0.013823891058564186,0.17892788350582123
279.2,RUNNING,12,HOME_DESCENT,0.98,0.9146,142.9175,5.031,True,NORMAL,MONITOR,False,{},"[""uav2"", ""uav1"", ""uav0""]",limited,True,{},NONE,NORMAL,SAFE,1.0,IDLE,0.0,0.0,0.0,,,0.0,False,avoidance not required,,{},,,,,,,,,,,0,safe,3.298,14.261,0.049,0,0,0.0,0.0,[],0.014057328924536705,0.022895803675055504,0.5044399499893188,0.024423476308584213,0.03555022180080414,0.2739425301551819,0.02377001941204071,0.014257625676691532,0.1633092612028122
279.4,RUNNING,12,HOME_DESCENT,0.98,0.9146,142.9175,5.031,True,NORMAL,MONITOR,False,{},"[""uav2"", ""uav1"", ""uav0""]",limited,True,{},NONE,NORMAL,SAFE,1.0,IDLE,0.0,0.0,0.0,,,0.0,False,avoidance not required,,{},,,,,,,,,,,0,safe,3.301,14.257,0.049,0,0,0.0,0.0,[],0.022302240133285522,0.01961008459329605,0.4762040674686432,0.026740342378616333,0.031523749232292175,0.2505359947681427,0.025025462731719017,0.014496192336082458,0.1544668972492218
279.6,RUNNING,12,HOME_DESCENT,0.981,0.9145,142.892,4.994,True,NORMAL,MONITOR,False,{},"[""uav2"", ""uav1"", ""uav0""]",limited,True,{},NONE,NORMAL,SAFE,1.0,IDLE,0.0,0.0,0.0,,,0.0,False,avoidance not required,,{},,,,,,,,,,,0,safe,3.300,14.256,0.053,0,0,0.0,0.0,[],0.026814332231879234,0.017257612198591232,0.4483773410320282,0.026592835783958435,0.027195803821086884,0.23562423884868622,0.027896644547581673,0.016702692955732346,0.14245371520519257
279.8,RUNNING,12,HOME_DESCENT,0.982,0.9145,142.892,4.994,True,NORMAL,MONITOR,False,{},"[""uav2"", ""uav1"", ""uav0""]",limited,True,{},NONE,NORMAL,SAFE,1.0,IDLE,0.0,0.0,0.0,,,0.0,False,avoidance not required,,{},,,,,,,,,,,0,safe,3.303,14.253,0.058,0,0,0.0,0.0,[],0.02752859890460968,0.014518081210553646,0.428440123796463,0.02924455888569355,0.024656975641846657,0.2163800448179245,0.027347475290298462,0.01782914251089096,0.14190539717674255
280.0,RUNNING,12,HOME_DESCENT,0.983,0.9145,142.892,4.994,True,NORMAL,MONITOR,False,{},"[""uav2"", ""uav1"", ""uav0""]",limited,True,{},NONE,NORMAL,SAFE,1.0,IDLE,0.0,0.0,0.0,,,0.0,False,avoidance not required,,{},,,,,,,,,,,0,safe,3.299,14.252,0.058,0,0,0.0,0.0,[],0.02879849635064602,0.012050834484398365,0.3999698758125305,0.028802569955587387,0.02058207057416439,0.20870430767536163,0.028324926272034645,0.01699555665254593,0.14054669439792633
280.2,RUNNING,12,HOME_DESCENT,0.983,0.9143,142.8656,4.957,True,NORMAL,MONITOR,False,{},"[""uav2"", ""uav1"", ""uav0""]",limited,True,{},NONE,NORMAL,SAFE,1.0,IDLE,0.0,0.0,0.0,,,0.0,False,avoidance not required,,{},,,,,,,,,,,0,safe,3.300,14.252,0.054,0,0,0.0,0.0,[],0.027833476662635803,0.010199008509516716,0.377765417098999,0.03006145730614662,0.013557644560933113,0.2006179839372635,0.026978323236107826,0.017217708751559258,0.14314506947994232
280.4,RUNNING,12,HOME_DESCENT,0.984,0.9143,142.8656,4.957,True,NORMAL,MONITOR,False,{},"[""uav2"", ""uav1"", ""uav0""]",limited,True,{},NONE,NORMAL,SAFE,1.0,IDLE,0.0,0.0,0.0,,,0.0,False,avoidance not required,,{},,,,,,,,,,,0,safe,3.297,14.253,0.051,0,0,0.0,0.0,[],0.029212312772870064,0.01089906319975853,0.35254111886024475,0.0290087778121233,0.008281194604933262,0.1950894296169281,0.029500450938940048,0.016215184703469276,0.13936308026313782
280.6,RUNNING,12,HOME_DESCENT,0.985,0.9142,142.8395,4.92,True,NORMAL,MONITOR,False,{},"[""uav2"", ""uav1"", ""uav0""]",limited,True,{},NONE,NORMAL,SAFE,1.0,IDLE,0.0,0.0,0.0,,,0.0,False,avoidance not required,,{},,,,,,,,,,,0,safe,3.301,14.252,0.053,0,0,0.0,0.0,[],0.02854420803487301,0.010278868488967419,0.33778995275497437,0.03365739807486534,0.0029259745497256517,0.18181146681308746,0.032318565994501114,0.015605048276484013,0.13471849262714386
280.8,RUNNING,12,HOME_DESCENT,0.986,0.9142,142.8395,4.92,True,NORMAL,MONITOR,False,{},"[""uav2"", ""uav1"", ""uav0""]",limited,True,{},NONE,NORMAL,SAFE,1.0,IDLE,0.0,0.0,0.0,,,0.0,False,avoidance not required,,{},,,,,,,,,,,0,safe,3.299,14.250,0.058,0,0,0.0,0.0,[],0.03240837901830673,0.0042592743411660194,0.3172970712184906,0.03422761708498001,0.0007749277865514159,0.1813667118549347,0.03235439211130142,0.016447992995381355,0.13752707839012146
281.0,RUNNING,12,HOME_DESCENT,0.986,0.9142,142.8395,4.92,True,NORMAL,MONITOR,False,{},"[""uav2"", ""uav1"", ""uav0""]",limited,True,{},NONE,NORMAL,SAFE,1.0,IDLE,0.0,0.0,0.0,,,0.0,False,avoidance not required,,{},,,,,,,,,,,0,safe,3.297,14.249,0.059,0,0,0.0,0.0,[],0.03318415954709053,0.00017400873184669763,0.30369114875793457,0.036922890692949295,-0.0036374207120388746,0.1820109486579895,0.03364734351634979,0.015854105353355408,0.13409797847270966
281.2,RUNNING,12,HOME_DESCENT,0.987,0.9141,142.8133,4.902,True,NORMAL,MONITOR,False,{},"[""uav2"", ""uav1"", ""uav0""]",limited,True,{},NONE,NORMAL,SAFE,1.0,IDLE,0.0,0.0,0.0,,,0.0,False,avoidance not required,,{},,,,,,,,,,,0,safe,3.297,14.249,0.059,0,0,0.0,0.0,[],0.03776921331882477,-0.0040679252706468105,0.2864932417869568,0.03674929216504097,-0.004757863935083151,0.1889711618423462,0.032904352992773056,0.016690805554389954,0.13773834705352783
281.4,RUNNING,12,HOME_DESCENT,0.988,0.9141,142.8133,4.902,True,NORMAL,MONITOR,False,{},"[""uav2"", ""uav1"", ""uav0""]",limited,True,{},NONE,NORMAL,SAFE,1.0,IDLE,0.0,0.0,0.0,,,0.0,False,avoidance not required,,{},,,,,,,,,,,0,safe,3.297,14.249,0.056,0,0,0.0,0.0,[],0.03861222788691521,-0.006431300193071365,0.2721417248249054,0.038876958191394806,-0.006326055619865656,0.19015814363956451,0.034400150179862976,0.015670770779252052,0.1397654116153717
281.6,RUNNING,12,HOME_DESCENT,0.989,0.9139,142.7869,4.865,True,NORMAL,MONITOR,False,{},"[""uav2"", ""uav1"", ""uav0""]",limited,True,{},NONE,NORMAL,SAFE,1.0,IDLE,0.0,0.0,0.0,,,0.0,False,avoidance not required,,{},,,,,,,,,,,0,safe,3.296,14.249,0.055,0,0,0.0,0.0,[],0.04351522773504257,-0.008682872168719769,0.2493503838777542,0.038940317928791046,-0.00600826321169734,0.19458599388599396,0.034370534121990204,0.016709020361304283,0.14714069664478302
281.8,RUNNING,12,HOME_DESCENT,0.989,0.9139,142.7869,4.865,True,NORMAL,MONITOR,False,{},"[""uav2"", ""uav1"", ""uav0""]",limited,True,{},NONE,NORMAL,SAFE,1.0,IDLE,0.0,0.0,0.0,,,0.0,False,avoidance not required,,{},,,,,,,,,,,0,safe,3.296,14.248,0.050,0,0,0.0,0.0,[],0.04433704912662506,-0.009135435335338116,0.23487909138202667,0.04229828342795372,-0.006911774165928364,0.1906590461730957,0.036121807992458344,0.018025698140263557,0.14702855050563812
282.0,RUNNING,12,HOME_DESCENT,0.99,0.9139,142.7869,4.865,True,NORMAL,MONITOR,False,{},"[""uav2"", ""uav1"", ""uav0""]",limited,True,{},NONE,NORMAL,SAFE,1.0,IDLE,0.0,0.0,0.0,,,0.0,False,avoidance not required,,{},,,,,,,,,,,0,safe,3.294,14.246,0.052,0,0,0.0,0.0,[],0.047188352793455124,-0.009086734615266323,0.21295170485973358,0.04336775839328766,-0.005944929085671902,0.19381147623062134,0.03641033545136452,0.01961521804332733,0.15361644327640533
282.2,RUNNING,12,HOME_DESCENT,0.991,0.9138,142.7606,4.828,True,NORMAL,MONITOR,False,{},"[""uav2"", ""uav1"", ""uav0""]",limited,True,{},NONE,NORMAL,SAFE,1.0,IDLE,0.0,0.0,0.0,,,0.0,False,avoidance not required,,{},,,,,,,,,,,0,safe,3.293,14.245,0.060,0,0,0.0,0.0,[],0.04646456614136696,-0.009428915567696095,0.20095089077949524,0.045325495302677155,-0.004702480044215918,0.18915338814258575,0.03762286901473999,0.017280293628573418,0.15338777005672455
282.4,RUNNING,12,HOME_DESCENT,0.992,0.9138,142.7606,4.828,True,NORMAL,MONITOR,False,{},"[""uav2"", ""uav1"", ""uav0""]",limited,True,{},NONE,NORMAL,SAFE,1.0,IDLE,0.0,0.0,0.0,,,0.0,False,avoidance not required,,{},,,,,,,,,,,0,safe,3.293,14.245,0.061,0,0,0.0,0.0,[],0.048159632831811905,-0.016671473160386086,0.18384821712970734,0.046109896153211594,-0.002543600043281913,0.19281715154647827,0.03786065801978111,0.017076263204216957,0.1599685400724411
282.6,RUNNING,12,HOME_DESCENT,0.992,0.9137,142.7343,4.792,True,NORMAL,MONITOR,False,{},"[""uav2"", ""uav1"", ""uav0""]",limited,True,{},NONE,NORMAL,SAFE,1.0,IDLE,0.0,0.0,0.0,,,0.0,False,avoidance not required,,{},,,,,,,,,,,0,safe,3.292,14.245,0.069,0,0,0.0,0.0,[],0.048259295523166656,-0.019240345805883408,0.18128927052021027,0.04852575808763504,-0.001036963309161365,0.18921488523483276,0.03937019035220146,0.016187557950615883,0.1601082682609558
282.8,RUNNING,12,HOME_DESCENT,0.993,0.9137,142.7343,4.792,True,NORMAL,MONITOR,False,{},"[""uav2"", ""uav1"", ""uav0""]",limited,True,{},NONE,NORMAL,SAFE,1.0,IDLE,0.0,0.0,0.0,,,0.0,False,avoidance not required,,{},,,,,,,,,,,0,safe,3.291,14.245,0.066,0,0,0.0,0.0,[],0.048673611134290695,-0.01953786425292492,0.1713024079799652,0.0496026948094368,0.001012464752420783,0.19288940727710724,0.04001813381910324,0.017165184020996094,0.16733919084072113
283.0,RUNNING,12,HOME_DESCENT,0.994,0.9137,142.7343,4.792,True,NORMAL,MONITOR,False,{},"[""uav2"", ""uav1"", ""uav0""]",limited,True,{},NONE,NORMAL,SAFE,1.0,IDLE,0.0,0.0,0.0,,,0.0,False,avoidance not required,,{},,,,,,,,,,,0,safe,3.291,14.244,0.067,0,0,0.0,0.0,[],0.04924288019537926,-0.01761019602417946,0.17197063565254211,0.05070185288786888,0.0012755910865962505,0.18497169017791748,0.04100401699542999,0.017034098505973816,0.16595956683158875
283.2,RUNNING,12,HOME_DESCENT,0.995,0.9135,142.708,4.755,True,NORMAL,MONITOR,False,{},"[""uav2"", ""uav1"", ""uav0""]",limited,True,{},NONE,NORMAL,SAFE,1.0,IDLE,0.0,0.0,0.0,,,0.0,False,avoidance not required,,{},,,,,,,,,,,0,safe,3.290,14.243,0.063,0,0,0.0,0.0,[],0.054178521037101746,-0.014116006903350353,0.16501674056053162,0.051806457340717316,0.003356337081640959,0.18693386018276215,0.0416189581155777,0.018159162253141403,0.1710781306028366
283.4,RUNNING,12,HOME_DESCENT,0.995,0.9135,142.708,4.755,True,NORMAL,MONITOR,False,{},"[""uav2"", ""uav1"", ""uav0""]",limited,True,{},NONE,NORMAL,SAFE,1.0,IDLE,0.0,0.0,0.0,,,0.0,False,avoidance not required,,{},,,,,,,,,,,0,safe,3.290,14.242,0.066,0,0,0.0,0.0,[],0.057224106043577194,-0.010396555997431278,0.1674880087375641,0.055816907435655594,0.00637982739135623,0.18067871034145355,0.04273046553134918,0.015634870156645775,0.17004483938217163
283.6,RUNNING,12,HOME_DESCENT,0.996,0.9134,142.6817,4.718,True,NORMAL,MONITOR,False,{},"[""uav2"", ""uav1"", ""uav0""]",limited,True,{},NONE,NORMAL,SAFE,1.0,IDLE,0.0,0.0,0.0,,,0.0,False,avoidance not required,,{},,,,,,,,,,,0,safe,3.287,14.243,0.064,0,0,0.0,0.0,[],0.059341635555028915,-0.010342167690396309,0.1652296781539917,0.058290909975767136,0.009737160056829453,0.18323828279972076,0.04353204742074013,0.01585090532898903,0.17583198845386505
283.8,RUNNING,12,HOME_DESCENT,0.997,0.9134,142.6817,4.718,True,NORMAL,MONITOR,False,{},"[""uav2"", ""uav1"", ""uav0""]",limited,True,{},NONE,NORMAL,SAFE,1.0,IDLE,0.0,0.0,0.0,,,0.0,False,avoidance not required,,{},,,,,,,,,,,0,safe,3.285,14.242,0.065,0,0,0.0,0.0,[],0.061169061809778214,-0.009861744940280914,0.1620858609676361,0.059124089777469635,0.009484395384788513,0.18234312534332275,0.042679306119680405,0.015459510497748852,0.17573736608028412
284.0,RUNNING,12,HOME_DESCENT,0.998,0.9134,142.6817,4.718,True,NORMAL,MONITOR,False,{},"[""uav2"", ""uav1"", ""uav0""]",limited,True,{},NONE,NORMAL,SAFE,1.0,IDLE,0.0,0.0,0.0,,,0.0,False,avoidance not required,,{},,,,,,,,,,,0,safe,3.284,14.243,0.067,0,0,0.0,0.0,[],0.06273385882377625,-0.0074425325728952885,0.16688703000545502,0.05988025292754173,0.011048535816371441,0.1879400908946991,0.04291163384914398,0.017333805561065674,0.18068388104438782
284.2,RUNNING,12,HOME_DESCENT,0.998,0.9133,142.6554,4.681,True,NORMAL,MONITOR,False,{},"[""uav2"", ""uav1"", ""uav0""]",limited,True,{},NONE,NORMAL,SAFE,1.0,IDLE,0.0,0.0,0.0,,,0.0,False,avoidance not required,,{},,,,,,,,,,,0,safe,3.283,14.241,0.065,0,0,0.0,0.0,[],0.06389544904232025,-0.00817781686782837,0.1631070226430893,0.05792617052793503,0.010122649371623993,0.18742680549621582,0.04502414911985397,0.018050821498036385,0.17340809106826782
284.4,RUNNING,12,HOME_DESCENT,0.999,0.9133,142.6554,4.681,True,NORMAL,MONITOR,False,{},"[""uav2"", ""uav1"", ""uav0""]",limited,True,{},NONE,NORMAL,SAFE,1.0,IDLE,0.0,0.0,0.0,,,0.0,False,avoidance not required,,{},,,,,,,,,,,0,safe,3.287,14.239,0.067,0,0,0.0,0.0,[],0.06601700931787491,-0.009507430717349052,0.15976816415786743,0.05758567899465561,0.01188831590116024,0.19168010354042053,0.04566863179206848,0.018024850636720657,0.1627611666917801
284.6,RUNNING,12,HOME_DESCENT,1.0,0.9131,142.6293,0.0,True,NORMAL,MONITOR,False,{},"[""uav2"", ""uav1"", ""uav0""]",limited,True,{},NONE,NORMAL,SAFE,1.0,IDLE,0.0,0.0,0.0,,,0.0,False,avoidance not required,,{},,,,,,,,,,,0,safe,3.288,14.239,0.070,0,0,0.0,0.0,[],0.06784066557884216,-0.00802798755466938,0.16180895268917084,0.05864134058356285,0.012825166806578636,0.185988649725914,0.04614029824733734,0.020214147865772247,0.16129480302333832
284.8,RUNNING,12,HOME_DESCENT,1.0,0.9131,142.6293,0.0,True,NORMAL,MONITOR,False,{},"[""uav2"", ""uav1"", ""uav0""]",limited,True,{},NONE,NORMAL,SAFE,1.0,IDLE,0.0,0.0,0.0,,,0.0,False,avoidance not required,,{},,,,,,,,,,,0,safe,3.288,14.237,0.071,0,0,0.0,0.0,[],0.06843207776546478,-0.008141937665641308,0.15877752006053925,0.05938590317964554,0.01571320928633213,0.1857699453830719,0.04516056925058365,0.020364481955766678,0.15825335681438446
285.0,RUNNING,12,HOME_DESCENT,1.0,0.9131,142.6293,0.0,True,NORMAL,MONITOR,False,{},"[""uav2"", ""uav1"", ""uav0""]",limited,True,{},NONE,NORMAL,SAFE,1.0,IDLE,0.0,0.0,0.0,,,0.0,False,avoidance not required,,{},,,,,,,,,,,0,safe,3.286,14.238,0.072,0,0,0.0,0.0,[],0.06951569765806198,-0.005908838007599115,0.1623087376356125,0.05853509157896042,0.017080998048186302,0.17811094224452972,0.04523204267024994,0.02251438796520233,0.16202887892723083
285.2,RUNNING,12,HOME_DESCENT,1.0,0.913,142.6032,0.0,True,NORMAL,MONITOR,False,{},"[""uav2"", ""uav1"", ""uav0""]",limited,True,{},NONE,NORMAL,SAFE,1.0,IDLE,0.0,0.0,0.0,,,0.0,False,avoidance not required,,{},,,,,,,,,,,0,safe,3.287,14.236,0.072,0,0,0.0,0.0,[],0.06959664821624756,-0.006238499190658331,0.16109202802181244,0.058510709553956985,0.02048967406153679,0.17874303460121155,0.04722112789750099,0.021508101373910904,0.15707555413246155
285.4,COMPLETE,12,HOME_DESCENT,1.0,0.913,142.6032,0.0,True,NORMAL,MONITOR,False,{},"[""uav2"", ""uav1"", ""uav0""]",limited,True,{},NONE,NORMAL,SAFE,1.0,IDLE,0.0,0.0,0.0,,,0.0,False,avoidance not required,,{},,,,,,,,,,,0,safe,3.289,14.235,0.072,0,0,0.0,0.0,[],0.07056041806936264,-0.004378177225589752,0.16275154054164886,0.057764675468206406,0.018776236101984978,0.17535246908664703,0.04859036207199097,0.022911662235856056,0.15832334756851196
285.6,COMPLETE,12,HOME_DESCENT,1.0,0.9129,142.5772,0.0,True,NORMAL,MONITOR,False,{},"[""uav2"", ""uav1"", ""uav0""]",limited,True,{},NONE,NORMAL,SAFE,1.0,IDLE,0.0,0.0,0.0,,,0.0,False,avoidance not required,,{},,,,,,,,,,,0,safe,3.287,14.234,0.073,0,0,0.0,0.0,[],0.07055214792490005,-0.00584140932187438,0.16043785214424133,0.057790882885456085,0.019769199192523956,0.17533116042613983,0.04724745824933052,0.021567730233073235,0.15228550136089325
285.8,COMPLETE,12,HOME_DESCENT,1.0,0.9129,142.5772,0.0,True,NORMAL,MONITOR,False,{},"[""uav2"", ""uav1"", ""uav0""]",limited,True,{},NONE,NORMAL,SAFE,1.0,IDLE,0.0,0.0,0.0,,,0.0,False,avoidance not required,,{},,,,,,,,,,,3,fleet initializing,3.287,14.235,0.073,0,0,0.0,0.0,[],0.07138752937316895,-0.00477896723896265,0.1620280146598816,0.05730288103222847,0.01747770793735981,0.17118680477142334,0.04668054357171059,0.021519748494029045,0.1466912031173706
286.0,COMPLETE,12,HOME_DESCENT,1.0,0.9129,142.5772,0.0,True,NORMAL,MONITOR,False,{},"[""uav2"", ""uav1"", ""uav0""]",limited,True,{},NONE,NORMAL,SAFE,1.0,IDLE,0.0,0.0,0.0,,,0.0,False,avoidance not required,,{},,,,,,,,,,,3,fleet initializing,3.286,14.236,0.074,0,0,0.0,0.0,[],0.071143239736557,-0.00584755465388298,0.16053329408168793,0.057391438633203506,0.018347283825278282,0.17285814881324768,0.04683563858270645,0.023091018199920654,0.14928992092609406
286.2,COMPLETE,12,HOME_DESCENT,1.0,0.9128,142.5514,0.0,True,NORMAL,MONITOR,False,{},"[""uav2"", ""uav1"", ""uav0""]",limited,True,{},NONE,NORMAL,SAFE,1.0,IDLE,0.0,0.0,0.0,,,0.0,False,avoidance not required,,{},,,,,,,,,,,3,fleet initializing,3.286,14.235,0.074,0,0,0.0,0.0,[],0.07148029655218124,-0.004559759516268969,0.16757389903068542,0.0568445548415184,0.018339673057198524,0.1741841584444046,0.046984970569610596,0.021260902285575867,0.15724386274814606
286.4,COMPLETE,12,HOME_DESCENT,1.0,0.9128,142.5514,0.0,True,NORMAL,MONITOR,False,{},"[""uav2"", ""uav1"", ""uav0""]",limited,True,{},NONE,NORMAL,SAFE,1.0,IDLE,0.0,0.0,0.0,,,0.0,False,avoidance not required,,{},,,,,,,,,,,3,fleet initializing,3.285,14.236,0.073,0,0,0.0,0.0,[],0.06940516829490662,-0.0057770488783717155,0.172157421708107,0.056807272136211395,0.02041775919497013,0.18230631947517395,0.04760005697607994,0.021265104413032532,0.1680706888437271
286.6,COMPLETE,12,HOME_DESCENT,1.0,0.9126,142.5256,0.0,True,NORMAL,MONITOR,False,{},"[""uav2"", ""uav1"", ""uav0""]",limited,True,{},NONE,NORMAL,SAFE,1.0,IDLE,0.0,0.0,0.0,,,0.0,False,avoidance not required,,{},,,,,,,,,,,3,fleet initializing,3.288,14.235,0.070,0,0,0.0,0.0,[],0.06892940402030945,-0.004471656400710344,0.18162356317043304,0.056205809116363525,0.019061103463172913,0.1840265989303589,0.04933977127075195,0.017834411934018135,0.1748739331960678
286.8,COMPLETE,12,HOME_DESCENT,1.0,0.9126,142.5256,0.0,True,NORMAL,MONITOR,False,{},"[""uav2"", ""uav1"", ""uav0""]",limited,True,{},NONE,NORMAL,SAFE,1.0,IDLE,0.0,0.0,0.0,,,0.0,False,avoidance not required,,{},,,,,,,,,,,3,fleet initializing,3.287,14.237,0.069,0,0,0.0,0.0,[],0.06965714693069458,-0.0028187870047986507,0.18611404299736023,0.05565822869539261,0.02011166512966156,0.1916108876466751,0.05021316930651665,0.017388518899679184,0.1854686439037323
287.0,COMPLETE,12,HOME_DESCENT,1.0,0.9126,142.5256,0.0,True,NORMAL,MONITOR,False,{},"[""uav2"", ""uav1"", ""uav0""]",limited,True,{},NONE,NORMAL,SAFE,1.0,IDLE,0.0,0.0,0.0,,,0.0,False,avoidance not required,,{},,,,,,,,,,,3,fleet initializing,3.286,14.236,0.070,0,0,0.0,0.0,[],0.07001730054616928,-0.00014139441191218793,0.19501948356628418,0.05324152857065201,0.01910957507789135,0.1931023895740509,0.048814158886671066,0.01778056100010872,0.18974082171916962
287.2,COMPLETE,12,HOME_DESCENT,1.0,0.9125,142.4998,0.0,True,NORMAL,MONITOR,False,{},"[""uav2"", ""uav1"", ""uav0""]",limited,True,{},NONE,NORMAL,SAFE,1.0,IDLE,0.0,0.0,0.0,,,0.0,False,avoidance not required,,{},,,,,,,,,,,3,fleet initializing,3.283,14.237,0.072,0,0,0.0,0.0,[],0.06793203949928284,0.0006116449367254972,0.19460169970989227,0.051531240344047546,0.01989712379872799,0.19566847383975983,0.047707974910736084,0.019068187102675438,0.19341430068016052
287.4,COMPLETE,12,HOME_DESCENT,1.0,0.9125,142.4998,0.0,True,NORMAL,MONITOR,False,{},"[""uav2"", ""uav1"", ""uav0""]",limited,True,{},NONE,NORMAL,SAFE,1.0,IDLE,0.0,0.0,0.0,,,0.0,False,avoidance not required,,{},,,,,,,,,,,3,fleet initializing,3.284,14.237,0.069,0,0,0.0,0.0,[],0.06665515899658203,0.0026761600747704506,0.1934904307126999,0.050543781369924545,0.01776336133480072,0.1904681921005249,0.04725206643342972,0.0198004599660635,0.19346784055233002
287.6,COMPLETE,12,HOME_DESCENT,1.0,0.9124,142.4741,0.0,True,NORMAL,MONITOR,False,{},"[""uav2"", ""uav1"", ""uav0""]",limited,True,{},NONE,NORMAL,SAFE,1.0,IDLE,0.0,0.0,0.0,,,0.0,False,avoidance not required,,{},,,,,,,,,,,3,fleet initializing,3.284,14.237,0.068,0,0,0.0,0.0,[],0.06731797754764557,0.004555766005069017,0.18619778752326965,0.04909853637218475,0.018079638481140137,0.18822026252746582,0.046511705964803696,0.0195389986038208,0.19428499042987823
287.8,COMPLETE,12,HOME_DESCENT,1.0,0.9124,142.4741,0.0,True,NORMAL,MONITOR,False,{},"[""uav2"", ""uav1"", ""uav0""]",limited,True,{},NONE,NORMAL,SAFE,1.0,IDLE,0.0,0.0,0.0,,,0.0,False,avoidance not required,,{},,,,,,,,,,,3,fleet initializing,3.282,14.237,0.068,0,0,0.0,0.0,[],0.06711432337760925,0.006667059846222401,0.18553853034973145,0.048611726611852646,0.01778305508196354,0.18580757081508636,0.04544103145599365,0.0203457772731781,0.19611087441444397
288.0,COMPLETE,12,HOME_DESCENT,1.0,0.9124,142.4741,0.0,True,NORMAL,MONITOR,False,{},"[""uav2"", ""uav1"", ""uav0""]",limited,True,{},NONE,NORMAL,SAFE,1.0,IDLE,0.0,0.0,0.0,,,0.0,False,avoidance not required,,{},,,,,,,,,,,3,fleet initializing,3.282,14.238,0.068,0,0,0.0,0.0,[],0.06687209755182266,0.0031676467042416334,0.1806066781282425,0.0472564622759819,0.018897706642746925,0.18571186065673828,0.0457729697227478,0.019253786653280258,0.19365176558494568
