ros_time,state,stage,phase,progress,energy_min_remaining_fraction,energy_min_usable_margin_wh,energy_max_required_to_land_wh,energy_all_reserve_safe,energy_return_level,energy_return_action,energy_return_safety_override,energy_return_slots,energy_landing_order,energy_return_control_mode,energy_return_control_applied,energy_alternate_landing,energy_diversion_state,dynamic_action,dynamic_risk,speed_scale,avoidance_state,avoidance_offset_x,avoidance_offset_y,avoidance_offset_z,avoidance_failure,avoidance_algorithm,orca_max_command_speed_mps,planner_viable,planner_reason,planner_time_ms,planner_rejections,mpc_viable,mpc_total_solve_ms,mpc_max_solve_ms,mpc_solver_retries,mpc_warm_started_vehicles,mpc_rejections,mpc_consensus_strength,predicted_separation_m,dynamic_clearance_m,dynamic_time_to_conflict_s,safety_level,safety_message,min_separation_m,min_clearance_m,max_tracking_error_m,track_count,observed_track_count,mean_track_confidence,max_occlusion_s,track_ids,uav0_x,uav0_y,uav0_z,uav1_x,uav1_y,uav1_z,uav2_x,uav2_y,uav2_z
0.584,INITIALIZING,2,TAKEOFF_HOLD,0.0,1.0,160.0,11.127,True,NORMAL,MONITOR,False,{},"[""uav2"", ""uav1"", ""uav0""]",limited,False,{},NONE,SLOW,STALE,0.35,IDLE,0.0,0.0,0.0,,,0.0,,,,{},,,,,,,,,,,,,,,,0,0,0.0,0.0,[],,,,,,,,,
0.584,INITIALIZING,2,TAKEOFF_HOLD,0.0,1.0,160.0,11.127,True,NORMAL,MONITOR,False,{},"[""uav2"", ""uav1"", ""uav0""]",limited,False,{},NONE,SLOW,STALE,0.35,IDLE,0.0,0.0,0.0,,,0.0,,,,{},,,,,,,,,,,,,,,,0,0,0.0,0.0,[],,,,,,,,,
0.6,INITIALIZING,2,TAKEOFF_HOLD,0.0,1.0,160.0,11.127,True,NORMAL,MONITOR,False,{},"[""uav2"", ""uav1"", ""uav0""]",limited,False,{},NONE,SLOW,STALE,0.35,IDLE,0.0,0.0,0.0,,,0.0,,,,{},,,,,,,,,,,,,,,,0,0,0.0,0.0,[],,,,,,,,,
0.8,INITIALIZING,2,TAKEOFF_HOLD,0.0,1.0,160.0,11.127,True,NORMAL,MONITOR,False,{},"[""uav2"", ""uav1"", ""uav0""]",limited,False,{},NONE,SLOW,STALE,0.35,IDLE,0.0,0.0,0.0,,,0.0,,,,{},,,,,,,,,,,,,,,,0,0,0.0,0.0,[],,,,,,,,,
1.0,INITIALIZING,2,TAKEOFF_HOLD,0.0,0.9998,159.9527,11.127,True,NORMAL,MONITOR,False,{},"[""uav2"", ""uav1"", ""uav0""]",limited,False,{},NONE,SLOW,STALE,0.35,IDLE,0.0,0.0,0.0,,,0.0,,,,{},,,,,,,,,,,,,,,,0,0,0.0,0.0,[],,,,,,,,,
1.2,INITIALIZING,2,TAKEOFF_HOLD,0.0,0.9997,159.9465,11.127,True,NORMAL,MONITOR,False,{},"[""uav2"", ""uav1"", ""uav0""]",limited,False,{},NONE,SLOW,STALE,0.35,IDLE,0.0,0.0,0.0,,,0.0,,,,{},,,,,,,,,,,,,,,,0,0,0.0,0.0,[],,,,,,,,,
1.4,INITIALIZING,2,TAKEOFF_HOLD,0.0,0.9997,159.9465,11.127,True,NORMAL,MONITOR,False,{},"[""uav2"", ""uav1"", ""uav0""]",limited,False,{},NONE,SLOW,STALE,0.35,IDLE,0.0,0.0,0.0,,,0.0,,,,{},,,,,,,,,,,,,,,,0,0,0.0,0.0,[],,,,,,,,,
1.6,INITIALIZING,2,TAKEOFF_HOLD,0.0,0.9996,159.9198,11.127,True,NORMAL,MONITOR,False,{},"[""uav2"", ""uav1"", ""uav0""]",limited,False,{},NONE,SLOW,STALE,0.35,IDLE,0.0,0.0,0.0,,,0.0,,,,{},,,,,,,,,,,,,,,,0,0,0.0,0.0,[],,,,,,,,,
1.8,INITIALIZING,2,TAKEOFF_HOLD,0.0,0.9996,159.9198,11.127,True,NORMAL,MONITOR,False,{},"[""uav2"", ""uav1"", ""uav0""]",limited,False,{},NONE,SLOW,STALE,0.35,IDLE,0.0,0.0,0.0,,,0.0,,,,{},,,,,,,,,,,,,,,,0,0,0.0,0.0,[],,,,,,,,,
2.0,INITIALIZING,2,TAKEOFF_HOLD,0.0,0.9996,159.9198,11.127,True,NORMAL,MONITOR,False,{},"[""uav2"", ""uav1"", ""uav0""]",limited,False,{},NONE,SLOW,STALE,0.35,IDLE,0.0,0.0,0.0,,,0.0,,,,{},,,,,,,,,,,,,,,,0,0,0.0,0.0,[],,,,,,,,,
2.2,INITIALIZING,2,TAKEOFF_HOLD,0.0,0.9995,159.8931,11.127,True,NORMAL,MONITOR,False,{},"[""uav2"", ""uav1"", ""uav0""]",limited,False,{},NONE,HOLD,STALE,0.0,IDLE,0.0,0.0,0.0,,,0.0,,,,{},,,,,,,,,,,,,,,,0,0,0.0,0.0,[],,,,,,,,,
2.4,INITIALIZING,2,TAKEOFF_HOLD,0.0,0.9995,159.8931,11.127,True,NORMAL,MONITOR,False,{},"[""uav2"", ""uav1"", ""uav0""]",limited,False,{},NONE,HOLD,STALE,0.0,IDLE,0.0,0.0,0.0,,,0.0,,,,{},,,,,,,,,,,,,,,,0,0,0.0,0.0,[],,,,,,,,,
2.6,INITIALIZING,2,TAKEOFF_HOLD,0.0,0.9993,159.8663,11.127,True,NORMAL,MONITOR,True,{},"[""uav2"", ""uav1"", ""uav0""]",limited,False,{},NONE,HOLD,STALE,0.0,IDLE,0.0,0.0,0.0,,,0.0,,,,{},,,,,,,,,,,,,,,,0,0,0.0,0.0,[],,,,,,,,,
2.8,INITIALIZING,2,TAKEOFF_HOLD,0.0,0.9993,159.8663,11.127,True,NORMAL,MONITOR,True,{},"[""uav2"", ""uav1"", ""uav0""]",limited,False,{},NONE,HOLD,STALE,0.0,IDLE,0.0,0.0,0.0,,,0.0,,,,{},,,,,,,,,,,,,,,,0,0,0.0,0.0,[],,,,,,,,,
3.0,INITIALIZING,2,TAKEOFF_HOLD,0.0,0.9993,159.8663,11.127,True,NORMAL,MONITOR,True,{},"[""uav2"", ""uav1"", ""uav0""]",limited,False,{},NONE,HOLD,STALE,0.0,IDLE,0.0,0.0,0.0,,,0.0,,,,{},,,,,,,,,,,,,,,,0,0,0.0,0.0,[],,,,,,,,,
3.2,INITIALIZING,2,TAKEOFF_HOLD,0.0,0.9992,159.8396,11.127,True,NORMAL,MONITOR,True,{},"[""uav2"", ""uav1"", ""uav0""]",limited,False,{},NONE,HOLD,STALE,0.0,IDLE,0.0,0.0,0.0,,,0.0,,,,{},,,,,,,,,,,,,,,,0,0,0.0,0.0,[],,,,,,,,,
3.4,INITIALIZING,2,TAKEOFF_HOLD,0.0,0.9992,159.8396,11.127,True,NORMAL,MONITOR,True,{},"[""uav2"", ""uav1"", ""uav0""]",limited,False,{},NONE,HOLD,STALE,0.0,IDLE,0.0,0.0,0.0,,,0.0,,,,{},,,,,,,,,,,,,,,,0,0,0.0,0.0,[],,,,,,,,,
3.6,INITIALIZING,2,TAKEOFF_HOLD,0.0,0.9991,159.8128,11.127,True,NORMAL,MONITOR,True,{},"[""uav2"", ""uav1"", ""uav0""]",limited,False,{},NONE,HOLD,STALE,0.0,IDLE,0.0,0.0,0.0,,,0.0,,,,{},,,,,,,,,,,,,,,,0,0,0.0,0.0,[],,,,,,,,,
3.8,INITIALIZING,2,TAKEOFF_HOLD,0.0,0.9991,159.8128,11.127,True,NORMAL,MONITOR,True,{},"[""uav2"", ""uav1"", ""uav0""]",limited,False,{},NONE,HOLD,STALE,0.0,IDLE,0.0,0.0,0.0,,,0.0,,,,{},,,,,,,,,,,,,,,,0,0,0.0,0.0,[],,,,,,,,,
4.0,INITIALIZING,2,TAKEOFF_HOLD,0.0,0.9989,159.7861,11.127,True,NORMAL,MONITOR,True,{},"[""uav2"", ""uav1"", ""uav0""]",limited,False,{},NONE,HOLD,STALE,0.0,IDLE,0.0,0.0,0.0,,,0.0,,,,{},,,,,,,,,,,,,,,,0,0,0.0,0.0,[],,,,,,,,,
4.2,INITIALIZING,2,TAKEOFF_HOLD,0.0,0.9989,159.7861,11.127,True,NORMAL,MONITOR,True,{},"[""uav2"", ""uav1"", ""uav0""]",limited,False,{},NONE,HOLD,STALE,0.0,IDLE,0.0,0.0,0.0,,,0.0,,,,{},,,,,,,,,,,,,,,,0,0,0.0,0.0,[],,,,,,,,,
4.4,INITIALIZING,2,TAKEOFF_HOLD,0.0,0.9989,159.7861,11.127,True,NORMAL,MONITOR,True,{},"[""uav2"", ""uav1"", ""uav0""]",limited,False,{},NONE,HOLD,STALE,0.0,IDLE,0.0,0.0,0.0,,,0.0,,,,{},,,,,,,,,,,,,,,,0,0,0.0,0.0,[],,,,,,,,,
4.6,INITIALIZING,2,TAKEOFF_HOLD,0.0,0.9988,159.7594,11.127,True,NORMAL,MONITOR,True,{},"[""uav2"", ""uav1"", ""uav0""]",limited,False,{},NONE,HOLD,STALE,0.0,IDLE,0.0,0.0,0.0,,,0.0,,,,{},,,,,,,,,,,,,,,,0,0,0.0,0.0,[],,,,,,,,,
4.8,INITIALIZING,2,TAKEOFF_HOLD,0.0,0.9988,159.7594,11.127,True,NORMAL,MONITOR,True,{},"[""uav2"", ""uav1"", ""uav0""]",limited,False,{},NONE,HOLD,STALE,0.0,IDLE,0.0,0.0,0.0,,,0.0,,,,{},,,,,,,,,,,,,,,,0,0,0.0,0.0,[],,,,,,,,,
5.0,INITIALIZING,2,TAKEOFF_HOLD,0.0,0.9988,159.7594,11.127,True,NORMAL,MONITOR,True,{},"[""uav2"", ""uav1"", ""uav0""]",limited,False,{},NONE,HOLD,STALE,0.0,IDLE,0.0,0.0,0.0,,,0.0,,,,{},,,,,,,,,,,,,,,,0,0,0.0,0.0,[],,,,,,,,,
5.2,INITIALIZING,2,TAKEOFF_HOLD,0.0,0.9987,159.7326,11.127,True,NORMAL,MONITOR,True,{},"[""uav2"", ""uav1"", ""uav0""]",limited,False,{},NONE,HOLD,STALE,0.0,IDLE,0.0,0.0,0.0,,,0.0,,,,{},,,,,,,,,,,,,,,,0,0,0.0,0.0,[],,,,,,,,,
5.4,INITIALIZING,2,TAKEOFF_HOLD,0.0,0.9987,159.7326,11.127,True,NORMAL,MONITOR,True,{},"[""uav2"", ""uav1"", ""uav0""]",limited,False,{},NONE,HOLD,STALE,0.0,IDLE,0.0,0.0,0.0,,,0.0,,,,{},,,,,,,,,,,,,,,,0,0,0.0,0.0,[],,,,,,,,,
5.6,INITIALIZING,2,TAKEOFF_HOLD,0.0,0.9985,159.7059,11.127,True,NORMAL,MONITOR,True,{},"[""uav2"", ""uav1"", ""uav0""]",limited,False,{},NONE,HOLD,STALE,0.0,IDLE,0.0,0.0,0.0,,,0.0,,,,{},,,,,,,,,,,,,,,,0,0,0.0,0.0,[],,,,,,,,,
5.8,INITIALIZING,2,TAKEOFF_HOLD,0.0,0.9985,159.7059,11.127,True,NORMAL,MONITOR,True,{},"[""uav2"", ""uav1"", ""uav0""]",limited,False,{},NONE,HOLD,STALE,0.0,IDLE,0.0,0.0,0.0,,,0.0,,,,{},,,,,,,,,,,,,,,,0,0,0.0,0.0,[],,,,,,,,,
6.0,INITIALIZING,2,TAKEOFF_HOLD,0.0,0.9985,159.7059,11.127,True,NORMAL,MONITOR,True,{},"[""uav2"", ""uav1"", ""uav0""]",limited,False,{},NONE,HOLD,STALE,0.0,IDLE,0.0,0.0,0.0,,,0.0,,,,{},,,,,,,,,,,,,,,,0,0,0.0,0.0,[],,,,,,,,,
6.2,INITIALIZING,2,TAKEOFF_HOLD,0.0,0.9984,159.6792,11.127,True,NORMAL,MONITOR,True,{},"[""uav2"", ""uav1"", ""uav0""]",limited,False,{},NONE,HOLD,STALE,0.0,IDLE,0.0,0.0,0.0,,,0.0,,,,{},,,,,,,,,,,,,,,,0,0,0.0,0.0,[],0.005603087600320578,0.00024512712843716145,0.00015234301099553704,,,,0.012408102862536907,-0.0021703673992305994,-0.00824265368282795
6.4,INITIALIZING,2,TAKEOFF_HOLD,0.0,0.9984,159.6792,11.127,True,NORMAL,MONITOR,True,{},"[""uav2"", ""uav1"", ""uav0""]",limited,False,{},NONE,HOLD,STALE,0.0,IDLE,0.0,0.0,0.0,,,0.0,,,,{},,,,,,,,,,,,,,,,0,0,0.0,0.0,[],0.0025316118262708187,-0.00010345673217670992,0.00496175792068243,0.017178531736135483,0.0003514837590046227,-0.0011364159872755408,0.013363461941480637,-0.002587455091997981,-0.007617480121552944
6.6,INITIALIZING,2,TAKEOFF_HOLD,0.0,0.9983,159.6524,11.127,True,NORMAL,MONITOR,True,{},"[""uav2"", ""uav1"", ""uav0""]",limited,False,{},NONE,HOLD,SAFE,0.0,IDLE,0.0,0.0,0.0,,,0.0,False,avoidance not required,,{},,,,,,,,,,,3,fleet initializing,3.296,14.277,8.008,0,0,0.0,0.0,[],0.0010548337595537305,-0.0034400078002363443,0.006392777897417545,0.01950966753065586,0.0004501192015595734,0.005253605078905821,0.013490503653883934,-0.0026577231474220753,-0.007566669024527073
6.8,INITIALIZING,2,TAKEOFF_HOLD,0.0,0.9983,159.6524,11.127,True,NORMAL,MONITOR,True,{},"[""uav2"", ""uav1"", ""uav0""]",limited,False,{},NONE,HOLD,SAFE,0.0,IDLE,0.0,0.0,0.0,,,0.0,False,avoidance not required,,{},,,,,,,,,,,3,fleet initializing,3.294,14.276,0.006,0,0,0.0,0.0,[],0.00040340644773095846,-0.004769173450767994,0.003448713105171919,0.016595572233200073,0.0003638839698396623,0.010476512834429741,0.012186314910650253,-0.0008629959193058312,-0.006910366006195545
7.0,INITIALIZING,2,TAKEOFF_HOLD,0.0,0.9983,159.6524,11.127,True,NORMAL,MONITOR,True,{},"[""uav2"", ""uav1"", ""uav0""]",limited,False,{},NONE,HOLD,SAFE,0.0,IDLE,0.0,0.0,0.0,,,0.0,False,avoidance not required,,{},,,,,,,,,,,3,fleet initializing,3.296,14.276,0.011,0,0,0.0,0.0,[],-9.120094182435423e-05,-0.006976013071835041,0.0002491744817234576,0.01455740723758936,0.00030114338733255863,0.017038807272911072,0.011571073904633522,9.576891898177564e-05,-0.006776015739887953
7.2,INITIALIZING,2,TAKEOFF_HOLD,0.0,0.9981,159.6256,11.127,True,NORMAL,MONITOR,True,{},"[""uav2"", ""uav1"", ""uav0""]",limited,False,{},NONE,HOLD,SAFE,0.0,IDLE,0.0,0.0,0.0,,,0.0,False,avoidance not required,,{},,,,,,,,,,,3,fleet initializing,3.297,14.276,0.018,0,0,0.0,0.0,[],-0.00020697119180113077,-0.008822906762361526,-0.0015597749734297395,0.012318525463342667,-1.738812352414243e-05,0.020811675116419792,0.010619078762829304,0.00012557605805341154,-0.009224588051438332
7.4,INITIALIZING,2,TAKEOFF_HOLD,0.0,0.9981,159.6256,11.127,True,NORMAL,MONITOR,True,{},"[""uav2"", ""uav1"", ""uav0""]",limited,False,{},NONE,HOLD,SAFE,0.0,IDLE,0.0,0.0,0.0,,,0.0,False,avoidance not required,,{},,,,,,,,,,,3,fleet initializing,3.298,14.277,0.022,0,0,0.0,0.0,[],-0.0007226859452202916,-0.011669044382870197,-0.002940432634204626,0.011203917674720287,-0.0007967771962285042,0.023877957835793495,0.010437953285872936,-0.0006120302132330835,-0.011583215557038784
7.6,INITIALIZING,2,TAKEOFF_HOLD,0.0,0.998,159.5988,11.127,True,NORMAL,MONITOR,True,{},"[""uav2"", ""uav1"", ""uav0""]",limited,False,{},NONE,HOLD,SAFE,0.0,IDLE,0.0,0.0,0.0,,,0.0,False,avoidance not required,,{},,,,,,,,,,,3,fleet initializing,3.299,14.277,0.025,0,0,0.0,0.0,[],-0.0007654717192053795,-0.011695068329572678,-0.006406916305422783,0.008843323215842247,-0.0015396375674754381,0.0259514432400465,0.010115670040249825,4.1661496652523056e-05,-0.013104795478284359
7.8,INITIALIZING,2,TAKEOFF_HOLD,0.0,0.998,159.5988,11.127,True,NORMAL,MONITOR,True,{},"[""uav2"", ""uav1"", ""uav0""]",limited,False,{},NONE,HOLD,SAFE,0.0,IDLE,0.0,0.0,0.0,,,0.0,False,avoidance not required,,{},,,,,,,,,,,3,fleet initializing,3.302,14.277,0.028,0,0,0.0,0.0,[],-0.0010668280301615596,-0.01313844695687294,-0.007813631556928158,0.007382967043668032,-0.002943079685792327,0.027377046644687653,0.010236603207886219,-0.0002864819543901831,-0.013952553272247314
8.0,INITIALIZING,2,TAKEOFF_HOLD,0.0,0.998,159.5988,11.127,True,NORMAL,MONITOR,True,{},"[""uav2"", ""uav1"", ""uav0""]",limited,False,{},NONE,HOLD,SAFE,0.0,IDLE,0.0,0.0,0.0,,,0.0,False,avoidance not required,,{},,,,,,,,,,,3,fleet initializing,3.303,14.277,0.030,0,0,0.0,0.0,[],-0.0010387231595814228,-0.011297092773020267,-0.010191728360950947,0.006696276366710663,-0.0032709473744034767,0.023797817528247833,0.00916835106909275,0.0021309691946953535,-0.013278133235871792
8.2,INITIALIZING,2,TAKEOFF_HOLD,0.0,0.9979,159.5721,11.127,True,NORMAL,MONITOR,True,{},"[""uav2"", ""uav1"", ""uav0""]",limited,False,{},NONE,HOLD,SAFE,0.0,IDLE,0.0,0.0,0.0,,,0.0,False,avoidance not required,,{},,,,,,,,,,,3,fleet initializing,3.303,14.276,0.027,0,0,0.0,0.0,[],-0.0014406099217012525,-0.011466672644019127,-0.010981237515807152,0.006357783917337656,-0.004316349513828754,0.022417660802602768,0.008755242452025414,0.002852820325642824,-0.012807297520339489
8.4,INITIALIZING,2,TAKEOFF_HOLD,0.0,0.9979,159.5721,11.127,True,NORMAL,MONITOR,True,{},"[""uav2"", ""uav1"", ""uav0""]",limited,False,{},NONE,HOLD,SAFE,0.0,IDLE,0.0,0.0,0.0,,,0.0,False,avoidance not required,,{},,,,,,,,,,,3,fleet initializing,3.303,14.276,0.026,0,0,0.0,0.0,[],-0.0027499275747686625,-0.009087772108614445,-0.008905649185180664,0.005998261738568544,-0.004534804727882147,0.02089979313313961,0.007442922331392765,0.00293492479249835,-0.014617039822041988
8.6,INITIALIZING,2,TAKEOFF_HOLD,0.0,0.9977,159.5453,11.127,True,NORMAL,MONITOR,False,{},"[""uav2"", ""uav1"", ""uav0""]",limited,False,{},NONE,NORMAL,SAFE,1.0,IDLE,0.0,0.0,0.0,,,0.0,False,avoidance not required,,{},,,,,,,,,,,3,fleet initializing,3.303,14.278,8.013,0,0,0.0,0.0,[],-0.0037139784544706345,-0.009631136432290077,-0.007922930642962456,0.0038562233094125986,-0.004476466216146946,0.01993994414806366,0.006818435154855251,0.002539250301197171,-0.012645205482840538
8.8,INITIALIZING,2,TAKEOFF_HOLD,0.0,0.9977,159.5453,11.127,True,NORMAL,MONITOR,False,{},"[""uav2"", ""uav1"", ""uav0""]",limited,False,{},NONE,NORMAL,SAFE,1.0,IDLE,0.0,0.0,0.0,,,0.0,False,avoidance not required,,{},,,,,,,,,,,3,fleet initializing,3.303,14.278,8.013,0,0,0.0,0.0,[],-0.004753509070724249,-0.012142864055931568,-0.007168480660766363,0.002534578088670969,-0.005510679911822081,0.020900733768939972,0.006579995155334473,0.0013322598533704877,-0.010074825026094913
9.0,INITIALIZING,2,TAKEOFF_HOLD,0.0,0.9977,159.5453,11.127,True,NORMAL,MONITOR,False,{},"[""uav2"", ""uav1"", ""uav0""]",limited,False,{},NONE,NORMAL,SAFE,1.0,IDLE,0.0,0.0,0.0,,,0.0,False,avoidance not required,,{},,,,,,,,,,,3,fleet initializing,3.304,14.279,8.010,0,0,0.0,0.0,[],-0.004505577497184277,-0.011289850808680058,-0.004403505939990282,0.0015041193692013621,-0.0083002969622612,0.020375041291117668,0.006165392696857452,0.00024922401644289494,-0.006747855804860592
9.2,INITIALIZING,2,TAKEOFF_HOLD,0.0,0.9976,159.5186,11.127,True,NORMAL,MONITOR,False,{},"[""uav2"", ""uav1"", ""uav0""]",limited,False,{},NONE,NORMAL,SAFE,1.0,IDLE,0.0,0.0,0.0,,,0.0,False,avoidance not required,,{},,,,,,,,,,,3,fleet initializing,3.305,14.280,8.007,0,0,0.0,0.0,[],-0.004240044392645359,-0.012709703296422958,-0.0017421683296561241,0.000566733768209815,-0.012166352942585945,0.020524337887763977,0.0064380718395113945,-0.0019445642828941345,-0.004892404656857252
9.4,INITIALIZING,2,TAKEOFF_HOLD,0.0,0.9976,159.5186,11.127,True,NORMAL,MONITOR,False,{},"[""uav2"", ""uav1"", ""uav0""]",limited,False,{},NONE,NORMAL,SAFE,1.0,IDLE,0.0,0.0,0.0,,,0.0,False,avoidance not required,,{},,,,,,,,,,,3,fleet initializing,3.305,14.281,8.005,0,0,0.0,0.0,[],-0.0031006443314254284,-0.010624650865793228,-0.006614144891500473,0.0009614904411137104,-0.013219273649156094,0.023220445960760117,0.006797919515520334,-0.0028622455429285765,-0.0025725450832396746
9.6,INITIALIZING,2,TAKEOFF_HOLD,0.0,0.9975,159.4918,11.127,True,NORMAL,MONITOR,False,{},"[""uav2"", ""uav1"", ""uav0""]",limited,False,{},NONE,NORMAL,SAFE,1.0,IDLE,0.0,0.0,0.0,,,0.0,False,avoidance not required,,{},,,,,,,,,,,3,fleet initializing,3.304,14.281,8.007,0,0,0.0,0.0,[],-0.0021067822817713022,-0.011198651045560837,-0.010043647140264511,0.0014382988447323442,-0.015873827040195465,0.0264590997248888,0.007457470055669546,-0.004862697795033455,-0.0024680914357304573
9.8,INITIALIZING,2,TAKEOFF_HOLD,0.0,0.9975,159.4918,11.127,True,NORMAL,MONITOR,False,{},"[""uav2"", ""uav1"", ""uav0""]",limited,False,{},NONE,NORMAL,SAFE,1.0,IDLE,0.0,0.0,0.0,,,0.0,False,avoidance not required,,{},,,,,,,,,,,3,fleet initializing,3.304,14.282,8.010,0,0,0.0,0.0,[],0.0007751440862193704,-0.00842408649623394,-0.012693376280367374,0.0006603201036341488,-0.01861247792840004,0.02580624632537365,0.00783145148307085,-0.0034328310284763575,-0.009718124754726887
10.0,INITIALIZING,2,TAKEOFF_HOLD,0.0,0.9975,159.4918,11.127,True,NORMAL,MONITOR,False,{},"[""uav2"", ""uav1"", ""uav0""]",limited,False,{},NONE,NORMAL,SAFE,1.0,IDLE,0.0,0.0,0.0,,,0.0,False,avoidance not required,,{},,,,,,,,,,,3,fleet initializing,3.300,14.281,8.013,0,0,0.0,0.0,[],0.002582823857665062,-0.008625036105513573,-0.014073538593947887,0.00017294773715548217,-0.02306797169148922,0.02473589777946472,0.008460573852062225,-0.0042850561439991,-0.014644147828221321
10.2,INITIALIZING,2,TAKEOFF_HOLD,0.0,0.9973,159.465,11.127,True,NORMAL,MONITOR,False,{},"[""uav2"", ""uav1"", ""uav0""]",limited,False,{},NONE,NORMAL,SAFE,1.0,IDLE,0.0,0.0,0.0,,,0.0,False,avoidance not required,,{},,,,,,,,,,,3,fleet initializing,3.298,14.281,8.015,0,0,0.0,0.0,[],0.00890770647674799,-0.007073916960507631,-0.015058467164635658,0.002342778258025646,-0.021066447719931602,0.022177066653966904,0.006629379466176033,-0.0052873920649290085,-0.015953952446579933
10.4,INITIALIZING,2,TAKEOFF_HOLD,0.0,0.9973,159.465,11.127,True,NORMAL,MONITOR,False,{},"[""uav2"", ""uav1"", ""uav0""]",limited,False,{},NONE,NORMAL,SAFE,1.0,IDLE,0.0,0.0,0.0,,,0.0,False,avoidance not required,,{},,,,,,,,,,,3,fleet initializing,3.294,14.283,8.016,0,0,0.0,0.0,[],0.013345410116016865,-0.0018156681908294559,-0.014793402515351772,0.004316515289247036,-0.021723276004195213,0.01991252414882183,0.005758984945714474,-0.007759882602840662,-0.017316702753305435
10.6,INITIALIZING,2,TAKEOFF_HOLD,0.0,0.9972,159.4383,11.127,True,NORMAL,MONITOR,False,{},"[""uav2"", ""uav1"", ""uav0""]",limited,False,{},NONE,NORMAL,SAFE,1.0,IDLE,0.0,0.0,0.0,,,0.0,False,avoidance not required,,{},,,,,,,,,,,3,fleet initializing,3.291,14.286,8.017,0,0,0.0,0.0,[],0.017275307327508926,0.0006049293442629278,-0.014871155843138695,0.010515251196920872,-0.019097646698355675,0.017429661005735397,0.005647954996675253,-0.008914850652217865,-0.018942197784781456
10.8,INITIALIZING,2,TAKEOFF_HOLD,0.0,0.9972,159.4383,11.127,True,NORMAL,MONITOR,False,{},"[""uav2"", ""uav1"", ""uav0""]",limited,False,{},NONE,NORMAL,SAFE,1.0,IDLE,0.0,0.0,0.0,,,0.0,False,avoidance not required,,{},,,,,,,,,,,3,fleet initializing,3.293,14.286,8.019,0,0,0.0,0.0,[],0.017699819058179855,0.002472249325364828,-0.017594914883375168,0.015743711963295937,-0.019196441397070885,0.015953702852129936,0.0055465842597186565,-0.011228922754526138,-0.01980503462255001
11.0,INITIALIZING,2,TAKEOFF_HOLD,0.0,0.9972,159.4383,11.127,True,NORMAL,MONITOR,False,{},"[""uav2"", ""uav1"", ""uav0""]",limited,False,{},NONE,NORMAL,SAFE,1.0,IDLE,0.0,0.0,0.0,,,0.0,False,avoidance not required,,{},,,,,,,,,,,3,fleet initializing,3.290,14.288,8.020,0,0,0.0,0.0,[],0.01922806166112423,0.002856416394934058,-0.02055073156952858,0.016883831471204758,-0.014603700488805771,0.014464772306382656,0.0038074508775025606,-0.010027105920016766,-0.02098104916512966
11.2,INITIALIZING,2,TAKEOFF_HOLD,0.0,0.9971,159.4115,11.127,True,NORMAL,MONITOR,False,{},"[""uav2"", ""uav1"", ""uav0""]",limited,False,{},NONE,NORMAL,SAFE,1.0,IDLE,0.0,0.0,0.0,,,0.0,False,avoidance not required,,{},,,,,,,,,,,3,fleet initializing,3.287,14.289,8.021,0,0,0.0,0.0,[],0.018078641965985298,-0.00018396296945866197,-0.01859285868704319,0.01850097067654133,-0.012970061972737312,0.01233095582574606,0.002851814264431596,-0.010362365283071995,-0.022644465789198875
11.4,INITIALIZING,2,TAKEOFF_HOLD,0.0,0.9971,159.4115,11.127,True,NORMAL,MONITOR,False,{},"[""uav2"", ""uav1"", ""uav0""]",limited,False,{},NONE,NORMAL,SAFE,1.0,IDLE,0.0,0.0,0.0,,,0.0,False,avoidance not required,,{},,,,,,,,,,,3,fleet initializing,3.285,14.289,8.023,0,0,0.0,0.0,[],0.012274747714400291,0.0004708977066911757,-0.016815925016999245,0.01769660785794258,-0.011892705224454403,0.009317259304225445,0.0023548188619315624,-0.006442377809435129,-0.02842840738594532
11.6,INITIALIZING,2,TAKEOFF_HOLD,0.0,0.9969,159.3846,11.127,True,NORMAL,MONITOR,False,{},"[""uav2"", ""uav1"", ""uav0""]",limited,False,{},NONE,NORMAL,SAFE,1.0,IDLE,0.0,0.0,0.0,,,0.0,False,avoidance not required,,{},,,,,,,,,,,3,fleet initializing,3.285,14.287,8.028,0,0,0.0,0.0,[],0.009090695530176163,0.0005534529336728156,-0.01850888878107071,0.017752427607774734,-0.0126882866024971,0.006805631332099438,0.002011711709201336,-0.00509594427421689,-0.033219050616025925
11.8,INITIALIZING,2,TAKEOFF_HOLD,0.0,0.9969,159.3846,11.127,True,NORMAL,MONITOR,False,{},"[""uav2"", ""uav1"", ""uav0""]",limited,False,{},NONE,NORMAL,SAFE,1.0,IDLE,0.0,0.0,0.0,,,0.0,False,avoidance not required,,{},,,,,,,,,,,3,fleet initializing,3.285,14.286,8.033,0,0,0.0,0.0,[],0.006316381506621838,0.0009364585275761783,-0.014263050630688667,0.01607031375169754,-0.010840317234396935,0.009680716320872307,0.002243426162749529,-0.005023042671382427,-0.03680121898651123
12.0,INITIALIZING,2,TAKEOFF_HOLD,0.0,0.9969,159.3846,11.127,True,NORMAL,MONITOR,False,{},"[""uav2"", ""uav1"", ""uav0""]",limited,False,{},NONE,NORMAL,SAFE,1.0,IDLE,0.0,0.0,0.0,,,0.0,False,avoidance not required,,{},,,,,,,,,,,1,tracking error high,3.287,14.286,8.037,0,0,0.0,0.0,[],0.00481070950627327,0.0005238413577899337,-0.012696550227701664,0.015599891543388367,-0.010511416010558605,0.008556278422474861,0.0021197812166064978,-0.006016042549163103,-0.040182601660490036
12.2,INITIALIZING,2,TAKEOFF_HOLD,0.0,0.9968,159.3578,11.127,True,NORMAL,MONITOR,False,{},"[""uav2"", ""uav1"", ""uav0""]",limited,False,{},NONE,NORMAL,SAFE,1.0,IDLE,0.0,0.0,0.0,,,0.0,False,avoidance not required,,{},,,,,,,,,,,1,tracking error high,3.287,14.287,8.040,0,0,0.0,0.0,[],0.0035968106240034103,-0.0010829945094883442,-0.013300655409693718,0.01394723728299141,-0.008744743652641773,0.011466673575341702,0.002400054596364498,-0.006083680782467127,-0.04042482003569603
12.4,INITIALIZING,2,TAKEOFF_HOLD,0.0,0.9968,159.3578,11.127,True,NORMAL,MONITOR,False,{},"[""uav2"", ""uav1"", ""uav0""]",limited,False,{},NONE,NORMAL,SAFE,1.0,IDLE,0.0,0.0,0.0,,,0.0,False,avoidance not required,,{},,,,,,,,,,,1,tracking error high,3.289,14.287,8.040,0,0,0.0,0.0,[],0.003062410047277808,-0.0026050081942230463,-0.015412608161568642,0.013081190176308155,-0.008658801205456257,0.012123620137572289,0.0023581949062645435,-0.006695069372653961,-0.042071424424648285
12.6,INITIALIZING,2,TAKEOFF_HOLD,0.0,0.9967,159.331,11.127,True,NORMAL,MONITOR,False,{},"[""uav2"", ""uav1"", ""uav0""]",limited,False,{},NONE,NORMAL,SAFE,1.0,IDLE,0.0,0.0,0.0,,,0.0,False,avoidance not required,,{},,,,,,,,,,,1,tracking error high,3.290,14.287,8.042,0,0,0.0,0.0,[],0.003091461956501007,-0.0032347007654607296,-0.01750185340642929,0.011481232941150665,-0.007102267351001501,0.009464291855692863,0.0029298230074346066,-0.0035255705006420612,-0.040639858692884445
12.8,INITIALIZING,2,TAKEOFF_HOLD,0.0,0.9967,159.331,11.127,True,NORMAL,MONITOR,False,{},"[""uav2"", ""uav1"", ""uav0""]",limited,False,{},NONE,NORMAL,SAFE,1.0,IDLE,0.0,0.0,0.0,,,0.0,False,avoidance not required,,{},,,,,,,,,,,1,tracking error high,3.292,14.285,8.041,0,0,0.0,0.0,[],0.0035261111333966255,-0.004938299767673016,-0.01944955438375473,0.010692881420254707,-0.006672639865428209,0.006456523668020964,0.0029966551810503006,-0.0026186304166913033,-0.04020684212446213
13.0,INITIALIZING,2,TAKEOFF_HOLD,0.0,0.9967,159.331,11.127,True,NORMAL,MONITOR,False,{},"[""uav2"", ""uav1"", ""uav0""]",limited,False,{},NONE,NORMAL,SAFE,1.0,IDLE,0.0,0.0,0.0,,,0.0,False,avoidance not required,,{},,,,,,,,,,,1,tracking error high,3.293,14.284,8.040,0,0,0.0,0.0,[],0.005697078071534634,-0.0025660500396043062,-0.019180605188012123,0.008468694984912872,-0.005901792552322149,0.005914113484323025,0.0015354377683252096,-0.0018774759955704212,-0.035996850579977036
13.2,INITIALIZING,2,TAKEOFF_HOLD,0.0,0.9965,159.3042,11.127,True,NORMAL,MONITOR,False,{},"[""uav2"", ""uav1"", ""uav0""]",limited,False,{},NONE,NORMAL,SAFE,1.0,IDLE,0.0,0.0,0.0,,,0.0,False,avoidance not required,,{},,,,,,,,,,,1,tracking error high,3.293,14.284,8.036,0,0,0.0,0.0,[],0.007578542456030846,-0.0018434051889926195,-0.019834263250231743,0.007197977509349585,-0.006847067270427942,0.004592613782733679,0.0003312666085548699,-0.0024816435761749744,-0.03488094359636307
13.4,INITIALIZING,2,TAKEOFF_HOLD,0.0,0.9965,159.3042,11.127,True,NORMAL,MONITOR,False,{},"[""uav2"", ""uav1"", ""uav0""]",limited,False,{},NONE,NORMAL,SAFE,1.0,IDLE,0.0,0.0,0.0,,,0.0,False,avoidance not required,,{},,,,,,,,,,,1,tracking error high,3.293,14.286,8.035,0,0,0.0,0.0,[],0.012268987484276295,-0.0009309572633355856,-0.01990116760134697,0.00647654477506876,-0.005907588172703981,0.006814488675445318,0.0006586419767700136,-0.0017396544571965933,-0.03302126005291939
13.6,INITIALIZING,2,TAKEOFF_HOLD,0.0,0.9964,159.2773,11.127,True,NORMAL,MONITOR,False,{},"[""uav2"", ""uav1"", ""uav0""]",limited,False,{},NONE,NORMAL,SAFE,1.0,IDLE,0.0,0.0,0.0,,,0.0,False,avoidance not required,,{},,,,,,,,,,,1,tracking error high,3.294,14.285,8.033,0,0,0.0,0.0,[],0.016395414248108864,-0.0015004846500232816,-0.021131213754415512,0.00615308340638876,-0.006291741970926523,0.007378103211522102,0.0008926746086217463,-0.002338982652872801,-0.03414120152592659
13.8,INITIALIZING,2,TAKEOFF_HOLD,0.0,0.9964,159.2773,11.127,True,NORMAL,MONITOR,False,{},"[""uav2"", ""uav1"", ""uav0""]",limited,False,{},NONE,NORMAL,SAFE,1.0,IDLE,0.0,0.0,0.0,,,0.0,False,avoidance not required,,{},,,,,,,,,,,1,tracking error high,3.290,14.285,8.034,0,0,0.0,0.0,[],0.016822297126054764,-0.0013098913477733731,-0.019430913031101227,0.00616068858653307,-0.003406147239729762,0.0066482569091022015,0.0018646810203790665,-0.0018365615978837013,-0.03414684161543846
14.0,INITIALIZING,2,TAKEOFF_HOLD,0.0,0.9964,159.2773,11.127,True,NORMAL,MONITOR,False,{},"[""uav2"", ""uav1"", ""uav0""]",limited,False,{},NONE,NORMAL,SAFE,1.0,IDLE,0.0,0.0,0.0,,,0.0,False,avoidance not required,,{},,,,,,,,,,,1,tracking error high,3.289,14.284,8.034,0,0,0.0,0.0,[],0.010726286098361015,-0.002015089150518179,0.006328979507088661,0.006609290838241577,-0.002567639807239175,0.004568584728986025,0.0028970949351787567,-0.0024243376683443785,-0.033182114362716675
14.2,INITIALIZING,2,TAKEOFF_HOLD,0.0,0.9963,159.2505,11.127,True,NORMAL,MONITOR,False,{},"[""uav2"", ""uav1"", ""uav0""]",limited,False,{},NONE,NORMAL,SAFE,1.0,IDLE,0.0,0.0,0.0,,,0.0,False,avoidance not required,,{},,,,,,,,,,,1,tracking error high,3.296,14.284,8.033,0,0,0.0,0.0,[],-0.00747152091935277,-0.012526486068964005,0.09695038199424744,0.006710589863359928,-0.0017026469577103853,0.004839851055294275,0.002228405326604843,-0.004219381604343653,-0.003168409690260887
14.4,INITIALIZING,2,TAKEOFF_HOLD,0.0,0.9963,159.2505,11.127,True,NORMAL,MONITOR,False,{},"[""uav2"", ""uav1"", ""uav0""]",limited,False,{},NONE,NORMAL,SAFE,1.0,IDLE,0.0,0.0,0.0,,,0.0,False,avoidance not required,,{},,,,,,,,,,,1,tracking error high,3.296,14.286,8.003,0,0,0.0,0.0,[],-0.034612786024808884,-0.02746746875345707,0.27285319566726685,0.002756803296506405,-0.0017015900230035186,0.023961462080478668,-0.012359600514173508,-0.016365844756364822,0.09610002487897873
14.6,INITIALIZING,2,TAKEOFF_HOLD,0.0,0.996,159.2099,11.127,True,NORMAL,MONITOR,False,{},"[""uav2"", ""uav1"", ""uav0""]",limited,False,{},NONE,NORMAL,SAFE,1.0,IDLE,0.0,0.0,0.0,,,0.0,False,avoidance not required,,{},,,,,,,,,,,1,tracking error high,3.286,14.305,7.976,0,0,0.0,0.0,[],-0.05995143577456474,-0.0457744225859642,0.544730544090271,-0.016294298693537712,-0.005930416751652956,0.10912191867828369,-0.0390307642519474,-0.03033844567835331,0.27424654364585876
14.8,INITIALIZING,2,TAKEOFF_HOLD,0.0,0.996,159.2099,11.127,True,NORMAL,MONITOR,False,{},"[""uav2"", ""uav1"", ""uav0""]",limited,False,{},NONE,NORMAL,SAFE,1.0,IDLE,0.0,0.0,0.0,,,0.0,False,avoidance not required,,{},,,,,,,,,,,1,tracking error high,3.282,14.333,7.891,0,0,0.0,0.0,[],-0.09116125106811523,-0.06387615948915482,0.8987807035446167,-0.04382318630814552,-0.022079896181821823,0.28524914383888245,-0.06520284712314606,-0.04549764096736908,0.5447920560836792
15.0,INITIALIZING,2,TAKEOFF_HOLD,0.0,0.996,159.2099,11.127,True,NORMAL,MONITOR,False,{},"[""uav2"", ""uav1"", ""uav0""]",limited,False,{},NONE,NORMAL,SAFE,1.0,IDLE,0.0,0.0,0.0,,,0.0,False,avoidance not required,,{},,,,,,,,,,,1,tracking error high,3.289,14.363,7.715,0,0,0.0,0.0,[],-0.11188611388206482,-0.0779927521944046,1.3038581609725952,-0.06977344304323196,-0.04357384890317917,0.5487972497940063,-0.08495880663394928,-0.06018974632024765,0.9084203839302063
15.2,INITIALIZING,2,TAKEOFF_HOLD,0.0,0.9958,159.1575,11.127,True,NORMAL,MONITOR,False,{},"[""uav2"", ""uav1"", ""uav0""]",limited,False,{},NONE,NORMAL,SAFE,1.0,IDLE,0.0,0.0,0.0,,,0.0,False,avoidance not required,,{},,,,,,,,,,,1,tracking error high,3.304,14.387,7.452,0,0,0.0,0.0,[],-0.133699432015419,-0.08651094138622284,1.739094853401184,-0.08797620236873627,-0.06269404292106628,0.904803991317749,-0.1081409603357315,-0.07578886300325394,1.3167693614959717
15.4,INITIALIZING,2,TAKEOFF_HOLD,0.0,0.9958,159.1575,11.127,True,NORMAL,MONITOR,False,{},"[""uav2"", ""uav1"", ""uav0""]",limited,False,{},NONE,NORMAL,SAFE,1.0,IDLE,0.0,0.0,0.0,,,0.0,False,avoidance not required,,{},,,,,,,,,,,1,tracking error high,3.306,14.415,7.096,0,0,0.0,0.0,[],-0.14133037626743317,-0.08948167413473129,2.192579507827759,-0.11020688712596893,-0.0783151239156723,1.305781364440918,-0.12107334285974503,-0.08687790483236313,1.7532970905303955
15.6,INITIALIZING,2,TAKEOFF_HOLD,0.0,0.9955,159.1048,11.127,True,NORMAL,MONITOR,False,{},"[""uav2"", ""uav1"", ""uav0""]",limited,False,{},NONE,NORMAL,SAFE,1.0,IDLE,0.0,0.0,0.0,,,0.0,False,avoidance not required,,{},,,,,,,,,,,1,tracking error high,3.314,14.432,6.629,0,0,0.0,0.0,[],-0.1492854356765747,-0.0922616720199585,2.663583278656006,-0.12225530296564102,-0.0883023738861084,1.7348054647445679,-0.1286347210407257,-0.09729364514350891,2.2125842571258545
15.8,INITIALIZING,2,TAKEOFF_HOLD,0.0,0.9955,159.1048,11.127,True,NORMAL,MONITOR,False,{},"[""uav2"", ""uav1"", ""uav0""]",limited,False,{},NONE,NORMAL,SAFE,1.0,IDLE,0.0,0.0,0.0,,,0.0,False,avoidance not required,,{},,,,,,,,,,,1,tracking error high,3.328,14.444,6.267,0,0,0.0,0.0,[],-0.1450393944978714,-0.08912517130374908,3.144956350326538,-0.1354074329137802,-0.101761594414711,2.184736728668213,-0.12643760442733765,-0.09923435747623444,2.687718152999878
16.0,INITIALIZING,2,TAKEOFF_HOLD,0.0,0.9955,159.1048,11.127,True,NORMAL,MONITOR,False,{},"[""uav2"", ""uav1"", ""uav0""]",limited,False,{},NONE,NORMAL,SAFE,1.0,IDLE,0.0,0.0,0.0,,,0.0,False,avoidance not required,,{},,,,,,,,,,,1,tracking error high,3.347,14.444,5.818,0,0,0.0,0.0,[],-0.1417401134967804,-0.08112619817256927,3.722015619277954,-0.13642601668834686,-0.10625937581062317,2.7292964458465576,-0.12906280159950256,-0.09548725932836533,3.1702070236206055
16.2,INITIALIZING,2,TAKEOFF_HOLD,0.0,0.9952,159.044,11.127,True,NORMAL,MONITOR,False,{},"[""uav2"", ""uav1"", ""uav0""]",limited,False,{},NONE,NORMAL,SAFE,1.0,IDLE,0.0,0.0,0.0,,,0.0,False,avoidance not required,,{},,,,,,,,,,,1,tracking error high,3.347,14.443,5.350,0,0,0.0,0.0,[],-0.13117824494838715,-0.07185230404138565,4.147860527038574,-0.141391322016716,-0.10522438585758209,3.13789701461792,-0.12240682542324066,-0.08684168010950089,3.666567087173462
16.4,INITIALIZING,2,TAKEOFF_HOLD,0.0,0.9952,159.044,11.127,True,NORMAL,MONITOR,False,{},"[""uav2"", ""uav1"", ""uav0""]",limited,False,{},NONE,NORMAL,SAFE,1.0,IDLE,0.0,0.0,0.0,,,0.0,False,avoidance not required,,{},,,,,,,,,,,1,tracking error high,3.361,14.432,4.865,0,0,0.0,0.0,[],-0.1216684877872467,-0.05834296718239784,4.66536808013916,-0.13582687079906464,-0.09787339717149734,3.6335318088531494,-0.1190587729215622,-0.08018045872449875,4.178949356079102
16.6,INITIALIZING,2,TAKEOFF_HOLD,0.0,0.9949,158.9884,11.127,True,NORMAL,MONITOR,False,{},"[""uav2"", ""uav1"", ""uav0""]",limited,False,{},NONE,NORMAL,SAFE,1.0,IDLE,0.0,0.0,0.0,,,0.0,False,avoidance not required,,{},,,,,,,,,,,1,tracking error high,3.348,14.425,4.289,0,0,0.0,0.0,[],-0.10850857198238373,-0.04706506058573723,5.188979625701904,-0.13023927807807922,-0.08420539647340775,4.143184661865234,-0.1082286387681961,-0.06951652467250824,4.698614120483398
16.8,INITIALIZING,2,TAKEOFF_HOLD,0.0,0.9949,158.9884,11.127,True,NORMAL,MONITOR,False,{},"[""uav2"", ""uav1"", ""uav0""]",limited,False,{},NONE,NORMAL,SAFE,1.0,IDLE,0.0,0.0,0.0,,,0.0,False,avoidance not required,,{},,,,,,,,,,,1,tracking error high,3.368,14.410,3.860,0,0,0.0,0.0,[],-0.08977275341749191,-0.03500499576330185,5.7003560066223145,-0.1177973747253418,-0.06580309569835663,4.664820671081543,-0.09681040048599243,-0.05636397749185562,5.228209972381592
17.0,INITIALIZING,2,TAKEOFF_HOLD,0.0,0.9949,158.9884,11.127,True,NORMAL,MONITOR,False,{},"[""uav2"", ""uav1"", ""uav0""]",limited,False,{},NONE,NORMAL,SAFE,1.0,IDLE,0.0,0.0,0.0,,,0.0,False,avoidance not required,,{},,,,,,,,,,,1,tracking error high,3.368,14.393,3.338,0,0,0.0,0.0,[],-0.0652686133980751,-0.017868313938379288,6.15604305267334,-0.09869381040334702,-0.04596373438835144,5.191499710083008,-0.0807243138551712,-0.041379414498806,5.743153095245361
17.2,INITIALIZING,2,TAKEOFF_HOLD,0.0,0.9947,158.9346,11.127,True,NORMAL,MONITOR,False,{},"[""uav2"", ""uav1"", ""uav0""]",limited,False,{},NONE,NORMAL,SAFE,1.0,IDLE,0.0,0.0,0.0,,,0.0,False,avoidance not required,,{},,,,,,,,,,,1,tracking error high,3.364,14.371,2.811,0,0,0.0,0.0,[],-0.04066850617527962,-0.0023098476231098175,6.523033142089844,-0.078913114964962,-0.02746318094432354,5.7093505859375,-0.06411551684141159,-0.02450677379965782,6.199200630187988
17.4,INITIALIZING,2,TAKEOFF_HOLD,0.0,0.9947,158.9346,11.127,True,NORMAL,MONITOR,False,{},"[""uav2"", ""uav1"", ""uav0""]",limited,False,{},NONE,NORMAL,SAFE,1.0,IDLE,0.0,0.0,0.0,,,0.0,False,avoidance not required,,{},,,,,,,,,,,1,tracking error high,3.351,14.347,2.292,0,0,0.0,0.0,[],-0.016102541238069534,0.012632631696760654,6.819784164428711,-0.05667336657643318,-0.010290722362697124,6.168646812438965,-0.044005852192640305,-0.005555343814194202,6.575230598449707
17.6,INITIALIZING,2,TAKEOFF_HOLD,0.0,0.9944,158.8892,11.127,True,NORMAL,MONITOR,False,{},"[""uav2"", ""uav1"", ""uav0""]",limited,False,{},NONE,NORMAL,SAFE,1.0,IDLE,0.0,0.0,0.0,,,0.0,False,avoidance not required,,{},,,,,,,,,,,0,safe,3.324,14.320,1.832,0,0,0.0,0.0,[],0.005248369183391333,0.023890461772680283,7.050188064575195,-0.03484692424535751,0.004376824479550123,6.536503791809082,-0.024211479350924492,0.010687951929867268,6.866972923278809
17.8,INITIALIZING,2,TAKEOFF_HOLD,0.0,0.9944,158.8892,11.127,True,NORMAL,MONITOR,False,{},"[""uav2"", ""uav1"", ""uav0""]",limited,False,{},NONE,NORMAL,SAFE,1.0,IDLE,0.0,0.0,0.0,,,0.0,False,avoidance not required,,{},,,,,,,,,,,0,safe,3.300,14.294,1.464,0,0,0.0,0.0,[],0.030434681102633476,0.035598285496234894,7.237161636352539,-0.008359763771295547,0.012555195018649101,6.835208892822266,-0.0016775594558566809,0.029908720403909683,7.101141452789307
18.0,RUNNING,2,TAKEOFF_HOLD,0.0,0.9944,158.8892,11.127,True,NORMAL,MONITOR,False,{},"[""uav2"", ""uav1"", ""uav0""]",limited,False,{},NONE,NORMAL,SAFE,1.0,IDLE,0.0,0.0,0.0,,,0.0,False,avoidance not required,,{},,,,,,,,,,,0,safe,3.286,14.265,1.165,0,0,0.0,0.0,[],0.05031817778944969,0.043554071336984634,7.3789143562316895,0.014794395305216312,0.01806328259408474,7.065310955047607,0.01869037188589573,0.04476526752114296,7.278627872467041
18.2,RUNNING,2,TAKEOFF_HOLD,0.001,0.9943,158.852,11.127,True,NORMAL,MONITOR,False,{},"[""uav2"", ""uav1"", ""uav0""]",limited,False,{},NONE,NORMAL,SAFE,1.0,IDLE,0.0,0.0,0.0,,,0.0,False,avoidance not required,,{},,,,,,,,,,,0,safe,3.280,14.240,0.935,0,0,0.0,0.0,[],0.07381138950586319,0.05856114625930786,7.497068881988525,0.038539767265319824,0.027708273380994797,7.249638080596924,0.05089371278882027,0.06595776975154877,7.421678066253662
18.4,RUNNING,2,TAKEOFF_HOLD,0.002,0.9943,158.852,11.127,True,NORMAL,MONITOR,False,{},"[""uav2"", ""uav1"", ""uav0""]",limited,False,{},NONE,NORMAL,SAFE,1.0,IDLE,0.0,0.0,0.0,,,0.0,False,avoidance not required,,{},,,,,,,,,,,0,safe,3.272,14.202,0.752,0,0,0.0,0.0,[],0.08980460464954376,0.0685015544295311,7.5860981941223145,0.056938622146844864,0.03557996079325676,7.388959884643555,0.07552433013916016,0.08041353523731232,7.53035831451416
18.6,RUNNING,2,TAKEOFF_HOLD,0.002,0.9941,158.8195,11.127,True,NORMAL,MONITOR,False,{},"[""uav2"", ""uav1"", ""uav0""]",limited,False,{},NONE,NORMAL,SAFE,1.0,IDLE,0.0,0.0,0.0,,,0.0,False,avoidance not required,,{},,,,,,,,,,,0,safe,3.273,14.174,0.615,0,0,0.0,0.0,[],0.1108734980225563,0.06938151270151138,7.659398078918457,0.07984744012355804,0.046170126646757126,7.507797718048096,0.0957454964518547,0.09330522269010544,7.615808010101318
18.8,RUNNING,2,TAKEOFF_HOLD,0.003,0.9941,158.8195,11.127,True,NORMAL,MONITOR,False,{},"[""uav2"", ""uav1"", ""uav0""]",limited,False,{},NONE,NORMAL,SAFE,1.0,IDLE,0.0,0.0,0.0,,,0.0,False,avoidance not required,,{},,,,,,,,,,,0,safe,3.273,14.151,0.486,0,0,0.0,0.0,[],0.12268565595149994,0.06711392104625702,7.7157721519470215,0.09592331945896149,0.053754642605781555,7.596720218658447,0.10757463425397873,0.09877146780490875,7.681634902954102
19.0,RUNNING,2,TAKEOFF_HOLD,0.004,0.9941,158.8195,11.127,True,NORMAL,MONITOR,False,{},"[""uav2"", ""uav1"", ""uav0""]",limited,False,{},NONE,NORMAL,SAFE,1.0,IDLE,0.0,0.0,0.0,,,0.0,False,avoidance not required,,{},,,,,,,,,,,0,safe,3.275,14.138,0.418,0,0,0.0,0.0,[],0.1344417929649353,0.07184137403964996,7.768343925476074,0.10622254759073257,0.05597689002752304,7.662272930145264,0.1170627698302269,0.09923484176397324,7.736929416656494
19.2,RUNNING,2,TAKEOFF_HOLD,0.005,0.9939,158.7898,11.127,True,NORMAL,MONITOR,False,{},"[""uav2"", ""uav1"", ""uav0""]",limited,False,{},NONE,NORMAL,SAFE,1.0,IDLE,0.0,0.0,0.0,,,0.0,False,avoidance not required,,{},,,,,,,,,,,0,safe,3.273,14.131,0.358,0,0,0.0,0.0,[],0.13713239133358002,0.07274552434682846,7.805843830108643,0.11018364876508713,0.05603586137294769,7.7141008377075195,0.12357517331838608,0.09836354851722717,7.782196998596191
19.4,RUNNING,2,TAKEOFF_HOLD,0.005,0.9939,158.7898,11.127,True,NORMAL,MONITOR,False,{},"[""uav2"", ""uav1"", ""uav0""]",limited,False,{},NONE,NORMAL,SAFE,1.0,IDLE,0.0,0.0,0.0,,,0.0,False,avoidance not required,,{},,,,,,,,,,,0,safe,3.274,14.127,0.311,0,0,0.0,0.0,[],0.14566771686077118,0.0741521343588829,7.8395161628723145,0.10997900366783142,0.049118828028440475,7.7582268714904785,0.1235184594988823,0.09337738156318665,7.816588401794434
19.6,RUNNING,2,TAKEOFF_HOLD,0.006,0.9938,158.7554,11.127,True,NORMAL,MONITOR,False,{},"[""uav2"", ""uav1"", ""uav0""]",limited,False,{},NONE,NORMAL,SAFE,1.0,IDLE,0.0,0.0,0.0,,,0.0,False,avoidance not required,,{},,,,,,,,,,,0,safe,3.265,14.131,0.270,0,0,0.0,0.0,[],0.14562369883060455,0.07236993312835693,7.863470077514648,0.10570883750915527,0.042541150003671646,7.792751312255859,0.12339229881763458,0.08543357998132706,7.84867000579834
19.8,RUNNING,2,TAKEOFF_HOLD,0.007,0.9938,158.7554,11.127,True,NORMAL,MONITOR,False,{},"[""uav2"", ""uav1"", ""uav0""]",limited,False,{},NONE,NORMAL,SAFE,1.0,IDLE,0.0,0.0,0.0,,,0.0,False,avoidance not required,,{},,,,,,,,,,,0,safe,3.261,14.136,0.237,0,0,0.0,0.0,[],0.14798058569431305,0.06360473483800888,7.887757301330566,0.10263636708259583,0.04138799011707306,7.822930812835693,0.11894799023866653,0.07628097385168076,7.873551845550537
20.0,RUNNING,2,TAKEOFF_HOLD,0.008,0.9938,158.7554,11.127,True,NORMAL,MONITOR,False,{},"[""uav2"", ""uav1"", ""uav0""]",limited,False,{},NONE,NORMAL,SAFE,1.0,IDLE,0.0,0.0,0.0,,,0.0,False,avoidance not required,,{},,,,,,,,,,,0,safe,3.255,14.146,0.209,0,0,0.0,0.0,[],0.14337261021137238,0.05694786459207535,7.9000749588012695,0.10086479038000107,0.03907962143421173,7.849253177642822,0.11923573166131973,0.06605006009340286,7.899864673614502
20.2,RUNNING,2,TAKEOFF_HOLD,0.008,0.9936,158.7276,11.127,True,NORMAL,MONITOR,False,{},"[""uav2"", ""uav1"", ""uav0""]",limited,False,{},NONE,NORMAL,SAFE,1.0,IDLE,0.0,0.0,0.0,,,0.0,False,avoidance not required,,{},,,,,,,,,,,0,safe,3.258,14.153,0.186,0,0,0.0,0.0,[],0.13344724476337433,0.041950397193431854,7.915175914764404,0.09511976689100266,0.03623773902654648,7.875476360321045,0.11481179296970367,0.05573840066790581,7.918430805206299
20.4,RUNNING,2,TAKEOFF_HOLD,0.009,0.9936,158.7276,11.127,True,NORMAL,MONITOR,False,{},"[""uav2"", ""uav1"", ""uav0""]",limited,False,{},NONE,NORMAL,SAFE,1.0,IDLE,0.0,0.0,0.0,,,0.0,False,avoidance not required,,{},,,,,,,,,,,0,safe,3.262,14.163,0.164,0,0,0.0,0.0,[],0.12365848571062088,0.03112286888062954,7.924844741821289,0.08961433917284012,0.0328543595969677,7.894966125488281,0.11017795652151108,0.042221538722515106,7.932250022888184
20.6,RUNNING,2,TAKEOFF_HOLD,0.01,0.9935,158.7,11.127,True,NORMAL,MONITOR,False,{},"[""uav2"", ""uav1"", ""uav0""]",limited,False,{},NONE,NORMAL,SAFE,1.0,IDLE,0.0,0.0,0.0,,,0.0,False,avoidance not required,,{},,,,,,,,,,,0,safe,3.266,14.176,0.148,0,0,0.0,0.0,[],0.10958725959062576,0.021455006673932076,7.933334827423096,0.08202772587537766,0.029910743236541748,7.911402702331543,0.10149896889925003,0.031350743025541306,7.939652919769287
20.8,RUNNING,2,TAKEOFF_HOLD,0.011,0.9935,158.7,11.127,True,NORMAL,MONITOR,False,{},"[""uav2"", ""uav1"", ""uav0""]",limited,False,{},NONE,NORMAL,SAFE,1.0,IDLE,0.0,0.0,0.0,,,0.0,False,avoidance not required,,{},,,,,,,,,,,0,safe,3.275,14.190,0.127,0,0,0.0,0.0,[],0.09380625933408737,0.0178160909563303,7.946461200714111,0.0728985071182251,0.02352459356188774,7.926036834716797,0.08990001678466797,0.01956753246486187,7.949191570281982
21.0,RUNNING,2,TAKEOFF_HOLD,0.011,0.9935,158.7,11.127,True,NORMAL,MONITOR,False,{},"[""uav2"", ""uav1"", ""uav0""]",limited,False,{},NONE,NORMAL,SAFE,1.0,IDLE,0.0,0.0,0.0,,,0.0,False,avoidance not required,,{},,,,,,,,,,,0,safe,3.279,14.206,0.109,0,0,0.0,0.0,[],0.07825152575969696,0.015321283601224422,7.953038215637207,0.06390158087015152,0.019211649894714355,7.937218189239502,0.07746876776218414,0.010441277176141739,7.956634044647217
21.2,RUNNING,2,TAKEOFF_HOLD,0.012,0.9934,158.6725,11.127,True,NORMAL,MONITOR,False,{},"[""uav2"", ""uav1"", ""uav0""]",limited,False,{},NONE,NORMAL,SAFE,1.0,IDLE,0.0,0.0,0.0,,,0.0,False,avoidance not required,,{},,,,,,,,,,,0,safe,3.286,14.222,0.093,0,0,0.0,0.0,[],0.06661084294319153,0.012242281809449196,7.96028470993042,0.054269954562187195,0.00796902272850275,7.949632167816162,0.06631235778331757,-0.0032730489037930965,7.966080188751221
21.4,RUNNING,2,TAKEOFF_HOLD,0.013,0.9934,158.6725,11.127,True,NORMAL,MONITOR,False,{},"[""uav2"", ""uav1"", ""uav0""]",limited,False,{},NONE,NORMAL,SAFE,1.0,IDLE,0.0,0.0,0.0,,,0.0,False,avoidance not required,,{},,,,,,,,,,,0,safe,3.288,14.239,0.079,0,0,0.0,0.0,[],0.05541650950908661,0.010369382798671722,7.963853359222412,0.04658326134085655,-0.0010984010295942426,7.959832668304443,0.05608755722641945,-0.010937429033219814,7.970820426940918
21.6,RUNNING,2,TAKEOFF_HOLD,0.014,0.9932,158.6457,11.127,True,NORMAL,MONITOR,False,{},"[""uav2"", ""uav1"", ""uav0""]",limited,False,{},NONE,NORMAL,SAFE,1.0,IDLE,0.0,0.0,0.0,,,0.0,False,avoidance not required,,{},,,,,,,,,,,0,safe,3.290,14.252,0.067,0,0,0.0,0.0,[],0.04877099394798279,0.005185231566429138,7.969930171966553,0.03995462507009506,-0.005480123683810234,7.965259075164795,0.05328354239463806,-0.01334354281425476,7.974630355834961
21.8,RUNNING,2,TAKEOFF_HOLD,0.014,0.9932,158.6457,11.127,True,NORMAL,MONITOR,False,{},"[""uav2"", ""uav1"", ""uav0""]",limited,False,{},NONE,NORMAL,SAFE,1.0,IDLE,0.0,0.0,0.0,,,0.0,False,avoidance not required,,{},,,,,,,,,,,0,safe,3.292,14.258,0.056,0,0,0.0,0.0,[],0.04199419543147087,0.002511165803298354,7.973092555999756,0.03278186917304993,-0.01157749630510807,7.972692012786865,0.04957722872495651,-0.013078463263809681,7.977892875671387
22.0,RUNNING,2,TAKEOFF_HOLD,0.015,0.9932,158.6457,11.127,True,NORMAL,MONITOR,False,{},"[""uav2"", ""uav1"", ""uav0""]",limited,False,{},NONE,NORMAL,SAFE,1.0,IDLE,0.0,0.0,0.0,,,0.0,False,avoidance not required,,{},,,,,,,,,,,0,safe,3.292,14.258,0.056,0,0,0.0,0.0,[],0.03736262768507004,-9.780979598872364e-05,7.979313850402832,0.029811007902026176,-0.016397936269640923,7.982115268707275,0.05183815956115723,-0.016199002042412758,7.9831318855285645
22.2,RUNNING,2,TAKEOFF_HOLD,0.016,0.9931,158.6189,11.127,True,NORMAL,MONITOR,False,{},"[""uav2"", ""uav1"", ""uav0""]",limited,False,{},NONE,NORMAL,SAFE,1.0,IDLE,0.0,0.0,0.0,,,0.0,False,avoidance not required,,{},,,,,,,,,,,0,safe,3.292,14.259,0.057,0,0,0.0,0.0,[],0.03221574425697327,-0.0005239654565230012,7.982805252075195,0.026868317276239395,-0.01769120618700981,7.987556457519531,0.052478671073913574,-0.01728055067360401,7.989551544189453
22.4,RUNNING,2,TAKEOFF_HOLD,0.017,0.9931,158.6189,11.127,True,NORMAL,MONITOR,False,{},"[""uav2"", ""uav1"", ""uav0""]",limited,False,{},NONE,NORMAL,SAFE,1.0,IDLE,0.0,0.0,0.0,,,0.0,False,avoidance not required,,{},,,,,,,,,,,0,safe,3.295,14.259,0.056,0,0,0.0,0.0,[],0.030449658632278442,-0.0006769627216272056,7.986600399017334,0.02232620120048523,-0.01886069029569626,7.992509365081787,0.05020558461546898,-0.015629099681973457,7.993260383605957
22.6,RUNNING,2,TAKEOFF_HOLD,0.017,0.993,158.5921,11.127,True,NORMAL,MONITOR,False,{},"[""uav2"", ""uav1"", ""uav0""]",limited,False,{},NONE,NORMAL,SAFE,1.0,IDLE,0.0,0.0,0.0,,,0.0,False,avoidance not required,,{},,,,,,,,,,,0,safe,3.292,14.259,0.053,0,0,0.0,0.0,[],0.02854476310312748,0.0005341366049833596,7.989593982696533,0.01863722875714302,-0.016796329990029335,7.9949116706848145,0.04922367259860039,-0.015158470720052719,7.997476100921631
22.8,RUNNING,2,TAKEOFF_HOLD,0.018,0.993,158.5921,11.127,True,NORMAL,MONITOR,False,{},"[""uav2"", ""uav1"", ""uav0""]",limited,False,{},NONE,NORMAL,SAFE,1.0,IDLE,0.0,0.0,0.0,,,0.0,False,avoidance not required,,{},,,,,,,,,,,0,safe,3.290,14.260,0.052,0,0,0.0,0.0,[],0.03244105353951454,0.0007515355246141553,7.989713668823242,0.018308386206626892,-0.017424000427126884,8.002365112304688,0.04590099677443504,-0.01245875284075737,8.000572204589844
23.0,RUNNING,2,TAKEOFF_HOLD,0.019,0.993,158.5921,11.127,True,NORMAL,MONITOR,False,{},"[""uav2"", ""uav1"", ""uav0""]",limited,False,{},NONE,NORMAL,SAFE,1.0,IDLE,0.0,0.0,0.0,,,0.0,False,avoidance not required,,{},,,,,,,,,,,0,safe,3.286,14.260,0.048,0,0,0.0,0.0,[],0.03436517342925072,0.0022878956515341997,7.99156379699707,0.018153831362724304,-0.015266697853803635,8.00628662109375,0.041452351957559586,-0.009665483608841896,8.005094528198242
23.2,RUNNING,2,TAKEOFF_HOLD,0.02,0.9928,158.5652,11.127,True,NORMAL,MONITOR,False,{},"[""uav2"", ""uav1"", ""uav0""]",limited,False,{},NONE,NORMAL,SAFE,1.0,IDLE,0.0,0.0,0.0,,,0.0,False,avoidance not required,,{},,,,,,,,,,,0,safe,3.284,14.261,0.043,0,0,0.0,0.0,[],0.03954572603106499,0.005612765438854694,8.000069618225098,0.019102811813354492,-0.01615450531244278,8.010639190673828,0.03694518655538559,-0.005736743565648794,8.00892448425293
23.4,RUNNING,2,TAKEOFF_HOLD,0.02,0.9928,158.5652,11.127,True,NORMAL,MONITOR,False,{},"[""uav2"", ""uav1"", ""uav0""]",limited,False,{},NONE,NORMAL,SAFE,1.0,IDLE,0.0,0.0,0.0,,,0.0,False,avoidance not required,,{},,,,,,,,,,,0,safe,3.280,14.262,0.040,0,0,0.0,0.0,[],0.041406139731407166,0.005723515059798956,8.008429527282715,0.019897423684597015,-0.01403715554624796,8.012430191040039,0.03636946529150009,-0.003631433704867959,8.017681121826172
23.6,RUNNING,2,TAKEOFF_HOLD,0.021,0.9927,158.5384,11.127,True,NORMAL,MONITOR,False,{},"[""uav2"", ""uav1"", ""uav0""]",limited,False,{},NONE,NORMAL,SAFE,1.0,IDLE,0.0,0.0,0.0,,,0.0,False,avoidance not required,,{},,,,,,,,,,,0,safe,3.279,14.261,0.043,0,0,0.0,0.0,[],0.04062493517994881,0.006598963867872953,8.01134204864502,0.021132824942469597,-0.015567967668175697,8.015952110290527,0.03601698577404022,-0.000957787677180022,8.025070190429688
23.8,RUNNING,2,TAKEOFF_HOLD,0.022,0.9927,158.5384,11.127,True,NORMAL,MONITOR,False,{},"[""uav2"", ""uav1"", ""uav0""]",limited,False,{},NONE,NORMAL,SAFE,1.0,IDLE,0.0,0.0,0.0,,,0.0,False,avoidance not required,,{},,,,,,,,,,,0,safe,3.281,14.259,0.044,0,0,0.0,0.0,[],0.03967763110995293,0.005796342622488737,8.018180847167969,0.021876787766814232,-0.014542228542268276,8.017549514770508,0.03428496792912483,0.002067255787551403,8.025653839111328
24.0,RUNNING,2,TAKEOFF_HOLD,0.023,0.9927,158.5384,11.127,True,NORMAL,MONITOR,False,{},"[""uav2"", ""uav1"", ""uav0""]",limited,False,{},NONE,NORMAL,SAFE,1.0,IDLE,0.0,0.0,0.0,,,0.0,False,avoidance not required,,{},,,,,,,,,,,0,safe,3.282,14.258,0.044,0,0,0.0,0.0,[],0.037266094237565994,0.0061317672953009605,8.019102096557617,0.02246176078915596,-0.017757277935743332,8.019694328308105,0.03304528817534447,0.0026069318410009146,8.021064758300781
24.2,RUNNING,2,TAKEOFF_HOLD,0.023,0.9926,158.5115,11.127,True,NORMAL,MONITOR,False,{},"[""uav2"", ""uav1"", ""uav0""]",limited,False,{},NONE,NORMAL,SAFE,1.0,IDLE,0.0,0.0,0.0,,,0.0,False,avoidance not required,,{},,,,,,,,,,,0,safe,3.285,14.259,0.042,0,0,0.0,0.0,[],0.03632858395576477,-0.0001123643305618316,8.025053024291992,0.022892499342560768,-0.01769241690635681,8.019625663757324,0.03091905638575554,0.0038444974925369024,8.017762184143066
24.4,RUNNING,2,TAKEOFF_HOLD,0.024,0.9926,158.5115,11.127,True,NORMAL,MONITOR,False,{},"[""uav2"", ""uav1"", ""uav0""]",limited,False,{},NONE,NORMAL,SAFE,1.0,IDLE,0.0,0.0,0.0,,,0.0,False,avoidance not required,,{},,,,,,,,,,,0,safe,3.287,14.259,0.044,0,0,0.0,0.0,[],0.03363242745399475,-0.003000088734552264,8.02667236328125,0.02520138770341873,-0.01954806037247181,8.016973495483398,0.02923361025750637,0.0025461690966039896,8.021544456481934
24.6,RUNNING,2,TAKEOFF_HOLD,0.025,0.9924,158.4847,11.127,True,NORMAL,MONITOR,False,{},"[""uav2"", ""uav1"", ""uav0""]",limited,False,{},NONE,NORMAL,SAFE,1.0,IDLE,0.0,0.0,0.0,,,0.0,False,avoidance not required,,{},,,,,,,,,,,0,safe,3.292,14.262,0.043,0,0,0.0,0.0,[],0.03143201023340225,-0.006079050712287426,8.027239799499512,0.025818372145295143,-0.01786777749657631,8.014141082763672,0.02633419819176197,0.0029609089251607656,8.022785186767578
24.8,RUNNING,2,TAKEOFF_HOLD,0.026,0.9924,158.4847,11.127,True,NORMAL,MONITOR,False,{},"[""uav2"", ""uav1"", ""uav0""]",limited,False,{},NONE,NORMAL,SAFE,1.0,IDLE,0.0,0.0,0.0,,,0.0,False,avoidance not required,,{},,,,,,,,,,,0,safe,3.294,14.263,0.042,0,0,0.0,0.0,[],0.02831629291176796,-0.006937330588698387,8.025638580322266,0.02299082651734352,-0.019224651157855988,8.017197608947754,0.02150258980691433,0.003237198805436492,8.023950576782227
25.0,RUNNING,2,TAKEOFF_HOLD,0.026,0.9924,158.4847,11.127,True,NORMAL,MONITOR,False,{},"[""uav2"", ""uav1"", ""uav0""]",limited,False,{},NONE,NORMAL,SAFE,1.0,IDLE,0.0,0.0,0.0,,,0.0,False,avoidance not required,,{},,,,,,,,,,,0,safe,3.295,14.267,0.039,0,0,0.0,0.0,[],0.02827155403792858,-0.008794243447482586,8.028711318969727,0.020099084824323654,-0.01711486466228962,8.019386291503906,0.017600450664758682,0.004077838733792305,8.023656845092773
25.2,RUNNING,2,TAKEOFF_HOLD,0.027,0.9923,158.4578,11.127,True,NORMAL,MONITOR,False,{},"[""uav2"", ""uav1"", ""uav0""]",limited,False,{},NONE,NORMAL,SAFE,1.0,IDLE,0.0,0.0,0.0,,,0.0,False,avoidance not required,,{},,,,,,,,,,,0,safe,3.292,14.269,0.041,0,0,0.0,0.0,[],0.026577316224575043,-0.008609559386968613,8.027613639831543,0.018742235377430916,-0.01873616874217987,8.0271577835083,0.01611829549074173,0.002931664464995265,8.025464057922363
25.4,RUNNING,2,TAKEOFF_HOLD,0.028,0.9923,158.4578,11.127,True,NORMAL,MONITOR,False,{},"[""uav2"", ""uav1"", ""uav0""]",limited,False,{},NONE,NORMAL,SAFE,1.0,IDLE,0.0,0.0,0.0,,,0.0,False,avoidance not required,,{},,,,,,,,,,,0,safe,3.292,14.271,0.039,0,0,0.0,0.0,[],0.029183004051446915,-0.009277389384806156,8.032655715942383,0.01961621828377247,-0.019534461200237274,8.038836479187012,0.015895618125796318,0.004242015071213245,8.025530815124512
25.6,RUNNING,2,TAKEOFF_HOLD,0.029,0.9922,158.431,11.127,True,NORMAL,MONITOR,False,{},"[""uav2"", ""uav1"", ""uav0""]",limited,False,{},NONE,NORMAL,SAFE,1.0,IDLE,0.0,0.0,0.0,,,0.0,False,avoidance not required,,{},,,,,,,,,,,0,safe,3.290,14.270,0.048,0,0,0.0,0.0,[],0.028945237398147583,-0.008064408786594868,8.03221321105957,0.019550694152712822,-0.017308887094259262,8.041062355041504,0.015227709896862507,0.005794025491923094,8.025818824768066
25.8,RUNNING,2,TAKEOFF_HOLD,0.029,0.9922,158.431,11.127,True,NORMAL,MONITOR,False,{},"[""uav2"", ""uav1"", ""uav0""]",limited,False,{},NONE,NORMAL,SAFE,1.0,IDLE,0.0,0.0,0.0,,,0.0,False,avoidance not required,,{},,,,,,,,,,,0,safe,3.291,14.269,0.049,0,0,0.0,0.0,[],0.0299382284283638,-0.010394568555057049,8.037126541137695,0.021040447056293488,-0.01768014207482338,8.044919967651367,0.017893748357892036,0.006253903731703758,8.028802871704102
26.0,RUNNING,3,DEPARTURE_FORMATION,0.03,0.9922,158.431,11.127,True,NORMAL,MONITOR,False,{},"[""uav2"", ""uav1"", ""uav0""]",limited,False,{},NONE,NORMAL,SAFE,1.0,IDLE,0.0,0.0,0.0,,,0.0,False,avoidance not required,,{},,,,,,,,,,,0,safe,3.291,14.267,0.053,0,0,0.0,0.0,[],0.028328850865364075,-0.010579042136669159,8.036734580993652,0.021003060042858124,-0.015607479028403759,8.043659210205078,0.018825707957148552,0.007014337461441755,8.030261039733887
26.2,RUNNING,3,DEPARTURE_FORMATION,0.031,0.992,158.4042,11.127,True,NORMAL,MONITOR,False,{},"[""uav2"", ""uav1"", ""uav0""]",limited,False,{},NONE,NORMAL,SAFE,1.0,IDLE,0.0,0.0,0.0,,,0.0,False,avoidance not required,,{},,,,,,,,,,,0,safe,3.293,14.266,0.051,0,0,0.0,0.0,[],0.030826784670352936,-0.0062052346765995026,8.041156768798828,0.025991909205913544,-0.015699369832873344,8.049214363098145,0.022181879729032516,0.007532775402069092,8.035977363586426
26.4,RUNNING,3,DEPARTURE_FORMATION,0.032,0.992,158.4042,11.127,True,NORMAL,MONITOR,False,{},"[""uav2"", ""uav1"", ""uav0""]",limited,False,{},NONE,NORMAL,SAFE,1.0,IDLE,0.0,0.0,0.0,,,0.0,False,avoidance not required,,{},,,,,,,,,,,0,safe,3.295,14.263,0.060,0,0,0.0,0.0,[],0.030289415270090103,-0.0018191139679402113,8.039141654968262,0.028620664030313492,-0.013429750688374043,8.051018714904785,0.022858303040266037,0.00801102351397276,8.037118911743164
26.6,RUNNING,3,DEPARTURE_FORMATION,0.032,0.9919,158.3773,11.127,True,NORMAL,MONITOR,False,{},"[""uav2"", ""uav1"", ""uav0""]",limited,False,{},NONE,NORMAL,SAFE,1.0,IDLE,0.0,0.0,0.0,,,0.0,False,avoidance not required,,{},,,,,,,,,,,0,safe,3.294,14.262,0.066,0,0,0.0,0.0,[],0.03513248264789581,-0.00205029034987092,8.041425704956055,0.032222114503383636,-0.01064467802643776,8.055156707763672,0.023042619228363037,0.010193252936005592,8.042379379272461
26.8,RUNNING,3,DEPARTURE_FORMATION,0.033,0.9919,158.3773,11.127,True,NORMAL,MONITOR,False,{},"[""uav2"", ""uav1"", ""uav0""]",limited,False,{},NONE,NORMAL,SAFE,1.0,IDLE,0.0,0.0,0.0,,,0.0,False,avoidance not required,,{},,,,,,,,,,,0,safe,3.291,14.261,0.079,0,0,0.0,0.0,[],0.03561713919043541,-0.0027685335371643305,8.040985107421875,0.03714747726917267,-0.005539516918361187,8.058244705200195,0.02207137644290924,0.010364578105509281,8.04517650604248
27.0,RUNNING,3,DEPARTURE_FORMATION,0.034,0.9919,158.3773,11.127,True,NORMAL,MONITOR,False,{},"[""uav2"", ""uav1"", ""uav0""]",limited,False,{},NONE,NORMAL,SAFE,1.0,IDLE,0.0,0.0,0.0,,,0.0,False,avoidance not required,,{},,,,,,,,,,,0,safe,3.285,14.261,0.096,0,0,0.0,0.0,[],0.04331705719232559,0.0002679599856492132,8.048177719116211,0.03781857714056969,0.0015733139589428902,8.056811332702637,0.025408199056982994,0.007176584098488092,8.053061485290527
27.2,RUNNING,3,DEPARTURE_FORMATION,0.035,0.9918,158.3503,11.127,True,NORMAL,MONITOR,False,{},"[""uav2"", ""uav1"", ""uav0""]",limited,False,{},NONE,NORMAL,SAFE,1.0,IDLE,0.0,0.0,0.0,,,0.0,False,avoidance not required,,{},,,,,,,,,,,0,safe,3.288,14.261,0.117,0,0,0.0,0.0,[],0.04520675539970398,-0.0009898412972688675,8.048151016235352,0.04154814034700394,0.008483336307108402,8.061116218566895,0.025757629424333572,0.0009884977480396628,8.054553985595703
27.4,RUNNING,3,DEPARTURE_FORMATION,0.035,0.9918,158.3503,11.127,True,NORMAL,MONITOR,False,{},"[""uav2"", ""uav1"", ""uav0""]",limited,False,{},NONE,NORMAL,SAFE,1.0,IDLE,0.0,0.0,0.0,,,0.0,False,avoidance not required,,{},,,,,,,,,,,0,safe,3.284,14.265,0.146,0,0,0.0,0.0,[],0.047813333570957184,-0.005953558720648289,8.051023483276367,0.04116528481245041,0.018656427040696144,8.060088157653809,0.028774740174412727,-0.0059103164821863174,8.054842948913574
27.6,RUNNING,3,DEPARTURE_FORMATION,0.036,0.9916,158.3211,11.127,True,NORMAL,MONITOR,False,{},"[""uav2"", ""uav1"", ""uav0""]",limited,False,{},NONE,NORMAL,SAFE,1.0,IDLE,0.0,0.0,0.0,,,0.0,False,avoidance not required,,{},,,,,,,,,,,0,safe,3.288,14.268,0.180,0,0,0.0,0.0,[],0.046202804893255234,-0.01695025898516178,8.047628402709961,0.04362556338310242,0.033286549150943756,8.061124801635742,0.028767384588718414,-0.018703732639551163,8.05285358428955
27.8,RUNNING,3,DEPARTURE_FORMATION,0.037,0.9916,158.3211,11.127,True,NORMAL,MONITOR,False,{},"[""uav2"", ""uav1"", ""uav0""]",limited,False,{},NONE,NORMAL,SAFE,1.0,IDLE,0.0,0.0,0.0,,,0.0,False,avoidance not required,,{},,,,,,,,,,,0,safe,3.286,14.277,0.213,0,0,0.0,0.0,[],0.04836007580161095,-0.029871826991438866,8.049701690673828,0.04226966202259064,0.05203170329332352,8.057530403137207,0.036389678716659546,-0.036196328699588776,8.05457592010498
28.0,RUNNING,3,DEPARTURE_FORMATION,0.038,0.9916,158.3211,11.127,True,NORMAL,MONITOR,False,{},"[""uav2"", ""uav1"", ""uav0""]",limited,False,{},NONE,NORMAL,SAFE,1.0,IDLE,0.0,0.0,0.0,,,0.0,False,avoidance not required,,{},,,,,,,,,,,0,safe,3.294,14.284,0.249,0,0,0.0,0.0,[],0.05755685642361641,-0.050765909254550934,8.054647445678711,0.048373349010944366,0.08281493186950684,8.057537078857422,0.0372425802052021,-0.059871360659599304,8.054353713989258
28.2,RUNNING,3,DEPARTURE_FORMATION,0.038,0.9915,158.2938,11.127,True,NORMAL,MONITOR,False,{},"[""uav2"", ""uav1"", ""uav0""]",limited,False,{},NONE,NORMAL,SAFE,1.0,IDLE,0.0,0.0,0.0,,,0.0,False,avoidance not required,,{},,,,,,,,,,,0,safe,3.292,14.300,0.283,0,0,0.0,0.0,[],0.05964764580130577,-0.07300583273172379,8.05195426940918,0.04839096590876579,0.1083250343799591,8.054725646972656,0.03590533882379532,-0.08823943138122559,8.058579444885254
28.4,RUNNING,3,DEPARTURE_FORMATION,0.039,0.9915,158.2938,11.127,True,NORMAL,MONITOR,False,{},"[""uav2"", ""uav1"", ""uav0""]",limited,False,{},NONE,NORMAL,SAFE,1.0,IDLE,0.0,0.0,0.0,,,0.0,False,avoidance not required,,{},,,,,,,,,,,0,safe,3.293,14.321,0.320,0,0,0.0,0.0,[],0.06237749010324478,-0.10771981626749039,8.057260513305664,0.054212786257267,0.14751538634300232,8.057212829589844,0.030602827668190002,-0.12285813689231873,8.057358741760254
28.6,RUNNING,3,DEPARTURE_FORMATION,0.04,0.9913,158.2665,11.127,True,NORMAL,MONITOR,False,{},"[""uav2"", ""uav1"", ""uav0""]",limited,False,{},NONE,NORMAL,SAFE,1.0,IDLE,0.0,0.0,0.0,,,0.0,False,avoidance not required,,{},,,,,,,,,,,0,safe,3.288,14.349,0.350,0,0,0.0,0.0,[],0.061038415879011154,-0.14920251071453094,8.058855056762695,0.054381683468818665,0.18959356844425201,8.05416488647461,0.03062725067138672,-0.15901485085487366,8.061406135559082
28.8,RUNNING,3,DEPARTURE_FORMATION,0.041,0.9913,158.2665,11.127,True,NORMAL,MONITOR,False,{},"[""uav2"", ""uav1"", ""uav0""]",limited,False,{},NONE,NORMAL,SAFE,1.0,IDLE,0.0,0.0,0.0,,,0.0,False,avoidance not required,,{},,,,,,,,,,,0,safe,3.295,14.374,0.377,0,0,0.0,0.0,[],0.06804101914167404,-0.19154974818229675,8.065762519836426,0.05650148168206215,0.23705822229385376,8.058939933776855,0.025206036865711212,-0.20293501019477844,8.063389778137207
29.0,RUNNING,3,DEPARTURE_FORMATION,0.041,0.9913,158.2665,11.127,True,NORMAL,MONITOR,False,{},"[""uav2"", ""uav1"", ""uav0""]",limited,False,{},NONE,NORMAL,SAFE,1.0,IDLE,0.0,0.0,0.0,,,0.0,False,avoidance not required,,{},,,,,,,,,,,0,safe,3.298,14.409,0.407,0,0,0.0,0.0,[],0.07044095546007156,-0.24124838411808014,8.065201759338379,0.053199246525764465,0.28743407130241394,8.059680938720703,0.024427054449915886,-0.25061994791030884,8.072844505310059
29.2,RUNNING,3,DEPARTURE_FORMATION,0.042,0.9912,158.2391,11.127,True,NORMAL,MONITOR,False,{},"[""uav2"", ""uav1"", ""uav0""]",limited,False,{},NONE,NORMAL,SAFE,1.0,IDLE,0.0,0.0,0.0,,,0.0,False,avoidance not required,,{},,,,,,,,,,,0,safe,3.315,14.444,0.433,0,0,0.0,0.0,[],0.07778118550777435,-0.29581770300865173,8.073939323425293,0.05124718323349953,0.34421229362487793,8.067156791687012,0.017722738906741142,-0.3051994740962982,8.074121475219727
29.4,RUNNING,3,DEPARTURE_FORMATION,0.043,0.9912,158.2391,11.127,True,NORMAL,MONITOR,False,{},"[""uav2"", ""uav1"", ""uav0""]",limited,False,{},NONE,NORMAL,SAFE,1.0,IDLE,0.0,0.0,0.0,,,0.0,False,avoidance not required,,{},,,,,,,,,,,0,safe,3.330,14.487,0.456,0,0,0.0,0.0,[],0.08046155422925949,-0.3567008376121521,8.073051452636719,0.045479755848646164,0.4036329984664917,8.067631721496582,0.015487594529986382,-0.3586586117744446,8.078046798706055
29.6,RUNNING,3,DEPARTURE_FORMATION,0.044,0.9911,158.2116,11.127,True,NORMAL,MONITOR,False,{},"[""uav2"", ""uav1"", ""uav0""]",limited,False,{},NONE,NORMAL,SAFE,1.0,IDLE,0.0,0.0,0.0,,,0.0,False,avoidance not required,,{},,,,,,,,,,,0,safe,3.352,14.527,0.484,0,0,0.0,0.0,[],0.09137626737356186,-0.4245064854621887,8.067496299743652,0.04181823506951332,0.47391149401664734,8.071504592895508,0.017618708312511444,-0.4152434170246124,8.081035614013672
29.8,RUNNING,3,DEPARTURE_FORMATION,0.044,0.9911,158.2116,11.127,True,NORMAL,MONITOR,False,{},"[""uav2"", ""uav1"", ""uav0""]",limited,False,{},NONE,NORMAL,SAFE,1.0,IDLE,0.0,0.0,0.0,,,0.0,False,avoidance not required,,{},,,,,,,,,,,0,safe,3.372,14.566,0.511,0,0,0.0,0.0,[],0.09655091911554337,-0.49665969610214233,8.059691429138184,0.03542273864150047,0.5450015068054199,8.069347381591797,0.011917931959033012,-0.4812893867492676,8.077713012695312
30.0,RUNNING,3,DEPARTURE_FORMATION,0.045,0.9911,158.2116,11.127,True,NORMAL,MONITOR,False,{},"[""uav2"", ""uav1"", ""uav0""]",limited,False,{},NONE,NORMAL,SAFE,1.0,IDLE,0.0,0.0,0.0,,,0.0,False,avoidance not required,,{},,,,,,,,,,,0,safe,3.402,14.617,0.529,0,0,0.0,0.0,[],0.10775785893201828,-0.5686303973197937,8.061047554016113,0.03528507798910141,0.6207224130630493,8.06443977355957,0.01034617517143488,-0.5502188801765442,8.079948425292969
30.2,RUNNING,3,DEPARTURE_FORMATION,0.046,0.9909,158.1841,11.127,True,NORMAL,MONITOR,False,{},"[""uav2"", ""uav1"", ""uav0""]",limited,False,{},NONE,NORMAL,SAFE,1.0,IDLE,0.0,0.0,0.0,,,0.0,False,avoidance not required,,{},,,,,,,,,,,0,safe,3.440,14.668,0.547,0,0,0.0,0.0,[],0.11309762299060822,-0.6451910138130188,8.058476448059082,0.031799525022506714,0.6965406537055969,8.058507919311523,0.0008449217421002686,-0.6271378397941589,8.078694343566895
30.4,RUNNING,3,DEPARTURE_FORMATION,0.047,0.9909,158.1841,11.127,True,NORMAL,MONITOR,False,{},"[""uav2"", ""uav1"", ""uav0""]",limited,False,{},NONE,NORMAL,SAFE,1.0,IDLE,0.0,0.0,0.0,,,0.0,False,avoidance not required,,{},,,,,,,,,,,0,safe,3.487,14.730,0.557,0,0,0.0,0.0,[],0.1295081079006195,-0.7340017557144165,8.071245193481445,0.031162887811660767,0.7944376468658447,8.061403274536133,-0.007502461317926645,-0.7083215713500977,8.086309432983398
30.6,RUNNING,3,DEPARTURE_FORMATION,0.047,0.9908,158.1565,11.127,True,NORMAL,MONITOR,False,{},"[""uav2"", ""uav1"", ""uav0""]",limited,False,{},NONE,NORMAL,SAFE,1.0,IDLE,0.0,0.0,0.0,,,0.0,False,avoidance not required,,{},,,,,,,,,,,0,safe,3.540,14.794,0.565,0,0,0.0,0.0,[],0.1437651515007019,-0.8030515909194946,8.076346397399902,0.028052838519215584,0.863986074924469,8.060381889343262,-0.014309016987681389,-0.7927044630050659,8.098246574401855
30.8,RUNNING,3,DEPARTURE_FORMATION,0.048,0.9908,158.1565,11.127,True,NORMAL,MONITOR,False,{},"[""uav2"", ""uav1"", ""uav0""]",limited,False,{},NONE,NORMAL,SAFE,1.0,IDLE,0.0,0.0,0.0,,,0.0,False,avoidance not required,,{},,,,,,,,,,,0,safe,3.594,14.860,0.572,0,0,0.0,0.0,[],0.15247201919555664,-0.8885215520858765,8.074203491210938,0.02957562357187271,0.9568092823028564,8.066834449768066,-0.02721288427710533,-0.8812360167503357,8.09687328338623
31.0,RUNNING,3,DEPARTURE_FORMATION,0.049,0.9908,158.1565,11.127,True,NORMAL,MONITOR,False,{},"[""uav2"", ""uav1"", ""uav0""]",limited,False,{},NONE,NORMAL,SAFE,1.0,IDLE,0.0,0.0,0.0,,,0.0,False,avoidance not required,,{},,,,,,,,,,,0,safe,3.674,14.933,0.573,0,0,0.0,0.0,[],0.16208916902542114,-0.9782904982566833,8.076611518859863,0.027422970160841942,1.0460716485977173,8.06679916381836,-0.03365204110741615,-0.9729901552200317,8.093621253967285
31.2,RUNNING,3,DEPARTURE_FORMATION,0.05,0.9906,158.1288,11.127,True,NORMAL,MONITOR,False,{},"[""uav2"", ""uav1"", ""uav0""]",limited,False,{},NONE,NORMAL,SAFE,1.0,IDLE,0.0,0.0,0.0,,,0.0,False,avoidance not required,,{},,,,,,,,,,,0,safe,3.757,15.004,0.571,0,0,0.0,0.0,[],0.17679089307785034,-1.0687947273254395,8.075244903564453,0.026022620499134064,1.1388427019119263,8.075214385986328,-0.04632150009274483,-1.0666892528533936,8.089436531066895
31.4,RUNNING,3,DEPARTURE_FORMATION,0.05,0.9906,158.1288,11.127,True,NORMAL,MONITOR,False,{},"[""uav2"", ""uav1"", ""uav0""]",limited,False,{},NONE,NORMAL,SAFE,1.0,IDLE,0.0,0.0,0.0,,,0.0,False,avoidance not required,,{},,,,,,,,,,,0,safe,3.846,15.082,0.566,0,0,0.0,0.0,[],0.18315009772777557,-1.1602327823638916,8.068551063537598,0.02208787202835083,1.2272629737854004,8.076870918273926,-0.05814751982688904,-1.1591761112213135,8.094590187072754
31.6,RUNNING,3,DEPARTURE_FORMATION,0.051,0.9905,158.1011,11.127,True,NORMAL,MONITOR,False,{},"[""uav2"", ""uav1"", ""uav0""]",limited,False,{},NONE,NORMAL,SAFE,1.0,IDLE,0.0,0.0,0.0,,,0.0,False,avoidance not required,,{},,,,,,,,,,,0,safe,3.944,15.158,0.563,0,0,0.0,0.0,[],0.18848569691181183,-1.2551149129867554,8.067541122436523,0.023844486102461815,1.3152447938919067,8.082514762878418,-0.06774856150150299,-1.254641056060791,8.096647262573242
31.8,RUNNING,3,DEPARTURE_FORMATION,0.052,0.9905,158.1011,11.127,True,NORMAL,MONITOR,False,{},"[""uav2"", ""uav1"", ""uav0""]",limited,False,{},NONE,NORMAL,SAFE,1.0,IDLE,0.0,0.0,0.0,,,0.0,False,avoidance not required,,{},,,,,,,,,,,0,safe,4.054,15.235,0.557,0,0,0.0,0.0,[],0.18905863165855408,-1.3494211435317993,8.062796592712402,0.021953513845801353,1.4010131359100342,8.08000659942627,-0.08252586424350739,-1.3508480787277222,8.090557098388672
32.0,RUNNING,3,DEPARTURE_FORMATION,0.053,0.9905,158.1011,11.127,True,NORMAL,MONITOR,False,{},"[""uav2"", ""uav1"", ""uav0""]",limited,False,{},NONE,NORMAL,SAFE,1.0,IDLE,0.0,0.0,0.0,,,0.0,False,avoidance not required,,{},,,,,,,,,,,0,safe,4.169,15.316,0.547,0,0,0.0,0.0,[],0.19906260073184967,-1.46125328540802,8.063695907592773,0.0218716561794281,1.5020469427108765,8.079228401184082,-0.09429945051670074,-1.4510701894760132,8.08720874786377
32.2,RUNNING,3,DEPARTURE_FORMATION,0.053,0.9904,158.0735,11.127,True,NORMAL,MONITOR,False,{},"[""uav2"", ""uav1"", ""uav0""]",limited,False,{},NONE,NORMAL,SAFE,1.0,IDLE,0.0,0.0,0.0,,,0.0,False,avoidance not required,,{},,,,,,,,,,,0,safe,4.305,15.398,0.533,0,0,0.0,0.0,[],0.20177550613880157,-1.5407007932662964,8.062026023864746,0.019415462389588356,1.573941707611084,8.074670791625977,-0.10980408638715744,-1.5491454601287842,8.080765724182129
32.4,RUNNING,3,DEPARTURE_FORMATION,0.054,0.9904,158.0735,11.127,True,NORMAL,MONITOR,False,{},"[""uav2"", ""uav1"", ""uav0""]",limited,False,{},NONE,NORMAL,SAFE,1.0,IDLE,0.0,0.0,0.0,,,0.0,False,avoidance not required,,{},,,,,,,,,,,0,safe,4.417,15.481,0.518,0,0,0.0,0.0,[],0.2093247026205063,-1.6298397779464722,8.069437980651855,0.02347613498568535,1.662536859512329,8.077043533325195,-0.12362146377563477,-1.6480766534805298,8.081314086914062
32.6,RUNNING,3,DEPARTURE_FORMATION,0.055,0.9902,158.046,11.127,True,NORMAL,MONITOR,False,{},"[""uav2"", ""uav1"", ""uav0""]",limited,False,{},NONE,NORMAL,SAFE,1.0,IDLE,0.0,0.0,0.0,,,0.0,False,avoidance not required,,{},,,,,,,,,,,0,safe,4.532,15.565,0.510,0,0,0.0,0.0,[],0.2150331437587738,-1.7252001762390137,8.082093238830566,0.023241443559527397,1.7491518259048462,8.075019836425781,-0.13959096372127533,-1.743226408958435,8.078380584716797
32.8,RUNNING,3,DEPARTURE_FORMATION,0.056,0.9902,158.046,11.127,True,NORMAL,MONITOR,False,{},"[""uav2"", ""uav1"", ""uav0""]",limited,False,{},NONE,NORMAL,SAFE,1.0,IDLE,0.0,0.0,0.0,,,0.0,False,avoidance not required,,{},,,,,,,,,,,0,safe,4.673,15.646,0.487,0,0,0.0,0.0,[],0.21679840981960297,-1.8175857067108154,8.08305835723877,0.027825040742754936,1.8434498310089111,8.07993221282959,-0.1516713798046112,-1.8382455110549927,8.07900619506836
33.0,RUNNING,3,DEPARTURE_FORMATION,0.056,0.9902,158.046,11.127,True,NORMAL,MONITOR,False,{},"[""uav2"", ""uav1"", ""uav0""]",limited,False,{},NONE,NORMAL,SAFE,1.0,IDLE,0.0,0.0,0.0,,,0.0,False,avoidance not required,,{},,,,,,,,,,,0,safe,4.815,15.726,0.470,0,0,0.0,0.0,[],0.22348086535930634,-1.910025715827942,8.088362693786621,0.027705784887075424,1.9339425563812256,8.077971458435059,-0.16057240962982178,-1.9317398071289062,8.0831880569458
33.2,RUNNING,3,DEPARTURE_FORMATION,0.057,0.9901,158.0184,11.127,True,NORMAL,MONITOR,False,{},"[""uav2"", ""uav1"", ""uav0""]",limited,False,{},NONE,NORMAL,SAFE,1.0,IDLE,0.0,0.0,0.0,,,0.0,False,avoidance not required,,{},,,,,,,,,,,0,safe,4.941,15.702,0.470,0,0,0.0,0.0,[],0.22629109025001526,-1.9984527826309204,8.087272644042969,0.030431672930717468,2.017458438873291,8.074524879455566,-0.17279338836669922,-2.0205018520355225,8.081496238708496
33.4,RUNNING,3,DEPARTURE_FORMATION,0.058,0.9901,158.0184,11.127,True,NORMAL,MONITOR,False,{},"[""uav2"", ""uav1"", ""uav0""]",limited,False,{},NONE,NORMAL,SAFE,1.0,IDLE,0.0,0.0,0.0,,,0.0,False,avoidance not required,,{},,,,,,,,,,,0,safe,5.076,15.657,0.455,0,0,0.0,0.0,[],0.2353481650352478,-2.085282802581787,8.092536926269531,0.02885972522199154,2.0989065170288086,8.069618225097656,-0.18401232361793518,-2.1099371910095215,8.084229469299316
33.6,RUNNING,3,DEPARTURE_FORMATION,0.059,0.99,157.9909,11.127,True,NORMAL,MONITOR,False,{},"[""uav2"", ""uav1"", ""uav0""]",limited,False,{},NONE,NORMAL,SAFE,1.0,IDLE,0.0,0.0,0.0,,,0.0,False,avoidance not required,,{},,,,,,,,,,,0,safe,5.204,15.617,0.440,0,0,0.0,0.0,[],0.24041472375392914,-2.168215274810791,8.088990211486816,0.03171376511454582,2.1778690814971924,8.070535659790039,-0.19705632328987122,-2.194645404815674,8.082456588745117
33.8,RUNNING,3,DEPARTURE_FORMATION,0.059,0.99,157.9909,11.127,True,NORMAL,MONITOR,False,{},"[""uav2"", ""uav1"", ""uav0""]",limited,False,{},NONE,NORMAL,SAFE,1.0,IDLE,0.0,0.0,0.0,,,0.0,False,avoidance not required,,{},,,,,,,,,,,0,safe,5.343,15.575,0.411,0,0,0.0,0.0,[],0.2531183958053589,-2.268486976623535,8.09018325805664,0.03024570271372795,2.267073631286621,8.069351196289062,-0.20450396835803986,-2.2833056449890137,8.08725643157959
34.0,RUNNING,3,DEPARTURE_FORMATION,0.06,0.99,157.9909,11.127,True,NORMAL,MONITOR,False,{},"[""uav2"", ""uav1"", ""uav0""]",limited,False,{},NONE,NORMAL,SAFE,1.0,IDLE,0.0,0.0,0.0,,,0.0,False,avoidance not required,,{},,,,,,,,,,,0,safe,5.481,15.532,0.387,0,0,0.0,0.0,[],0.2580506503582001,-2.33620285987854,8.086311340332031,0.03509024530649185,2.3246774673461914,8.072032928466797,-0.21466724574565887,-2.364539623260498,8.0845365524292
34.2,RUNNING,3,DEPARTURE_FORMATION,0.061,0.9898,157.9634,11.127,True,NORMAL,MONITOR,False,{},"[""uav2"", ""uav1"", ""uav0""]",limited,False,{},NONE,NORMAL,SAFE,1.0,IDLE,0.0,0.0,0.0,,,0.0,False,avoidance not required,,{},,,,,,,,,,,0,safe,5.585,15.499,0.387,0,0,0.0,0.0,[],0.2713363766670227,-2.4201338291168213,8.084057807922363,0.034837156534194946,2.394404649734497,8.069679260253906,-0.2218475341796875,-2.4440677165985107,8.087523460388184
34.4,RUNNING,3,DEPARTURE_FORMATION,0.062,0.9898,157.9634,11.127,True,NORMAL,MONITOR,False,{},"[""uav2"", ""uav1"", ""uav0""]",limited,False,{},NONE,NORMAL,SAFE,1.0,IDLE,0.0,0.0,0.0,,,0.0,False,avoidance not required,,{},,,,,,,,,,,0,safe,5.707,15.465,0.371,0,0,0.0,0.0,[],0.28704848885536194,-2.5002286434173584,8.086899757385254,0.040447935461997986,2.4565932750701904,8.075340270996094,-0.23155362904071808,-2.516324758529663,8.084704399108887
34.6,RUNNING,3,DEPARTURE_FORMATION,0.062,0.9897,157.936,11.127,True,NORMAL,MONITOR,False,{},"[""uav2"", ""uav1"", ""uav0""]",limited,False,{},NONE,NORMAL,SAFE,1.0,IDLE,0.0,0.0,0.0,,,0.0,False,avoidance not required,,{},,,,,,,,,,,0,safe,5.822,15.429,0.360,0,0,0.0,0.0,[],0.29635339975357056,-2.583082437515259,8.083264350891113,0.040254756808280945,2.5306317806243896,8.075650215148926,-0.23875005543231964,-2.5869815349578857,8.091229438781738
34.8,RUNNING,3,DEPARTURE_FORMATION,0.063,0.9897,157.936,11.127,True,NORMAL,MONITOR,False,{},"[""uav2"", ""uav1"", ""uav0""]",limited,False,{},NONE,NORMAL,SAFE,1.0,IDLE,0.0,0.0,0.0,,,0.0,False,avoidance not required,,{},,,,,,,,,,,0,safe,5.933,15.399,0.341,0,0,0.0,0.0,[],0.3020656406879425,-2.6394619941711426,8.084304809570312,0.04373527690768242,2.5919666290283203,8.08024787902832,-0.24824270606040955,-2.6511502265930176,8.08932876586914
35.0,RUNNING,3,DEPARTURE_FORMATION,0.064,0.9897,157.936,11.127,True,NORMAL,MONITOR,False,{},"[""uav2"", ""uav1"", ""uav0""]",limited,False,{},NONE,NORMAL,SAFE,1.0,IDLE,0.0,0.0,0.0,,,0.0,False,avoidance not required,,{},,,,,,,,,,,0,safe,6.045,15.361,0.312,0,0,0.0,0.0,[],0.3037131726741791,-2.700192451477051,8.080009460449219,0.041571952402591705,2.6438560485839844,8.078461647033691,-0.2571512460708618,-2.7175285816192627,8.091252326965332
35.2,RUNNING,3,DEPARTURE_FORMATION,0.065,0.9895,157.9086,11.127,True,NORMAL,MONITOR,False,{},"[""uav2"", ""uav1"", ""uav0""]",limited,False,{},NONE,NORMAL,SAFE,1.0,IDLE,0.0,0.0,0.0,,,0.0,False,avoidance not required,,{},,,,,,,,,,,0,safe,6.039,15.338,0.294,0,0,0.0,0.0,[],0.3094955384731293,-2.7593307495117188,8.079870223999023,0.05021362751722336,2.696950912475586,8.080248832702637,-0.2668651342391968,-2.7757151126861572,8.086572647094727
35.4,RUNNING,3,DEPARTURE_FORMATION,0.065,0.9895,157.9086,11.127,True,NORMAL,MONITOR,False,{},"[""uav2"", ""uav1"", ""uav0""]",limited,False,{},NONE,NORMAL,SAFE,1.0,IDLE,0.0,0.0,0.0,,,0.0,False,avoidance not required,,{},,,,,,,,,,,0,safe,6.024,15.305,0.272,0,0,0.0,0.0,[],0.31004196405410767,-2.8110902309417725,8.075599670410156,0.05803181603550911,2.7420737743377686,8.0830659866333,-0.27197137475013733,-2.8319737911224365,8.078706741333008
35.6,RUNNING,3,DEPARTURE_FORMATION,0.066,0.9894,157.8813,11.127,True,NORMAL,MONITOR,False,{},"[""uav2"", ""uav1"", ""uav0""]",limited,False,{},NONE,NORMAL,SAFE,1.0,IDLE,0.0,0.0,0.0,,,0.0,False,avoidance not required,,{},,,,,,,,,,,0,safe,6.006,15.255,0.223,0,0,0.0,0.0,[],0.3148178160190582,-2.863773822784424,8.07495403289795,0.05714923515915871,2.7887730598449707,8.079211235046387,-0.2787737250328064,-2.8795597553253174,8.071778297424316
35.8,RUNNING,3,DEPARTURE_FORMATION,0.067,0.9894,157.8813,11.127,True,NORMAL,MONITOR,False,{},"[""uav2"", ""uav1"", ""uav0""]",limited,False,{},NONE,NORMAL,SAFE,1.0,IDLE,0.0,0.0,0.0,,,0.0,False,avoidance not required,,{},,,,,,,,,,,0,safe,6.006,15.255,0.223,0,0,0.0,0.0,[],0.3195704519748688,-2.914017677307129,8.077046394348145,0.05608339235186577,2.8274784088134766,8.080888748168945,-0.28113821148872375,-2.92547345161438,8.07296371459961
36.0,RUNNING,4,OUTBOUND,0.068,0.9894,157.8813,11.127,True,NORMAL,MONITOR,False,{},"[""uav2"", ""uav1"", ""uav0""]",limited,False,{},NONE,NORMAL,SAFE,1.0,IDLE,0.0,0.0,0.0,,,0.0,False,avoidance not required,,{},,,,,,,,,,,0,safe,5.999,15.238,0.197,0,0,0.0,0.0,[],0.3193998336791992,-2.953725576400757,8.0735502243042,0.04958086088299751,2.8666205406188965,8.07855224609375,-0.28523537516593933,-2.9615390300750732,8.070754051208496
36.2,RUNNING,4,OUTBOUND,0.068,0.9893,157.854,11.127,True,NORMAL,MONITOR,False,{},"[""uav2"", ""uav1"", ""uav0""]",limited,False,{},NONE,NORMAL,SAFE,1.0,IDLE,0.0,0.0,0.0,,,0.0,False,avoidance not required,,{},,,,,,,,,,,0,safe,5.995,15.225,0.163,0,0,0.0,0.0,[],0.3236357867717743,-2.9912757873535156,8.072341918945312,0.051350388675928116,2.8967812061309814,8.079835891723633,-0.2834033966064453,-2.989644765853882,8.07635498046875
36.4,RUNNING,4,OUTBOUND,0.069,0.9893,157.854,11.127,True,NORMAL,MONITOR,False,{},"[""uav2"", ""uav1"", ""uav0""]",limited,False,{},NONE,NORMAL,SAFE,1.0,IDLE,0.0,0.0,0.0,,,0.0,False,avoidance not required,,{},,,,,,,,,,,0,safe,5.993,15.207,0.138,0,0,0.0,0.0,[],0.32286906242370605,-3.018235445022583,8.067055702209473,0.047532182186841965,2.926699161529541,8.07631778717041,-0.2844924330711365,-3.010559558868408,8.075700759887695
36.6,RUNNING,4,OUTBOUND,0.07,0.9891,157.8266,11.127,True,NORMAL,MONITOR,False,{},"[""uav2"", ""uav1"", ""uav0""]",limited,False,{},NONE,NORMAL,SAFE,1.0,IDLE,0.0,0.0,0.0,,,0.0,False,avoidance not required,,{},,,,,,,,,,,0,safe,5.993,15.199,0.120,0,0,0.0,0.0,[],0.3263280391693115,-3.0385231971740723,8.072210311889648,0.05113852024078369,2.9490761756896973,8.074722290039062,-0.28290116786956787,-3.028904676437378,8.076844215393066
36.8,RUNNING,4,OUTBOUND,0.071,0.9891,157.8266,11.127,True,NORMAL,MONITOR,False,{},"[""uav2"", ""uav1"", ""uav0""]",limited,False,{},NONE,NORMAL,SAFE,1.0,IDLE,0.0,0.0,0.0,,,0.0,False,avoidance not required,,{},,,,,,,,,,,0,safe,5.991,15.185,0.116,0,0,0.0,0.0,[],0.3316536843776703,-3.0536372661590576,8.077489852905273,0.049139972776174545,2.9719114303588867,8.072768211364746,-0.2830842137336731,-3.0391392707824707,8.078317642211914
37.0,RUNNING,4,OUTBOUND,0.071,0.9891,157.8266,11.127,True,NORMAL,MONITOR,False,{},"[""uav2"", ""uav1"", ""uav0""]",limited,False,{},NONE,NORMAL,SAFE,1.0,IDLE,0.0,0.0,0.0,,,0.0,False,avoidance not required,,{},,,,,,,,,,,0,safe,5.985,15.176,0.153,0,0,0.0,0.0,[],0.3331025242805481,-3.0576088428497314,8.081710815429688,0.05433963984251022,2.9905567169189453,8.08227825164795,-0.27815791964530945,-3.0492165088653564,8.089920043945312
37.2,RUNNING,4,OUTBOUND,0.072,0.989,157.7995,11.127,True,NORMAL,MONITOR,False,{},"[""uav2"", ""uav1"", ""uav0""]",limited,False,{},NONE,NORMAL,SAFE,1.0,IDLE,0.0,0.0,0.0,,,0.0,False,avoidance not required,,{},,,,,,,,,,,0,safe,5.988,15.163,0.210,0,0,0.0,0.0,[],0.3396795094013214,-3.05527400970459,8.088695526123047,0.06286780536174774,3.005930185317993,8.093356132507324,-0.27283063530921936,-3.0523064136505127,8.106431007385254
37.4,RUNNING,4,OUTBOUND,0.073,0.989,157.7995,11.127,True,NORMAL,MONITOR,False,{},"[""uav2"", ""uav1"", ""uav0""]",limited,False,{},NONE,NORMAL,SAFE,1.0,IDLE,0.0,0.0,0.0,,,0.0,False,avoidance not required,,{},,,,,,,,,,,0,safe,5.988,15.148,0.275,0,0,0.0,0.0,[],0.34542950987815857,-3.041415214538574,8.09923267364502,0.06758206337690353,3.027193069458008,8.105650901794434,-0.26696619391441345,-3.04203462600708,8.120908737182617
37.6,RUNNING,4,OUTBOUND,0.074,0.9888,157.7649,11.127,True,NORMAL,MONITOR,False,{},"[""uav2"", ""uav1"", ""uav0""]",limited,False,{},NONE,NORMAL,SAFE,1.0,IDLE,0.0,0.0,0.0,,,0.0,False,avoidance not required,,{},,,,,,,,,,,0,safe,5.988,15.134,0.344,0,0,0.0,0.0,[],0.3617197573184967,-3.0252809524536133,8.119866371154785,0.0812096893787384,3.047137975692749,8.125819206237793,-0.25756701827049255,-3.0248849391937256,8.137747764587402
37.8,RUNNING,4,OUTBOUND,0.074,0.9888,157.7649,11.127,True,NORMAL,MONITOR,False,{},"[""uav2"", ""uav1"", ""uav0""]",limited,False,{},NONE,NORMAL,SAFE,1.0,IDLE,0.0,0.0,0.0,,,0.0,False,avoidance not required,,{},,,,,,,,,,,0,safe,5.978,15.113,0.419,0,0,0.0,0.0,[],0.3772030174732208,-2.9952447414398193,8.143645286560059,0.10187595337629318,3.0731096267700195,8.15091323852539,-0.2444421499967575,-2.9941465854644775,8.158761978149414
38.0,RUNNING,4,OUTBOUND,0.075,0.9888,157.7649,11.127,True,NORMAL,MONITOR,False,{},"[""uav2"", ""uav1"", ""uav0""]",limited,False,{},NONE,NORMAL,SAFE,1.0,IDLE,0.0,0.0,0.0,,,0.0,False,avoidance not required,,{},,,,,,,,,,,0,safe,5.978,15.083,0.493,0,0,0.0,0.0,[],0.4074556529521942,-2.9419662952423096,8.182278633117676,0.12444865703582764,3.1168928146362305,8.184814453125,-0.22349917888641357,-2.9535818099975586,8.186352729797363
38.2,RUNNING,4,OUTBOUND,0.076,0.9887,157.7359,11.127,True,NORMAL,MONITOR,False,{},"[""uav2"", ""uav1"", ""uav0""]",limited,False,{},NONE,NORMAL,SAFE,1.0,IDLE,0.0,0.0,0.0,,,0.0,False,avoidance not required,,{},,,,,,,,,,,0,safe,5.969,15.043,0.565,0,0,0.0,0.0,[],0.4315672218799591,-2.897954225540161,8.216136932373047,0.1526251882314682,3.161195993423462,8.220827102661133,-0.19151125848293304,-2.9002270698547363,8.223871231079102
38.4,RUNNING,4,OUTBOUND,0.077,0.9887,157.7359,11.127,True,NORMAL,MONITOR,False,{},"[""uav2"", ""uav1"", ""uav0""]",limited,False,{},NONE,NORMAL,SAFE,1.0,IDLE,0.0,0.0,0.0,,,0.0,False,avoidance not required,,{},,,,,,,,,,,0,safe,5.972,14.997,0.630,0,0,0.0,0.0,[],0.46663954854011536,-2.8244025707244873,8.266861915588379,0.18101614713668823,3.2055344581604004,8.256892204284668,-0.15717142820358276,-2.8350331783294678,8.265443801879883
38.6,RUNNING,4,OUTBOUND,0.077,0.9885,157.7059,11.127,True,NORMAL,MONITOR,False,{},"[""uav2"", ""uav1"", ""uav0""]",limited,False,{},NONE,NORMAL,SAFE,1.0,IDLE,0.0,0.0,0.0,,,0.0,False,avoidance not required,,{},,,,,,,,,,,0,safe,5.982,14.952,0.695,0,0,0.0,0.0,[],0.49799445271492004,-2.7644548416137695,8.310738563537598,0.2144501656293869,3.2705025672912598,8.303003311157227,-0.11578802019357681,-2.758619785308838,8.315084457397461
38.8,RUNNING,4,OUTBOUND,0.078,0.9885,157.7059,11.127,True,NORMAL,MONITOR,False,{},"[""uav2"", ""uav1"", ""uav0""]",limited,False,{},NONE,NORMAL,SAFE,1.0,IDLE,0.0,0.0,0.0,,,0.0,False,avoidance not required,,{},,,,,,,,,,,0,safe,5.986,14.893,0.756,0,0,0.0,0.0,[],0.5445390343666077,-2.6686208248138428,8.370369911193848,0.2560694217681885,3.33889102935791,8.361396789550781,-0.07178701460361481,-2.672200918197632,8.369182586669922
39.0,RUNNING,4,OUTBOUND,0.079,0.9885,157.7059,11.127,True,NORMAL,MONITOR,False,{},"[""uav2"", ""uav1"", ""uav0""]",limited,False,{},NONE,NORMAL,SAFE,1.0,IDLE,0.0,0.0,0.0,,,0.0,False,avoidance not required,,{},,,,,,,,,,,0,safe,5.984,14.825,0.816,0,0,0.0,0.0,[],0.5850318074226379,-2.5920801162719727,8.419601440429688,0.2994035482406616,3.4216806888580322,8.422021865844727,-0.022364424541592598,-2.5783753395080566,8.433582305908203
39.2,RUNNING,4,OUTBOUND,0.08,0.9884,157.6749,11.127,True,NORMAL,MONITOR,False,{},"[""uav2"", ""uav1"", ""uav0""]",limited,False,{},NONE,NORMAL,SAFE,1.0,IDLE,0.0,0.0,0.0,,,0.0,False,avoidance not required,,{},,,,,,,,,,,0,safe,5.993,14.749,0.888,0,0,0.0,0.0,[],0.6388494372367859,-2.493680238723755,8.494451522827148,0.3505437672138214,3.514159679412842,8.486299514770508,0.035694196820259094,-2.4754409790039062,8.500588417053223
39.4,RUNNING,4,OUTBOUND,0.08,0.9884,157.6749,11.127,True,NORMAL,MONITOR,False,{},"[""uav2"", ""uav1"", ""uav0""]",limited,False,{},NONE,NORMAL,SAFE,1.0,IDLE,0.0,0.0,0.0,,,0.0,False,avoidance not required,,{},,,,,,,,,,,0,safe,5.997,14.662,0.948,0,0,0.0,0.0,[],0.6956245303153992,-2.384479284286499,8.566067695617676,0.40467149019241333,3.619887113571167,8.554733276367188,0.09739352762699127,-2.362893581390381,8.569002151489258
39.6,RUNNING,4,OUTBOUND,0.081,0.9882,157.6428,11.127,True,NORMAL,MONITOR,False,{},"[""uav2"", ""uav1"", ""uav0""]",limited,False,{},NONE,NORMAL,SAFE,1.0,IDLE,0.0,0.0,0.0,,,0.0,False,avoidance not required,,{},,,,,,,,,,,0,safe,6.002,14.567,1.008,0,0,0.0,0.0,[],0.7782808542251587,-2.2471749782562256,8.656963348388672,0.47992485761642456,3.759551525115967,8.646554946899414,0.16758385300636292,-2.2403404712677,8.64848804473877
39.8,RUNNING,4,OUTBOUND,0.082,0.9882,157.6428,11.127,True,NORMAL,MONITOR,False,{},"[""uav2"", ""uav1"", ""uav0""]",limited,False,{},NONE,NORMAL,SAFE,1.0,IDLE,0.0,0.0,0.0,,,0.0,False,avoidance not required,,{},,,,,,,,,,,0,safe,6.001,14.334,1.118,0,0,0.0,0.0,[],0.8517895936965942,-2.1188600063323975,8.737013816833496,0.5562338829040527,3.888471841812134,8.732863426208496,0.23984993994235992,-2.1100778579711914,8.728883743286133
40.0,RUNNING,4,OUTBOUND,0.083,0.9882,157.6428,11.127,True,NORMAL,MONITOR,False,{},"[""uav2"", ""uav1"", ""uav0""]",limited,False,{},NONE,NORMAL,SAFE,1.0,IDLE,0.0,0.0,0.0,,,0.0,False,avoidance not required,,{},,,,,,,,,,,0,safe,6.001,14.334,1.118,0,0,0.0,0.0,[],0.9189214706420898,-2.0052597522735596,8.811396598815918,0.620173990726471,4.003846168518066,8.80436897277832,0.3172513544559479,-1.9711904525756836,8.816075325012207
40.2,RUNNING,4,OUTBOUND,0.083,0.988,157.6096,11.127,True,NORMAL,MONITOR,False,{},"[""uav2"", ""uav1"", ""uav0""]",limited,False,{},NONE,NORMAL,SAFE,1.0,IDLE,0.0,0.0,0.0,,,0.0,False,avoidance not required,,{},,,,,,,,,,,0,safe,5.986,14.207,1.166,0,0,0.0,0.0,[],0.9995855093002319,-1.8620069026947021,8.899843215942383,0.7054493427276611,4.147892951965332,8.899685859680176,0.3980632722377777,-1.8256678581237793,8.90534782409668
40.4,RUNNING,4,OUTBOUND,0.084,0.988,157.6096,11.127,True,NORMAL,MONITOR,False,{},"[""uav2"", ""uav1"", ""uav0""]",limited,False,{},NONE,NORMAL,SAFE,1.0,IDLE,0.0,0.0,0.0,,,0.0,False,avoidance not required,,{},,,,,,,,,,,0,safe,5.999,14.069,1.224,0,0,0.0,0.0,[],1.1004596948623657,-1.6883126497268677,9.011457443237305,0.8055866956710815,4.325165271759033,9.010032653808594,0.48454317450523376,-1.6714351177215576,9.004148483276367
40.6,RUNNING,4,OUTBOUND,0.085,0.9879,157.5755,11.127,True,NORMAL,MONITOR,False,{},"[""uav2"", ""uav1"", ""uav0""]",limited,False,{},NONE,NORMAL,SAFE,1.0,IDLE,0.0,0.0,0.0,,,0.0,False,avoidance not required,,{},,,,,,,,,,,0,safe,5.984,13.905,1.244,0,0,0.0,0.0,[],1.1750625371932983,-1.5552685260772705,9.090725898742676,0.8810185194015503,4.4595441818237305,9.097949981689453,0.5751690864562988,-1.5110725164413452,9.102869987487793
40.8,RUNNING,4,OUTBOUND,0.086,0.9879,157.5755,11.127,True,NORMAL,MONITOR,False,{},"[""uav2"", ""uav1"", ""uav0""]",limited,False,{},NONE,NORMAL,SAFE,1.0,IDLE,0.0,0.0,0.0,,,0.0,False,avoidance not required,,{},,,,,,,,,,,0,safe,5.985,13.758,1.295,0,0,0.0,0.0,[],1.288940668106079,-1.360263466835022,9.215046882629395,0.9724615812301636,4.6263251304626465,9.201555252075195,0.6757002472877502,-1.341796636581421,9.207088470458984
41.0,RUNNING,4,OUTBOUND,0.086,0.9877,157.5401,11.127,True,NORMAL,MONITOR,False,{},"[""uav2"", ""uav1"", ""uav0""]",limited,False,{},NONE,NORMAL,SAFE,1.0,IDLE,0.0,0.0,0.0,,,0.0,False,avoidance not required,,{},,,,,,,,,,,0,safe,5.992,13.472,1.409,0,0,0.0,0.0,[],1.3918744325637817,-1.1831493377685547,9.329793930053711,1.0878198146820068,4.827783107757568,9.327284812927246,0.7841863632202148,-1.1639785766601562,9.318845748901367
41.2,RUNNING,4,OUTBOUND,0.087,0.9877,157.5401,11.127,True,NORMAL,MONITOR,False,{},"[""uav2"", ""uav1"", ""uav0""]",limited,False,{},NONE,NORMAL,SAFE,1.0,IDLE,0.0,0.0,0.0,,,0.0,False,avoidance not required,,{},,,,,,,,,,,0,safe,5.992,13.472,1.409,0,0,0.0,0.0,[],1.4786052703857422,-1.0300205945968628,9.423775672912598,1.1731539964675903,4.979302406311035,9.418858528137207,0.8921623826026917,-0.9820915460586548,9.431900978088379
41.4,RUNNING,4,OUTBOUND,0.088,0.9877,157.5401,11.127,True,NORMAL,MONITOR,False,{},"[""uav2"", ""uav1"", ""uav0""]",limited,False,{},NONE,NORMAL,SAFE,1.0,IDLE,0.0,0.0,0.0,,,0.0,False,avoidance not required,,{},,,,,,,,,,,0,safe,6.014,13.283,1.459,0,0,0.0,0.0,[],1.5901168584823608,-0.8368425369262695,9.541524887084961,1.2824816703796387,5.169434547424316,9.539342880249023,1.007735252380371,-0.7909252047538757,9.552783012390137
41.6,RUNNING,4,OUTBOUND,0.089,0.9875,157.5039,11.127,True,NORMAL,MONITOR,False,{},"[""uav2"", ""uav1"", ""uav0""]",limited,False,{},NONE,NORMAL,SAFE,1.0,IDLE,0.0,0.0,0.0,,,0.0,False,avoidance not required,,{},,,,,,,,,,,0,safe,6.018,13.138,1.496,0,0,0.0,0.0,[],1.7019786834716797,-0.6404809355735779,9.660774230957031,1.3931883573532104,5.364573001861572,9.659422874450684,1.122696042060852,-0.5970405340194702,9.674528121948242
41.8,RUNNING,4,OUTBOUND,0.089,0.9875,157.5039,11.127,True,NORMAL,MONITOR,False,{},"[""uav2"", ""uav1"", ""uav0""]",limited,False,{},NONE,NORMAL,SAFE,1.0,IDLE,0.0,0.0,0.0,,,0.0,False,avoidance not required,,{},,,,,,,,,,,0,safe,6.021,12.964,1.535,0,0,0.0,0.0,[],1.8210980892181396,-0.43854740262031555,9.785623550415039,1.5148265361785889,5.570655822753906,9.796564102172852,1.2439444065093994,-0.39642032980918884,9.810604095458984
42.0,RUNNING,4,OUTBOUND,0.09,0.9875,157.5039,11.127,True,NORMAL,MONITOR,False,{},"[""uav2"", ""uav1"", ""uav0""]",limited,False,{},NONE,NORMAL,SAFE,1.0,IDLE,0.0,0.0,0.0,,,0.0,False,avoidance not required,,{},,,,,,,,,,,0,safe,6.023,12.777,1.569,0,0,0.0,0.0,[],1.940438151359558,-0.2333076298236847,9.912801742553711,1.639938473701477,5.781576633453369,9.934029579162598,1.365526795387268,-0.1925479918718338,9.94155216217041
42.2,RUNNING,4,OUTBOUND,0.091,0.9873,157.4668,11.127,True,NORMAL,MONITOR,False,{},"[""uav2"", ""uav1"", ""uav0""]",limited,False,{},NONE,NORMAL,SAFE,1.0,IDLE,0.0,0.0,0.0,,,0.0,False,avoidance not required,,{},,,,,,,,,,,0,safe,6.025,12.588,1.604,0,0,0.0,0.0,[],2.065650463104248,-0.020566314458847046,10.05003833770752,1.7638760805130005,5.993762016296387,10.06469440460205,1.4964519739151,0.01815813034772873,10.07720947265625
42.4,RUNNING,4,OUTBOUND,0.092,0.9873,157.4668,11.127,True,NORMAL,MONITOR,False,{},"[""uav2"", ""uav1"", ""uav0""]",limited,False,{},NONE,NORMAL,SAFE,1.0,IDLE,0.0,0.0,0.0,,,0.0,False,avoidance not required,,{},,,,,,,,,,,0,safe,6.031,12.401,1.631,0,0,0.0,0.0,[],2.2144277095794678,0.2306709587574005,10.216392517089844,1.9157501459121704,6.2470622062683105,10.226508140563965,1.6297012567520142,0.23089398443698883,10.220575332641602
42.6,RUNNING,4,OUTBOUND,0.092,0.9871,157.4291,11.127,True,NORMAL,MONITOR,False,{},"[""uav2"", ""uav1"", ""uav0""]",limited,False,{},NONE,NORMAL,SAFE,1.0,IDLE,0.0,0.0,0.0,,,0.0,False,avoidance not required,,{},,,,,,,,,,,0,safe,6.015,12.177,1.606,0,0,0.0,0.0,[],2.3431572914123535,0.4503381550312042,10.356562614440918,2.025111436843872,6.431702136993408,10.340678215026855,1.7604241371154785,0.44759711623191833,10.356538772583008
42.8,RUNNING,4,OUTBOUND,0.093,0.9871,157.4291,11.127,True,NORMAL,MONITOR,False,{},"[""uav2"", ""uav1"", ""uav0""]",limited,False,{},NONE,NORMAL,SAFE,1.0,IDLE,0.0,0.0,0.0,,,0.0,False,avoidance not required,,{},,,,,,,,,,,0,safe,6.039,12.017,1.677,0,0,0.0,0.0,[],2.45613956451416,0.6388022303581238,10.480673789978027,2.1600072383880615,6.660431861877441,10.484417915344238,1.8946765661239624,0.6726399660110474,10.498147010803223
43.0,RUNNING,4,OUTBOUND,0.094,0.9871,157.4291,11.127,True,NORMAL,MONITOR,False,{},"[""uav2"", ""uav1"", ""uav0""]",limited,False,{},NONE,NORMAL,SAFE,1.0,IDLE,0.0,0.0,0.0,,,0.0,False,avoidance not required,,{},,,,,,,,,,,0,safe,6.039,11.822,1.693,0,0,0.0,0.0,[],2.589604616165161,0.8650447130203247,10.622681617736816,2.2936151027679443,6.889402389526367,10.624373435974121,2.031378984451294,0.9014378190040588,10.644637107849121
43.2,RUNNING,4,OUTBOUND,0.095,0.987,157.3907,11.127,True,NORMAL,MONITOR,False,{},"[""uav2"", ""uav1"", ""uav0""]",limited,False,{},NONE,NORMAL,SAFE,1.0,IDLE,0.0,0.0,0.0,,,0.0,False,avoidance not required,,{},,,,,,,,,,,0,safe,6.042,11.630,1.709,0,0,0.0,0.0,[],2.729458808898926,1.097730040550232,10.772632598876953,2.433647394180298,7.126091003417969,10.776372909545898,2.165844678878784,1.131887435913086,10.786623001098633
43.4,RUNNING,4,OUTBOUND,0.095,0.987,157.3907,11.127,True,NORMAL,MONITOR,False,{},"[""uav2"", ""uav1"", ""uav0""]",limited,False,{},NONE,NORMAL,SAFE,1.0,IDLE,0.0,0.0,0.0,,,0.0,False,avoidance not required,,{},,,,,,,,,,,0,safe,6.036,11.433,1.716,0,0,0.0,0.0,[],2.867609739303589,1.3314905166625977,10.91793441772461,2.5716893672943115,7.36100435256958,10.92137336730957,2.3042962551116943,1.3691743612289429,10.932877540588379
43.6,RUNNING,4,OUTBOUND,0.096,0.9868,157.3519,11.127,True,NORMAL,MONITOR,False,{},"[""uav2"", ""uav1"", ""uav0""]",limited,False,{},NONE,NORMAL,SAFE,1.0,IDLE,0.0,0.0,0.0,,,0.0,False,avoidance not required,,{},,,,,,,,,,,0,safe,6.037,11.242,1.722,0,0,0.0,0.0,[],3.0116262435913086,1.5748608112335205,11.07431411743164,2.71513032913208,7.6018877029418945,11.070626258850098,2.4411613941192627,1.6066645383834839,11.077410697937012
43.8,RUNNING,4,OUTBOUND,0.097,0.9868,157.3519,11.127,True,NORMAL,MONITOR,False,{},"[""uav2"", ""uav1"", ""uav0""]",limited,False,{},NONE,NORMAL,SAFE,1.0,IDLE,0.0,0.0,0.0,,,0.0,False,avoidance not required,,{},,,,,,,,,,,0,safe,6.030,11.048,1.713,0,0,0.0,0.0,[],3.1527252197265625,1.8160732984542847,11.221566200256348,2.855921745300293,7.840263366699219,11.215310096740723,2.5832221508026123,1.8504787683486938,11.229259490966797
44.0,RUNNING,4,OUTBOUND,0.098,0.9868,157.3519,11.127,True,NORMAL,MONITOR,False,{},"[""uav2"", ""uav1"", ""uav0""]",limited,False,{},NONE,NORMAL,SAFE,1.0,IDLE,0.0,0.0,0.0,,,0.0,False,avoidance not required,,{},,,,,,,,,,,0,safe,6.031,10.861,1.708,0,0,0.0,0.0,[],3.2947604656219482,2.0610408782958984,11.371402740478516,2.999882221221924,8.085926055908203,11.370102882385254,2.723156452178955,2.0922935009002686,11.375725746154785
44.2,RUNNING,4,OUTBOUND,0.098,0.9866,157.313,11.127,True,NORMAL,MONITOR,False,{},"[""uav2"", ""uav1"", ""uav0""]",limited,False,{},NONE,NORMAL,SAFE,1.0,IDLE,0.0,0.0,0.0,,,0.0,False,avoidance not required,,{},,,,,,,,,,,0,safe,6.028,10.673,1.697,0,0,0.0,0.0,[],3.457580089569092,2.34173321723938,11.540573120117188,3.140681505203247,8.326807975769043,11.516557693481445,2.867018461227417,2.3363752365112305,11.527097702026367
44.4,RUNNING,4,OUTBOUND,0.099,0.9866,157.313,11.127,True,NORMAL,MONITOR,False,{},"[""uav2"", ""uav1"", ""uav0""]",limited,False,{},NONE,NORMAL,SAFE,1.0,IDLE,0.0,0.0,0.0,,,0.0,False,avoidance not required,,{},,,,,,,,,,,0,safe,6.009,10.494,1.668,0,0,0.0,0.0,[],3.5804171562194824,2.5484848022460938,11.6698579788208,3.2819085121154785,8.569591522216797,11.661542892456055,3.00730037689209,2.5772855281829834,11.673911094665527
44.6,RUNNING,4,OUTBOUND,0.1,0.9864,157.2742,11.127,True,NORMAL,MONITOR,False,{},"[""uav2"", ""uav1"", ""uav0""]",limited,False,{},NONE,NORMAL,SAFE,1.0,IDLE,0.0,0.0,0.0,,,0.0,False,avoidance not required,,{},,,,,,,,,,,0,safe,6.027,10.318,1.672,0,0,0.0,0.0,[],3.722433567047119,2.789736270904541,11.815364837646484,3.420408010482788,8.807211875915527,11.803922653198242,3.152038097381592,2.8240225315093994,11.831034660339355
44.8,RUNNING,4,OUTBOUND,0.101,0.9864,157.2742,11.127,True,NORMAL,MONITOR,False,{},"[""uav2"", ""uav1"", ""uav0""]",limited,False,{},NONE,NORMAL,SAFE,1.0,IDLE,0.0,0.0,0.0,,,0.0,False,avoidance not required,,{},,,,,,,,,,,0,safe,6.006,10.058,1.654,0,0,0.0,0.0,[],3.867353677749634,3.0355610847473145,11.96572494506836,3.560805082321167,9.047619819641113,11.96125602722168,3.2925071716308594,3.0662074089050293,11.978726387023926
45.0,RUNNING,4,OUTBOUND,0.101,0.9864,157.2742,11.127,True,NORMAL,MONITOR,False,{},"[""uav2"", ""uav1"", ""uav0""]",limited,False,{},NONE,NORMAL,SAFE,1.0,IDLE,0.0,0.0,0.0,,,0.0,False,avoidance not required,,{},,,,,,,,,,,0,safe,6.025,9.787,1.644,0,0,0.0,0.0,[],4.007409572601318,3.275029420852661,12.109660148620605,3.700232982635498,9.286067962646484,12.117411613464355,3.4338386058807373,3.311945915222168,12.127400398254395
45.2,RUNNING,4,OUTBOUND,0.102,0.9862,157.2356,11.127,True,NORMAL,MONITOR,False,{},"[""uav2"", ""uav1"", ""uav0""]",limited,False,{},NONE,NORMAL,SAFE,1.0,IDLE,0.0,0.0,0.0,,,0.0,False,avoidance not required,,{},,,,,,,,,,,0,safe,6.027,9.514,1.635,0,0,0.0,0.0,[],4.148719310760498,3.5190021991729736,12.26346206665039,3.836832046508789,9.519336700439453,12.261701583862305,3.5712764263153076,3.5506649017333984,12.271431922912598
45.4,RUNNING,4,OUTBOUND,0.103,0.9862,157.2356,11.127,True,NORMAL,MONITOR,False,{},"[""uav2"", ""uav1"", ""uav0""]",limited,False,{},NONE,NORMAL,SAFE,1.0,IDLE,0.0,0.0,0.0,,,0.0,False,avoidance not required,,{},,,,,,,,,,,0,safe,6.023,9.248,1.624,0,0,0.0,0.0,[],4.286202907562256,3.7557969093322754,12.409011840820312,3.975102424621582,9.755232810974121,12.406368255615234,3.712306499481201,3.788548469543457,12.421199798583984
45.6,RUNNING,4,OUTBOUND,0.104,0.986,157.1971,11.127,True,NORMAL,MONITOR,False,{},"[""uav2"", ""uav1"", ""uav0""]",limited,False,{},NONE,NORMAL,SAFE,1.0,IDLE,0.0,0.0,0.0,,,0.0,False,avoidance not required,,{},,,,,,,,,,,0,safe,6.026,8.982,1.618,0,0,0.0,0.0,[],4.428644180297852,3.995042324066162,12.55837345123291,4.111452102661133,9.986785888671875,12.547225952148438,3.8495631217956543,4.021203994750977,12.56446361541748
45.8,RUNNING,4,OUTBOUND,0.104,0.986,157.1971,11.127,True,NORMAL,MONITOR,False,{},"[""uav2"", ""uav1"", ""uav0""]",limited,False,{},NONE,NORMAL,SAFE,1.0,IDLE,0.0,0.0,0.0,,,0.0,False,avoidance not required,,{},,,,,,,,,,,0,safe,6.021,8.722,1.617,0,0,0.0,0.0,[],4.566053867340088,4.227609157562256,12.700966835021973,4.250374794006348,10.220867156982422,12.69544792175293,3.9897079467773438,4.255910396575928,12.71005916595459
46.0,RUNNING,4,OUTBOUND,0.105,0.986,157.1971,11.127,True,NORMAL,MONITOR,False,{},"[""uav2"", ""uav1"", ""uav0""]",limited,False,{},NONE,NORMAL,SAFE,1.0,IDLE,0.0,0.0,0.0,,,0.0,False,avoidance not required,,{},,,,,,,,,,,0,safe,6.024,8.459,1.612,0,0,0.0,0.0,[],4.711162090301514,4.461690902709961,12.852248191833496,4.391519546508789,10.457749366760254,12.846915245056152,4.125638961791992,4.485848903656006,12.852593421936035
46.2,RUNNING,4,OUTBOUND,0.106,0.9858,157.1588,11.127,True,NORMAL,MONITOR,False,{},"[""uav2"", ""uav1"", ""uav0""]",limited,False,{},NONE,NORMAL,SAFE,1.0,IDLE,0.0,0.0,0.0,,,0.0,False,avoidance not required,,{},,,,,,,,,,,0,safe,6.015,8.204,1.601,0,0,0.0,0.0,[],4.849801063537598,4.69047212600708,12.994295120239258,4.528937816619873,10.688984870910645,12.990904808044434,4.264786243438721,4.7174506187438965,13.001398086547852
46.4,RUNNING,4,OUTBOUND,0.107,0.9858,157.1588,11.127,True,NORMAL,MONITOR,False,{},"[""uav2"", ""uav1"", ""uav0""]",limited,False,{},NONE,NORMAL,SAFE,1.0,IDLE,0.0,0.0,0.0,,,0.0,False,avoidance not required,,{},,,,,,,,,,,0,safe,6.015,7.946,1.601,0,0,0.0,0.0,[],4.989718437194824,4.917666912078857,13.14003849029541,4.667791843414307,10.921686172485352,13.139286994934082,4.403012275695801,4.948068618774414,13.14876651763916
46.6,RUNNING,4,OUTBOUND,0.107,0.9856,157.1205,11.127,True,NORMAL,MONITOR,False,{},"[""uav2"", ""uav1"", ""uav0""]",limited,False,{},NONE,NORMAL,SAFE,1.0,IDLE,0.0,0.0,0.0,,,0.0,False,avoidance not required,,{},,,,,,,,,,,0,safe,6.013,7.689,1.597,0,0,0.0,0.0,[],5.124278545379639,5.142329692840576,13.281991958618164,4.8036932945251465,11.150115013122559,13.280450820922852,4.537625789642334,5.1748175621032715,13.292484283447266
46.8,RUNNING,4,OUTBOUND,0.108,0.9856,157.1205,11.127,True,NORMAL,MONITOR,False,{},"[""uav2"", ""uav1"", ""uav0""]",limited,False,{},NONE,NORMAL,SAFE,1.0,IDLE,0.0,0.0,0.0,,,0.0,False,avoidance not required,,{},,,,,,,,,,,0,safe,6.013,7.439,1.602,0,0,0.0,0.0,[],5.267022132873535,5.366106033325195,13.432632446289062,4.942373752593994,11.38034725189209,13.422419548034668,4.675874710083008,5.399228572845459,13.444412231445312
47.0,RUNNING,4,OUTBOUND,0.109,0.9856,157.1205,11.127,True,NORMAL,MONITOR,False,{},"[""uav2"", ""uav1"", ""uav0""]",limited,False,{},NONE,NORMAL,SAFE,1.0,IDLE,0.0,0.0,0.0,,,0.0,False,avoidance not required,,{},,,,,,,,,,,0,safe,6.009,7.189,1.604,0,0,0.0,0.0,[],5.403289794921875,5.589384078979492,13.57733154296875,5.078195095062256,11.607564926147461,13.56390380859375,4.81488037109375,5.6230340003967285,13.598860740661621
47.2,RUNNING,4,OUTBOUND,0.11,0.9854,157.0823,11.127,True,NORMAL,MONITOR,False,{},"[""uav2"", ""uav1"", ""uav0""]",limited,False,{},NONE,NORMAL,SAFE,1.0,IDLE,0.0,0.0,0.0,,,0.0,False,avoidance not required,,{},,,,,,,,,,,0,safe,6.012,6.940,1.610,0,0,0.0,0.0,[],5.539671897888184,5.810877323150635,13.724381446838379,5.215519905090332,11.832802772521973,13.71436882019043,4.949415683746338,5.846687316894531,13.74382495880127
47.4,RUNNING,4,OUTBOUND,0.11,0.9854,157.0823,11.127,True,NORMAL,MONITOR,False,{},"[""uav2"", ""uav1"", ""uav0""]",limited,False,{},NONE,NORMAL,SAFE,1.0,IDLE,0.0,0.0,0.0,,,0.0,False,avoidance not required,,{},,,,,,,,,,,0,safe,5.988,6.695,1.574,0,0,0.0,0.0,[],5.671759128570557,6.033638000488281,13.866076469421387,5.356781005859375,12.057550430297852,13.865702629089355,5.085202693939209,6.070370197296143,13.886214256286621
47.6,RUNNING,4,OUTBOUND,0.111,0.9852,157.044,11.127,True,NORMAL,MONITOR,False,{},"[""uav2"", ""uav1"", ""uav0""]",limited,False,{},NONE,NORMAL,SAFE,1.0,IDLE,0.0,0.0,0.0,,,0.0,False,avoidance not required,,{},,,,,,,,,,,0,safe,6.014,6.450,1.626,0,0,0.0,0.0,[],5.8104567527771,6.260410308837891,14.01152229309082,5.493706226348877,12.281763076782227,14.009806632995605,5.217906951904297,6.29511022567749,14.026471138000488
47.8,RUNNING,4,OUTBOUND,0.112,0.9852,157.044,11.127,True,NORMAL,MONITOR,False,{},"[""uav2"", ""uav1"", ""uav0""]",limited,False,{},NONE,NORMAL,SAFE,1.0,IDLE,0.0,0.0,0.0,,,0.0,False,avoidance not required,,{},,,,,,,,,,,0,safe,5.986,6.209,1.620,0,0,0.0,0.0,[],5.964849948883057,6.523660182952881,14.1782865524292,5.637251377105713,12.505586624145508,14.159066200256348,5.3486833572387695,6.520672798156738,14.173383712768555
48.0,RUNNING,4,OUTBOUND,0.113,0.9852,157.044,11.127,True,NORMAL,MONITOR,False,{},"[""uav2"", ""uav1"", ""uav0""]",limited,False,{},NONE,NORMAL,SAFE,1.0,IDLE,0.0,0.0,0.0,,,0.0,False,avoidance not required,,{},,,,,,,,,,,0,safe,5.984,5.973,1.621,0,0,0.0,0.0,[],6.072824954986572,6.712482452392578,14.305768013000488,5.775766372680664,12.730109214782715,14.30306339263916,5.4781599044799805,6.7471818923950195,14.317710876464844
48.2,RUNNING,4,OUTBOUND,0.113,0.985,157.0055,11.127,True,NORMAL,MONITOR,False,{},"[""uav2"", ""uav1"", ""uav0""]",limited,False,{},NONE,NORMAL,SAFE,1.0,IDLE,0.0,0.0,0.0,,,0.0,False,avoidance not required,,{},,,,,,,,,,,0,safe,6.005,5.743,1.641,0,0,0.0,0.0,[],6.222373962402344,6.976500034332275,14.47436809539795,5.913046360015869,12.953840255737305,14.451827049255371,5.606923580169678,6.973031044006348,14.470014572143555
48.4,RUNNING,4,OUTBOUND,0.114,0.985,157.0055,11.127,True,NORMAL,MONITOR,False,{},"[""uav2"", ""uav1"", ""uav0""]",limited,False,{},NONE,NORMAL,SAFE,1.0,IDLE,0.0,0.0,0.0,,,0.0,False,avoidance not required,,{},,,,,,,,,,,0,safe,6.007,5.521,1.649,0,0,0.0,0.0,[],6.361037731170654,7.211071491241455,14.619612693786621,6.046642780303955,13.179431915283203,14.596245765686035,5.737250804901123,7.200674057006836,14.615236282348633
48.6,RUNNING,4,OUTBOUND,0.115,0.9848,156.967,11.127,True,NORMAL,MONITOR,False,{},"[""uav2"", ""uav1"", ""uav0""]",limited,False,{},NONE,NORMAL,SAFE,1.0,IDLE,0.0,0.0,0.0,,,0.0,False,avoidance not required,,{},,,,,,,,,,,0,safe,5.998,5.304,1.646,0,0,0.0,0.0,[],6.474018096923828,7.407259941101074,14.737839698791504,6.184377670288086,13.402299880981445,14.74854564666748,5.874272346496582,7.42905855178833,14.760628700256348
48.8,RUNNING,4,OUTBOUND,0.116,0.9848,156.967,11.127,True,NORMAL,MONITOR,False,{},"[""uav2"", ""uav1"", ""uav0""]",limited,False,{},NONE,NORMAL,SAFE,1.0,IDLE,0.0,0.0,0.0,,,0.0,False,avoidance not required,,{},,,,,,,,,,,0,safe,6.000,5.089,1.647,0,0,0.0,0.0,[],6.607592582702637,7.640146255493164,14.883834838867188,6.318851470947266,13.628137588500977,14.894783020019531,6.009129524230957,7.659430980682373,14.9020357131958
49.0,RUNNING,4,OUTBOUND,0.116,0.9848,156.967,11.127,True,NORMAL,MONITOR,False,{},"[""uav2"", ""uav1"", ""uav0""]",limited,False,{},NONE,NORMAL,SAFE,1.0,IDLE,0.0,0.0,0.0,,,0.0,False,avoidance not required,,{},,,,,,,,,,,0,safe,6.002,4.884,1.641,0,0,0.0,0.0,[],6.738903999328613,7.871957778930664,15.027837753295898,6.455033779144287,13.855778694152832,15.045306205749512,6.141995429992676,7.892425060272217,15.04644775390625
49.2,RUNNING,4,OUTBOUND,0.117,0.9846,156.9284,11.127,True,NORMAL,MONITOR,False,{},"[""uav2"", ""uav1"", ""uav0""]",limited,False,{},NONE,NORMAL,SAFE,1.0,IDLE,0.0,0.0,0.0,,,0.0,False,avoidance not required,,{},,,,,,,,,,,0,safe,6.003,4.691,1.613,0,0,0.0,0.0,[],6.88298225402832,8.104260444641113,15.176324844360352,6.588001728057861,14.085273742675781,15.188857078552246,6.274899959564209,8.124332427978516,15.187263488769531
49.4,RUNNING,4,OUTBOUND,0.118,0.9846,156.9284,11.127,True,NORMAL,MONITOR,False,{},"[""uav2"", ""uav1"", ""uav0""]",limited,False,{},NONE,NORMAL,SAFE,1.0,IDLE,0.0,0.0,0.0,,,0.0,False,avoidance not required,,{},,,,,,,,,,,0,safe,5.992,4.509,1.553,0,0,0.0,0.0,[],7.020795822143555,8.334074974060059,15.314786911010742,6.722320079803467,14.314074516296387,15.339221954345703,6.408961296081543,8.352770805358887,15.32430648803711
49.6,RUNNING,4,OUTBOUND,0.119,0.9845,156.8904,11.127,True,NORMAL,MONITOR,False,{},"[""uav2"", ""uav1"", ""uav0""]",limited,False,{},NONE,NORMAL,SAFE,1.0,IDLE,0.0,0.0,0.0,,,0.0,False,avoidance not required,,{},,,,,,,,,,,0,safe,5.988,4.340,1.464,0,0,0.0,0.0,[],7.163809776306152,8.558510780334473,15.455734252929688,6.8521199226379395,14.539834022521973,15.474940299987793,6.540991306304932,8.577797889709473,15.455865859985352
49.8,RUNNING,4,OUTBOUND,0.119,0.9845,156.8904,11.127,True,NORMAL,MONITOR,False,{},"[""uav2"", ""uav1"", ""uav0""]",limited,False,{},NONE,NORMAL,SAFE,1.0,IDLE,0.0,0.0,0.0,,,0.0,False,avoidance not required,,{},,,,,,,,,,,0,safe,5.977,4.187,1.356,0,0,0.0,0.0,[],7.3045735359191895,8.774455070495605,15.594669342041016,6.982324123382568,14.762451171875,15.60892105102539,6.67835807800293,8.797815322875977,15.589119911193848
50.0,RUNNING,4,OUTBOUND,0.12,0.9845,156.8904,11.127,True,NORMAL,MONITOR,False,{},"[""uav2"", ""uav1"", ""uav0""]",limited,False,{},NONE,NORMAL,SAFE,1.0,IDLE,0.0,0.0,0.0,,,0.0,False,avoidance not required,,{},,,,,,,,,,,0,safe,5.974,4.046,1.228,0,0,0.0,0.0,[],7.430149078369141,8.981051445007324,15.71631908416748,7.102932453155518,14.975007057189941,15.727338790893555,6.805181503295898,9.007198333740234,15.71087646484375
50.2,RUNNING,4,OUTBOUND,0.121,0.9843,156.854,11.127,True,NORMAL,MONITOR,False,{},"[""uav2"", ""uav1"", ""uav0""]",limited,False,{},NONE,NORMAL,SAFE,1.0,IDLE,0.0,0.0,0.0,,,0.0,False,avoidance not required,,{},,,,,,,,,,,0,safe,5.955,3.929,1.102,0,0,0.0,0.0,[],7.553421497344971,9.176896095275879,15.830561637878418,7.233554840087891,15.210636138916016,15.860017776489258,6.931829929351807,9.204977035522461,15.8352632522583
50.4,RUNNING,4,OUTBOUND,0.122,0.9843,156.854,11.127,True,NORMAL,MONITOR,False,{},"[""uav2"", ""uav1"", ""uav0""]",limited,False,{},NONE,NORMAL,SAFE,1.0,IDLE,0.0,0.0,0.0,,,0.0,False,avoidance not required,,{},,,,,,,,,,,0,safe,5.985,3.751,0.904,0,0,0.0,0.0,[],7.678418159484863,9.388326644897461,15.939865112304688,7.3372979164123535,15.39712142944336,15.951567649841309,7.046175479888916,9.389250755310059,15.936075210571289
50.6,RUNNING,4,OUTBOUND,0.122,0.9841,156.8204,11.127,True,NORMAL,MONITOR,False,{},"[""uav2"", ""uav1"", ""uav0""]",limited,False,{},NONE,NORMAL,SAFE,1.0,IDLE,0.0,0.0,0.0,,,0.0,False,avoidance not required,,{},,,,,,,,,,,0,safe,5.985,3.751,0.904,0,0,0.0,0.0,[],7.765446662902832,9.534053802490234,16.01175308227539,7.428211688995361,15.547463417053223,16.022621154785156,7.161549091339111,9.56554126739502,16.01940155029297
50.8,RUNNING,4,OUTBOUND,0.123,0.9841,156.8204,11.127,True,NORMAL,MONITOR,False,{},"[""uav2"", ""uav1"", ""uav0""]",limited,False,{},NONE,NORMAL,SAFE,1.0,IDLE,0.0,0.0,0.0,,,0.0,False,avoidance not required,,{},,,,,,,,,,,0,safe,5.996,3.674,0.851,0,0,0.0,0.0,[],7.8594231605529785,9.693504333496094,16.073740005493164,7.544595241546631,15.735194206237793,16.093399047851562,7.265818119049072,9.725570678710938,16.080015182495117
51.0,RUNNING,4,OUTBOUND,0.124,0.9841,156.8204,11.127,True,NORMAL,MONITOR,False,{},"[""uav2"", ""uav1"", ""uav0""]",limited,False,{},NONE,NORMAL,SAFE,1.0,IDLE,0.0,0.0,0.0,,,0.0,False,avoidance not required,,{},,,,,,,,,,,0,safe,6.006,3.607,0.855,0,0,0.0,0.0,[],7.958761215209961,9.8432035446167,16.125263214111328,7.630807876586914,15.86562442779541,16.137170791625977,7.3733744621276855,9.87796401977539,16.130571365356445
51.2,RUNNING,4,OUTBOUND,0.125,0.9839,156.7896,11.127,True,NORMAL,MONITOR,False,{},"[""uav2"", ""uav1"", ""uav0""]",limited,False,{},NONE,NORMAL,SAFE,1.0,IDLE,0.0,0.0,0.0,,,0.0,False,avoidance not required,,{},,,,,,,,,,,0,safe,6.015,3.542,0.902,0,0,0.0,0.0,[],8.061047554016113,9.984505653381348,16.167455673217773,7.732156276702881,16.007230758666992,16.168954849243164,7.485960483551025,10.01877498626709,16.1746826171875
51.4,RUNNING,4,OUTBOUND,0.125,0.9839,156.7896,11.127,True,NORMAL,MONITOR,False,{},"[""uav2"", ""uav1"", ""uav0""]",limited,False,{},NONE,NORMAL,SAFE,1.0,IDLE,0.0,0.0,0.0,,,0.0,False,avoidance not required,,{},,,,,,,,,,,0,safe,6.009,3.478,0.994,0,0,0.0,0.0,[],8.164349555969238,10.117847442626953,16.192279815673828,7.843777179718018,16.14333724975586,16.200910568237305,7.597747325897217,10.150814056396484,16.199771881103516
51.6,RUNNING,4,OUTBOUND,0.126,0.9838,156.7601,11.127,True,NORMAL,MONITOR,False,{},"[""uav2"", ""uav1"", ""uav0""]",limited,False,{},NONE,NORMAL,SAFE,1.0,IDLE,0.0,0.0,0.0,,,0.0,False,avoidance not required,,{},,,,,,,,,,,0,safe,6.033,3.407,1.114,0,0,0.0,0.0,[],8.282622337341309,10.249773979187012,16.219867706298828,7.961721897125244,16.273723602294922,16.220523834228516,7.726813316345215,10.284319877624512,16.22296142578125
51.8,RUNNING,4,OUTBOUND,0.127,0.9838,156.7601,11.127,True,NORMAL,MONITOR,False,{},"[""uav2"", ""uav1"", ""uav0""]",limited,False,{},NONE,NORMAL,SAFE,1.0,IDLE,0.0,0.0,0.0,,,0.0,False,avoidance not required,,{},,,,,,,,,,,0,safe,6.044,3.325,1.249,0,0,0.0,0.0,[],8.416328430175781,10.386068344116211,16.25055503845215,8.091819763183594,16.40652084350586,16.246131896972656,7.866916179656982,10.422894477844238,16.246376037597656
52.0,RUNNING,4,OUTBOUND,0.128,0.9838,156.7601,11.127,True,NORMAL,MONITOR,False,{},"[""uav2"", ""uav1"", ""uav0""]",limited,False,{},NONE,NORMAL,SAFE,1.0,IDLE,0.0,0.0,0.0,,,0.0,False,avoidance not required,,{},,,,,,,,,,,0,safe,6.051,3.239,1.376,0,0,0.0,0.0,[],8.558557510375977,10.525919914245605,16.266355514526367,8.237091064453125,16.545440673828125,16.27022933959961,8.013117790222168,10.564227104187012,16.260454177856445
52.2,RUNNING,4,OUTBOUND,0.128,0.9836,156.73,11.127,True,NORMAL,MONITOR,False,{},"[""uav2"", ""uav1"", ""uav0""]",limited,False,{},NONE,NORMAL,SAFE,1.0,IDLE,0.0,0.0,0.0,,,0.0,False,avoidance not required,,{},,,,,,,,,,,0,safe,6.055,3.145,1.487,0,0,0.0,0.0,[],8.71768569946289,10.678478240966797,16.279577255249023,8.395283699035645,16.69025993347168,16.281099319458008,8.175630569458008,10.716447830200195,16.277816772460938
52.4,RUNNING,4,OUTBOUND,0.129,0.9836,156.73,11.127,True,NORMAL,MONITOR,False,{},"[""uav2"", ""uav1"", ""uav0""]",limited,False,{},NONE,NORMAL,SAFE,1.0,IDLE,0.0,0.0,0.0,,,0.0,False,avoidance not required,,{},,,,,,,,,,,0,safe,6.031,3.047,1.584,0,0,0.0,0.0,[],8.888066291809082,10.83741569519043,16.28303337097168,8.572797775268555,16.844884872436523,16.300962448120117,8.346736907958984,10.874695777893066,16.28546714782715
52.6,RUNNING,4,OUTBOUND,0.13,0.9835,156.6987,11.127,True,NORMAL,MONITOR,False,{},"[""uav2"", ""uav1"", ""uav0""]",limited,False,{},NONE,NORMAL,SAFE,1.0,IDLE,0.0,0.0,0.0,,,0.0,False,avoidance not required,,{},,,,,,,,,,,0,safe,6.059,2.942,1.661,0,0,0.0,0.0,[],9.075335502624512,11.010832786560059,16.294410705566406,8.762980461120605,17.01427459716797,16.314218521118164,8.53065013885498,11.045839309692383,16.297470092773438
52.8,RUNNING,4,OUTBOUND,0.131,0.9835,156.6987,11.127,True,NORMAL,MONITOR,False,{},"[""uav2"", ""uav1"", ""uav0""]",limited,False,{},NONE,NORMAL,SAFE,1.0,IDLE,0.0,0.0,0.0,,,0.0,False,avoidance not required,,{},,,,,,,,,,,0,safe,6.055,2.840,1.718,0,0,0.0,0.0,[],9.272136688232422,11.189410209655762,16.297494888305664,8.963165283203125,17.190237045288086,16.31460189819336,8.72397518157959,11.222981452941895,16.30324935913086
53.0,RUNNING,4,OUTBOUND,0.131,0.9835,156.6987,11.127,True,NORMAL,MONITOR,False,{},"[""uav2"", ""uav1"", ""uav0""]",limited,False,{},NONE,NORMAL,SAFE,1.0,IDLE,0.0,0.0,0.0,,,0.0,False,avoidance not required,,{},,,,,,,,,,,0,safe,6.019,2.736,1.763,0,0,0.0,0.0,[],9.484541893005371,11.380542755126953,16.306943893432617,9.172819137573242,17.381122589111328,16.321163177490234,8.928606986999512,11.41289234161377,16.3132381439209
53.2,RUNNING,4,OUTBOUND,0.132,0.9833,156.6663,11.127,True,NORMAL,MONITOR,False,{},"[""uav2"", ""uav1"", ""uav0""]",limited,False,{},NONE,NORMAL,SAFE,1.0,IDLE,0.0,0.0,0.0,,,0.0,False,avoidance not required,,{},,,,,,,,,,,0,safe,6.044,2.640,1.791,0,0,0.0,0.0,[],9.702774047851562,11.57419204711914,16.31006622314453,9.390443801879883,17.575380325317383,16.3203067779541,9.141373634338379,11.606112480163574,16.316326141357422
53.4,RUNNING,4,OUTBOUND,0.133,0.9833,156.6663,11.127,True,NORMAL,MONITOR,False,{},"[""uav2"", ""uav1"", ""uav0""]",limited,False,{},NONE,NORMAL,SAFE,1.0,IDLE,0.0,0.0,0.0,,,0.0,False,avoidance not required,,{},,,,,,,,,,,0,safe,6.039,2.547,1.810,0,0,0.0,0.0,[],9.930936813354492,11.780237197875977,16.317785263061523,9.619101524353027,17.782262802124023,16.319536209106445,9.364360809326172,11.809183120727539,16.32183074951172
53.6,RUNNING,4,OUTBOUND,0.134,0.9832,156.6334,11.127,True,NORMAL,MONITOR,False,{},"[""uav2"", ""uav1"", ""uav0""]",limited,False,{},NONE,NORMAL,SAFE,1.0,IDLE,0.0,0.0,0.0,,,0.0,False,avoidance not required,,{},,,,,,,,,,,0,safe,6.033,2.468,1.813,0,0,0.0,0.0,[],10.161478042602539,11.985833168029785,16.320220947265625,9.85197639465332,17.988733291625977,16.317041397094727,9.593019485473633,12.01431655883789,16.32489585876465
53.8,RUNNING,4,OUTBOUND,0.134,0.9832,156.6334,11.127,True,NORMAL,MONITOR,False,{},"[""uav2"", ""uav1"", ""uav0""]",limited,False,{},NONE,NORMAL,SAFE,1.0,IDLE,0.0,0.0,0.0,,,0.0,False,avoidance not required,,{},,,,,,,,,,,0,safe,6.032,2.403,1.813,0,0,0.0,0.0,[],10.399994850158691,12.203304290771484,16.329721450805664,10.08928394317627,18.20294952392578,16.321325302124023,9.832508087158203,12.230925559997559,16.335765838623047
54.0,RUNNING,4,OUTBOUND,0.135,0.9832,156.6334,11.127,True,NORMAL,MONITOR,False,{},"[""uav2"", ""uav1"", ""uav0""]",limited,False,{},NONE,NORMAL,SAFE,1.0,IDLE,0.0,0.0,0.0,,,0.0,False,avoidance not required,,{},,,,,,,,,,,0,safe,5.994,2.364,1.805,0,0,0.0,0.0,[],10.637970924377441,12.416468620300293,16.3341064453125,10.327741622924805,18.41465187072754,16.322731018066406,10.070966720581055,12.444743156433105,16.341379165649414
54.2,RUNNING,4,OUTBOUND,0.136,0.983,156.6001,11.127,True,NORMAL,MONITOR,False,{},"[""uav2"", ""uav1"", ""uav0""]",limited,False,{},NONE,NORMAL,SAFE,1.0,IDLE,0.0,0.0,0.0,,,0.0,False,avoidance not required,,{},,,,,,,,,,,0,safe,6.033,2.345,1.797,0,0,0.0,0.0,[],10.882467269897461,12.63875675201416,16.34573745727539,10.565134048461914,18.6330509185791,16.329835891723633,10.309880256652832,12.66772747039795,16.353811264038086
54.4,RUNNING,4,OUTBOUND,0.137,0.983,156.6001,11.127,True,NORMAL,MONITOR,False,{},"[""uav2"", ""uav1"", ""uav0""]",limited,False,{},NONE,NORMAL,SAFE,1.0,IDLE,0.0,0.0,0.0,,,0.0,False,avoidance not required,,{},,,,,,,,,,,0,safe,6.027,2.354,1.786,0,0,0.0,0.0,[],11.1233491897583,12.85444164276123,16.351402282714844,10.803357124328613,18.846925735473633,16.33475685119629,10.547557830810547,12.88469409942627,16.358917236328125
54.6,RUNNING,4,OUTBOUND,0.137,0.9828,156.567,11.127,True,NORMAL,MONITOR,False,{},"[""uav2"", ""uav1"", ""uav0""]",limited,False,{},NONE,NORMAL,SAFE,1.0,IDLE,0.0,0.0,0.0,,,0.0,False,avoidance not required,,{},,,,,,,,,,,0,safe,6.024,2.359,1.778,0,0,0.0,0.0,[],11.368064880371094,13.076061248779297,16.362289428710938,11.040740966796875,19.06505012512207,16.348283767700195,10.785567283630371,13.106911659240723,16.372255325317383
54.8,RUNNING,4,OUTBOUND,0.138,0.9828,156.567,11.127,True,NORMAL,MONITOR,False,{},"[""uav2"", ""uav1"", ""uav0""]",limited,False,{},NONE,NORMAL,SAFE,1.0,IDLE,0.0,0.0,0.0,,,0.0,False,avoidance not required,,{},,,,,,,,,,,0,safe,5.979,2.372,1.717,0,0,0.0,0.0,[],11.608131408691406,13.2902250289917,16.36582374572754,11.278297424316406,19.27815055847168,16.3559627532959,11.022722244262695,13.3220853805542,16.376392364501953
55.0,RUNNING,4,OUTBOUND,0.139,0.9828,156.567,11.127,True,NORMAL,MONITOR,False,{},"[""uav2"", ""uav1"", ""uav0""]",limited,False,{},NONE,NORMAL,SAFE,1.0,IDLE,0.0,0.0,0.0,,,0.0,False,avoidance not required,,{},,,,,,,,,,,0,safe,6.015,2.376,1.761,0,0,0.0,0.0,[],11.851350784301758,13.50590991973877,16.37537384033203,11.514284133911133,19.49688148498535,16.36808204650879,11.264378547668457,13.541272163391113,16.38106918334961
55.2,RUNNING,4,OUTBOUND,0.14,0.9827,156.5339,11.127,True,NORMAL,MONITOR,False,{},"[""uav2"", ""uav1"", ""uav0""]",limited,False,{},NONE,NORMAL,SAFE,1.0,IDLE,0.0,0.0,0.0,,,0.0,False,avoidance not required,,{},,,,,,,,,,,0,safe,6.013,2.381,1.751,0,0,0.0,0.0,[],12.12734603881836,13.750031471252441,16.37855339050293,11.788299560546875,19.74384307861328,16.37387466430664,11.504733085632324,13.759997367858887,16.38927459716797
55.4,RUNNING,4,OUTBOUND,0.14,0.9827,156.5339,11.127,True,NORMAL,MONITOR,False,{},"[""uav2"", ""uav1"", ""uav0""]",limited,False,{},NONE,NORMAL,SAFE,1.0,IDLE,0.0,0.0,0.0,,,0.0,False,avoidance not required,,{},,,,,,,,,,,0,safe,5.977,2.389,1.695,0,0,0.0,0.0,[],12.326885223388672,13.932230949401855,16.384937286376953,11.985515594482422,19.922212600708008,16.3824405670166,11.741552352905273,13.9711275100708,16.391082763671875
55.6,RUNNING,4,OUTBOUND,0.141,0.9825,156.5009,11.127,True,NORMAL,MONITOR,False,{},"[""uav2"", ""uav1"", ""uav0""]",limited,False,{},NONE,NORMAL,SAFE,1.0,IDLE,0.0,0.0,0.0,,,0.0,False,avoidance not required,,{},,,,,,,,,,,0,safe,6.015,2.391,1.741,0,0,0.0,0.0,[],12.560040473937988,14.142457008361816,16.385379791259766,12.220572471618652,20.129880905151367,16.38540267944336,11.978460311889648,14.183660507202148,16.397323608398438
55.8,RUNNING,4,OUTBOUND,0.142,0.9825,156.5009,11.127,True,NORMAL,MONITOR,False,{},"[""uav2"", ""uav1"", ""uav0""]",limited,False,{},NONE,NORMAL,SAFE,1.0,IDLE,0.0,0.0,0.0,,,0.0,False,avoidance not required,,{},,,,,,,,,,,0,safe,6.019,2.397,1.739,0,0,0.0,0.0,[],12.792168617248535,14.357599258422852,16.396886825561523,12.450763702392578,20.340925216674805,16.395517349243164,12.212098121643066,14.39057731628418,16.39764404296875
56.0,RUNNING,4,OUTBOUND,0.143,0.9825,156.5009,11.127,True,NORMAL,MONITOR,False,{},"[""uav2"", ""uav1"", ""uav0""]",limited,False,{},NONE,NORMAL,SAFE,1.0,IDLE,0.0,0.0,0.0,,,0.0,False,avoidance not required,,{},,,,,,,,,,,0,safe,6.020,2.398,1.739,0,0,0.0,0.0,[],13.021354675292969,14.566110610961914,16.399900436401367,12.710951805114746,20.585668563842773,16.404869079589844,12.445691108703613,14.601043701171875,16.406665802001953
56.2,RUNNING,4,OUTBOUND,0.143,0.9823,156.468,11.127,True,NORMAL,MONITOR,False,{},"[""uav2"", ""uav1"", ""uav0""]",limited,False,{},NONE,NORMAL,SAFE,1.0,IDLE,0.0,0.0,0.0,,,0.0,False,avoidance not required,,{},,,,,,,,,,,0,safe,5.987,2.407,1.694,0,0,0.0,0.0,[],13.252650260925293,14.774384498596191,16.411029815673828,12.902729034423828,20.759611129760742,16.404672622680664,12.677019119262695,14.806683540344238,16.409305572509766
56.4,RUNNING,4,OUTBOUND,0.144,0.9823,156.468,11.127,True,NORMAL,MONITOR,False,{},"[""uav2"", ""uav1"", ""uav0""]",limited,False,{},NONE,NORMAL,SAFE,1.0,IDLE,0.0,0.0,0.0,,,0.0,False,avoidance not required,,{},,,,,,,,,,,0,safe,6.024,2.409,1.747,0,0,0.0,0.0,[],13.481147766113281,14.978306770324707,16.413318634033203,13.130155563354492,20.965984344482422,16.413616180419922,12.91009521484375,15.015955924987793,16.419408798217773
56.6,RUNNING,4,OUTBOUND,0.145,0.9822,156.4353,11.127,True,NORMAL,MONITOR,False,{},"[""uav2"", ""uav1"", ""uav0""]",limited,False,{},NONE,NORMAL,SAFE,1.0,IDLE,0.0,0.0,0.0,,,0.0,False,avoidance not required,,{},,,,,,,,,,,0,safe,6.029,2.419,1.752,0,0,0.0,0.0,[],13.747377395629883,15.220498085021973,16.42121124267578,13.359210014343262,21.172197341918945,16.426843643188477,13.140504837036133,15.22097396850586,16.421428680419922
56.8,RUNNING,4,OUTBOUND,0.146,0.9822,156.4353,11.127,True,NORMAL,MONITOR,False,{},"[""uav2"", ""uav1"", ""uav0""]",limited,False,{},NONE,NORMAL,SAFE,1.0,IDLE,0.0,0.0,0.0,,,0.0,False,avoidance not required,,{},,,,,,,,,,,0,safe,5.993,2.421,1.707,0,0,0.0,0.0,[],13.938733100891113,15.39242935180664,16.41918182373047,13.591026306152344,21.37668228149414,16.429519653320312,13.371390342712402,15.428788185119629,16.422882080078125
57.0,RUNNING,4,OUTBOUND,0.146,0.9822,156.4353,11.127,True,NORMAL,MONITOR,False,{},"[""uav2"", ""uav1"", ""uav0""]",limited,False,{},NONE,NORMAL,SAFE,1.0,IDLE,0.0,0.0,0.0,,,0.0,False,avoidance not required,,{},,,,,,,,,,,0,safe,6.033,2.423,1.760,0,0,0.0,0.0,[],14.166473388671875,15.601007461547852,16.423782348632812,13.821982383728027,21.585512161254883,16.43438148498535,13.600934028625488,15.633646965026855,16.420513153076172
57.2,RUNNING,4,OUTBOUND,0.147,0.982,156.4025,11.127,True,NORMAL,MONITOR,False,{},"[""uav2"", ""uav1"", ""uav0""]",limited,False,{},NONE,NORMAL,SAFE,1.0,IDLE,0.0,0.0,0.0,,,0.0,False,avoidance not required,,{},,,,,,,,,,,0,safe,5.998,2.421,1.760,0,0,0.0,0.0,[],14.39356517791748,15.806026458740234,16.4228458404541,14.055357933044434,21.792530059814453,16.430978775024414,13.832344055175781,15.843750953674316,16.426042556762695
57.4,RUNNING,4,OUTBOUND,0.148,0.982,156.4025,11.127,True,NORMAL,MONITOR,False,{},"[""uav2"", ""uav1"", ""uav0""]",limited,False,{},NONE,NORMAL,SAFE,1.0,IDLE,0.0,0.0,0.0,,,0.0,False,avoidance not required,,{},,,,,,,,,,,0,safe,6.039,2.426,1.760,0,0,0.0,0.0,[],14.622150421142578,16.01458168029785,16.430070877075195,14.286344528198242,22.002782821655273,16.433629989624023,14.062997817993164,16.058391571044922,16.436540603637695
57.6,RUNNING,4,OUTBOUND,0.149,0.9818,156.3697,11.127,True,NORMAL,MONITOR,False,{},"[""uav2"", ""uav1"", ""uav0""]",limited,False,{},NONE,NORMAL,SAFE,1.0,IDLE,0.0,0.0,0.0,,,0.0,False,avoidance not required,,{},,,,,,,,,,,0,safe,6.041,2.434,1.760,0,0,0.0,0.0,[],14.887755393981934,16.254179000854492,16.433725357055664,14.519536972045898,22.210891723632812,16.431529998779297,14.292288780212402,16.26666831970215,16.439661026000977
57.8,RUNNING,4,OUTBOUND,0.149,0.9818,156.3697,11.127,True,NORMAL,MONITOR,False,{},"[""uav2"", ""uav1"", ""uav0""]",limited,False,{},NONE,NORMAL,SAFE,1.0,IDLE,0.0,0.0,0.0,,,0.0,False,avoidance not required,,{},,,,,,,,,,,0,safe,6.042,2.432,1.759,0,0,0.0,0.0,[],15.083919525146484,16.43354034423828,16.445322036743164,14.75357723236084,22.42404556274414,16.438703536987305,14.520164489746094,16.47064781188965,16.446081161499023
58.0,RUNNING,4,OUTBOUND,0.15,0.9818,156.3697,11.127,True,NORMAL,MONITOR,False,{},"[""uav2"", ""uav1"", ""uav0""]",limited,False,{},NONE,NORMAL,SAFE,1.0,IDLE,0.0,0.0,0.0,,,0.0,False,avoidance not required,,{},,,,,,,,,,,0,safe,6.036,2.439,1.755,0,0,0.0,0.0,[],15.352837562561035,16.676836013793945,16.450740814208984,14.988943099975586,22.63414192199707,16.4395751953125,14.748771667480469,16.67345428466797,16.447980880737305
58.2,RUNNING,4,OUTBOUND,0.151,0.9817,156.3369,11.127,True,NORMAL,MONITOR,False,{},"[""uav2"", ""uav1"", ""uav0""]",limited,False,{},NONE,NORMAL,SAFE,1.0,IDLE,0.0,0.0,0.0,,,0.0,False,avoidance not required,,{},,,,,,,,,,,0,safe,5.996,2.440,1.751,0,0,0.0,0.0,[],15.584837913513184,16.891128540039062,16.457218170166016,15.2178316116333,22.84940528869629,16.446813583374023,14.982230186462402,16.88141441345215,16.457155227661133
58.4,RUNNING,4,OUTBOUND,0.152,0.9817,156.3369,11.127,True,NORMAL,MONITOR,False,{},"[""uav2"", ""uav1"", ""uav0""]",limited,False,{},NONE,NORMAL,SAFE,1.0,IDLE,0.0,0.0,0.0,,,0.0,False,avoidance not required,,{},,,,,,,,,,,0,safe,5.997,2.447,1.749,0,0,0.0,0.0,[],15.780840873718262,17.072237014770508,16.462997436523438,15.449241638183594,23.060636520385742,16.4481258392334,15.215415000915527,17.088165283203125,16.46238899230957
58.6,RUNNING,4,OUTBOUND,0.152,0.9815,156.3041,11.127,True,NORMAL,MONITOR,False,{},"[""uav2"", ""uav1"", ""uav0""]",limited,False,{},NONE,NORMAL,SAFE,1.0,IDLE,0.0,0.0,0.0,,,0.0,False,avoidance not required,,{},,,,,,,,,,,0,safe,6.035,2.449,1.717,0,0,0.0,0.0,[],16.012653350830078,17.282154083251953,16.462554931640625,15.681052207946777,23.269489288330078,16.451520919799805,15.446500778198242,17.29338836669922,16.462772369384766
58.8,RUNNING,4,OUTBOUND,0.153,0.9815,156.3041,11.127,True,NORMAL,MONITOR,False,{},"[""uav2"", ""uav1"", ""uav0""]",limited,False,{},NONE,NORMAL,SAFE,1.0,IDLE,0.0,0.0,0.0,,,0.0,False,avoidance not required,,{},,,,,,,,,,,0,safe,6.034,2.452,1.748,0,0,0.0,0.0,[],16.245433807373047,17.4913330078125,16.460664749145508,15.914840698242188,23.476167678833008,16.452041625976562,15.676650047302246,17.50310516357422,16.468421936035156
59.0,RUNNING,4,OUTBOUND,0.154,0.9815,156.3041,11.127,True,NORMAL,MONITOR,False,{},"[""uav2"", ""uav1"", ""uav0""]",limited,False,{},NONE,NORMAL,SAFE,1.0,IDLE,0.0,0.0,0.0,,,0.0,False,avoidance not required,,{},,,,,,,,,,,0,safe,6.031,2.452,1.748,0,0,0.0,0.0,[],16.476362228393555,17.696691513061523,16.456357955932617,16.147018432617188,23.688405990600586,16.459823608398438,15.905838012695312,17.710599899291992,16.466318130493164
59.2,RUNNING,4,OUTBOUND,0.155,0.9814,156.2712,11.127,True,NORMAL,MONITOR,False,{},"[""uav2"", ""uav1"", ""uav0""]",limited,False,{},NONE,NORMAL,SAFE,1.0,IDLE,0.0,0.0,0.0,,,0.0,False,avoidance not required,,{},,,,,,,,,,,0,safe,6.030,2.460,1.745,0,0,0.0,0.0,[],16.70547866821289,17.902753829956055,16.4619197845459,16.380695343017578,23.897706985473633,16.460430145263672,16.133943557739258,17.921323776245117,16.46741485595703
59.4,RUNNING,4,OUTBOUND,0.155,0.9814,156.2712,11.127,True,NORMAL,MONITOR,False,{},"[""uav2"", ""uav1"", ""uav0""]",limited,False,{},NONE,NORMAL,SAFE,1.0,IDLE,0.0,0.0,0.0,,,0.0,False,avoidance not required,,{},,,,,,,,,,,0,safe,5.992,2.461,1.693,0,0,0.0,0.0,[],16.934288024902344,18.107196807861328,16.462081909179688,16.614038467407227,24.10857391357422,16.4641056060791,16.362430572509766,18.12958526611328,16.466588973999023
59.6,RUNNING,4,OUTBOUND,0.156,0.9812,156.2383,11.127,True,NORMAL,MONITOR,False,{},"[""uav2"", ""uav1"", ""uav0""]",limited,False,{},NONE,NORMAL,SAFE,1.0,IDLE,0.0,0.0,0.0,,,0.0,False,avoidance not required,,{},,,,,,,,,,,0,safe,6.028,2.462,1.741,0,0,0.0,0.0,[],17.15983772277832,18.32097625732422,16.468780517578125,16.848228454589844,24.316831588745117,16.464282989501953,16.59341049194336,18.33962631225586,16.472700119018555
59.8,RUNNING,4,OUTBOUND,0.157,0.9812,156.2383,11.127,True,NORMAL,MONITOR,False,{},"[""uav2"", ""uav1"", ""uav0""]",limited,False,{},NONE,NORMAL,SAFE,1.0,IDLE,0.0,0.0,0.0,,,0.0,False,avoidance not required,,{},,,,,,,,,,,0,safe,6.034,2.464,1.740,0,0,0.0,0.0,[],17.387065887451172,18.531124114990234,16.47072982788086,17.08030891418457,24.526580810546875,16.469648361206055,16.82433319091797,18.547828674316406,16.474821090698242
60.0,RUNNING,4,OUTBOUND,0.158,0.9812,156.2383,11.127,True,NORMAL,MONITOR,False,{},"[""uav2"", ""uav1"", ""uav0""]",limited,False,{},NONE,NORMAL,SAFE,1.0,IDLE,0.0,0.0,0.0,,,0.0,False,avoidance not required,,{},,,,,,,,,,,0,safe,6.001,2.470,1.739,0,0,0.0,0.0,[],17.614070892333984,18.744836807250977,16.47480010986328,17.31361198425293,24.734447479248047,16.471744537353516,17.055126190185547,18.75769805908203,16.481260299682617
60.2,RUNNING,4,OUTBOUND,0.158,0.981,156.2053,11.127,True,NORMAL,MONITOR,False,{},"[""uav2"", ""uav1"", ""uav0""]",limited,False,{},NONE,NORMAL,SAFE,1.0,IDLE,0.0,0.0,0.0,,,0.0,False,avoidance not required,,{},,,,,,,,,,,0,safe,6.041,2.472,1.739,0,0,0.0,0.0,[],17.84290885925293,18.95489501953125,16.47454071044922,17.543516159057617,24.94352912902832,16.48212242126465,17.286251068115234,18.96697425842285,16.483030319213867
60.4,RUNNING,4,OUTBOUND,0.159,0.981,156.2053,11.127,True,NORMAL,MONITOR,False,{},"[""uav2"", ""uav1"", ""uav0""]",limited,False,{},NONE,NORMAL,SAFE,1.0,IDLE,0.0,0.0,0.0,,,0.0,False,avoidance not required,,{},,,,,,,,,,,0,safe,6.043,2.475,1.740,0,0,0.0,0.0,[],18.068553924560547,19.164058685302734,16.477109909057617,17.775297164916992,25.151437759399414,16.485292434692383,17.51994514465332,19.18191146850586,16.489604949951172
60.6,RUNNING,4,OUTBOUND,0.16,0.9809,156.1723,11.127,True,NORMAL,MONITOR,False,{},"[""uav2"", ""uav1"", ""uav0""]",limited,False,{},NONE,NORMAL,SAFE,1.0,IDLE,0.0,0.0,0.0,,,0.0,False,avoidance not required,,{},,,,,,,,,,,0,safe,6.051,2.477,1.740,0,0,0.0,0.0,[],18.33393096923828,19.404632568359375,16.476604461669922,18.044221878051758,25.389636993408203,16.498838424682617,17.751882553100586,19.393539428710938,16.489023208618164
60.8,RUNNING,4,OUTBOUND,0.161,0.9809,156.1723,11.127,True,NORMAL,MONITOR,False,{},"[""uav2"", ""uav1"", ""uav0""]",limited,False,{},NONE,NORMAL,SAFE,1.0,IDLE,0.0,0.0,0.0,,,0.0,False,avoidance not required,,{},,,,,,,,,,,0,safe,6.018,2.477,1.694,0,0,0.0,0.0,[],18.529129028320312,19.580595016479492,16.48114013671875,18.239633560180664,25.562427520751953,16.49994659423828,17.98065757751465,19.60504150390625,16.489212036132812
61.0,RUNNING,4,OUTBOUND,0.161,0.9809,156.1723,11.127,True,NORMAL,MONITOR,False,{},"[""uav2"", ""uav1"", ""uav0""]",limited,False,{},NONE,NORMAL,SAFE,1.0,IDLE,0.0,0.0,0.0,,,0.0,False,avoidance not required,,{},,,,,,,,,,,0,safe,6.052,2.481,1.745,0,0,0.0,0.0,[],18.799840927124023,19.820531845092773,16.483009338378906,18.471641540527344,25.76508331298828,16.50044822692871,18.21012306213379,19.81422996520996,16.48639488220215
61.2,RUNNING,4,OUTBOUND,0.162,0.9807,156.1394,11.127,True,NORMAL,MONITOR,False,{},"[""uav2"", ""uav1"", ""uav0""]",limited,False,{},NONE,NORMAL,SAFE,1.0,IDLE,0.0,0.0,0.0,,,0.0,False,avoidance not required,,{},,,,,,,,,,,0,safe,6.048,2.482,1.749,0,0,0.0,0.0,[],18.99648666381836,19.99226188659668,16.487733840942383,18.704483032226562,25.97006607055664,16.496667861938477,18.44192886352539,20.02273178100586,16.48653221130371
61.4,RUNNING,4,OUTBOUND,0.163,0.9807,156.1394,11.127,True,NORMAL,MONITOR,False,{},"[""uav2"", ""uav1"", ""uav0""]",limited,False,{},NONE,NORMAL,SAFE,1.0,IDLE,0.0,0.0,0.0,,,0.0,False,avoidance not required,,{},,,,,,,,,,,0,safe,6.046,2.488,1.751,0,0,0.0,0.0,[],19.23015594482422,20.197254180908203,16.489425659179688,18.93678855895996,26.179126739501953,16.498241424560547,18.6734676361084,20.23012924194336,16.486404418945312
61.6,RUNNING,4,OUTBOUND,0.164,0.9805,156.1064,11.127,True,NORMAL,MONITOR,False,{},"[""uav2"", ""uav1"", ""uav0""]",limited,False,{},NONE,NORMAL,SAFE,1.0,IDLE,0.0,0.0,0.0,,,0.0,False,avoidance not required,,{},,,,,,,,,,,0,safe,6.006,2.490,1.751,0,0,0.0,0.0,[],19.46375846862793,20.398784637451172,16.4942626953125,19.169414520263672,26.389060974121094,16.49776840209961,18.905847549438477,20.436948776245117,16.48926544189453
61.8,RUNNING,4,OUTBOUND,0.164,0.9805,156.1064,11.127,True,NORMAL,MONITOR,False,{},"[""uav2"", ""uav1"", ""uav0""]",limited,False,{},NONE,NORMAL,SAFE,1.0,IDLE,0.0,0.0,0.0,,,0.0,False,avoidance not required,,{},,,,,,,,,,,0,safe,6.042,2.494,1.749,0,0,0.0,0.0,[],19.734682083129883,20.63509750366211,16.495853424072266,19.397586822509766,26.598587036132812,16.503007888793945,19.13725471496582,20.643531799316406,16.490476608276367
62.0,RUNNING,4,OUTBOUND,0.165,0.9805,156.1064,11.127,True,NORMAL,MONITOR,False,{},"[""uav2"", ""uav1"", ""uav0""]",limited,False,{},NONE,NORMAL,SAFE,1.0,IDLE,0.0,0.0,0.0,,,0.0,False,avoidance not required,,{},,,,,,,,,,,0,safe,6.003,2.496,1.752,0,0,0.0,0.0,[],19.932147979736328,20.80556869506836,16.504222869873047,19.627361297607422,26.809078216552734,16.503023147583008,19.367774963378906,20.84819793701172,16.498178482055664
62.2,RUNNING,4,OUTBOUND,0.166,0.9804,156.0735,11.127,True,NORMAL,MONITOR,False,{},"[""uav2"", ""uav1"", ""uav0""]",limited,False,{},NONE,NORMAL,SAFE,1.0,IDLE,0.0,0.0,0.0,,,0.0,False,avoidance not required,,{},,,,,,,,,,,0,safe,6.036,2.503,1.753,0,0,0.0,0.0,[],20.166728973388672,21.005830764770508,16.511144638061523,19.856830596923828,27.01583480834961,16.508031845092773,19.598648071289062,21.05426597595215,16.504520416259766
62.4,RUNNING,4,OUTBOUND,0.167,0.9804,156.0735,11.127,True,NORMAL,MONITOR,False,{},"[""uav2"", ""uav1"", ""uav0""]",limited,False,{},NONE,NORMAL,SAFE,1.0,IDLE,0.0,0.0,0.0,,,0.0,False,avoidance not required,,{},,,,,,,,,,,0,safe,6.032,2.508,1.756,0,0,0.0,0.0,[],20.400074005126953,21.21099090576172,16.50995635986328,20.08779525756836,27.22481346130371,16.51045036315918,19.832683563232422,21.25968360900879,16.515674591064453
62.6,RUNNING,4,OUTBOUND,0.167,0.9802,156.0404,11.127,True,NORMAL,MONITOR,False,{},"[""uav2"", ""uav1"", ""uav0""]",limited,False,{},NONE,NORMAL,SAFE,1.0,IDLE,0.0,0.0,0.0,,,0.0,False,avoidance not required,,{},,,,,,,,,,,0,safe,6.033,2.510,1.757,0,0,0.0,0.0,[],20.633365631103516,21.418184280395508,16.51626205444336,20.319759368896484,27.434663772583008,16.514827728271484,20.06562042236328,21.467144012451172,16.51726722717285
62.8,RUNNING,4,OUTBOUND,0.168,0.9802,156.0404,11.127,True,NORMAL,MONITOR,False,{},"[""uav2"", ""uav1"", ""uav0""]",limited,False,{},NONE,NORMAL,SAFE,1.0,IDLE,0.0,0.0,0.0,,,0.0,False,avoidance not required,,{},,,,,,,,,,,0,safe,6.032,2.515,1.757,0,0,0.0,0.0,[],20.865747451782227,21.628768920898438,16.514217376708984,20.552631378173828,27.644296646118164,16.51893424987793,20.29972267150879,21.673131942749023,16.520427703857422
63.0,RUNNING,4,OUTBOUND,0.169,0.9802,156.0404,11.127,True,NORMAL,MONITOR,False,{},"[""uav2"", ""uav1"", ""uav0""]",limited,False,{},NONE,NORMAL,SAFE,1.0,IDLE,0.0,0.0,0.0,,,0.0,False,avoidance not required,,{},,,,,,,,,,,0,safe,5.997,2.515,1.707,0,0,0.0,0.0,[],21.096288681030273,21.837364196777344,16.51663589477539,20.78572654724121,27.855642318725586,16.516109466552734,20.532245635986328,21.881223678588867,16.517648696899414
63.2,DYNAMIC_SLOW,4,OUTBOUND,0.169,0.98,156.0073,11.127,True,NORMAL,MONITOR,False,{},"[""uav2"", ""uav1"", ""uav0""]",limited,False,{},NONE,SLOW,STALE,0.35,IDLE,0.0,0.0,0.0,,,0.0,,,,{},,,,,,,,,,,0,safe,6.036,2.516,1.758,0,0,0.0,0.0,[],21.32663345336914,22.049074172973633,16.515268325805664,21.017173767089844,28.063711166381836,16.519607543945312,20.764163970947266,22.085205078125,16.518312454223633
63.4,DYNAMIC_SLOW,4,OUTBOUND,0.17,0.98,156.0073,11.127,True,NORMAL,MONITOR,False,{},"[""uav2"", ""uav1"", ""uav0""]",limited,False,{},NONE,SLOW,STALE,0.35,IDLE,0.0,0.0,0.0,,,0.0,,,,{},,,,,,,,,,,0,safe,6.038,2.515,1.603,0,0,0.0,0.0,[],21.554039001464844,22.259233474731445,16.518054962158203,21.24868392944336,28.273591995239258,16.51749610900879,20.99382781982422,22.29214859008789,16.516822814941406
63.6,DYNAMIC_SLOW,4,OUTBOUND,0.17,0.9799,155.9745,11.127,True,NORMAL,MONITOR,False,{},"[""uav2"", ""uav1"", ""uav0""]",limited,False,{},NONE,SLOW,STALE,0.35,IDLE,0.0,0.0,0.0,,,0.0,,,,{},,,,,,,,,,,0,safe,6.040,2.518,1.403,0,0,0.0,0.0,[],21.81146812438965,22.497018814086914,16.51557159423828,21.47653579711914,28.47510528564453,16.520719528198242,21.21441078186035,22.492263793945312,16.521121978759766
63.8,DYNAMIC_SLOW,4,OUTBOUND,0.17,0.9799,155.9745,11.127,True,NORMAL,MONITOR,False,{},"[""uav2"", ""uav1"", ""uav0""]",limited,False,{},NONE,SLOW,STALE,0.35,IDLE,0.0,0.0,0.0,,,0.0,,,,{},,,,,,,,,,,0,safe,6.003,2.516,1.163,0,0,0.0,0.0,[],21.991079330444336,22.654064178466797,16.517288208007812,21.690330505371094,28.667221069335938,16.51871109008789,21.42163848876953,22.682537078857422,16.51976203918457
64.0,DYNAMIC_SLOW,4,OUTBOUND,0.17,0.9799,155.9745,11.127,True,NORMAL,MONITOR,False,{},"[""uav2"", ""uav1"", ""uav0""]",limited,False,{},NONE,SLOW,STALE,0.35,IDLE,0.0,0.0,0.0,,,0.0,,,,{},,,,,,,,,,,0,safe,6.031,2.517,1.032,0,0,0.0,0.0,[],22.187421798706055,22.83032989501953,16.515045166015625,21.918964385986328,28.8668212890625,16.520709991455078,21.617412567138672,22.855260848999023,16.521821975708008
64.2,DYNAMIC_SLOW,4,OUTBOUND,0.171,0.9797,155.9427,11.127,True,NORMAL,MONITOR,False,{},"[""uav2"", ""uav1"", ""uav0""]",limited,False,{},NONE,SLOW,STALE,0.35,IDLE,0.0,0.0,0.0,,,0.0,,,,{},,,,,,,,,,,0,safe,6.030,2.515,0.878,0,0,0.0,0.0,[],22.364904403686523,22.9874267578125,16.520551681518555,22.067319869995117,28.999679565429688,16.517967224121094,21.79214096069336,23.006744384765625,16.526262283325195
64.4,DYNAMIC_SLOW,4,OUTBOUND,0.171,0.9797,155.9427,11.127,True,NORMAL,MONITOR,False,{},"[""uav2"", ""uav1"", ""uav0""]",limited,False,{},NONE,SLOW,STALE,0.35,IDLE,0.0,0.0,0.0,,,0.0,,,,{},,,,,,,,,,,0,safe,6.027,2.521,0.751,0,0,0.0,0.0,[],22.52216148376465,23.13111686706543,16.518951416015625,22.226655960083008,29.13275718688965,16.520912170410156,21.946775436401367,23.144926071166992,16.525421142578125
64.6,DYNAMIC_SLOW,4,OUTBOUND,0.171,0.9796,155.9126,11.127,True,NORMAL,MONITOR,False,{},"[""uav2"", ""uav1"", ""uav0""]",limited,False,{},NONE,SLOW,STALE,0.35,IDLE,0.0,0.0,0.0,,,0.0,,,,{},,,,,,,,,,,0,safe,6.025,2.519,0.647,0,0,0.0,0.0,[],22.666643142700195,23.248077392578125,16.524194717407227,22.36656379699707,29.255067825317383,16.519834518432617,22.086355209350586,23.2603759765625,16.528600692749023
64.8,DYNAMIC_SLOW,4,OUTBOUND,0.171,0.9796,155.9126,11.127,True,NORMAL,MONITOR,False,{},"[""uav2"", ""uav1"", ""uav0""]",limited,False,{},NONE,SLOW,STALE,0.35,IDLE,0.0,0.0,0.0,,,0.0,,,,{},,,,,,,,,,,0,safe,5.998,2.524,0.567,0,0,0.0,0.0,[],22.791975021362305,23.356801986694336,16.52315902709961,22.493824005126953,29.350629806518555,16.52495574951172,22.208599090576172,23.36728286743164,16.525951385498047
65.0,DYNAMIC_SLOW,4,OUTBOUND,0.172,0.9796,155.9126,11.127,True,NORMAL,MONITOR,False,{},"[""uav2"", ""uav1"", ""uav0""]",limited,False,{},NONE,SLOW,STALE,0.35,IDLE,0.0,0.0,0.0,,,0.0,,,,{},,,,,,,,,,,0,safe,6.017,2.523,0.520,0,0,0.0,0.0,[],22.911123275756836,23.4467716217041,16.52895736694336,22.604774475097656,29.442243576049805,16.523639678955078,22.32294273376465,23.457195281982422,16.5312442779541
65.2,DYNAMIC_HOLD,4,OUTBOUND,0.172,0.9794,155.8837,11.127,True,NORMAL,MONITOR,False,{},"[""uav2"", ""uav1"", ""uav0""]",limited,False,{},NONE,HOLD,STALE,0.0,IDLE,0.0,0.0,0.0,,,0.0,,,,{},,,,,,,,,,,0,safe,6.012,2.529,0.487,0,0,0.0,0.0,[],23.028553009033203,23.544931411743164,16.52900505065918,22.721691131591797,29.525117874145508,16.529027938842773,22.425830841064453,23.534048080444336,16.538238525390625
65.4,DYNAMIC_HOLD,4,OUTBOUND,0.172,0.9794,155.8837,11.127,True,NORMAL,MONITOR,False,{},"[""uav2"", ""uav1"", ""uav0""]",limited,False,{},NONE,HOLD,STALE,0.0,IDLE,0.0,0.0,0.0,,,0.0,,,,{},,,,,,,,,,,0,safe,6.013,2.528,0.129,0,0,0.0,0.0,[],23.101511001586914,23.599332809448242,16.537336349487305,22.791841506958008,29.582462310791016,16.537405014038086,22.50929069519043,23.602588653564453,16.5484561920166
65.6,DYNAMIC_HOLD,4,OUTBOUND,0.172,0.9793,155.8554,11.127,True,NORMAL,MONITOR,True,{},"[""uav2"", ""uav1"", ""uav0""]",limited,False,{},NONE,HOLD,STALE,0.0,IDLE,0.0,0.0,0.0,,,0.0,,,,{},,,,,,,,,,,0,safe,6.008,2.537,0.237,0,0,0.0,0.0,[],23.158418655395508,23.645523071289062,16.54323387145996,22.85479164123535,29.617664337158203,16.552324295043945,22.567655563354492,23.64008331298828,16.56167984008789
65.8,DYNAMIC_HOLD,4,OUTBOUND,0.172,0.9793,155.8554,11.127,True,NORMAL,MONITOR,True,{},"[""uav2"", ""uav1"", ""uav0""]",limited,False,{},NONE,HOLD,STALE,0.0,IDLE,0.0,0.0,0.0,,,0.0,,,,{},,,,,,,,,,,0,safe,6.001,2.545,0.307,0,0,0.0,0.0,[],23.203571319580078,23.66035270690918,16.555295944213867,22.89215850830078,29.638607025146484,16.559356689453125,22.597366333007812,23.660139083862305,16.56568145751953
66.0,DYNAMIC_HOLD,4,OUTBOUND,0.172,0.9793,155.8554,11.127,True,NORMAL,MONITOR,True,{},"[""uav2"", ""uav1"", ""uav0""]",limited,False,{},NONE,HOLD,STALE,0.0,IDLE,0.0,0.0,0.0,,,0.0,,,,{},,,,,,,,,,,0,safe,5.994,2.555,0.343,0,0,0.0,0.0,[],23.217920303344727,23.655521392822266,16.562345504760742,22.90949249267578,29.632991790771484,16.566238403320312,22.613130569458008,23.659622192382812,16.569026947021484
66.2,DYNAMIC_HOLD,4,OUTBOUND,0.172,0.9791,155.8274,11.127,True,NORMAL,MONITOR,True,{},"[""uav2"", ""uav1"", ""uav0""]",limited,False,{},NONE,HOLD,STALE,0.0,IDLE,0.0,0.0,0.0,,,0.0,,,,{},,,,,,,,,,,0,safe,5.995,2.562,0.356,0,0,0.0,0.0,[],23.216442108154297,23.64671516418457,16.5656681060791,22.911117553710938,29.624914169311523,16.56747055053711,22.609895706176758,23.651731491088867,16.568016052246094
66.4,DYNAMIC_HOLD,4,OUTBOUND,0.172,0.9791,155.8274,11.127,True,NORMAL,MONITOR,True,{},"[""uav2"", ""uav1"", ""uav0""]",limited,False,{},NONE,HOLD,STALE,0.0,IDLE,0.0,0.0,0.0,,,0.0,,,,{},,,,,,,,,,,0,safe,5.993,2.566,0.349,0,0,0.0,0.0,[],23.210540771484375,23.624351501464844,16.575876235961914,22.908023834228516,29.59953498840332,16.569543838500977,22.59934425354004,23.627811431884766,16.574169158935547
66.6,DYNAMIC_HOLD,4,OUTBOUND,0.172,0.979,155.7936,11.127,True,NORMAL,MONITOR,True,{},"[""uav2"", ""uav1"", ""uav0""]",limited,False,{},NONE,HOLD,STALE,0.0,IDLE,0.0,0.0,0.0,,,0.0,,,,{},,,,,,,,,,,0,safe,5.989,2.576,0.329,0,0,0.0,0.0,[],23.188650131225586,23.59917640686035,16.57956314086914,22.887950897216797,29.573575973510742,16.570390701293945,22.577789306640625,23.604816436767578,16.577011108398438
66.8,DYNAMIC_HOLD,4,OUTBOUND,0.172,0.979,155.7936,11.127,True,NORMAL,MONITOR,True,{},"[""uav2"", ""uav1"", ""uav0""]",limited,False,{},NONE,HOLD,STALE,0.0,IDLE,0.0,0.0,0.0,,,0.0,,,,{},,,,,,,,,,,0,safe,5.986,2.578,0.304,0,0,0.0,0.0,[],23.170085906982422,23.572895050048828,16.586517333984375,22.87019920349121,29.5447940826416,16.577722549438477,22.553531646728516,23.572574615478516,16.581871032714844
67.0,DYNAMIC_HOLD,4,OUTBOUND,0.172,0.979,155.7936,11.127,True,NORMAL,MONITOR,True,{},"[""uav2"", ""uav1"", ""uav0""]",limited,False,{},NONE,HOLD,STALE,0.0,IDLE,0.0,0.0,0.0,,,0.0,,,,{},,,,,,,,,,,0,safe,5.983,2.587,0.272,0,0,0.0,0.0,[],23.142210006713867,23.548860549926758,16.587594985961914,22.842531204223633,29.52057456970215,16.57954978942871,22.52467918395996,23.546306610107422,16.582374572753906
67.2,DYNAMIC_HOLD,4,OUTBOUND,0.172,0.9788,155.7664,11.127,True,NORMAL,MONITOR,True,{},"[""uav2"", ""uav1"", ""uav0""]",limited,False,{},NONE,HOLD,STALE,0.0,IDLE,0.0,0.0,0.0,,,0.0,,,,{},,,,,,,,,,,0,safe,5.982,2.588,0.238,0,0,0.0,0.0,[],23.11688232421875,23.517019271850586,16.590944290161133,22.81736946105957,29.487382888793945,16.583175659179688,22.497528076171875,23.512765884399414,16.5859375
67.4,DYNAMIC_HOLD,4,OUTBOUND,0.172,0.9788,155.7664,11.127,True,NORMAL,MONITOR,True,{},"[""uav2"", ""uav1"", ""uav0""]",limited,False,{},NONE,HOLD,STALE,0.0,IDLE,0.0,0.0,0.0,,,0.0,,,,{},,,,,,,,,,,0,safe,5.981,2.591,0.207,0,0,0.0,0.0,[],23.08941650390625,23.49561309814453,16.588842391967773,22.789825439453125,29.466304779052734,16.5831356048584,22.469614028930664,23.488929748535156,16.585994720458984
67.6,DYNAMIC_HOLD,4,OUTBOUND,0.172,0.9787,155.7392,11.127,True,NORMAL,MONITOR,True,{},"[""uav2"", ""uav1"", ""uav0""]",limited,False,{},NONE,HOLD,STALE,0.0,IDLE,0.0,0.0,0.0,,,0.0,,,,{},,,,,,,,,,,0,safe,5.980,2.589,0.179,0,0,0.0,0.0,[],23.066387176513672,23.46967124938965,16.59107208251953,22.765634536743164,29.443368911743164,16.589481353759766,22.444921493530273,23.460674285888672,16.592512130737305
67.8,DYNAMIC_HOLD,4,OUTBOUND,0.172,0.9787,155.7392,11.127,True,NORMAL,MONITOR,True,{},"[""uav2"", ""uav1"", ""uav0""]",limited,False,{},NONE,HOLD,STALE,0.0,IDLE,0.0,0.0,0.0,,,0.0,,,,{},,,,,,,,,,,0,safe,5.979,2.591,0.159,0,0,0.0,0.0,[],23.043502807617188,23.45525550842285,16.588504791259766,22.741615295410156,29.43187141418457,16.59003257751465,22.421859741210938,23.444032669067383,16.593839645385742
68.0,DYNAMIC_HOLD,4,OUTBOUND,0.172,0.9787,155.7392,11.127,True,NORMAL,MONITOR,True,{},"[""uav2"", ""uav1"", ""uav0""]",limited,False,{},NONE,HOLD,STALE,0.0,IDLE,0.0,0.0,0.0,,,0.0,,,,{},,,,,,,,,,,0,safe,5.978,2.589,0.139,0,0,0.0,0.0,[],23.01909637451172,23.435792922973633,16.591167449951172,22.72190284729004,29.41978645324707,16.5939884185791,22.40139389038086,23.42934226989746,16.600299835205078
68.2,DYNAMIC_HOLD,4,OUTBOUND,0.172,0.9786,155.7114,11.127,True,NORMAL,MONITOR,True,{},"[""uav2"", ""uav1"", ""uav0""]",limited,False,{},NONE,HOLD,STALE,0.0,IDLE,0.0,0.0,0.0,,,0.0,,,,{},,,,,,,,,,,0,safe,5.982,2.591,0.127,0,0,0.0,0.0,[],23.000444412231445,23.428491592407227,16.588397979736328,22.70376968383789,29.417076110839844,16.59276580810547,22.384191513061523,23.424179077148438,16.599781036376953
68.4,DYNAMIC_HOLD,4,OUTBOUND,0.172,0.9786,155.7114,11.127,True,NORMAL,MONITOR,True,{},"[""uav2"", ""uav1"", ""uav0""]",limited,False,{},NONE,HOLD,STALE,0.0,IDLE,0.0,0.0,0.0,,,0.0,,,,{},,,,,,,,,,,0,safe,5.984,2.588,0.114,0,0,0.0,0.0,[],22.98285484313965,23.41957664489746,16.586910247802734,22.680761337280273,29.417356491088867,16.602092742919922,22.370750427246094,23.420440673828125,16.599943161010742
68.6,DYNAMIC_HOLD,4,OUTBOUND,0.172,0.9784,155.6828,11.127,True,NORMAL,MONITOR,True,{},"[""uav2"", ""uav1"", ""uav0""]",limited,False,{},NONE,HOLD,STALE,0.0,IDLE,0.0,0.0,0.0,,,0.0,,,,{},,,,,,,,,,,0,safe,5.988,2.587,0.105,0,0,0.0,0.0,[],22.971364974975586,23.419401168823242,16.585786819458008,22.667585372924805,29.422189712524414,16.601728439331055,22.360347747802734,23.422800064086914,16.597885131835938
68.8,DYNAMIC_HOLD,4,OUTBOUND,0.172,0.9784,155.6828,11.127,True,NORMAL,MONITOR,True,{},"[""uav2"", ""uav1"", ""uav0""]",limited,False,{},NONE,HOLD,STALE,0.0,IDLE,0.0,0.0,0.0,,,0.0,,,,{},,,,,,,,,,,0,safe,5.989,2.586,0.096,0,0,0.0,0.0,[],22.95378875732422,23.416484832763672,16.589447021484375,22.65184211730957,29.425756454467773,16.60243797302246,22.348567962646484,23.42205047607422,16.59975242614746
69.0,DYNAMIC_HOLD,4,OUTBOUND,0.172,0.9784,155.6828,11.127,True,NORMAL,MONITOR,True,{},"[""uav2"", ""uav1"", ""uav0""]",limited,False,{},NONE,HOLD,STALE,0.0,IDLE,0.0,0.0,0.0,,,0.0,,,,{},,,,,,,,,,,0,safe,5.995,2.589,0.089,0,0,0.0,0.0,[],22.93732261657715,23.414094924926758,16.594547271728516,22.63615608215332,29.426950454711914,16.61090660095215,22.335294723510742,23.421031951904297,16.603389739990234
69.2,DYNAMIC_HOLD,4,OUTBOUND,0.172,0.9783,155.6558,11.127,True,NORMAL,MONITOR,True,{},"[""uav2"", ""uav1"", ""uav0""]",limited,False,{},NONE,HOLD,STALE,0.0,IDLE,0.0,0.0,0.0,,,0.0,,,,{},,,,,,,,,,,0,safe,5.998,2.595,0.092,0,0,0.0,0.0,[],22.930627822875977,23.418466567993164,16.592079162597656,22.626649856567383,29.43247413635254,16.61021614074707,22.327072143554688,23.425260543823242,16.6008358001709
69.4,DYNAMIC_HOLD,4,OUTBOUND,0.172,0.9783,155.6558,11.127,True,NORMAL,MONITOR,True,{},"[""uav2"", ""uav1"", ""uav0""]",limited,False,{},NONE,HOLD,STALE,0.0,IDLE,0.0,0.0,0.0,,,0.0,,,,{},,,,,,,,,,,0,safe,5.996,2.592,0.089,0,0,0.0,0.0,[],22.922698974609375,23.419063568115234,16.59321403503418,22.614099502563477,29.4376163482666,16.60702133178711,22.31717872619629,23.42723846435547,16.602075576782227
69.6,DYNAMIC_HOLD,4,OUTBOUND,0.172,0.9781,155.6288,11.127,True,NORMAL,MONITOR,True,{},"[""uav2"", ""uav1"", ""uav0""]",limited,False,{},NONE,HOLD,STALE,0.0,IDLE,0.0,0.0,0.0,,,0.0,,,,{},,,,,,,,,,,0,safe,5.994,2.594,0.085,0,0,0.0,0.0,[],22.921253204345703,23.424026489257812,16.588829040527344,22.60806655883789,29.445114135742188,16.598779678344727,22.31262969970703,23.433162689208984,16.598621368408203
69.8,DYNAMIC_HOLD,4,OUTBOUND,0.172,0.9781,155.6288,11.127,True,NORMAL,MONITOR,True,{},"[""uav2"", ""uav1"", ""uav0""]",limited,False,{},NONE,HOLD,STALE,0.0,IDLE,0.0,0.0,0.0,,,0.0,,,,{},,,,,,,,,,,0,safe,5.991,2.589,0.077,0,0,0.0,0.0,[],22.911945343017578,23.427885055541992,16.587743759155273,22.604822158813477,29.45416259765625,16.596994400024414,22.305509567260742,23.4395809173584,16.596895217895508
70.0,DYNAMIC_HOLD,4,OUTBOUND,0.172,0.9781,155.6288,11.127,True,NORMAL,MONITOR,True,{},"[""uav2"", ""uav1"", ""uav0""]",limited,False,{},NONE,HOLD,STALE,0.0,IDLE,0.0,0.0,0.0,,,0.0,,,,{},,,,,,,,,,,0,safe,5.994,2.588,0.075,0,0,0.0,0.0,[],22.90882110595703,23.4349365234375,16.583173751831055,22.60637855529785,29.46269989013672,16.59032440185547,22.297405242919922,23.446969985961914,16.596731185913086
70.2,DYNAMIC_HOLD,4,OUTBOUND,0.172,0.978,155.6018,11.127,True,NORMAL,MONITOR,True,{},"[""uav2"", ""uav1"", ""uav0""]",limited,False,{},NONE,HOLD,STALE,0.0,IDLE,0.0,0.0,0.0,,,0.0,,,,{},,,,,,,,,,,0,safe,5.989,2.583,0.071,0,0,0.0,0.0,[],22.90157127380371,23.446250915527344,16.582656860351562,22.603816986083984,29.474048614501953,16.587574005126953,22.295682907104492,23.454341888427734,16.59223175048828
70.4,DYNAMIC_HOLD,4,OUTBOUND,0.172,0.978,155.6018,11.127,True,NORMAL,MONITOR,True,{},"[""uav2"", ""uav1"", ""uav0""]",limited,False,{},NONE,HOLD,STALE,0.0,IDLE,0.0,0.0,0.0,,,0.0,,,,{},,,,,,,,,,,0,safe,5.995,2.582,0.069,0,0,0.0,0.0,[],22.901123046875,23.457101821899414,16.578508377075195,22.605220794677734,29.482460021972656,16.582319259643555,22.295948028564453,23.459320068359375,16.591312408447266
70.6,DYNAMIC_HOLD,4,OUTBOUND,0.172,0.9779,155.5748,11.127,True,NORMAL,MONITOR,True,{},"[""uav2"", ""uav1"", ""uav0""]",limited,False,{},NONE,HOLD,STALE,0.0,IDLE,0.0,0.0,0.0,,,0.0,,,,{},,,,,,,,,,,0,safe,5.995,2.579,0.067,0,0,0.0,0.0,[],22.89553451538086,23.463804244995117,16.57594871520996,22.602066040039062,29.49075698852539,16.57748794555664,22.300006866455078,23.46458625793457,16.58622932434082
70.8,DYNAMIC_HOLD,4,OUTBOUND,0.172,0.9779,155.5748,11.127,True,NORMAL,MONITOR,True,{},"[""uav2"", ""uav1"", ""uav0""]",limited,False,{},NONE,HOLD,STALE,0.0,IDLE,0.0,0.0,0.0,,,0.0,,,,{},,,,,,,,,,,0,safe,6.004,2.576,0.067,0,0,0.0,0.0,[],22.89630126953125,23.471477508544922,16.57107162475586,22.603647232055664,29.495710372924805,16.572463989257812,22.300888061523438,23.47196388244629,16.577587127685547
71.0,DYNAMIC_HOLD,4,OUTBOUND,0.172,0.9779,155.5748,11.127,True,NORMAL,MONITOR,True,{},"[""uav2"", ""uav1"", ""uav0""]",limited,False,{},NONE,HOLD,STALE,0.0,IDLE,0.0,0.0,0.0,,,0.0,,,,{},,,,,,,,,,,0,safe,6.004,2.571,0.066,0,0,0.0,0.0,[],22.89521598815918,23.479639053344727,16.568498611450195,22.6016788482666,29.501691818237305,16.566205978393555,22.30523681640625,23.478206634521484,16.570688247680664
71.2,DYNAMIC_HOLD,4,OUTBOUND,0.172,0.9777,155.5479,11.127,True,NORMAL,MONITOR,True,{},"[""uav2"", ""uav1"", ""uav0""]",limited,False,{},NONE,HOLD,STALE,0.0,IDLE,0.0,0.0,0.0,,,0.0,,,,{},,,,,,,,,,,0,safe,6.010,2.568,0.066,0,0,0.0,0.0,[],22.89042091369629,23.487539291381836,16.56499481201172,22.60424041748047,29.504053115844727,16.561260223388672,22.30598258972168,23.490171432495117,16.56606101989746
71.4,DYNAMIC_HOLD,4,OUTBOUND,0.172,0.9777,155.5479,11.127,True,NORMAL,MONITOR,True,{},"[""uav2"", ""uav1"", ""uav0""]",limited,False,{},NONE,HOLD,STALE,0.0,IDLE,0.0,0.0,0.0,,,0.0,,,,{},,,,,,,,,,,0,safe,6.016,2.565,0.064,0,0,0.0,0.0,[],22.892427444458008,23.492734909057617,16.559459686279297,22.606121063232422,29.507091522216797,16.562053680419922,22.309911727905273,23.49787712097168,16.562108993530273
71.6,DYNAMIC_HOLD,4,OUTBOUND,0.172,0.9776,155.521,11.127,True,NORMAL,MONITOR,True,{},"[""uav2"", ""uav1"", ""uav0""]",limited,False,{},NONE,HOLD,STALE,0.0,IDLE,0.0,0.0,0.0,,,0.0,,,,{},,,,,,,,,,,0,safe,6.017,2.559,0.067,0,0,0.0,0.0,[],22.894092559814453,23.504247665405273,16.555234909057617,22.611055374145508,29.5070743560791,16.560043334960938,22.310880661010742,23.50640869140625,16.563329696655273
71.8,DYNAMIC_HOLD,4,OUTBOUND,0.172,0.9776,155.521,11.127,True,NORMAL,MONITOR,True,{},"[""uav2"", ""uav1"", ""uav0""]",limited,False,{},NONE,HOLD,STALE,0.0,IDLE,0.0,0.0,0.0,,,0.0,,,,{},,,,,,,,,,,0,safe,6.017,2.555,0.064,0,0,0.0,0.0,[],22.900041580200195,23.51076889038086,16.549833297729492,22.610761642456055,29.509483337402344,16.56219482421875,22.313901901245117,23.510852813720703,16.561660766601562
72.0,DYNAMIC_HOLD,4,OUTBOUND,0.172,0.9776,155.521,11.127,True,NORMAL,MONITOR,True,{},"[""uav2"", ""uav1"", ""uav0""]",limited,False,{},NONE,HOLD,STALE,0.0,IDLE,0.0,0.0,0.0,,,0.0,,,,{},,,,,,,,,,,0,safe,6.014,2.550,0.068,0,0,0.0,0.0,[],22.899372100830078,23.520246505737305,16.547534942626953,22.613529205322266,29.508689880371094,16.56146812438965,22.308856964111328,23.519332885742188,16.55732536315918
72.2,DYNAMIC_HOLD,4,OUTBOUND,0.172,0.9775,155.4941,11.127,True,NORMAL,MONITOR,True,{},"[""uav2"", ""uav1"", ""uav0""]",limited,False,{},NONE,HOLD,STALE,0.0,IDLE,0.0,0.0,0.0,,,0.0,,,,{},,,,,,,,,,,0,safe,6.009,2.548,0.069,0,0,0.0,0.0,[],22.902828216552734,23.524330139160156,16.54486083984375,22.610450744628906,29.51605987548828,16.553613662719727,22.30849838256836,23.52232551574707,16.553022384643555
72.4,DYNAMIC_HOLD,4,OUTBOUND,0.172,0.9775,155.4941,11.127,True,NORMAL,MONITOR,True,{},"[""uav2"", ""uav1"", ""uav0""]",limited,False,{},NONE,HOLD,STALE,0.0,IDLE,0.0,0.0,0.0,,,0.0,,,,{},,,,,,,,,,,0,safe,6.006,2.545,0.070,0,0,0.0,0.0,[],22.902812957763672,23.524438858032227,16.544841766357422,22.611452102661133,29.517227172851562,16.547607421875,22.3066463470459,23.525976181030273,16.551849365234375
72.6,DYNAMIC_HOLD,4,OUTBOUND,0.172,0.9773,155.4673,11.127,True,NORMAL,MONITOR,True,{},"[""uav2"", ""uav1"", ""uav0""]",limited,False,{},NONE,HOLD,STALE,0.0,IDLE,0.0,0.0,0.0,,,0.0,,,,{},,,,,,,,,,,0,safe,6.004,2.545,0.074,0,0,0.0,0.0,[],22.906925201416016,23.521549224853516,16.545482635498047,22.60825538635254,29.519474029541016,16.548315048217773,22.308380126953125,23.525449752807617,16.550888061523438
72.8,DYNAMIC_HOLD,4,OUTBOUND,0.172,0.9773,155.4673,11.127,True,NORMAL,MONITOR,True,{},"[""uav2"", ""uav1"", ""uav0""]",limited,False,{},NONE,HOLD,STALE,0.0,IDLE,0.0,0.0,0.0,,,0.0,,,,{},,,,,,,,,,,0,safe,6.001,2.545,0.073,0,0,0.0,0.0,[],22.909202575683594,23.522764205932617,16.54735565185547,22.608983993530273,29.517610549926758,16.54873275756836,22.307756423950195,23.528377532958984,16.553817749023438
73.0,DYNAMIC_HOLD,4,OUTBOUND,0.172,0.9773,155.4673,11.127,True,NORMAL,MONITOR,True,{},"[""uav2"", ""uav1"", ""uav0""]",limited,False,{},NONE,HOLD,STALE,0.0,IDLE,0.0,0.0,0.0,,,0.0,,,,{},,,,,,,,,,,0,safe,5.999,2.547,0.076,0,0,0.0,0.0,[],22.909255981445312,23.52426528930664,16.544769287109375,22.606470108032227,29.518760681152344,16.551856994628906,22.310562133789062,23.526899337768555,16.554445266723633
73.2,DYNAMIC_HOLD,4,OUTBOUND,0.172,0.9772,155.4404,11.127,True,NORMAL,MONITOR,True,{},"[""uav2"", ""uav1"", ""uav0""]",limited,False,{},NONE,HOLD,STALE,0.0,IDLE,0.0,0.0,0.0,,,0.0,,,,{},,,,,,,,,,,0,safe,6.001,2.545,0.074,0,0,0.0,0.0,[],22.912628173828125,23.52191162109375,16.542705535888672,22.607852935791016,29.516023635864258,16.55306625366211,22.313337326049805,23.53077507019043,16.553661346435547
73.4,DYNAMIC_HOLD,4,OUTBOUND,0.172,0.9772,155.4404,11.127,True,NORMAL,MONITOR,True,{},"[""uav2"", ""uav1"", ""uav0""]",limited,False,{},NONE,HOLD,STALE,0.0,IDLE,0.0,0.0,0.0,,,0.0,,,,{},,,,,,,,,,,0,safe,6.001,2.543,0.078,0,0,0.0,0.0,[],22.915569305419922,23.51933479309082,16.536725997924805,22.60554313659668,29.517162322998047,16.554969787597656,22.317142486572266,23.52956771850586,16.551979064941406
73.6,DYNAMIC_HOLD,4,OUTBOUND,0.172,0.9771,155.4136,11.127,True,NORMAL,MONITOR,True,{},"[""uav2"", ""uav1"", ""uav0""]",limited,False,{},NONE,HOLD,STALE,0.0,IDLE,0.0,0.0,0.0,,,0.0,,,,{},,,,,,,,,,,0,safe,6.002,2.537,0.076,0,0,0.0,0.0,[],22.919401168823242,23.515382766723633,16.532655715942383,22.606704711914062,29.514820098876953,16.554363250732422,22.316003799438477,23.531448364257812,16.549715042114258
73.8,DYNAMIC_HOLD,4,OUTBOUND,0.172,0.9771,155.4136,11.127,True,NORMAL,MONITOR,True,{},"[""uav2"", ""uav1"", ""uav0""]",limited,False,{},NONE,HOLD,STALE,0.0,IDLE,0.0,0.0,0.0,,,0.0,,,,{},,,,,,,,,,,0,safe,5.996,2.531,0.077,0,0,0.0,0.0,[],22.92551612854004,23.514907836914062,16.527015686035156,22.604604721069336,29.514253616333008,16.552730560302734,22.317689895629883,23.528841018676758,16.544267654418945
74.0,DYNAMIC_HOLD,4,OUTBOUND,0.172,0.9771,155.4136,11.127,True,NORMAL,MONITOR,True,{},"[""uav2"", ""uav1"", ""uav0""]",limited,False,{},NONE,HOLD,STALE,0.0,IDLE,0.0,0.0,0.0,,,0.0,,,,{},,,,,,,,,,,0,safe,5.992,2.527,0.073,0,0,0.0,0.0,[],22.93193817138672,23.511009216308594,16.525833129882812,22.606117248535156,29.510149002075195,16.54584503173828,22.321773529052734,23.530424118041992,16.53569793701172
74.2,DYNAMIC_HOLD,4,OUTBOUND,0.172,0.9769,155.3868,11.127,True,NORMAL,MONITOR,True,{},"[""uav2"", ""uav1"", ""uav0""]",limited,False,{},NONE,HOLD,STALE,0.0,IDLE,0.0,0.0,0.0,,,0.0,,,,{},,,,,,,,,,,0,safe,5.990,2.525,0.073,0,0,0.0,0.0,[],22.93294906616211,23.507232666015625,16.530059814453125,22.60793685913086,29.509628295898438,16.542316436767578,22.32577896118164,23.526784896850586,16.53201675415039
74.4,DYNAMIC_HOLD,4,OUTBOUND,0.172,0.9769,155.3868,11.127,True,NORMAL,MONITOR,True,{},"[""uav2"", ""uav1"", ""uav0""]",limited,False,{},NONE,HOLD,STALE,0.0,IDLE,0.0,0.0,0.0,,,0.0,,,,{},,,,,,,,,,,0,safe,5.993,2.530,0.070,0,0,0.0,0.0,[],22.934860229492188,23.501663208007812,16.53315544128418,22.611841201782227,29.505905151367188,16.539762496948242,22.32523536682129,23.521055221557617,16.535293579101562
74.6,DYNAMIC_HOLD,4,OUTBOUND,0.172,0.9768,155.36,11.127,True,NORMAL,MONITOR,True,{},"[""uav2"", ""uav1"", ""uav0""]",limited,False,{},NONE,HOLD,STALE,0.0,IDLE,0.0,0.0,0.0,,,0.0,,,,{},,,,,,,,,,,0,safe,5.990,2.533,0.064,0,0,0.0,0.0,[],22.933019638061523,23.5003719329834,16.5330867767334,22.61293601989746,29.503936767578125,16.5358943939209,22.325803756713867,23.51346778869629,16.535486221313477
74.8,DYNAMIC_HOLD,4,OUTBOUND,0.172,0.9768,155.36,11.127,True,NORMAL,MONITOR,True,{},"[""uav2"", ""uav1"", ""uav0""]",limited,False,{},NONE,HOLD,STALE,0.0,IDLE,0.0,0.0,0.0,,,0.0,,,,{},,,,,,,,,,,0,safe,5.993,2.533,0.057,0,0,0.0,0.0,[],22.93270492553711,23.49803924560547,16.532312393188477,22.615304946899414,29.49979019165039,16.53251075744629,22.324378967285156,23.5078182220459,16.52979850769043
75.0,DYNAMIC_HOLD,4,OUTBOUND,0.172,0.9768,155.36,11.127,True,NORMAL,MONITOR,True,{},"[""uav2"", ""uav1"", ""uav0""]",limited,False,{},NONE,HOLD,STALE,0.0,IDLE,0.0,0.0,0.0,,,0.0,,,,{},,,,,,,,,,,0,safe,5.992,2.532,0.051,0,0,0.0,0.0,[],22.932044982910156,23.4957332611084,16.53219223022461,22.617938995361328,29.496437072753906,16.52498435974121,22.324066162109375,23.501649856567383,16.526981353759766
75.2,DYNAMIC_HOLD,4,OUTBOUND,0.172,0.9767,155.3332,11.127,True,NORMAL,MONITOR,True,{},"[""uav2"", ""uav1"", ""uav0""]",limited,False,{},NONE,HOLD,STALE,0.0,IDLE,0.0,0.0,0.0,,,0.0,,,,{},,,,,,,,,,,0,safe,5.992,2.532,0.045,0,0,0.0,0.0,[],22.932506561279297,23.492185592651367,16.530929565429688,22.6207275390625,29.491809844970703,16.520614624023438,22.323034286499023,23.499679565429688,16.526329040527344
75.4,DYNAMIC_HOLD,4,OUTBOUND,0.172,0.9767,155.3332,11.127,True,NORMAL,MONITOR,True,{},"[""uav2"", ""uav1"", ""uav0""]",limited,False,{},NONE,HOLD,STALE,0.0,IDLE,0.0,0.0,0.0,,,0.0,,,,{},,,,,,,,,,,0,safe,5.991,2.531,0.043,0,0,0.0,0.0,[],22.933996200561523,23.492490768432617,16.53282356262207,22.62613868713379,29.48965072631836,16.517887115478516,22.32244873046875,23.498428344726562,16.529422760009766
75.6,DYNAMIC_HOLD,4,OUTBOUND,0.172,0.9765,155.3064,11.127,True,NORMAL,MONITOR,True,{},"[""uav2"", ""uav1"", ""uav0""]",limited,False,{},NONE,HOLD,STALE,0.0,IDLE,0.0,0.0,0.0,,,0.0,,,,{},,,,,,,,,,,0,safe,5.988,2.533,0.041,0,0,0.0,0.0,[],22.93562126159668,23.49077033996582,16.533397674560547,22.630615234375,29.48611068725586,16.517074584960938,22.322834014892578,23.494983673095703,16.53217124938965
75.8,DYNAMIC_HOLD,4,OUTBOUND,0.172,0.9765,155.3064,11.127,True,NORMAL,MONITOR,True,{},"[""uav2"", ""uav1"", ""uav0""]",limited,False,{},NONE,HOLD,STALE,0.0,IDLE,0.0,0.0,0.0,,,0.0,,,,{},,,,,,,,,,,0,safe,5.987,2.533,0.038,0,0,0.0,0.0,[],22.938013076782227,23.487882614135742,16.53717613220215,22.63670539855957,29.487890243530273,16.52090835571289,22.322961807250977,23.490474700927734,16.535951614379883
76.0,DYNAMIC_HOLD,4,OUTBOUND,0.172,0.9765,155.3064,11.127,True,NORMAL,MONITOR,True,{},"[""uav2"", ""uav1"", ""uav0""]",limited,False,{},NONE,HOLD,STALE,0.0,IDLE,0.0,0.0,0.0,,,0.0,,,,{},,,,,,,,,,,0,safe,5.985,2.537,0.036,0,0,0.0,0.0,[],22.93988609313965,23.484331130981445,16.539308547973633,22.640613555908203,29.487043380737305,16.523706436157227,22.324161529541016,23.485244750976562,16.537782669067383
76.2,DYNAMIC_HOLD,4,OUTBOUND,0.172,0.9764,155.2796,11.127,True,NORMAL,MONITOR,True,{},"[""uav2"", ""uav1"", ""uav0""]",limited,False,{},NONE,HOLD,STALE,0.0,IDLE,0.0,0.0,0.0,,,0.0,,,,{},,,,,,,,,,,0,safe,5.984,2.539,0.037,0,0,0.0,0.0,[],22.942293167114258,23.484020233154297,16.54543685913086,22.647275924682617,29.490068435668945,16.52536392211914,22.326786041259766,23.482107162475586,16.538463592529297
76.4,DYNAMIC_HOLD,4,OUTBOUND,0.172,0.9764,155.2796,11.127,True,NORMAL,MONITOR,True,{},"[""uav2"", ""uav1"", ""uav0""]",limited,False,{},NONE,HOLD,STALE,0.0,IDLE,0.0,0.0,0.0,,,0.0,,,,{},,,,,,,,,,,0,safe,5.984,2.545,0.044,0,0,0.0,0.0,[],22.943927764892578,23.482118606567383,16.54608154296875,22.65647315979004,29.493162155151367,16.526676177978516,22.32916831970215,23.478330612182617,16.53815269470215
76.6,DYNAMIC_HOLD,4,OUTBOUND,0.172,0.9763,155.2528,11.127,True,NORMAL,MONITOR,True,{},"[""uav2"", ""uav1"", ""uav0""]",limited,False,{},NONE,HOLD,STALE,0.0,IDLE,0.0,0.0,0.0,,,0.0,,,,{},,,,,,,,,,,0,safe,5.985,2.546,0.052,0,0,0.0,0.0,[],22.946910858154297,23.48249626159668,16.53592300415039,22.66148567199707,29.492361068725586,16.52798080444336,22.33234214782715,23.476699829101562,16.535785675048828
76.8,DYNAMIC_HOLD,4,OUTBOUND,0.172,0.9763,155.2528,11.127,True,NORMAL,MONITOR,True,{},"[""uav2"", ""uav1"", ""uav0""]",limited,False,{},NONE,HOLD,STALE,0.0,IDLE,0.0,0.0,0.0,,,0.0,,,,{},,,,,,,,,,,0,safe,5.985,2.536,0.055,0,0,0.0,0.0,[],22.947988510131836,23.481231689453125,16.530921936035156,22.662614822387695,29.491254806518555,16.5277156829834,22.334762573242188,23.474355697631836,16.5336856842041
77.0,DYNAMIC_HOLD,4,OUTBOUND,0.172,0.9763,155.2528,11.127,True,NORMAL,MONITOR,True,{},"[""uav2"", ""uav1"", ""uav0""]",limited,False,{},NONE,HOLD,STALE,0.0,IDLE,0.0,0.0,0.0,,,0.0,,,,{},,,,,,,,,,,0,safe,5.987,2.531,0.055,0,0,0.0,0.0,[],22.956357955932617,23.481725692749023,16.52570915222168,22.661436080932617,29.487682342529297,16.528135299682617,22.337871551513672,23.47500228881836,16.53122901916504
77.2,DYNAMIC_HOLD,4,OUTBOUND,0.172,0.9761,155.226,11.127,True,NORMAL,MONITOR,True,{},"[""uav2"", ""uav1"", ""uav0""]",limited,False,{},NONE,HOLD,STALE,0.0,IDLE,0.0,0.0,0.0,,,0.0,,,,{},,,,,,,,,,,0,safe,5.982,2.526,0.052,0,0,0.0,0.0,[],22.961515426635742,23.480546951293945,16.5230712890625,22.6617488861084,29.48716163635254,16.528335571289062,22.339868545532227,23.47399139404297,16.530487060546875
77.4,DYNAMIC_HOLD,4,OUTBOUND,0.172,0.9761,155.226,11.127,True,NORMAL,MONITOR,True,{},"[""uav2"", ""uav1"", ""uav0""]",limited,False,{},NONE,HOLD,STALE,0.0,IDLE,0.0,0.0,0.0,,,0.0,,,,{},,,,,,,,,,,0,safe,5.978,2.523,0.052,0,0,0.0,0.0,[],22.964012145996094,23.48306655883789,16.523473739624023,22.659849166870117,29.484317779541016,16.529308319091797,22.342456817626953,23.474655151367188,16.529687881469727
77.6,DYNAMIC_HOLD,4,OUTBOUND,0.172,0.976,155.1993,11.127,True,NORMAL,MONITOR,True,{},"[""uav2"", ""uav1"", ""uav0""]",limited,False,{},NONE,HOLD,STALE,0.0,IDLE,0.0,0.0,0.0,,,0.0,,,,{},,,,,,,,,,,0,safe,5.978,2.523,0.049,0,0,0.0,0.0,[],22.96425437927246,23.482820510864258,16.52431297302246,22.658475875854492,29.48419952392578,16.527311325073242,22.343957901000977,23.47353172302246,16.529773712158203
77.8,DYNAMIC_HOLD,4,OUTBOUND,0.172,0.976,155.1993,11.127,True,NORMAL,MONITOR,True,{},"[""uav2"", ""uav1"", ""uav0""]",limited,False,{},NONE,HOLD,STALE,0.0,IDLE,0.0,0.0,0.0,,,0.0,,,,{},,,,,,,,,,,0,safe,5.980,2.524,0.047,0,0,0.0,0.0,[],22.9642333984375,23.479812622070312,16.5252742767334,22.65534210205078,29.481483459472656,16.527400970458984,22.348533630371094,23.474082946777344,16.52608299255371
78.0,DYNAMIC_HOLD,4,OUTBOUND,0.172,0.976,155.1993,11.127,True,NORMAL,MONITOR,True,{},"[""uav2"", ""uav1"", ""uav0""]",limited,False,{},NONE,HOLD,STALE,0.0,IDLE,0.0,0.0,0.0,,,0.0,,,,{},,,,,,,,,,,0,safe,5.984,2.525,0.043,0,0,0.0,0.0,[],22.962722778320312,23.476316452026367,16.52693748474121,22.65608787536621,29.481874465942383,16.528867721557617,22.35080337524414,23.472736358642578,16.52281379699707
78.2,DYNAMIC_HOLD,4,OUTBOUND,0.172,0.9759,155.1724,11.127,True,NORMAL,MONITOR,True,{},"[""uav2"", ""uav1"", ""uav0""]",limited,False,{},NONE,HOLD,SAFE,0.0,IDLE,0.0,0.0,0.0,,,0.0,False,avoidance not required,,{},,,,,,,,,,,0,safe,5.988,2.527,0.044,0,0,0.0,0.0,[],22.955102920532227,23.480648040771484,16.529958724975586,22.6546630859375,29.479158401489258,16.528066635131836,22.35413360595703,23.475841522216797,16.522775650024414
78.4,DYNAMIC_HOLD,4,OUTBOUND,0.172,0.9759,155.1724,11.127,True,NORMAL,MONITOR,True,{},"[""uav2"", ""uav1"", ""uav0""]",limited,False,{},NONE,HOLD,SAFE,0.0,IDLE,0.0,0.0,0.0,,,0.0,False,avoidance not required,,{},,,,,,,,,,,0,safe,5.999,2.530,0.041,0,0,0.0,0.0,[],22.948591232299805,23.481239318847656,16.530420303344727,22.65438461303711,29.479822158813477,16.52651023864746,22.35502815246582,23.475955963134766,16.522966384887695
78.6,DYNAMIC_HOLD,4,OUTBOUND,0.172,0.9757,155.1456,11.127,True,NORMAL,MONITOR,True,{},"[""uav2"", ""uav1"", ""uav0""]",limited,False,{},NONE,HOLD,SAFE,0.0,IDLE,0.0,0.0,0.0,,,0.0,False,avoidance not required,,{},,,,,,,,,,,0,safe,6.006,2.530,0.041,0,0,0.0,0.0,[],22.948266983032227,23.487411499023438,16.533620834350586,22.65215301513672,29.47748565673828,16.526792526245117,22.357852935791016,23.47943878173828,16.51935577392578
78.8,DYNAMIC_HOLD,4,OUTBOUND,0.172,0.9757,155.1456,11.127,True,NORMAL,MONITOR,True,{},"[""uav2"", ""uav1"", ""uav0""]",limited,False,{},NONE,HOLD,SAFE,0.0,IDLE,0.0,0.0,0.0,,,0.0,False,avoidance not required,,{},,,,,,,,,,,0,safe,6.010,2.534,0.043,0,0,0.0,0.0,[],22.947532653808594,23.488508224487305,16.53495979309082,22.655078887939453,29.48082733154297,16.52206039428711,22.35874366760254,23.4802303314209,16.518367767333984
79.0,DYNAMIC_HOLD,4,OUTBOUND,0.172,0.9757,155.1456,11.127,True,NORMAL,MONITOR,True,{},"[""uav2"", ""uav1"", ""uav0""]",limited,False,{},NONE,HOLD,SAFE,0.0,IDLE,0.0,0.0,0.0,,,0.0,False,avoidance not required,,{},,,,,,,,,,,0,safe,6.011,2.535,0.044,0,0,0.0,0.0,[],22.942296981811523,23.49350357055664,16.535602569580078,22.65549087524414,29.480297088623047,16.51937484741211,22.361042022705078,23.485952377319336,16.519521713256836
79.2,DYNAMIC_HOLD,4,OUTBOUND,0.172,0.9756,155.1187,11.127,True,NORMAL,MONITOR,True,{},"[""uav2"", ""uav1"", ""uav0""]",limited,False,{},NONE,HOLD,SAFE,0.0,IDLE,0.0,0.0,0.0,,,0.0,False,avoidance not required,,{},,,,,,,,,,,0,safe,6.019,2.536,0.049,0,0,0.0,0.0,[],22.940336227416992,23.49947166442871,16.535614013671875,22.654010772705078,29.487926483154297,16.517669677734375,22.3577938079834,23.490297317504883,16.52252197265625
79.4,DYNAMIC_HOLD,4,OUTBOUND,0.172,0.9756,155.1187,11.127,True,NORMAL,MONITOR,True,{},"[""uav2"", ""uav1"", ""uav0""]",limited,False,{},NONE,HOLD,SAFE,0.0,IDLE,0.0,0.0,0.0,,,0.0,False,avoidance not required,,{},,,,,,,,,,,0,safe,6.017,2.536,0.049,0,0,0.0,0.0,[],22.938610076904297,23.500398635864258,16.535871505737305,22.6507511138916,29.48986053466797,16.518613815307617,22.35386085510254,23.490556716918945,16.52488899230957
79.6,DYNAMIC_HOLD,4,OUTBOUND,0.172,0.9755,155.0919,11.127,True,NORMAL,MONITOR,True,{},"[""uav2"", ""uav1"", ""uav0""]",limited,False,{},NONE,HOLD,SAFE,0.0,IDLE,0.0,0.0,0.0,,,0.0,False,avoidance not required,,{},,,,,,,,,,,0,safe,6.015,2.536,0.046,0,0,0.0,0.0,[],22.93901252746582,23.507644653320312,16.541994094848633,22.651403427124023,29.498292922973633,16.52348518371582,22.350244522094727,23.49835968017578,16.529359817504883
79.8,DYNAMIC_HOLD,4,OUTBOUND,0.172,0.9755,155.0919,11.127,True,NORMAL,MONITOR,True,{},"[""uav2"", ""uav1"", ""uav0""]",limited,False,{},NONE,HOLD,SAFE,0.0,IDLE,0.0,0.0,0.0,,,0.0,False,avoidance not required,,{},,,,,,,,,,,0,safe,6.011,2.542,0.053,0,0,0.0,0.0,[],22.939163208007812,23.508161544799805,16.54435157775879,22.650310516357422,29.499923706054688,16.52866554260254,22.34642791748047,23.500165939331055,16.53245735168457
80.0,DYNAMIC_HOLD,4,OUTBOUND,0.172,0.9755,155.0919,11.127,True,NORMAL,MONITOR,True,{},"[""uav2"", ""uav1"", ""uav0""]",limited,False,{},NONE,HOLD,SAFE,0.0,IDLE,0.0,0.0,0.0,,,0.0,False,avoidance not required,,{},,,,,,,,,,,0,safe,6.007,2.544,0.054,0,0,0.0,0.0,[],22.93947982788086,23.51087188720703,16.541181564331055,22.646650314331055,29.50604248046875,16.537437438964844,22.33975601196289,23.505197525024414,16.534679412841797
80.2,RUNNING,4,OUTBOUND,0.172,0.9753,155.0651,11.127,True,NORMAL,MONITOR,True,{},"[""uav2"", ""uav1"", ""uav0""]",limited,False,{},NONE,NORMAL,SAFE,1.0,IDLE,0.0,0.0,0.0,,,0.0,False,avoidance not required,,{},,,,,,,,,,,0,safe,6.000,2.541,0.059,0,0,0.0,0.0,[],22.93947410583496,23.508277893066406,16.538949966430664,22.64246940612793,29.50557518005371,16.5424861907959,22.33466339111328,23.50473976135254,16.53571891784668
80.4,RUNNING,4,OUTBOUND,0.173,0.9753,155.0651,11.127,True,NORMAL,MONITOR,True,{},"[""uav2"", ""uav1"", ""uav0""]",limited,False,{},NONE,NORMAL,SAFE,1.0,IDLE,0.0,0.0,0.0,,,0.0,False,avoidance not required,,{},,,,,,,,,,,0,safe,5.995,2.539,0.684,0,0,0.0,0.0,[],22.93852996826172,23.516027450561523,16.532012939453125,22.646718978881836,29.518054962158203,16.540542602539062,22.339988708496094,23.515090942382812,16.535675048828125
80.6,RUNNING,4,OUTBOUND,0.174,0.9752,155.033,11.127,True,NORMAL,MONITOR,False,{},"[""uav2"", ""uav1"", ""uav0""]",limited,False,{},NONE,NORMAL,SAFE,1.0,IDLE,0.0,0.0,0.0,,,0.0,False,avoidance not required,,{},,,,,,,,,,,0,safe,6.001,2.532,0.984,0,0,0.0,0.0,[],22.970474243164062,23.56049919128418,16.51852035522461,22.675540924072266,29.550411224365234,16.531654357910156,22.3723201751709,23.55034065246582,16.529268264770508
80.8,RUNNING,4,OUTBOUND,0.175,0.9752,155.033,11.127,True,NORMAL,MONITOR,False,{},"[""uav2"", ""uav1"", ""uav0""]",limited,False,{},NONE,NORMAL,SAFE,1.0,IDLE,0.0,0.0,0.0,,,0.0,False,avoidance not required,,{},,,,,,,,,,,0,safe,6.002,2.519,1.247,0,0,0.0,0.0,[],23.023887634277344,23.615230560302734,16.511077880859375,22.73125648498535,29.617002487182617,16.524147033691406,22.429914474487305,23.620447158813477,16.52863883972168
81.0,RUNNING,4,OUTBOUND,0.175,0.9752,155.033,11.127,True,NORMAL,MONITOR,False,{},"[""uav2"", ""uav1"", ""uav0""]",limited,False,{},NONE,NORMAL,SAFE,1.0,IDLE,0.0,0.0,0.0,,,0.0,False,avoidance not required,,{},,,,,,,,,,,0,safe,6.006,2.511,1.477,0,0,0.0,0.0,[],23.107250213623047,23.709190368652344,16.508853912353516,22.82050323486328,29.708566665649414,16.516956329345703,22.52227783203125,23.71640396118164,16.525955200195312
81.2,RUNNING,4,OUTBOUND,0.176,0.975,155.0028,11.127,True,NORMAL,MONITOR,False,{},"[""uav2"", ""uav1"", ""uav0""]",limited,False,{},NONE,NORMAL,SAFE,1.0,IDLE,0.0,0.0,0.0,,,0.0,False,avoidance not required,,{},,,,,,,,,,,0,safe,6.015,2.509,1.664,0,0,0.0,0.0,[],23.222820281982422,23.8364315032959,16.50957679748535,22.931482315063477,29.832406997680664,16.51744270324707,22.638872146606445,23.842830657958984,16.52448844909668
81.4,RUNNING,4,OUTBOUND,0.177,0.975,155.0028,11.127,True,NORMAL,MONITOR,False,{},"[""uav2"", ""uav1"", ""uav0""]",limited,False,{},NONE,NORMAL,SAFE,1.0,IDLE,0.0,0.0,0.0,,,0.0,False,avoidance not required,,{},,,,,,,,,,,0,safe,6.016,2.510,1.805,0,0,0.0,0.0,[],23.371793746948242,23.983745574951172,16.5078182220459,23.07597541809082,29.9776554107666,16.515775680541992,22.789152145385742,23.992006301879883,16.520021438598633
81.6,RUNNING,4,OUTBOUND,0.178,0.9749,154.9706,11.127,True,NORMAL,MONITOR,False,{},"[""uav2"", ""uav1"", ""uav0""]",limited,False,{},NONE,NORMAL,SAFE,1.0,IDLE,0.0,0.0,0.0,,,0.0,False,avoidance not required,,{},,,,,,,,,,,0,safe,6.017,2.508,1.909,0,0,0.0,0.0,[],23.54227638244629,24.16095542907715,16.507854461669922,23.242908477783203,30.150972366333008,16.514314651489258,22.961084365844727,24.17038917541504,16.513261795043945
81.8,RUNNING,4,OUTBOUND,0.178,0.9749,154.9706,11.127,True,NORMAL,MONITOR,False,{},"[""uav2"", ""uav1"", ""uav0""]",limited,False,{},NONE,NORMAL,SAFE,1.0,IDLE,0.0,0.0,0.0,,,0.0,False,avoidance not required,,{},,,,,,,,,,,0,safe,6.019,2.508,1.982,0,0,0.0,0.0,[],23.738935470581055,24.34957504272461,16.507259368896484,23.43645668029785,30.337984085083008,16.512331008911133,23.158979415893555,24.36251449584961,16.507238388061523
82.0,RUNNING,4,OUTBOUND,0.179,0.9749,154.9706,11.127,True,NORMAL,MONITOR,False,{},"[""uav2"", ""uav1"", ""uav0""]",limited,False,{},NONE,NORMAL,SAFE,1.0,IDLE,0.0,0.0,0.0,,,0.0,False,avoidance not required,,{},,,,,,,,,,,1,tracking error high,6.020,2.507,2.025,0,0,0.0,0.0,[],23.94706916809082,24.556251525878906,16.50762939453125,23.64905548095703,30.549549102783203,16.511926651000977,23.369600296020508,24.577842712402344,16.507652282714844
82.2,RUNNING,4,OUTBOUND,0.18,0.9747,154.9368,11.127,True,NORMAL,MONITOR,False,{},"[""uav2"", ""uav1"", ""uav0""]",limited,False,{},NONE,NORMAL,SAFE,1.0,IDLE,0.0,0.0,0.0,,,0.0,False,avoidance not required,,{},,,,,,,,,,,1,tracking error high,6.023,2.508,2.038,0,0,0.0,0.0,[],24.17466926574707,24.767620086669922,16.505287170410156,23.879138946533203,30.76534080505371,16.510042190551758,23.59900665283203,24.796401977539062,16.50696563720703
82.4,RUNNING,4,OUTBOUND,0.181,0.9747,154.9368,11.127,True,NORMAL,MONITOR,False,{},"[""uav2"", ""uav1"", ""uav0""]",limited,False,{},NONE,NORMAL,SAFE,1.0,IDLE,0.0,0.0,0.0,,,0.0,False,avoidance not required,,{},,,,,,,,,,,1,tracking error high,6.024,2.505,2.038,0,0,0.0,0.0,[],24.41084098815918,24.99282455444336,16.501577377319336,24.11847686767578,30.99680519104004,16.507932662963867,23.83460807800293,25.02652931213379,16.505449295043945
82.6,RUNNING,4,OUTBOUND,0.181,0.9745,154.9024,11.127,True,NORMAL,MONITOR,False,{},"[""uav2"", ""uav1"", ""uav0""]",limited,False,{},NONE,NORMAL,SAFE,1.0,IDLE,0.0,0.0,0.0,,,0.0,False,avoidance not required,,{},,,,,,,,,,,0,safe,5.986,2.501,1.984,0,0,0.0,0.0,[],24.653032302856445,25.226459503173828,16.502140045166016,24.367656707763672,31.225296020507812,16.504919052124023,24.08315086364746,25.255022048950195,16.50377082824707
82.8,RUNNING,4,OUTBOUND,0.182,0.9745,154.9024,11.127,True,NORMAL,MONITOR,False,{},"[""uav2"", ""uav1"", ""uav0""]",limited,False,{},NONE,NORMAL,SAFE,1.0,IDLE,0.0,0.0,0.0,,,0.0,False,avoidance not required,,{},,,,,,,,,,,1,tracking error high,6.030,2.502,2.001,0,0,0.0,0.0,[],24.90484046936035,25.45500373840332,16.50135612487793,24.622512817382812,31.461788177490234,16.51090431213379,24.340740203857422,25.49247169494629,16.504331588745117
83.0,RUNNING,4,OUTBOUND,0.183,0.9745,154.9024,11.127,True,NORMAL,MONITOR,False,{},"[""uav2"", ""uav1"", ""uav0""]",limited,False,{},NONE,NORMAL,SAFE,1.0,IDLE,0.0,0.0,0.0,,,0.0,False,avoidance not required,,{},,,,,,,,,,,0,safe,6.036,2.501,1.973,0,0,0.0,0.0,[],25.16334342956543,25.69081687927246,16.501562118530273,24.880462646484375,31.691457748413086,16.512409210205078,24.601972579956055,25.72355079650879,16.50347137451172
83.2,RUNNING,4,OUTBOUND,0.184,0.9743,154.8681,11.127,True,NORMAL,MONITOR,False,{},"[""uav2"", ""uav1"", ""uav0""]",limited,False,{},NONE,NORMAL,SAFE,1.0,IDLE,0.0,0.0,0.0,,,0.0,False,avoidance not required,,{},,,,,,,,,,,0,safe,6.039,2.502,1.936,0,0,0.0,0.0,[],25.42410659790039,25.919103622436523,16.500078201293945,25.134910583496094,31.930524826049805,16.515365600585938,24.863773345947266,25.96073341369629,16.504613876342773
83.4,RUNNING,4,OUTBOUND,0.184,0.9743,154.8681,11.127,True,NORMAL,MONITOR,False,{},"[""uav2"", ""uav1"", ""uav0""]",limited,False,{},NONE,NORMAL,SAFE,1.0,IDLE,0.0,0.0,0.0,,,0.0,False,avoidance not required,,{},,,,,,,,,,,0,safe,5.998,2.500,1.846,0,0,0.0,0.0,[],25.68358612060547,26.153491973876953,16.500146865844727,25.387550354003906,32.17107009887695,16.511415481567383,25.12455177307129,26.190584182739258,16.504056930541992
83.6,RUNNING,4,OUTBOUND,0.185,0.9742,154.8341,11.127,True,NORMAL,MONITOR,False,{},"[""uav2"", ""uav1"", ""uav0""]",limited,False,{},NONE,NORMAL,SAFE,1.0,IDLE,0.0,0.0,0.0,,,0.0,False,avoidance not required,,{},,,,,,,,,,,0,safe,6.041,2.500,1.865,0,0,0.0,0.0,[],25.94185447692871,26.378576278686523,16.498411178588867,25.640602111816406,32.39942932128906,16.506362915039062,25.38242530822754,26.426786422729492,16.50588035583496
83.8,RUNNING,4,OUTBOUND,0.186,0.9742,154.8341,11.127,True,NORMAL,MONITOR,False,{},"[""uav2"", ""uav1"", ""uav0""]",limited,False,{},NONE,NORMAL,SAFE,1.0,IDLE,0.0,0.0,0.0,,,0.0,False,avoidance not required,,{},,,,,,,,,,,0,safe,6.041,2.498,1.834,0,0,0.0,0.0,[],26.19375228881836,26.603017807006836,16.49671173095703,25.892934799194336,32.62671661376953,16.506080627441406,25.637226104736328,26.65155792236328,16.504377365112305
84.0,RUNNING,4,OUTBOUND,0.187,0.9742,154.8341,11.127,True,NORMAL,MONITOR,False,{},"[""uav2"", ""uav1"", ""uav0""]",limited,False,{},NONE,NORMAL,SAFE,1.0,IDLE,0.0,0.0,0.0,,,0.0,False,avoidance not required,,{},,,,,,,,,,,0,safe,6.003,2.497,1.756,0,0,0.0,0.0,[],26.445234298706055,26.824758529663086,16.49822998046875,26.143627166748047,32.844215393066406,16.50370216369629,25.886056900024414,26.87566375732422,16.50665855407715
84.2,RUNNING,4,OUTBOUND,0.187,0.974,154.8004,11.127,True,NORMAL,MONITOR,False,{},"[""uav2"", ""uav1"", ""uav0""]",limited,False,{},NONE,NORMAL,SAFE,1.0,IDLE,0.0,0.0,0.0,,,0.0,False,avoidance not required,,{},,,,,,,,,,,0,safe,6.041,2.498,1.787,0,0,0.0,0.0,[],26.694063186645508,27.038925170898438,16.498016357421875,26.387374877929688,33.05421447753906,16.500484466552734,26.132165908813477,27.08953094482422,16.505971908569336
84.4,RUNNING,4,OUTBOUND,0.188,0.974,154.8004,11.127,True,NORMAL,MONITOR,False,{},"[""uav2"", ""uav1"", ""uav0""]",limited,False,{},NONE,NORMAL,SAFE,1.0,IDLE,0.0,0.0,0.0,,,0.0,False,avoidance not required,,{},,,,,,,,,,,0,safe,6.038,2.498,1.771,0,0,0.0,0.0,[],26.94314193725586,27.25465965270996,16.49755859375,26.629995346069336,33.25926971435547,16.497676849365234,26.374126434326172,27.298070907592773,16.504980087280273
84.6,RUNNING,4,OUTBOUND,0.189,0.9738,154.7672,11.127,True,NORMAL,MONITOR,False,{},"[""uav2"", ""uav1"", ""uav0""]",limited,False,{},NONE,NORMAL,SAFE,1.0,IDLE,0.0,0.0,0.0,,,0.0,False,avoidance not required,,{},,,,,,,,,,,0,safe,6.031,2.498,1.760,0,0,0.0,0.0,[],27.187942504882812,27.464773178100586,16.495588302612305,26.872486114501953,33.4656867980957,16.49132537841797,26.614709854125977,27.50992202758789,16.499446868896484
84.8,RUNNING,4,OUTBOUND,0.19,0.9738,154.7672,11.127,True,NORMAL,MONITOR,False,{},"[""uav2"", ""uav1"", ""uav0""]",limited,False,{},NONE,NORMAL,SAFE,1.0,IDLE,0.0,0.0,0.0,,,0.0,False,avoidance not required,,{},,,,,,,,,,,0,safe,6.027,2.496,1.754,0,0,0.0,0.0,[],27.430055618286133,27.675519943237305,16.498090744018555,27.11313819885254,33.6697883605957,16.486549377441406,26.853471755981445,27.71603012084961,16.494098663330078
85.0,RUNNING,4,OUTBOUND,0.19,0.9738,154.7672,11.127,True,NORMAL,MONITOR,False,{},"[""uav2"", ""uav1"", ""uav0""]",limited,False,{},NONE,NORMAL,SAFE,1.0,IDLE,0.0,0.0,0.0,,,0.0,False,avoidance not required,,{},,,,,,,,,,,0,safe,6.024,2.501,1.751,0,0,0.0,0.0,[],27.667922973632812,27.882169723510742,16.49944496154785,27.35222816467285,33.87107467651367,16.484447479248047,27.093141555786133,27.918704986572266,16.49011993408203
85.2,RUNNING,4,OUTBOUND,0.191,0.9737,154.7344,11.127,True,NORMAL,MONITOR,False,{},"[""uav2"", ""uav1"", ""uav0""]",limited,False,{},NONE,NORMAL,SAFE,1.0,IDLE,0.0,0.0,0.0,,,0.0,False,avoidance not required,,{},,,,,,,,,,,0,safe,6.025,2.526,1.751,0,0,0.0,0.0,[],27.906526565551758,28.087207794189453,16.499549865722656,27.588134765625,34.07075119018555,16.48696517944336,27.33207893371582,28.117990493774414,16.49021339416504
85.4,RUNNING,4,OUTBOUND,0.192,0.9737,154.7344,11.127,True,NORMAL,MONITOR,False,{},"[""uav2"", ""uav1"", ""uav0""]",limited,False,{},NONE,NORMAL,SAFE,1.0,IDLE,0.0,0.0,0.0,,,0.0,False,avoidance not required,,{},,,,,,,,,,,0,safe,6.026,2.574,1.755,0,0,0.0,0.0,[],28.141298294067383,28.29044532775879,16.499160766601562,27.822349548339844,34.27212905883789,16.489986419677734,27.567564010620117,28.317678451538086,16.490835189819336
85.6,RUNNING,4,OUTBOUND,0.193,0.9735,154.7016,11.127,True,NORMAL,MONITOR,False,{},"[""uav2"", ""uav1"", ""uav0""]",limited,False,{},NONE,NORMAL,SAFE,1.0,IDLE,0.0,0.0,0.0,,,0.0,False,avoidance not required,,{},,,,,,,,,,,0,safe,5.988,2.669,1.759,0,0,0.0,0.0,[],28.381013870239258,28.495792388916016,16.49921989440918,28.055675506591797,34.46857833862305,16.4950008392334,27.803394317626953,28.52128028869629,16.49379539489746
85.8,RUNNING,4,OUTBOUND,0.193,0.9735,154.7016,11.127,True,NORMAL,MONITOR,False,{},"[""uav2"", ""uav1"", ""uav0""]",limited,False,{},NONE,NORMAL,SAFE,1.0,IDLE,0.0,0.0,0.0,,,0.0,False,avoidance not required,,{},,,,,,,,,,,0,safe,6.022,2.768,1.766,0,0,0.0,0.0,[],28.615541458129883,28.700828552246094,16.498594284057617,28.32437515258789,34.69717788696289,16.501060485839844,28.03630256652832,28.725284576416016,16.49517250061035
86.0,RUNNING,4,OUTBOUND,0.194,0.9735,154.7016,11.127,True,NORMAL,MONITOR,False,{},"[""uav2"", ""uav1"", ""uav0""]",limited,False,{},NONE,NORMAL,SAFE,1.0,IDLE,0.0,0.0,0.0,,,0.0,False,avoidance not required,,{},,,,,,,,,,,0,safe,6.021,2.909,1.775,0,0,0.0,0.0,[],28.85276985168457,28.908418655395508,16.498746871948242,28.554882049560547,34.8995475769043,16.501543045043945,28.26717758178711,28.929649353027344,16.495716094970703
86.2,RUNNING,4,OUTBOUND,0.195,0.9733,154.6688,11.127,True,NORMAL,MONITOR,False,{},"[""uav2"", ""uav1"", ""uav0""]",limited,False,{},NONE,NORMAL,SAFE,1.0,IDLE,0.0,0.0,0.0,,,0.0,False,avoidance not required,,{},,,,,,,,,,,0,safe,5.977,3.108,1.733,0,0,0.0,0.0,[],29.122058868408203,29.148250579833984,16.497867584228516,28.74589729309082,35.070091247558594,16.501863479614258,28.49981689453125,29.132278442382812,16.498849868774414
86.4,RUNNING,4,OUTBOUND,0.196,0.9733,154.6688,11.127,True,NORMAL,MONITOR,False,{},"[""uav2"", ""uav1"", ""uav0""]",limited,False,{},NONE,NORMAL,SAFE,1.0,IDLE,0.0,0.0,0.0,,,0.0,False,avoidance not required,,{},,,,,,,,,,,0,safe,5.978,3.298,1.789,0,0,0.0,0.0,[],29.353515625,29.35079574584961,16.502534866333008,28.97439956665039,35.27776336669922,16.500333786010742,28.730453491210938,29.337383270263672,16.49799346923828
86.6,RUNNING,4,OUTBOUND,0.196,0.9732,154.636,11.127,True,NORMAL,MONITOR,False,{},"[""uav2"", ""uav1"", ""uav0""]",limited,False,{},NONE,NORMAL,SAFE,1.0,IDLE,0.0,0.0,0.0,,,0.0,False,avoidance not required,,{},,,,,,,,,,,0,safe,5.977,3.508,1.793,0,0,0.0,0.0,[],29.585899353027344,29.55490493774414,16.508922576904297,29.20380973815918,35.482940673828125,16.49452018737793,28.96509552001953,29.54285430908203,16.495853424072266
86.8,RUNNING,4,OUTBOUND,0.197,0.9732,154.636,11.127,True,NORMAL,MONITOR,False,{},"[""uav2"", ""uav1"", ""uav0""]",limited,False,{},NONE,NORMAL,SAFE,1.0,IDLE,0.0,0.0,0.0,,,0.0,False,avoidance not required,,{},,,,,,,,,,,0,safe,5.979,3.733,1.798,0,0,0.0,0.0,[],29.77812957763672,29.728506088256836,16.509803771972656,29.43429183959961,35.69344711303711,16.491378784179688,29.196821212768555,29.750768661499023,16.495540618896484
87.0,RUNNING,4,OUTBOUND,0.198,0.9732,154.636,11.127,True,NORMAL,MONITOR,False,{},"[""uav2"", ""uav1"", ""uav0""]",limited,False,{},NONE,NORMAL,SAFE,1.0,IDLE,0.0,0.0,0.0,,,0.0,False,avoidance not required,,{},,,,,,,,,,,0,safe,5.982,3.966,1.798,0,0,0.0,0.0,[],30.041963577270508,29.970735549926758,16.511436462402344,29.665428161621094,35.90479278564453,16.490175247192383,29.428752899169922,29.958194732666016,16.496015548706055
87.2,RUNNING,4,OUTBOUND,0.199,0.973,154.6031,11.127,True,NORMAL,MONITOR,False,{},"[""uav2"", ""uav1"", ""uav0""]",limited,False,{},NONE,NORMAL,SAFE,1.0,IDLE,0.0,0.0,0.0,,,0.0,False,avoidance not required,,{},,,,,,,,,,,0,safe,5.987,4.208,1.798,0,0,0.0,0.0,[],30.270051956176758,30.18013572692871,16.513202667236328,29.934389114379883,36.153438568115234,16.489765167236328,29.65880012512207,30.167848587036133,16.493833541870117
87.4,RUNNING,4,OUTBOUND,0.199,0.973,154.6031,11.127,True,NORMAL,MONITOR,False,{},"[""uav2"", ""uav1"", ""uav0""]",limited,False,{},NONE,NORMAL,SAFE,1.0,IDLE,0.0,0.0,0.0,,,0.0,False,avoidance not required,,{},,,,,,,,,,,0,safe,5.989,4.460,1.795,0,0,0.0,0.0,[],30.460115432739258,30.357526779174805,16.511646270751953,30.132204055786133,36.328834533691406,16.495271682739258,29.893465042114258,30.37445068359375,16.493940353393555
87.6,RUNNING,4,OUTBOUND,0.2,0.9729,154.5701,11.127,True,NORMAL,MONITOR,False,{},"[""uav2"", ""uav1"", ""uav0""]",limited,False,{},NONE,NORMAL,SAFE,1.0,IDLE,0.0,0.0,0.0,,,0.0,False,avoidance not required,,{},,,,,,,,,,,0,safe,6.033,4.675,1.794,0,0,0.0,0.0,[],30.689449310302734,30.566164016723633,16.510225296020508,30.36650848388672,36.542022705078125,16.497982025146484,30.124767303466797,30.58428382873535,16.493560791015625
87.8,RUNNING,4,OUTBOUND,0.201,0.9729,154.5701,11.127,True,NORMAL,MONITOR,False,{},"[""uav2"", ""uav1"", ""uav0""]",limited,False,{},NONE,NORMAL,SAFE,1.0,IDLE,0.0,0.0,0.0,,,0.0,False,avoidance not required,,{},,,,,,,,,,,0,safe,6.035,4.937,1.757,0,0,0.0,0.0,[],30.917089462280273,30.776782989501953,16.50536346435547,30.603130340576172,36.75420379638672,16.5042724609375,30.35568618774414,30.792095184326172,16.492517471313477
88.0,RUNNING,4,OUTBOUND,0.202,0.9729,154.5701,11.127,True,NORMAL,MONITOR,False,{},"[""uav2"", ""uav1"", ""uav0""]",limited,False,{},NONE,NORMAL,SAFE,1.0,IDLE,0.0,0.0,0.0,,,0.0,False,avoidance not required,,{},,,,,,,,,,,0,safe,6.001,5.247,1.735,0,0,0.0,0.0,[],31.15056037902832,30.984994888305664,16.50314712524414,30.837596893310547,36.96942901611328,16.50362205505371,30.585037231445312,31.002676010131836,16.490583419799805
88.2,RUNNING,4,OUTBOUND,0.202,0.9727,154.5372,11.127,True,NORMAL,MONITOR,False,{},"[""uav2"", ""uav1"", ""uav0""]",limited,False,{},NONE,NORMAL,SAFE,1.0,IDLE,0.0,0.0,0.0,,,0.0,False,avoidance not required,,{},,,,,,,,,,,0,safe,6.035,5.477,1.780,0,0,0.0,0.0,[],31.381122589111328,31.196208953857422,16.498905181884766,31.06941795349121,37.17816162109375,16.499094009399414,30.817541122436523,31.211219787597656,16.49126434326172
88.4,RUNNING,4,OUTBOUND,0.203,0.9727,154.5372,11.127,True,NORMAL,MONITOR,False,{},"[""uav2"", ""uav1"", ""uav0""]",limited,False,{},NONE,NORMAL,SAFE,1.0,IDLE,0.0,0.0,0.0,,,0.0,False,avoidance not required,,{},,,,,,,,,,,0,safe,6.036,5.755,1.781,0,0,0.0,0.0,[],31.61522102355957,31.40912437438965,16.497760772705078,31.300212860107422,37.39122772216797,16.492910385131836,31.04812240600586,31.42310333251953,16.48990249633789
88.6,RUNNING,4,OUTBOUND,0.204,0.9725,154.5042,11.127,True,NORMAL,MONITOR,False,{},"[""uav2"", ""uav1"", ""uav0""]",limited,False,{},NONE,NORMAL,SAFE,1.0,IDLE,0.0,0.0,0.0,,,0.0,False,avoidance not required,,{},,,,,,,,,,,0,safe,6.033,6.040,1.780,0,0,0.0,0.0,[],31.84634017944336,31.624116897583008,16.49466896057129,31.52568817138672,37.60184097290039,16.492321014404297,31.282672882080078,31.6333065032959,16.489709854125977
88.8,RUNNING,4,OUTBOUND,0.205,0.9725,154.5042,11.127,True,NORMAL,MONITOR,False,{},"[""uav2"", ""uav1"", ""uav0""]",limited,False,{},NONE,NORMAL,SAFE,1.0,IDLE,0.0,0.0,0.0,,,0.0,False,avoidance not required,,{},,,,,,,,,,,0,safe,6.036,6.327,1.784,0,0,0.0,0.0,[],32.081966400146484,31.835975646972656,16.489620208740234,31.752588272094727,37.816593170166016,16.490209579467773,31.51406478881836,31.847309112548828,16.488372802734375
89.0,RUNNING,4,OUTBOUND,0.205,0.9725,154.5042,11.127,True,NORMAL,MONITOR,False,{},"[""uav2"", ""uav1"", ""uav0""]",limited,False,{},NONE,NORMAL,SAFE,1.0,IDLE,0.0,0.0,0.0,,,0.0,False,avoidance not required,,{},,,,,,,,,,,0,safe,5.995,6.663,1.785,0,0,0.0,0.0,[],32.3137321472168,32.049644470214844,16.484045028686523,31.98490333557129,38.02943420410156,16.49138069152832,31.74573516845703,32.061546325683594,16.490068435668945
89.2,RUNNING,4,OUTBOUND,0.206,0.9724,154.4711,11.127,True,NORMAL,MONITOR,False,{},"[""uav2"", ""uav1"", ""uav0""]",limited,False,{},NONE,NORMAL,SAFE,1.0,IDLE,0.0,0.0,0.0,,,0.0,False,avoidance not required,,{},,,,,,,,,,,0,safe,6.032,6.907,1.783,0,0,0.0,0.0,[],32.54745864868164,32.25444793701172,16.483800888061523,32.2172966003418,38.245609283447266,16.488706588745117,31.975400924682617,32.2774543762207,16.48717498779297
89.4,RUNNING,4,OUTBOUND,0.207,0.9724,154.4711,11.127,True,NORMAL,MONITOR,False,{},"[""uav2"", ""uav1"", ""uav0""]",limited,False,{},NONE,NORMAL,SAFE,1.0,IDLE,0.0,0.0,0.0,,,0.0,False,avoidance not required,,{},,,,,,,,,,,0,safe,5.991,7.244,1.778,0,0,0.0,0.0,[],32.77798843383789,32.46393585205078,16.482128143310547,32.45000457763672,38.460201263427734,16.486862182617188,32.20857620239258,32.491024017333984,16.484357833862305
89.6,RUNNING,4,OUTBOUND,0.208,0.9722,154.438,11.127,True,NORMAL,MONITOR,False,{},"[""uav2"", ""uav1"", ""uav0""]",limited,False,{},NONE,NORMAL,SAFE,1.0,IDLE,0.0,0.0,0.0,,,0.0,False,avoidance not required,,{},,,,,,,,,,,0,safe,6.031,7.490,1.775,0,0,0.0,0.0,[],33.00780487060547,32.66958999633789,16.481491088867188,32.681060791015625,38.671478271484375,16.488325119018555,32.44306945800781,32.703983306884766,16.480661392211914
89.8,RUNNING,4,OUTBOUND,0.208,0.9722,154.438,11.127,True,NORMAL,MONITOR,False,{},"[""uav2"", ""uav1"", ""uav0""]",limited,False,{},NONE,NORMAL,SAFE,1.0,IDLE,0.0,0.0,0.0,,,0.0,False,avoidance not required,,{},,,,,,,,,,,0,safe,6.035,7.781,1.775,0,0,0.0,0.0,[],33.27151870727539,32.91341781616211,16.47780990600586,32.911983489990234,38.88583755493164,16.486406326293945,32.674137115478516,32.918827056884766,16.474485397338867
90.0,RUNNING,4,OUTBOUND,0.209,0.9722,154.438,11.127,True,NORMAL,MONITOR,False,{},"[""uav2"", ""uav1"", ""uav0""]",limited,False,{},NONE,NORMAL,SAFE,1.0,IDLE,0.0,0.0,0.0,,,0.0,False,avoidance not required,,{},,,,,,,,,,,0,safe,6.003,8.120,1.723,0,0,0.0,0.0,[],33.49546813964844,33.120758056640625,16.474815368652344,33.14558029174805,39.09749984741211,16.485820770263672,32.90835952758789,33.13133239746094,16.470266342163086
90.2,RUNNING,4,OUTBOUND,0.21,0.972,154.405,11.127,True,NORMAL,MONITOR,False,{},"[""uav2"", ""uav1"", ""uav0""]",limited,False,{},NONE,NORMAL,SAFE,1.0,IDLE,0.0,0.0,0.0,,,0.0,False,avoidance not required,,{},,,,,,,,,,,0,safe,6.013,8.410,1.771,0,0,0.0,0.0,[],33.684024810791016,33.298988342285156,16.470754623413086,33.37815475463867,39.312049865722656,16.480798721313477,33.13911819458008,33.34583282470703,16.46633529663086
90.4,RUNNING,4,OUTBOUND,0.211,0.972,154.405,11.127,True,NORMAL,MONITOR,False,{},"[""uav2"", ""uav1"", ""uav0""]",limited,False,{},NONE,NORMAL,SAFE,1.0,IDLE,0.0,0.0,0.0,,,0.0,False,avoidance not required,,{},,,,,,,,,,,0,safe,6.064,8.950,1.778,0,0,0.0,0.0,[],33.945533752441406,33.54117965698242,16.468921661376953,33.61561584472656,39.526695251464844,16.47585105895996,33.37321472167969,33.558895111083984,16.468578338623047
90.6,RUNNING,4,OUTBOUND,0.211,0.9719,154.372,11.127,True,NORMAL,MONITOR,False,{},"[""uav2"", ""uav1"", ""uav0""]",limited,False,{},NONE,NORMAL,SAFE,1.0,IDLE,0.0,0.0,0.0,,,0.0,False,avoidance not required,,{},,,,,,,,,,,0,safe,6.064,8.950,1.778,0,0,0.0,0.0,[],34.13560104370117,33.72100830078125,16.467975616455078,33.88771057128906,39.77692413330078,16.467679977416992,33.60348129272461,33.773406982421875,16.46735191345215
90.8,RUNNING,4,OUTBOUND,0.212,0.9719,154.372,11.127,True,NORMAL,MONITOR,False,{},"[""uav2"", ""uav1"", ""uav0""]",limited,False,{},NONE,NORMAL,SAFE,1.0,IDLE,0.0,0.0,0.0,,,0.0,False,avoidance not required,,{},,,,,,,,,,,0,safe,6.031,9.297,1.730,0,0,0.0,0.0,[],34.36522674560547,33.93449783325195,16.47041130065918,34.083587646484375,39.953182220458984,16.464618682861328,33.833839416503906,33.985565185546875,16.46563148498535
91.0,RUNNING,4,OUTBOUND,0.213,0.9719,154.372,11.127,True,NORMAL,MONITOR,False,{},"[""uav2"", ""uav1"", ""uav0""]",limited,False,{},NONE,NORMAL,SAFE,1.0,IDLE,0.0,0.0,0.0,,,0.0,False,avoidance not required,,{},,,,,,,,,,,0,safe,6.069,9.552,1.779,0,0,0.0,0.0,[],34.59479522705078,34.15159606933594,16.466299057006836,34.314964294433594,40.16667175292969,16.461292266845703,34.06159591674805,34.19902801513672,16.46078109741211
91.2,RUNNING,4,OUTBOUND,0.214,0.9717,154.339,11.127,True,NORMAL,MONITOR,False,{},"[""uav2"", ""uav1"", ""uav0""]",limited,False,{},NONE,NORMAL,SAFE,1.0,IDLE,0.0,0.0,0.0,,,0.0,False,avoidance not required,,{},,,,,,,,,,,0,safe,6.067,9.856,1.777,0,0,0.0,0.0,[],34.82720947265625,34.362998962402344,16.463937759399414,34.54794692993164,40.3779411315918,16.45588493347168,34.289608001708984,34.407752990722656,16.45665168762207
91.4,RUNNING,4,OUTBOUND,0.214,0.9717,154.339,11.127,True,NORMAL,MONITOR,False,{},"[""uav2"", ""uav1"", ""uav0""]",limited,False,{},NONE,NORMAL,SAFE,1.0,IDLE,0.0,0.0,0.0,,,0.0,False,avoidance not required,,{},,,,,,,,,,,0,safe,6.063,10.160,1.775,0,0,0.0,0.0,[],35.060482025146484,34.57277297973633,16.464065551757812,34.77885818481445,40.592140197753906,16.448488235473633,34.51620864868164,34.61627960205078,16.454383850097656
91.6,RUNNING,4,OUTBOUND,0.215,0.9715,154.306,11.127,True,NORMAL,MONITOR,False,{},"[""uav2"", ""uav1"", ""uav0""]",limited,False,{},NONE,NORMAL,SAFE,1.0,IDLE,0.0,0.0,0.0,,,0.0,False,avoidance not required,,{},,,,,,,,,,,0,safe,6.056,10.464,1.775,0,0,0.0,0.0,[],35.29262924194336,34.78705596923828,16.46000099182129,35.008968353271484,40.80169677734375,16.4472599029541,34.742103576660156,34.82859802246094,16.45122528076172
91.8,RUNNING,4,OUTBOUND,0.216,0.9715,154.306,11.127,True,NORMAL,MONITOR,False,{},"[""uav2"", ""uav1"", ""uav0""]",limited,False,{},NONE,NORMAL,SAFE,1.0,IDLE,0.0,0.0,0.0,,,0.0,False,avoidance not required,,{},,,,,,,,,,,0,safe,6.050,10.770,1.772,0,0,0.0,0.0,[],35.560115814208984,35.03108596801758,16.454896926879883,35.23798370361328,41.01485061645508,16.44397735595703,34.9695930480957,35.03887176513672,16.452028274536133
92.0,RUNNING,4,OUTBOUND,0.217,0.9715,154.306,11.127,True,NORMAL,MONITOR,False,{},"[""uav2"", ""uav1"", ""uav0""]",limited,False,{},NONE,NORMAL,SAFE,1.0,IDLE,0.0,0.0,0.0,,,0.0,False,avoidance not required,,{},,,,,,,,,,,0,safe,6.009,11.122,1.750,0,0,0.0,0.0,[],35.753719329833984,35.211936950683594,16.44951820373535,35.46779251098633,41.22345733642578,16.442773818969727,35.197227478027344,35.25144577026367,16.449628829956055
92.2,RUNNING,4,OUTBOUND,0.217,0.9714,154.2729,11.127,True,NORMAL,MONITOR,False,{},"[""uav2"", ""uav1"", ""uav0""]",limited,False,{},NONE,NORMAL,SAFE,1.0,IDLE,0.0,0.0,0.0,,,0.0,False,avoidance not required,,{},,,,,,,,,,,0,safe,6.044,11.379,1.772,0,0,0.0,0.0,[],35.99076843261719,35.419532775878906,16.443626403808594,35.696998596191406,41.436119079589844,16.439151763916016,35.42797088623047,35.4586181640625,16.446582794189453
92.4,RUNNING,4,OUTBOUND,0.218,0.9714,154.2729,11.127,True,NORMAL,MONITOR,False,{},"[""uav2"", ""uav1"", ""uav0""]",limited,False,{},NONE,NORMAL,SAFE,1.0,IDLE,0.0,0.0,0.0,,,0.0,False,avoidance not required,,{},,,,,,,,,,,0,safe,6.037,11.685,1.771,0,0,0.0,0.0,[],36.22480773925781,35.622745513916016,16.437368392944336,35.92917251586914,41.64043426513672,16.433921813964844,35.66014862060547,35.66456985473633,16.441957473754883
92.6,RUNNING,4,OUTBOUND,0.219,0.9712,154.2397,11.127,True,NORMAL,MONITOR,False,{},"[""uav2"", ""uav1"", ""uav0""]",limited,False,{},NONE,NORMAL,SAFE,1.0,IDLE,0.0,0.0,0.0,,,0.0,False,avoidance not required,,{},,,,,,,,,,,0,safe,5.998,12.036,1.725,0,0,0.0,0.0,[],36.456764221191406,35.8339958190918,16.42886734008789,36.160247802734375,41.85089874267578,16.427295684814453,35.89011001586914,35.87516784667969,16.435056686401367
92.8,RUNNING,4,OUTBOUND,0.22,0.9712,154.2397,11.127,True,NORMAL,MONITOR,False,{},"[""uav2"", ""uav1"", ""uav0""]",limited,False,{},NONE,NORMAL,SAFE,1.0,IDLE,0.0,0.0,0.0,,,0.0,False,avoidance not required,,{},,,,,,,,,,,0,safe,5.996,12.342,1.725,0,0,0.0,0.0,[],36.68659210205078,36.0434684753418,16.42698097229004,36.38878631591797,42.05476379394531,16.4239559173584,36.11880111694336,36.08314895629883,16.429351806640625
93.0,RUNNING,4,OUTBOUND,0.22,0.9712,154.2397,11.127,True,NORMAL,MONITOR,False,{},"[""uav2"", ""uav1"", ""uav0""]",limited,False,{},NONE,NORMAL,SAFE,1.0,IDLE,0.0,0.0,0.0,,,0.0,False,avoidance not required,,{},,,,,,,,,,,0,safe,6.032,12.597,1.777,0,0,0.0,0.0,[],36.915985107421875,36.2592887878418,16.418933868408203,36.62094497680664,42.252201080322266,16.416881561279297,36.347434997558594,36.296165466308594,16.421789169311523
93.2,RUNNING,4,OUTBOUND,0.221,0.971,154.2065,11.127,True,NORMAL,MONITOR,False,{},"[""uav2"", ""uav1"", ""uav0""]",limited,False,{},NONE,NORMAL,SAFE,1.0,IDLE,0.0,0.0,0.0,,,0.0,False,avoidance not required,,{},,,,,,,,,,,0,safe,6.032,12.905,1.777,0,0,0.0,0.0,[],37.14579772949219,36.46910095214844,16.408214569091797,36.851844787597656,42.459510803222656,16.407960891723633,36.57634735107422,36.50645065307617,16.412195205688477
93.4,RUNNING,4,OUTBOUND,0.222,0.971,154.2065,11.127,True,NORMAL,MONITOR,False,{},"[""uav2"", ""uav1"", ""uav0""]",limited,False,{},NONE,NORMAL,SAFE,1.0,IDLE,0.0,0.0,0.0,,,0.0,False,avoidance not required,,{},,,,,,,,,,,0,safe,6.031,13.209,1.781,0,0,0.0,0.0,[],37.37508010864258,36.673519134521484,16.401348114013672,37.0823860168457,42.6616325378418,16.39617347717285,36.804080963134766,36.71442794799805,16.40151023864746
93.6,RUNNING,4,OUTBOUND,0.223,0.9709,154.1732,11.127,True,NORMAL,MONITOR,False,{},"[""uav2"", ""uav1"", ""uav0""]",limited,False,{},NONE,NORMAL,SAFE,1.0,IDLE,0.0,0.0,0.0,,,0.0,False,avoidance not required,,{},,,,,,,,,,,0,safe,6.029,13.509,1.788,0,0,0.0,0.0,[],37.641441345214844,36.91905212402344,16.38862419128418,37.3120002746582,42.87348175048828,16.385498046875,37.03264617919922,36.928279876708984,16.39029884338379
93.8,RUNNING,4,OUTBOUND,0.223,0.9709,154.1732,11.127,True,NORMAL,MONITOR,False,{},"[""uav2"", ""uav1"", ""uav0""]",limited,False,{},NONE,NORMAL,SAFE,1.0,IDLE,0.0,0.0,0.0,,,0.0,False,avoidance not required,,{},,,,,,,,,,,0,safe,5.991,13.864,1.789,0,0,0.0,0.0,[],37.83539962768555,37.09153366088867,16.38212013244629,37.54158020019531,43.08015441894531,16.38045310974121,37.26399612426758,37.13856506347656,16.38395881652832
94.0,RUNNING,4,OUTBOUND,0.224,0.9709,154.1732,11.127,True,NORMAL,MONITOR,False,{},"[""uav2"", ""uav1"", ""uav0""]",limited,False,{},NONE,NORMAL,SAFE,1.0,IDLE,0.0,0.0,0.0,,,0.0,False,avoidance not required,,{},,,,,,,,,,,0,safe,6.029,14.118,1.793,0,0,0.0,0.0,[],38.06576156616211,37.305233001708984,16.371402740478516,37.770965576171875,43.295345306396484,16.37083625793457,37.49538803100586,37.35371017456055,16.373327255249023
94.2,RUNNING,4,OUTBOUND,0.225,0.9707,154.1399,11.127,True,NORMAL,MONITOR,False,{},"[""uav2"", ""uav1"", ""uav0""]",limited,False,{},NONE,NORMAL,SAFE,1.0,IDLE,0.0,0.0,0.0,,,0.0,False,avoidance not required,,{},,,,,,,,,,,0,safe,6.030,14.249,1.792,0,0,0.0,0.0,[],38.30162048339844,37.51253890991211,16.36290168762207,38.001766204833984,43.5048942565918,16.365270614624023,37.72826385498047,37.561370849609375,16.360397338867188
94.4,RUNNING,4,OUTBOUND,0.226,0.9707,154.1399,11.127,True,NORMAL,MONITOR,False,{},"[""uav2"", ""uav1"", ""uav0""]",limited,False,{},NONE,NORMAL,SAFE,1.0,IDLE,0.0,0.0,0.0,,,0.0,False,avoidance not required,,{},,,,,,,,,,,0,safe,6.027,14.114,1.794,0,0,0.0,0.0,[],38.53518295288086,37.72807312011719,16.353199005126953,38.23618698120117,43.71161651611328,16.358583450317383,37.96017074584961,37.77425003051758,16.35060691833496
94.6,RUNNING,4,OUTBOUND,0.226,0.9705,154.1066,11.127,True,NORMAL,MONITOR,False,{},"[""uav2"", ""uav1"", ""uav0""]",limited,False,{},NONE,NORMAL,SAFE,1.0,IDLE,0.0,0.0,0.0,,,0.0,False,avoidance not required,,{},,,,,,,,,,,0,safe,6.025,13.987,1.796,0,0,0.0,0.0,[],38.802207946777344,37.97336959838867,16.344072341918945,38.46854019165039,43.92719268798828,16.350032806396484,38.19004821777344,37.975807189941406,16.346141815185547
94.8,RUNNING,4,OUTBOUND,0.227,0.9705,154.1066,11.127,True,NORMAL,MONITOR,False,{},"[""uav2"", ""uav1"", ""uav0""]",limited,False,{},NONE,NORMAL,SAFE,1.0,IDLE,0.0,0.0,0.0,,,0.0,False,avoidance not required,,{},,,,,,,,,,,0,safe,5.988,13.864,1.743,0,0,0.0,0.0,[],38.98567199707031,38.14789962768555,16.33696174621582,38.739524841308594,44.1712760925293,16.34322166442871,38.42026138305664,38.185150146484375,16.33934211730957
95.0,RUNNING,4,OUTBOUND,0.228,0.9705,154.1066,11.127,True,NORMAL,MONITOR,False,{},"[""uav2"", ""uav1"", ""uav0""]",limited,False,{},NONE,NORMAL,SAFE,1.0,IDLE,0.0,0.0,0.0,,,0.0,False,avoidance not required,,{},,,,,,,,,,,0,safe,5.988,13.749,1.745,0,0,0.0,0.0,[],39.21841812133789,38.35905456542969,16.3309268951416,38.93013381958008,44.341922760009766,16.338239669799805,38.65313720703125,38.384437561035156,16.336650848388672
95.2,RUNNING,4,OUTBOUND,0.229,0.9704,154.0733,11.127,True,NORMAL,MONITOR,False,{},"[""uav2"", ""uav1"", ""uav0""]",limited,False,{},NONE,NORMAL,SAFE,1.0,IDLE,0.0,0.0,0.0,,,0.0,False,avoidance not required,,{},,,,,,,,,,,0,safe,6.035,13.634,1.799,0,0,0.0,0.0,[],39.49663543701172,38.618282318115234,16.322891235351562,39.164302825927734,44.56186294555664,16.329378128051758,38.885318756103516,38.59402084350586,16.33131217956543
95.4,RUNNING,4,OUTBOUND,0.229,0.9704,154.0733,11.127,True,NORMAL,MONITOR,False,{},"[""uav2"", ""uav1"", ""uav0""]",limited,False,{},NONE,NORMAL,SAFE,1.0,IDLE,0.0,0.0,0.0,,,0.0,False,avoidance not required,,{},,,,,,,,,,,0,safe,5.989,13.530,1.791,0,0,0.0,0.0,[],39.68622970581055,38.78776550292969,16.316186904907227,39.400569915771484,44.77595901489258,16.319971084594727,39.120262145996094,38.80168914794922,16.32591438293457
95.6,RUNNING,4,OUTBOUND,0.23,0.9702,154.0399,11.127,True,NORMAL,MONITOR,False,{},"[""uav2"", ""uav1"", ""uav0""]",limited,False,{},NONE,NORMAL,SAFE,1.0,IDLE,0.0,0.0,0.0,,,0.0,False,avoidance not required,,{},,,,,,,,,,,0,safe,6.034,13.430,1.788,0,0,0.0,0.0,[],39.91984939575195,39.005165100097656,16.305566787719727,39.632877349853516,44.99481201171875,16.311370849609375,39.35346603393555,39.0172119140625,16.317453384399414
95.8,RUNNING,4,OUTBOUND,0.231,0.9702,154.0399,11.127,True,NORMAL,MONITOR,False,{},"[""uav2"", ""uav1"", ""uav0""]",limited,False,{},NONE,NORMAL,SAFE,1.0,IDLE,0.0,0.0,0.0,,,0.0,False,avoidance not required,,{},,,,,,,,,,,0,safe,6.034,13.341,1.782,0,0,0.0,0.0,[],40.155296325683594,39.21673583984375,16.292816162109375,39.87787628173828,45.22093200683594,16.30145263671875,39.59014129638672,39.228431701660156,16.307188034057617
96.0,RUNNING,4,OUTBOUND,0.232,0.9702,154.0399,11.127,True,NORMAL,MONITOR,False,{},"[""uav2"", ""uav1"", ""uav0""]",limited,False,{},NONE,NORMAL,SAFE,1.0,IDLE,0.0,0.0,0.0,,,0.0,False,avoidance not required,,{},,,,,,,,,,,0,safe,5.988,13.254,1.747,0,0,0.0,0.0,[],40.38749694824219,39.43345260620117,16.280986785888672,40.10014724731445,45.43314743041992,16.290943145751953,39.824363708496094,39.44598388671875,16.296966552734375
96.2,RUNNING,4,OUTBOUND,0.232,0.97,154.0065,11.127,True,NORMAL,MONITOR,False,{},"[""uav2"", ""uav1"", ""uav0""]",limited,False,{},NONE,NORMAL,SAFE,1.0,IDLE,0.0,0.0,0.0,,,0.0,False,avoidance not required,,{},,,,,,,,,,,0,safe,6.037,13.180,1.775,0,0,0.0,0.0,[],40.62085723876953,39.640933990478516,16.267786026000977,40.33412170410156,45.648502349853516,16.283527374267578,40.060142517089844,39.66073226928711,16.283971786499023
96.4,RUNNING,4,OUTBOUND,0.233,0.97,154.0065,11.127,True,NORMAL,MONITOR,False,{},"[""uav2"", ""uav1"", ""uav0""]",limited,False,{},NONE,NORMAL,SAFE,1.0,IDLE,0.0,0.0,0.0,,,0.0,False,avoidance not required,,{},,,,,,,,,,,0,safe,6.039,13.111,1.776,0,0,0.0,0.0,[],40.851051330566406,39.85432815551758,16.256935119628906,40.56430435180664,45.8668327331543,16.274208068847656,40.2923698425293,39.88002014160156,16.270238876342773
96.6,RUNNING,4,OUTBOUND,0.234,0.9699,153.9732,11.127,True,NORMAL,MONITOR,False,{},"[""uav2"", ""uav1"", ""uav0""]",limited,False,{},NONE,NORMAL,SAFE,1.0,IDLE,0.0,0.0,0.0,,,0.0,False,avoidance not required,,{},,,,,,,,,,,0,safe,5.994,13.054,1.759,0,0,0.0,0.0,[],41.08854293823242,40.063995361328125,16.246917724609375,40.79783630371094,46.07639694213867,16.25904655456543,40.52530288696289,40.093849182128906,16.259063720703125
96.8,RUNNING,4,OUTBOUND,0.235,0.9699,153.9732,11.127,True,NORMAL,MONITOR,False,{},"[""uav2"", ""uav1"", ""uav0""]",limited,False,{},NONE,NORMAL,SAFE,1.0,IDLE,0.0,0.0,0.0,,,0.0,False,avoidance not required,,{},,,,,,,,,,,0,safe,5.987,12.961,1.725,0,0,0.0,0.0,[],41.36868667602539,40.32135772705078,16.234018325805664,41.07366180419922,46.33261489868164,16.24257469177246,40.755348205566406,40.31208419799805,16.245431900024414
97.0,RUNNING,4,OUTBOUND,0.235,0.9699,153.9732,11.127,True,NORMAL,MONITOR,False,{},"[""uav2"", ""uav1"", ""uav0""]",limited,False,{},NONE,NORMAL,SAFE,1.0,IDLE,0.0,0.0,0.0,,,0.0,False,avoidance not required,,{},,,,,,,,,,,0,safe,5.987,12.961,1.725,0,0,0.0,0.0,[],41.55592727661133,40.49274444580078,16.225833892822266,41.26182556152344,46.50209045410156,16.22928810119629,40.98337936401367,40.52763748168945,16.229883193969727
97.2,RUNNING,4,OUTBOUND,0.236,0.9697,153.9399,11.127,True,NORMAL,MONITOR,False,{},"[""uav2"", ""uav1"", ""uav0""]",limited,False,{},NONE,NORMAL,SAFE,1.0,IDLE,0.0,0.0,0.0,,,0.0,False,avoidance not required,,{},,,,,,,,,,,0,safe,6.028,12.928,1.769,0,0,0.0,0.0,[],41.7857551574707,40.710105895996094,16.21455192565918,41.49245834350586,46.71757125854492,16.214143753051758,41.21054458618164,40.74636459350586,16.215312957763672
97.4,RUNNING,4,OUTBOUND,0.237,0.9697,153.9399,11.127,True,NORMAL,MONITOR,False,{},"[""uav2"", ""uav1"", ""uav0""]",limited,False,{},NONE,NORMAL,SAFE,1.0,IDLE,0.0,0.0,0.0,,,0.0,False,avoidance not required,,{},,,,,,,,,,,0,safe,6.025,12.905,1.767,0,0,0.0,0.0,[],42.021324157714844,40.926605224609375,16.203092575073242,41.725215911865234,46.932891845703125,16.20372772216797,41.43912124633789,40.96438980102539,16.197772979736328
97.6,RUNNING,4,OUTBOUND,0.238,0.9695,153.9068,11.127,True,NORMAL,MONITOR,False,{},"[""uav2"", ""uav1"", ""uav0""]",limited,False,{},NONE,NORMAL,SAFE,1.0,IDLE,0.0,0.0,0.0,,,0.0,False,avoidance not required,,{},,,,,,,,,,,0,safe,5.971,12.889,1.754,0,0,0.0,0.0,[],42.252357482910156,41.144630432128906,16.192358016967773,41.953643798828125,47.14996337890625,16.192319869995117,41.666259765625,41.18539047241211,16.176815032958984
97.8,RUNNING,4,OUTBOUND,0.238,0.9695,153.9068,11.127,True,NORMAL,MONITOR,False,{},"[""uav2"", ""uav1"", ""uav0""]",limited,False,{},NONE,NORMAL,SAFE,1.0,IDLE,0.0,0.0,0.0,,,0.0,False,avoidance not required,,{},,,,,,,,,,,0,safe,6.014,12.883,1.758,0,0,0.0,0.0,[],42.484596252441406,41.36507034301758,16.1803035736084,42.18134307861328,47.3726692199707,16.172666549682617,41.89425277709961,41.406124114990234,16.163461685180664
98.0,RUNNING,4,OUTBOUND,0.239,0.9695,153.9068,11.127,True,NORMAL,MONITOR,False,{},"[""uav2"", ""uav1"", ""uav0""]",limited,False,{},NONE,NORMAL,SAFE,1.0,IDLE,0.0,0.0,0.0,,,0.0,False,avoidance not required,,{},,,,,,,,,,,0,safe,6.010,12.885,1.752,0,0,0.0,0.0,[],42.712974548339844,41.584632873535156,16.166101455688477,42.40680694580078,47.59403610229492,16.157209396362305,42.12637710571289,41.62593078613281,16.154268264770508
98.2,RUNNING,4,OUTBOUND,0.24,0.9694,153.8736,11.127,True,NORMAL,MONITOR,False,{},"[""uav2"", ""uav1"", ""uav0""]",limited,False,{},NONE,NORMAL,SAFE,1.0,IDLE,0.0,0.0,0.0,,,0.0,False,avoidance not required,,{},,,,,,,,,,,0,safe,6.014,12.891,1.749,0,0,0.0,0.0,[],42.9461669921875,41.805946350097656,16.150360107421875,42.639312744140625,47.81576156616211,16.14417266845703,42.35912322998047,41.849239349365234,16.14457893371582
98.4,RUNNING,4,OUTBOUND,0.241,0.9694,153.8736,11.127,True,NORMAL,MONITOR,False,{},"[""uav2"", ""uav1"", ""uav0""]",limited,False,{},NONE,NORMAL,SAFE,1.0,IDLE,0.0,0.0,0.0,,,0.0,False,avoidance not required,,{},,,,,,,,,,,0,safe,6.013,12.906,1.741,0,0,0.0,0.0,[],43.175655364990234,42.02500534057617,16.136444091796875,42.86885070800781,48.03455352783203,16.131328582763672,42.59013366699219,42.06924057006836,16.133073806762695
98.6,RUNNING,4,OUTBOUND,0.241,0.9692,153.8405,11.127,True,NORMAL,MONITOR,False,{},"[""uav2"", ""uav1"", ""uav0""]",limited,False,{},NONE,NORMAL,SAFE,1.0,IDLE,0.0,0.0,0.0,,,0.0,False,avoidance not required,,{},,,,,,,,,,,0,safe,6.015,12.929,1.739,0,0,0.0,0.0,[],43.407413482666016,42.24704360961914,16.121936798095703,43.102474212646484,48.255638122558594,16.119068145751953,42.82096481323242,42.2890739440918,16.12055778503418
98.8,RUNNING,4,OUTBOUND,0.242,0.9692,153.8405,11.127,True,NORMAL,MONITOR,False,{},"[""uav2"", ""uav1"", ""uav0""]",limited,False,{},NONE,NORMAL,SAFE,1.0,IDLE,0.0,0.0,0.0,,,0.0,False,avoidance not required,,{},,,,,,,,,,,0,safe,6.014,12.959,1.732,0,0,0.0,0.0,[],43.63551712036133,42.46501922607422,16.10923957824707,43.332515716552734,48.47312545776367,16.108556747436523,43.051246643066406,42.50639343261719,16.109128952026367
99.0,RUNNING,4,OUTBOUND,0.243,0.9692,153.8405,11.127,True,NORMAL,MONITOR,False,{},"[""uav2"", ""uav1"", ""uav0""]",limited,False,{},NONE,NORMAL,SAFE,1.0,IDLE,0.0,0.0,0.0,,,0.0,False,avoidance not required,,{},,,,,,,,,,,0,safe,6.016,12.996,1.731,0,0,0.0,0.0,[],43.86521911621094,42.69053268432617,16.09371566772461,43.56264114379883,48.69612503051758,16.099966049194336,43.285640716552734,42.729270935058594,16.09555435180664
99.2,RUNNING,4,OUTBOUND,0.244,0.969,153.8075,11.127,True,NORMAL,MONITOR,False,{},"[""uav2"", ""uav1"", ""uav0""]",limited,False,{},NONE,NORMAL,SAFE,1.0,IDLE,0.0,0.0,0.0,,,0.0,False,avoidance not required,,{},,,,,,,,,,,0,safe,6.021,13.042,1.723,0,0,0.0,0.0,[],44.098907470703125,42.915245056152344,16.07392120361328,43.78981018066406,48.91358184814453,16.090177536010742,43.52138900756836,42.953739166259766,16.081806182861328
99.4,RUNNING,4,OUTBOUND,0.244,0.969,153.8075,11.127,True,NORMAL,MONITOR,False,{},"[""uav2"", ""uav1"", ""uav0""]",limited,False,{},NONE,NORMAL,SAFE,1.0,IDLE,0.0,0.0,0.0,,,0.0,False,avoidance not required,,{},,,,,,,,,,,0,safe,6.023,13.096,1.721,0,0,0.0,0.0,[],44.32882308959961,43.13257598876953,16.059900283813477,44.025054931640625,49.13340377807617,16.079540252685547,43.754005432128906,43.171817779541016,16.069761276245117
99.6,RUNNING,4,OUTBOUND,0.245,0.9689,153.7746,11.127,True,NORMAL,MONITOR,False,{},"[""uav2"", ""uav1"", ""uav0""]",limited,False,{},NONE,NORMAL,SAFE,1.0,IDLE,0.0,0.0,0.0,,,0.0,False,avoidance not required,,{},,,,,,,,,,,0,safe,6.025,13.155,1.714,0,0,0.0,0.0,[],44.558712005615234,43.35823440551758,16.05023956298828,44.26560592651367,49.35647964477539,16.060972213745117,43.98567581176758,43.394954681396484,16.057321548461914
99.8,RUNNING,4,OUTBOUND,0.246,0.9689,153.7746,11.127,True,NORMAL,MONITOR,False,{},"[""uav2"", ""uav1"", ""uav0""]",limited,False,{},NONE,NORMAL,SAFE,1.0,IDLE,0.0,0.0,0.0,,,0.0,False,avoidance not required,,{},,,,,,,,,,,0,safe,6.027,13.226,1.704,0,0,0.0,0.0,[],44.786109924316406,43.575111389160156,16.04061508178711,44.49980545043945,49.572025299072266,16.045934677124023,44.2161865234375,43.61078643798828,16.045654296875
100.0,RUNNING,4,OUTBOUND,0.247,0.9689,153.7746,11.127,True,NORMAL,MONITOR,False,{},"[""uav2"", ""uav1"", ""uav0""]",limited,False,{},NONE,NORMAL,SAFE,1.0,IDLE,0.0,0.0,0.0,,,0.0,False,avoidance not required,,{},,,,,,,,,,,0,safe,6.030,13.299,1.703,0,0,0.0,0.0,[],45.01734161376953,43.797698974609375,16.026926040649414,44.74658966064453,49.80311584472656,16.035829544067383,44.45226287841797,43.83122634887695,16.03582763671875
100.2,RUNNING,4,OUTBOUND,0.247,0.9687,153.7417,11.127,True,NORMAL,MONITOR,False,{},"[""uav2"", ""uav1"", ""uav0""]",limited,False,{},NONE,NORMAL,SAFE,1.0,IDLE,0.0,0.0,0.0,,,0.0,False,avoidance not required,,{},,,,,,,,,,,0,safe,6.035,13.380,1.697,0,0,0.0,0.0,[],45.29268264770508,44.0557861328125,16.011762619018555,44.96895217895508,50.00862121582031,16.02553367614746,44.68522644042969,44.044498443603516,16.024938583374023
100.4,RUNNING,4,OUTBOUND,0.248,0.9687,153.7417,11.127,True,NORMAL,MONITOR,False,{},"[""uav2"", ""uav1"", ""uav0""]",limited,False,{},NONE,NORMAL,SAFE,1.0,IDLE,0.0,0.0,0.0,,,0.0,False,avoidance not required,,{},,,,,,,,,,,0,safe,6.041,13.559,1.689,0,0,0.0,0.0,[],45.52561569213867,44.27849197387695,15.999253273010254,45.2008056640625,50.22665023803711,16.010570526123047,44.919944763183594,44.265480041503906,16.014991760253906
100.6,RUNNING,4,OUTBOUND,0.249,0.9685,153.7089,11.127,True,NORMAL,MONITOR,False,{},"[""uav2"", ""uav1"", ""uav0""]",limited,False,{},NONE,NORMAL,SAFE,1.0,IDLE,0.0,0.0,0.0,,,0.0,False,avoidance not required,,{},,,,,,,,,,,0,safe,6.041,13.559,1.689,0,0,0.0,0.0,[],45.70939254760742,44.44831466674805,15.989808082580566,45.434295654296875,50.45247268676758,15.991217613220215,45.15275955200195,44.488792419433594,16.003643035888672
100.8,RUNNING,4,OUTBOUND,0.25,0.9685,153.7089,11.127,True,NORMAL,MONITOR,False,{},"[""uav2"", ""uav1"", ""uav0""]",limited,False,{},NONE,NORMAL,SAFE,1.0,IDLE,0.0,0.0,0.0,,,0.0,False,avoidance not required,,{},,,,,,,,,,,0,safe,6.044,13.665,1.690,0,0,0.0,0.0,[],45.9393424987793,44.66922378540039,15.971236228942871,45.66301345825195,50.66779708862305,15.975764274597168,45.382667541503906,44.701900482177734,15.99006175994873
101.0,RUNNING,4,OUTBOUND,0.25,0.9685,153.7089,11.127,True,NORMAL,MONITOR,False,{},"[""uav2"", ""uav1"", ""uav0""]",limited,False,{},NONE,NORMAL,SAFE,1.0,IDLE,0.0,0.0,0.0,,,0.0,False,avoidance not required,,{},,,,,,,,,,,0,safe,6.043,13.770,1.686,0,0,0.0,0.0,[],46.21354675292969,44.92443084716797,15.953825950622559,45.93701171875,50.92473602294922,15.959830284118652,45.61409378051758,44.918697357177734,15.969382286071777
101.2,RUNNING,4,OUTBOUND,0.251,0.9684,153.6762,11.127,True,NORMAL,MONITOR,False,{},"[""uav2"", ""uav1"", ""uav0""]",limited,False,{},NONE,NORMAL,SAFE,1.0,IDLE,0.0,0.0,0.0,,,0.0,False,avoidance not required,,{},,,,,,,,,,,0,safe,6.001,13.884,1.659,0,0,0.0,0.0,[],46.399375915527344,45.10451126098633,15.943946838378906,46.117408752441406,51.08949661254883,15.94935131072998,45.84396743774414,45.12869644165039,15.95208740234375
101.4,RUNNING,4,OUTBOUND,0.252,0.9684,153.6762,11.127,True,NORMAL,MONITOR,False,{},"[""uav2"", ""uav1"", ""uav0""]",limited,False,{},NONE,NORMAL,SAFE,1.0,IDLE,0.0,0.0,0.0,,,0.0,False,avoidance not required,,{},,,,,,,,,,,0,safe,6.045,13.998,1.684,0,0,0.0,0.0,[],46.63838577270508,45.3253059387207,15.929097175598145,46.388694763183594,51.34745407104492,15.93467903137207,46.07878112792969,45.34842300415039,15.93548583984375
101.6,RUNNING,4,OUTBOUND,0.253,0.9682,153.6436,11.127,True,NORMAL,MONITOR,False,{},"[""uav2"", ""uav1"", ""uav0""]",limited,False,{},NONE,NORMAL,SAFE,1.0,IDLE,0.0,0.0,0.0,,,0.0,False,avoidance not required,,{},,,,,,,,,,,0,safe,6.040,14.126,1.674,0,0,0.0,0.0,[],46.86065673828125,45.537864685058594,15.910762786865234,46.577064514160156,51.521202087402344,15.923822402954102,46.310367584228516,45.55885696411133,15.918912887573242
101.8,RUNNING,4,OUTBOUND,0.253,0.9682,153.6436,11.127,True,NORMAL,MONITOR,False,{},"[""uav2"", ""uav1"", ""uav0""]",limited,False,{},NONE,NORMAL,SAFE,1.0,IDLE,0.0,0.0,0.0,,,0.0,False,avoidance not required,,{},,,,,,,,,,,0,safe,6.050,14.252,1.682,0,0,0.0,0.0,[],47.08974838256836,45.74690628051758,15.893291473388672,46.79815673828125,51.72969055175781,15.901123046875,46.54537582397461,45.778656005859375,15.906603813171387
102.0,RUNNING,4,OUTBOUND,0.254,0.9682,153.6436,11.127,True,NORMAL,MONITOR,False,{},"[""uav2"", ""uav1"", ""uav0""]",limited,False,{},NONE,NORMAL,SAFE,1.0,IDLE,0.0,0.0,0.0,,,0.0,False,avoidance not required,,{},,,,,,,,,,,0,safe,6.056,14.391,1.692,0,0,0.0,0.0,[],47.31696319580078,45.96464920043945,15.871009826660156,47.026302337646484,51.938114166259766,15.880941390991211,46.776275634765625,45.98849868774414,15.89013671875
102.2,RUNNING,4,OUTBOUND,0.255,0.9681,153.6109,11.127,True,NORMAL,MONITOR,False,{},"[""uav2"", ""uav1"", ""uav0""]",limited,False,{},NONE,NORMAL,SAFE,1.0,IDLE,0.0,0.0,0.0,,,0.0,False,avoidance not required,,{},,,,,,,,,,,0,safe,6.014,14.528,1.699,0,0,0.0,0.0,[],47.54336929321289,46.171749114990234,15.852838516235352,47.2555046081543,52.15599060058594,15.862582206726074,47.00907897949219,46.206459045410156,15.868165016174316
102.4,RUNNING,4,OUTBOUND,0.256,0.9681,153.6109,11.127,True,NORMAL,MONITOR,False,{},"[""uav2"", ""uav1"", ""uav0""]",limited,False,{},NONE,NORMAL,SAFE,1.0,IDLE,0.0,0.0,0.0,,,0.0,False,avoidance not required,,{},,,,,,,,,,,0,safe,6.065,14.826,1.704,0,0,0.0,0.0,[],47.81928253173828,46.433815002441406,15.831841468811035,47.5285530090332,52.40779113769531,15.839645385742188,47.238609313964844,46.41629409790039,15.846964836120605
102.6,RUNNING,4,OUTBOUND,0.256,0.9679,153.5783,11.127,True,NORMAL,MONITOR,False,{},"[""uav2"", ""uav1"", ""uav0""]",limited,False,{},NONE,NORMAL,SAFE,1.0,IDLE,0.0,0.0,0.0,,,0.0,False,avoidance not required,,{},,,,,,,,,,,0,safe,6.065,14.826,1.704,0,0,0.0,0.0,[],48.0485954284668,46.64323806762695,15.815654754638672,47.760555267333984,52.62687301635742,15.818528175354004,47.46967315673828,46.63435363769531,15.820250511169434
102.8,RUNNING,4,OUTBOUND,0.257,0.9679,153.5783,11.127,True,NORMAL,MONITOR,False,{},"[""uav2"", ""uav1"", ""uav0""]",limited,False,{},NONE,NORMAL,SAFE,1.0,IDLE,0.0,0.0,0.0,,,0.0,False,avoidance not required,,{},,,,,,,,,,,0,safe,6.021,14.987,1.637,0,0,0.0,0.0,[],48.234500885009766,46.819725036621094,15.80312442779541,47.94395065307617,52.79397964477539,15.802812576293945,47.69797897338867,46.843894958496094,15.798933029174805
103.0,RUNNING,4,OUTBOUND,0.258,0.9679,153.5783,11.127,True,NORMAL,MONITOR,False,{},"[""uav2"", ""uav1"", ""uav0""]",limited,False,{},NONE,NORMAL,SAFE,1.0,IDLE,0.0,0.0,0.0,,,0.0,False,avoidance not required,,{},,,,,,,,,,,0,safe,6.064,15.144,1.704,0,0,0.0,0.0,[],48.4649543762207,47.02824020385742,15.786073684692383,48.21417236328125,53.0573616027832,15.77377700805664,47.92893981933594,47.06415939331055,15.780142784118652
103.2,RUNNING,4,OUTBOUND,0.259,0.9677,153.5457,11.127,True,NORMAL,MONITOR,False,{},"[""uav2"", ""uav1"", ""uav0""]",limited,False,{},NONE,NORMAL,SAFE,1.0,IDLE,0.0,0.0,0.0,,,0.0,False,avoidance not required,,{},,,,,,,,,,,0,safe,6.017,15.317,1.642,0,0,0.0,0.0,[],48.69879913330078,47.24549102783203,15.768943786621094,48.39411926269531,53.225250244140625,15.756439208984375,48.160499572753906,47.28571319580078,15.758915901184082
103.4,RUNNING,4,OUTBOUND,0.259,0.9677,153.5457,11.127,True,NORMAL,MONITOR,False,{},"[""uav2"", ""uav1"", ""uav0""]",limited,False,{},NONE,NORMAL,SAFE,1.0,IDLE,0.0,0.0,0.0,,,0.0,False,avoidance not required,,{},,,,,,,,,,,0,safe,6.062,15.495,1.711,0,0,0.0,0.0,[],48.92952346801758,47.45201873779297,15.751517295837402,48.6234016418457,53.44998550415039,15.740455627441406,48.389183044433594,47.496829986572266,15.739960670471191
103.6,RUNNING,4,OUTBOUND,0.26,0.9676,153.5132,11.127,True,NORMAL,MONITOR,False,{},"[""uav2"", ""uav1"", ""uav0""]",limited,False,{},NONE,NORMAL,SAFE,1.0,IDLE,0.0,0.0,0.0,,,0.0,False,avoidance not required,,{},,,,,,,,,,,0,safe,6.060,15.668,1.706,0,0,0.0,0.0,[],49.20655822753906,47.71540069580078,15.729546546936035,48.860965728759766,53.6717414855957,15.72475814819336,48.62036895751953,47.7153434753418,15.718509674072266
103.8,RUNNING,4,OUTBOUND,0.261,0.9676,153.5132,11.127,True,NORMAL,MONITOR,False,{},"[""uav2"", ""uav1"", ""uav0""]",limited,False,{},NONE,NORMAL,SAFE,1.0,IDLE,0.0,0.0,0.0,,,0.0,False,avoidance not required,,{},,,,,,,,,,,0,safe,6.014,15.852,1.696,0,0,0.0,0.0,[],49.38971710205078,47.881805419921875,15.71373176574707,49.08509826660156,53.891143798828125,15.705955505371094,48.848026275634766,47.92348098754883,15.69777774810791
104.0,RUNNING,4,OUTBOUND,0.262,0.9676,153.5132,11.127,True,NORMAL,MONITOR,False,{},"[""uav2"", ""uav1"", ""uav0""]",limited,False,{},NONE,NORMAL,SAFE,1.0,IDLE,0.0,0.0,0.0,,,0.0,False,avoidance not required,,{},,,,,,,,,,,0,safe,6.058,16.031,1.701,0,0,0.0,0.0,[],49.62042999267578,48.10537338256836,15.684860229492188,49.36288833618164,54.149131774902344,15.681449890136719,49.07337188720703,48.140052795410156,15.675207138061523
104.2,RUNNING,4,OUTBOUND,0.262,0.9674,153.4806,11.127,True,NORMAL,MONITOR,False,{},"[""uav2"", ""uav1"", ""uav0""]",limited,False,{},NONE,NORMAL,SAFE,1.0,IDLE,0.0,0.0,0.0,,,0.0,False,avoidance not required,,{},,,,,,,,,,,0,safe,6.053,16.222,1.695,0,0,0.0,0.0,[],49.858612060546875,48.32445526123047,15.657698631286621,49.55235290527344,54.32686233520508,15.663250923156738,49.298343658447266,48.34785461425781,15.65449333190918
104.4,RUNNING,4,OUTBOUND,0.263,0.9674,153.4806,11.127,True,NORMAL,MONITOR,False,{},"[""uav2"", ""uav1"", ""uav0""]",limited,False,{},NONE,NORMAL,SAFE,1.0,IDLE,0.0,0.0,0.0,,,0.0,False,avoidance not required,,{},,,,,,,,,,,0,safe,6.002,16.408,1.689,0,0,0.0,0.0,[],50.09389877319336,48.54503631591797,15.632475852966309,49.785240173339844,54.53603744506836,15.641230583190918,49.526607513427734,48.56455612182617,15.63433837890625
104.6,RUNNING,4,OUTBOUND,0.264,0.9672,153.4481,11.127,True,NORMAL,MONITOR,False,{},"[""uav2"", ""uav1"", ""uav0""]",limited,False,{},NONE,NORMAL,SAFE,1.0,IDLE,0.0,0.0,0.0,,,0.0,False,avoidance not required,,{},,,,,,,,,,,0,safe,6.033,16.606,1.691,0,0,0.0,0.0,[],50.32145690917969,48.763763427734375,15.608860969543457,50.02130126953125,54.75836944580078,15.615673065185547,49.75838851928711,48.78410720825195,15.605586051940918
104.8,RUNNING,4,OUTBOUND,0.265,0.9672,153.4481,11.127,True,NORMAL,MONITOR,False,{},"[""uav2"", ""uav1"", ""uav0""]",limited,False,{},NONE,NORMAL,SAFE,1.0,IDLE,0.0,0.0,0.0,,,0.0,False,avoidance not required,,{},,,,,,,,,,,0,safe,6.037,16.810,1.682,0,0,0.0,0.0,[],50.55419921875,48.97532653808594,15.58961009979248,50.2534294128418,54.96857452392578,15.594346046447754,49.98865509033203,48.9939079284668,15.58495807647705
105.0,RUNNING,4,OUTBOUND,0.265,0.9672,153.4481,11.127,True,NORMAL,MONITOR,False,{},"[""uav2"", ""uav1"", ""uav0""]",limited,False,{},NONE,NORMAL,SAFE,1.0,IDLE,0.0,0.0,0.0,,,0.0,False,avoidance not required,,{},,,,,,,,,,,0,safe,6.034,17.009,1.683,0,0,0.0,0.0,[],50.78878402709961,49.194915771484375,15.567657470703125,50.496864318847656,55.19417953491211,15.571135520935059,50.22445297241211,49.212432861328125,15.570394515991211
105.2,RUNNING,4,OUTBOUND,0.266,0.9671,153.4154,11.127,True,NORMAL,MONITOR,False,{},"[""uav2"", ""uav1"", ""uav0""]",limited,False,{},NONE,NORMAL,SAFE,1.0,IDLE,0.0,0.0,0.0,,,0.0,False,avoidance not required,,{},,,,,,,,,,,0,safe,6.036,17.219,1.673,0,0,0.0,0.0,[],51.023887634277344,49.417667388916016,15.548877716064453,50.72744369506836,55.39961624145508,15.552783012390137,50.45640563964844,49.420902252197266,15.554884910583496
105.4,RUNNING,4,OUTBOUND,0.267,0.9671,153.4154,11.127,True,NORMAL,MONITOR,False,{},"[""uav2"", ""uav1"", ""uav0""]",limited,False,{},NONE,NORMAL,SAFE,1.0,IDLE,0.0,0.0,0.0,,,0.0,False,avoidance not required,,{},,,,,,,,,,,0,safe,6.033,17.423,1.675,0,0,0.0,0.0,[],51.254150390625,49.6253662109375,15.529762268066406,50.95090866088867,55.61018371582031,15.53277587890625,50.69050598144531,49.640541076660156,15.535517692565918
105.6,RUNNING,4,OUTBOUND,0.268,0.9669,153.3827,11.127,True,NORMAL,MONITOR,False,{},"[""uav2"", ""uav1"", ""uav0""]",limited,False,{},NONE,NORMAL,SAFE,1.0,IDLE,0.0,0.0,0.0,,,0.0,False,avoidance not required,,{},,,,,,,,,,,0,safe,6.036,17.641,1.685,0,0,0.0,0.0,[],51.4937744140625,49.847652435302734,15.511016845703125,51.1799201965332,55.81800842285156,15.512805938720703,50.92135238647461,49.850433349609375,15.51145076751709
105.8,RUNNING,4,OUTBOUND,0.268,0.9669,153.3827,11.127,True,NORMAL,MONITOR,False,{},"[""uav2"", ""uav1"", ""uav0""]",limited,False,{},NONE,NORMAL,SAFE,1.0,IDLE,0.0,0.0,0.0,,,0.0,False,avoidance not required,,{},,,,,,,,,,,0,safe,6.028,17.850,1.692,0,0,0.0,0.0,[],51.72539138793945,50.06549835205078,15.48808765411377,51.41401290893555,56.03602600097656,15.494492530822754,51.1563606262207,50.06871795654297,15.48031234741211
106.0,RUNNING,4,OUTBOUND,0.269,0.9669,153.3827,11.127,True,NORMAL,MONITOR,False,{},"[""uav2"", ""uav1"", ""uav0""]",limited,False,{},NONE,NORMAL,SAFE,1.0,IDLE,0.0,0.0,0.0,,,0.0,False,avoidance not required,,{},,,,,,,,,,,0,safe,6.031,18.069,1.689,0,0,0.0,0.0,[],51.99097442626953,50.3036003112793,15.456950187683105,51.647335052490234,56.26145935058594,15.474493026733398,51.38758850097656,50.27810287475586,15.451011657714844
106.2,RUNNING,4,OUTBOUND,0.27,0.9668,153.3501,11.127,True,NORMAL,MONITOR,False,{},"[""uav2"", ""uav1"", ""uav0""]",limited,False,{},NONE,NORMAL,SAFE,1.0,IDLE,0.0,0.0,0.0,,,0.0,False,avoidance not required,,{},,,,,,,,,,,0,safe,5.997,18.278,1.682,0,0,0.0,0.0,[],52.227508544921875,50.51100540161133,15.432053565979004,51.92231750488281,56.51570129394531,15.443511009216309,51.622074127197266,50.496952056884766,15.418143272399902
106.4,RUNNING,4,OUTBOUND,0.271,0.9668,153.3501,11.127,True,NORMAL,MONITOR,False,{},"[""uav2"", ""uav1"", ""uav0""]",limited,False,{},NONE,NORMAL,SAFE,1.0,IDLE,0.0,0.0,0.0,,,0.0,False,avoidance not required,,{},,,,,,,,,,,0,safe,5.995,18.497,1.634,0,0,0.0,0.0,[],52.41238784790039,50.67012405395508,15.412068367004395,52.10850524902344,56.691280364990234,15.415563583374023,51.85215377807617,50.70735168457031,15.391081809997559
106.6,RUNNING,4,OUTBOUND,0.271,0.9666,153.3175,11.127,True,NORMAL,MONITOR,False,{},"[""uav2"", ""uav1"", ""uav0""]",limited,False,{},NONE,NORMAL,SAFE,1.0,IDLE,0.0,0.0,0.0,,,0.0,False,avoidance not required,,{},,,,,,,,,,,0,safe,6.040,18.707,1.695,0,0,0.0,0.0,[],52.65101623535156,50.882694244384766,15.38425064086914,52.337039947509766,56.89810562133789,15.383987426757812,52.08482360839844,50.93232345581055,15.36479663848877
106.8,RUNNING,4,OUTBOUND,0.272,0.9666,153.3175,11.127,True,NORMAL,MONITOR,False,{},"[""uav2"", ""uav1"", ""uav0""]",limited,False,{},NONE,NORMAL,SAFE,1.0,IDLE,0.0,0.0,0.0,,,0.0,False,avoidance not required,,{},,,,,,,,,,,0,safe,6.034,18.932,1.691,0,0,0.0,0.0,[],52.936798095703125,51.14707946777344,15.352544784545898,52.57538986206055,57.11244583129883,15.350903511047363,52.321441650390625,51.15984344482422,15.338769912719727
107.0,RUNNING,4,OUTBOUND,0.273,0.9666,153.3175,11.127,True,NORMAL,MONITOR,False,{},"[""uav2"", ""uav1"", ""uav0""]",limited,False,{},NONE,NORMAL,SAFE,1.0,IDLE,0.0,0.0,0.0,,,0.0,False,avoidance not required,,{},,,,,,,,,,,0,safe,6.032,19.160,1.686,0,0,0.0,0.0,[],53.1210823059082,51.31344223022461,15.331575393676758,52.80836868286133,57.31732177734375,15.32262897491455,52.5533332824707,51.373844146728516,15.31364631652832
107.2,RUNNING,4,OUTBOUND,0.274,0.9664,153.2848,11.127,True,NORMAL,MONITOR,False,{},"[""uav2"", ""uav1"", ""uav0""]",limited,False,{},NONE,NORMAL,SAFE,1.0,IDLE,0.0,0.0,0.0,,,0.0,False,avoidance not required,,{},,,,,,,,,,,0,safe,6.033,19.374,1.693,0,0,0.0,0.0,[],53.357112884521484,51.52712631225586,15.300323486328125,53.04641342163086,57.53519821166992,15.298075675964355,52.790138244628906,51.59404373168945,15.285174369812012
107.4,RUNNING,4,OUTBOUND,0.274,0.9664,153.2848,11.127,True,NORMAL,MONITOR,False,{},"[""uav2"", ""uav1"", ""uav0""]",limited,False,{},NONE,NORMAL,SAFE,1.0,IDLE,0.0,0.0,0.0,,,0.0,False,avoidance not required,,{},,,,,,,,,,,0,safe,6.033,19.594,1.687,0,0,0.0,0.0,[],53.58628463745117,51.73197555541992,15.27163028717041,53.27788162231445,57.743064880371094,15.272770881652832,53.02662658691406,51.81072235107422,15.25666618347168
107.6,RUNNING,4,OUTBOUND,0.275,0.9663,153.2523,11.127,True,NORMAL,MONITOR,False,{},"[""uav2"", ""uav1"", ""uav0""]",limited,False,{},NONE,NORMAL,SAFE,1.0,IDLE,0.0,0.0,0.0,,,0.0,False,avoidance not required,,{},,,,,,,,,,,0,safe,6.041,19.811,1.693,0,0,0.0,0.0,[],53.8200798034668,51.948123931884766,15.241349220275879,53.514930725097656,57.96372985839844,15.246207237243652,53.25761032104492,52.01726531982422,15.23097038269043
107.8,RUNNING,4,OUTBOUND,0.276,0.9663,153.2523,11.127,True,NORMAL,MONITOR,False,{},"[""uav2"", ""uav1"", ""uav0""]",limited,False,{},NONE,NORMAL,SAFE,1.0,IDLE,0.0,0.0,0.0,,,0.0,False,avoidance not required,,{},,,,,,,,,,,0,safe,6.038,20.017,1.691,0,0,0.0,0.0,[],54.09452819824219,52.198612213134766,15.206218719482422,53.745361328125,58.174034118652344,15.219348907470703,53.49424743652344,52.230064392089844,15.2024564743042
108.0,RUNNING,4,OUTBOUND,0.277,0.9663,153.2523,11.127,True,NORMAL,MONITOR,False,{},"[""uav2"", ""uav1"", ""uav0""]",limited,False,{},NONE,NORMAL,SAFE,1.0,IDLE,0.0,0.0,0.0,,,0.0,False,avoidance not required,,{},,,,,,,,,,,0,safe,6.000,20.230,1.635,0,0,0.0,0.0,[],54.32962417602539,52.41539001464844,15.173205375671387,54.01972579956055,58.44206237792969,15.180647850036621,53.726444244384766,52.446502685546875,15.17425537109375
108.2,RUNNING,4,OUTBOUND,0.277,0.9661,153.2197,11.127,True,NORMAL,MONITOR,False,{},"[""uav2"", ""uav1"", ""uav0""]",limited,False,{},NONE,NORMAL,SAFE,1.0,IDLE,0.0,0.0,0.0,,,0.0,False,avoidance not required,,{},,,,,,,,,,,0,safe,5.997,20.447,1.632,0,0,0.0,0.0,[],54.51228332519531,52.5816535949707,15.150853157043457,54.19912338256836,58.61111831665039,15.156509399414062,53.9527702331543,52.6525993347168,15.148540496826172
108.4,RUNNING,4,OUTBOUND,0.278,0.9661,153.2197,11.127,True,NORMAL,MONITOR,False,{},"[""uav2"", ""uav1"", ""uav0""]",limited,False,{},NONE,NORMAL,SAFE,1.0,IDLE,0.0,0.0,0.0,,,0.0,False,avoidance not required,,{},,,,,,,,,,,0,safe,6.041,20.653,1.701,0,0,0.0,0.0,[],54.74968719482422,52.80376434326172,15.120767593383789,54.43601608276367,58.83137893676758,15.12721061706543,54.1810188293457,52.866424560546875,15.122673034667969
108.6,RUNNING,4,OUTBOUND,0.279,0.9659,153.1871,11.127,True,NORMAL,MONITOR,False,{},"[""uav2"", ""uav1"", ""uav0""]",limited,False,{},NONE,NORMAL,SAFE,1.0,IDLE,0.0,0.0,0.0,,,0.0,False,avoidance not required,,{},,,,,,,,,,,0,safe,5.985,20.866,1.628,0,0,0.0,0.0,[],54.97925567626953,53.0157356262207,15.093034744262695,54.66718673706055,59.0406608581543,15.100194931030273,54.405086517333984,53.07216262817383,15.098285675048828
108.8,RUNNING,4,OUTBOUND,0.28,0.9659,153.1871,11.127,True,NORMAL,MONITOR,False,{},"[""uav2"", ""uav1"", ""uav0""]",limited,False,{},NONE,NORMAL,SAFE,1.0,IDLE,0.0,0.0,0.0,,,0.0,False,avoidance not required,,{},,,,,,,,,,,0,safe,6.026,21.072,1.696,0,0,0.0,0.0,[],55.21250915527344,53.242767333984375,15.072086334228516,54.907501220703125,59.26207733154297,15.068923950195312,54.6337776184082,53.28678512573242,15.068513870239258
109.0,RUNNING,4,OUTBOUND,0.28,0.9659,153.1871,11.127,True,NORMAL,MONITOR,False,{},"[""uav2"", ""uav1"", ""uav0""]",limited,False,{},NONE,NORMAL,SAFE,1.0,IDLE,0.0,0.0,0.0,,,0.0,False,avoidance not required,,{},,,,,,,,,,,0,safe,6.021,21.287,1.687,0,0,0.0,0.0,[],55.43891525268555,53.45786666870117,15.047632217407227,55.13973617553711,59.472530364990234,15.03937816619873,54.85966491699219,53.49410629272461,15.040818214416504
109.2,RUNNING,4,OUTBOUND,0.281,0.9658,153.1545,11.127,True,NORMAL,MONITOR,False,{},"[""uav2"", ""uav1"", ""uav0""]",limited,False,{},NONE,NORMAL,SAFE,1.0,IDLE,0.0,0.0,0.0,,,0.0,False,avoidance not required,,{},,,,,,,,,,,0,safe,6.021,21.494,1.692,0,0,0.0,0.0,[],55.66722106933594,53.68573760986328,15.024556159973145,55.3773193359375,59.69937515258789,15.009270668029785,55.09416580200195,53.71139907836914,15.015104293823242
109.4,RUNNING,4,OUTBOUND,0.282,0.9658,153.1545,11.127,True,NORMAL,MONITOR,False,{},"[""uav2"", ""uav1"", ""uav0""]",limited,False,{},NONE,NORMAL,SAFE,1.0,IDLE,0.0,0.0,0.0,,,0.0,False,avoidance not required,,{},,,,,,,,,,,0,safe,6.027,21.711,1.688,0,0,0.0,0.0,[],55.936012268066406,53.94598388671875,14.99171257019043,55.60706329345703,59.91379165649414,14.979870796203613,55.323448181152344,53.920597076416016,14.988903045654297
109.6,RUNNING,4,OUTBOUND,0.283,0.9656,153.1217,11.127,True,NORMAL,MONITOR,False,{},"[""uav2"", ""uav1"", ""uav0""]",limited,False,{},NONE,NORMAL,SAFE,1.0,IDLE,0.0,0.0,0.0,,,0.0,False,avoidance not required,,{},,,,,,,,,,,0,safe,5.987,21.921,1.658,0,0,0.0,0.0,[],56.11973190307617,54.12860107421875,14.968435287475586,55.837562561035156,60.13795852661133,14.953633308410645,55.55979537963867,54.13761520385742,14.962981224060059
109.8,RUNNING,4,OUTBOUND,0.283,0.9656,153.1217,11.127,True,NORMAL,MONITOR,False,{},"[""uav2"", ""uav1"", ""uav0""]",limited,False,{},NONE,NORMAL,SAFE,1.0,IDLE,0.0,0.0,0.0,,,0.0,False,avoidance not required,,{},,,,,,,,,,,0,safe,6.040,22.138,1.692,0,0,0.0,0.0,[],56.34440231323242,54.34318923950195,14.936914443969727,56.06180953979492,60.34981918334961,14.924908638000488,55.78964614868164,54.34729766845703,14.93398380279541
110.0,RUNNING,4,OUTBOUND,0.284,0.9656,153.1217,11.127,True,NORMAL,MONITOR,False,{},"[""uav2"", ""uav1"", ""uav0""]",limited,False,{},NONE,NORMAL,SAFE,1.0,IDLE,0.0,0.0,0.0,,,0.0,False,avoidance not required,,{},,,,,,,,,,,0,safe,6.045,22.347,1.699,0,0,0.0,0.0,[],56.57793426513672,54.570228576660156,14.90697956085205,56.29146957397461,60.57151412963867,14.894634246826172,56.02378845214844,54.56688690185547,14.902104377746582
110.2,RUNNING,4,OUTBOUND,0.285,0.9654,153.0887,11.127,True,NORMAL,MONITOR,False,{},"[""uav2"", ""uav1"", ""uav0""]",limited,False,{},NONE,NORMAL,SAFE,1.0,IDLE,0.0,0.0,0.0,,,0.0,False,avoidance not required,,{},,,,,,,,,,,0,safe,6.046,22.567,1.691,0,0,0.0,0.0,[],56.805870056152344,54.783775329589844,14.872593879699707,56.51610565185547,60.78194046020508,14.86298942565918,56.252315521240234,54.7794189453125,14.866828918457031
110.4,RUNNING,4,OUTBOUND,0.286,0.9654,153.0887,11.127,True,NORMAL,MONITOR,False,{},"[""uav2"", ""uav1"", ""uav0""]",limited,False,{},NONE,NORMAL,SAFE,1.0,IDLE,0.0,0.0,0.0,,,0.0,False,avoidance not required,,{},,,,,,,,,,,0,safe,6.046,22.779,1.697,0,0,0.0,0.0,[],57.04363250732422,55.00861740112305,14.834863662719727,56.74890899658203,61.00365447998047,14.828587532043457,56.484344482421875,55.00290298461914,14.82984733581543
110.6,RUNNING,4,OUTBOUND,0.286,0.9653,153.0557,11.127,True,NORMAL,MONITOR,False,{},"[""uav2"", ""uav1"", ""uav0""]",limited,False,{},NONE,NORMAL,SAFE,1.0,IDLE,0.0,0.0,0.0,,,0.0,False,avoidance not required,,{},,,,,,,,,,,0,safe,5.994,23.003,1.660,0,0,0.0,0.0,[],57.2740478515625,55.220542907714844,14.795880317687988,56.97625732421875,61.21442413330078,14.79202938079834,56.711891174316406,55.218326568603516,14.792871475219727
110.8,RUNNING,4,OUTBOUND,0.287,0.9653,153.0557,11.127,True,NORMAL,MONITOR,False,{},"[""uav2"", ""uav1"", ""uav0""]",limited,False,{},NONE,NORMAL,SAFE,1.0,IDLE,0.0,0.0,0.0,,,0.0,False,avoidance not required,,{},,,,,,,,,,,0,safe,6.038,23.218,1.693,0,0,0.0,0.0,[],57.51359558105469,55.444175720214844,14.757820129394531,57.2094612121582,61.43402099609375,14.75106430053711,56.94900131225586,55.44598388671875,14.75462532043457
111.0,RUNNING,4,OUTBOUND,0.288,0.9653,153.0557,11.127,True,NORMAL,MONITOR,False,{},"[""uav2"", ""uav1"", ""uav0""]",limited,False,{},NONE,NORMAL,SAFE,1.0,IDLE,0.0,0.0,0.0,,,0.0,False,avoidance not required,,{},,,,,,,,,,,0,safe,6.035,23.444,1.690,0,0,0.0,0.0,[],57.75419998168945,55.6635627746582,14.719049453735352,57.436893463134766,61.64359664916992,14.711692810058594,57.17992401123047,55.663143157958984,14.71697998046875
111.2,RUNNING,4,OUTBOUND,0.289,0.9651,153.0228,11.127,True,NORMAL,MONITOR,False,{},"[""uav2"", ""uav1"", ""uav0""]",limited,False,{},NONE,NORMAL,SAFE,1.0,IDLE,0.0,0.0,0.0,,,0.0,False,avoidance not required,,{},,,,,,,,,,,0,safe,6.026,23.663,1.698,0,0,0.0,0.0,[],57.984188079833984,55.875301361083984,14.676979064941406,57.671844482421875,61.86239242553711,14.677458763122559,57.418243408203125,55.885887145996094,14.678471565246582
111.4,RUNNING,4,OUTBOUND,0.289,0.9651,153.0228,11.127,True,NORMAL,MONITOR,False,{},"[""uav2"", ""uav1"", ""uav0""]",limited,False,{},NONE,NORMAL,SAFE,1.0,IDLE,0.0,0.0,0.0,,,0.0,False,avoidance not required,,{},,,,,,,,,,,0,safe,6.034,23.875,1.694,0,0,0.0,0.0,[],58.214874267578125,56.084232330322266,14.636468887329102,57.90093231201172,62.07199478149414,14.642620086669922,57.64998245239258,56.100120544433594,14.639718055725098
111.6,RUNNING,4,OUTBOUND,0.29,0.9649,152.9898,11.127,True,NORMAL,MONITOR,False,{},"[""uav2"", ""uav1"", ""uav0""]",limited,False,{},NONE,NORMAL,SAFE,1.0,IDLE,0.0,0.0,0.0,,,0.0,False,avoidance not required,,{},,,,,,,,,,,0,safe,6.035,24.084,1.701,0,0,0.0,0.0,[],58.450016021728516,56.30255889892578,14.597630500793457,58.13597869873047,62.294044494628906,14.602827072143555,57.886173248291016,56.3211555480957,14.598069190979004
111.8,RUNNING,4,OUTBOUND,0.291,0.9649,152.9898,11.127,True,NORMAL,MONITOR,False,{},"[""uav2"", ""uav1"", ""uav0""]",limited,False,{},NONE,NORMAL,SAFE,1.0,IDLE,0.0,0.0,0.0,,,0.0,False,avoidance not required,,{},,,,,,,,,,,0,safe,6.036,24.303,1.678,0,0,0.0,0.0,[],58.68828201293945,56.52477264404297,14.561591148376465,58.364967346191406,62.506534576416016,14.56372356414795,58.11550521850586,56.53425216674805,14.560808181762695
112.0,RUNNING,4,OUTBOUND,0.292,0.9649,152.9898,11.127,True,NORMAL,MONITOR,False,{},"[""uav2"", ""uav1"", ""uav0""]",limited,False,{},NONE,NORMAL,SAFE,1.0,IDLE,0.0,0.0,0.0,,,0.0,False,avoidance not required,,{},,,,,,,,,,,0,safe,6.027,24.525,1.670,0,0,0.0,0.0,[],58.91783905029297,56.7351188659668,14.525300025939941,58.63984680175781,62.76911163330078,14.517951965332031,58.34897994995117,56.760616302490234,14.52627182006836
112.2,RUNNING,4,OUTBOUND,0.292,0.9648,152.9569,11.127,True,NORMAL,MONITOR,False,{},"[""uav2"", ""uav1"", ""uav0""]",limited,False,{},NONE,NORMAL,SAFE,1.0,IDLE,0.0,0.0,0.0,,,0.0,False,avoidance not required,,{},,,,,,,,,,,0,safe,5.985,24.761,1.636,0,0,0.0,0.0,[],59.148643493652344,56.954345703125,14.48953628540039,58.819644927978516,62.937110900878906,14.488627433776855,58.57592010498047,56.976749420166016,14.492490768432617
112.4,RUNNING,4,OUTBOUND,0.293,0.9648,152.9569,11.127,True,NORMAL,MONITOR,False,{},"[""uav2"", ""uav1"", ""uav0""]",limited,False,{},NONE,NORMAL,SAFE,1.0,IDLE,0.0,0.0,0.0,,,0.0,False,avoidance not required,,{},,,,,,,,,,,0,safe,6.027,24.954,1.708,0,0,0.0,0.0,[],59.373191833496094,57.163448333740234,14.454458236694336,59.05351638793945,63.155975341796875,14.447500228881836,58.80194854736328,57.205326080322266,14.458847999572754
112.6,RUNNING,4,OUTBOUND,0.294,0.9646,152.9239,11.127,True,NORMAL,MONITOR,False,{},"[""uav2"", ""uav1"", ""uav0""]",limited,False,{},NONE,NORMAL,SAFE,1.0,IDLE,0.0,0.0,0.0,,,0.0,False,avoidance not required,,{},,,,,,,,,,,0,safe,6.029,25.163,1.705,0,0,0.0,0.0,[],59.60736083984375,57.387611389160156,14.419893264770508,59.28257751464844,63.36625671386719,14.40875244140625,59.027835845947266,57.43418502807617,14.421756744384766
112.8,RUNNING,4,OUTBOUND,0.295,0.9646,152.9239,11.127,True,NORMAL,MONITOR,False,{},"[""uav2"", ""uav1"", ""uav0""]",limited,False,{},NONE,NORMAL,SAFE,1.0,IDLE,0.0,0.0,0.0,,,0.0,False,avoidance not required,,{},,,,,,,,,,,0,safe,6.021,25.388,1.711,0,0,0.0,0.0,[],59.864295959472656,57.62942123413086,14.378057479858398,59.514671325683594,63.586395263671875,14.373883247375488,59.25100326538086,57.64958190917969,14.385458946228027
113.0,RUNNING,4,OUTBOUND,0.295,0.9646,152.9239,11.127,True,NORMAL,MONITOR,False,{},"[""uav2"", ""uav1"", ""uav0""]",limited,False,{},NONE,NORMAL,SAFE,1.0,IDLE,0.0,0.0,0.0,,,0.0,False,avoidance not required,,{},,,,,,,,,,,0,safe,6.032,25.586,1.709,0,0,0.0,0.0,[],60.04268264770508,57.8035774230957,14.351497650146484,59.741844177246094,63.797935485839844,14.339144706726074,59.480873107910156,57.8696403503418,14.354527473449707
113.2,RUNNING,4,OUTBOUND,0.296,0.9645,152.891,11.127,True,NORMAL,MONITOR,False,{},"[""uav2"", ""uav1"", ""uav0""]",limited,False,{},NONE,NORMAL,SAFE,1.0,IDLE,0.0,0.0,0.0,,,0.0,False,avoidance not required,,{},,,,,,,,,,,0,safe,6.039,25.804,1.717,0,0,0.0,0.0,[],60.27248001098633,58.02093505859375,14.312931060791016,59.9771728515625,64.01947784423828,14.302639961242676,59.70684051513672,58.08135986328125,14.320366859436035
113.4,RUNNING,4,OUTBOUND,0.297,0.9645,152.891,11.127,True,NORMAL,MONITOR,False,{},"[""uav2"", ""uav1"", ""uav0""]",limited,False,{},NONE,NORMAL,SAFE,1.0,IDLE,0.0,0.0,0.0,,,0.0,False,avoidance not required,,{},,,,,,,,,,,0,safe,6.035,26.021,1.716,0,0,0.0,0.0,[],60.5337028503418,58.27881622314453,14.267213821411133,60.207061767578125,64.23237609863281,14.266222953796387,59.93196105957031,58.30396270751953,14.282557487487793
113.6,RUNNING,4,OUTBOUND,0.298,0.9643,152.858,11.127,True,NORMAL,MONITOR,False,{},"[""uav2"", ""uav1"", ""uav0""]",limited,False,{},NONE,NORMAL,SAFE,1.0,IDLE,0.0,0.0,0.0,,,0.0,False,avoidance not required,,{},,,,,,,,,,,0,safe,6.044,26.234,1.733,0,0,0.0,0.0,[],60.76027297973633,58.50066375732422,14.22602653503418,60.43805694580078,64.45098114013672,14.228519439697266,60.15613555908203,58.51722717285156,14.24000072479248
113.8,RUNNING,4,OUTBOUND,0.298,0.9643,152.858,11.127,True,NORMAL,MONITOR,False,{},"[""uav2"", ""uav1"", ""uav0""]",limited,False,{},NONE,NORMAL,SAFE,1.0,IDLE,0.0,0.0,0.0,,,0.0,False,avoidance not required,,{},,,,,,,,,,,0,safe,5.996,26.501,1.720,0,0,0.0,0.0,[],60.94945526123047,58.6786003112793,14.189207077026367,60.66470718383789,64.66197204589844,14.188496589660645,60.38429641723633,58.73942565917969,14.19374942779541
114.0,RUNNING,4,OUTBOUND,0.299,0.9643,152.858,11.127,True,NORMAL,MONITOR,False,{},"[""uav2"", ""uav1"", ""uav0""]",limited,False,{},NONE,NORMAL,SAFE,1.0,IDLE,0.0,0.0,0.0,,,0.0,False,avoidance not required,,{},,,,,,,,,,,0,safe,5.998,26.713,1.730,0,0,0.0,0.0,[],61.18034362792969,58.89317321777344,14.146581649780273,60.89747619628906,64.87872314453125,14.149250984191895,60.6114387512207,58.95072555541992,14.148930549621582
114.2,RUNNING,4,OUTBOUND,0.3,0.9641,152.8249,11.127,True,NORMAL,MONITOR,False,{},"[""uav2"", ""uav1"", ""uav0""]",limited,False,{},NONE,NORMAL,SAFE,1.0,IDLE,0.0,0.0,0.0,,,0.0,False,avoidance not required,,{},,,,,,,,,,,0,safe,6.031,26.893,1.733,0,0,0.0,0.0,[],61.399513244628906,59.09249496459961,14.103883743286133,61.126258850097656,65.08902740478516,14.107927322387695,60.84452819824219,59.1669921875,14.108329772949219
114.4,RUNNING,4,OUTBOUND,0.301,0.9641,152.8249,11.127,True,NORMAL,MONITOR,False,{},"[""uav2"", ""uav1"", ""uav0""]",limited,False,{},NONE,NORMAL,SAFE,1.0,IDLE,0.0,0.0,0.0,,,0.0,False,avoidance not required,,{},,,,,,,,,,,0,safe,6.045,27.092,1.756,0,0,0.0,0.0,[],61.62968444824219,59.30908966064453,14.064242362976074,61.36426544189453,65.31929779052734,14.065825462341309,61.0817985534668,59.384273529052734,14.0702543258667
114.6,RUNNING,4,OUTBOUND,0.301,0.964,152.7918,11.127,True,NORMAL,MONITOR,False,{},"[""uav2"", ""uav1"", ""uav0""]",limited,False,{},NONE,NORMAL,SAFE,1.0,IDLE,0.0,0.0,0.0,,,0.0,False,avoidance not required,,{},,,,,,,,,,,0,safe,6.006,27.352,1.695,0,0,0.0,0.0,[],61.858154296875,59.51948165893555,14.020027160644531,61.580631256103516,65.52497100830078,14.024624824523926,61.31486129760742,59.59358215332031,14.027381896972656
114.8,RUNNING,4,OUTBOUND,0.302,0.964,152.7918,11.127,True,NORMAL,MONITOR,False,{},"[""uav2"", ""uav1"", ""uav0""]",limited,False,{},NONE,NORMAL,SAFE,1.0,IDLE,0.0,0.0,0.0,,,0.0,False,avoidance not required,,{},,,,,,,,,,,0,safe,6.057,27.519,1.766,0,0,0.0,0.0,[],62.087650299072266,59.743064880371094,13.972289085388184,61.80710220336914,65.74967193603516,13.985050201416016,61.55122756958008,59.80888748168945,13.986188888549805
115.0,RUNNING,4,OUTBOUND,0.303,0.964,152.7918,11.127,True,NORMAL,MONITOR,False,{},"[""uav2"", ""uav1"", ""uav0""]",limited,False,{},NONE,NORMAL,SAFE,1.0,IDLE,0.0,0.0,0.0,,,0.0,False,avoidance not required,,{},,,,,,,,,,,0,safe,6.064,27.743,1.764,0,0,0.0,0.0,[],62.316036224365234,59.95937728881836,13.926729202270508,62.03209686279297,65.96601867675781,13.941072463989258,61.78301239013672,60.01802444458008,13.943120956420898
115.2,RUNNING,4,OUTBOUND,0.304,0.9638,152.7586,11.127,True,NORMAL,MONITOR,False,{},"[""uav2"", ""uav1"", ""uav0""]",limited,False,{},NONE,NORMAL,SAFE,1.0,IDLE,0.0,0.0,0.0,,,0.0,False,avoidance not required,,{},,,,,,,,,,,0,safe,6.067,27.959,1.768,0,0,0.0,0.0,[],62.55615234375,60.196044921875,13.882306098937988,62.26130294799805,66.19104766845703,13.903752326965332,62.016483306884766,60.23432922363281,13.904691696166992
115.4,RUNNING,4,OUTBOUND,0.304,0.9638,152.7586,11.127,True,NORMAL,MONITOR,False,{},"[""uav2"", ""uav1"", ""uav0""]",limited,False,{},NONE,NORMAL,SAFE,1.0,IDLE,0.0,0.0,0.0,,,0.0,False,avoidance not required,,{},,,,,,,,,,,0,safe,6.024,28.232,1.752,0,0,0.0,0.0,[],62.77678298950195,60.405540466308594,13.840678215026855,62.488887786865234,66.4081039428711,13.862605094909668,62.246089935302734,60.44456100463867,13.862483978271484
115.6,RUNNING,4,OUTBOUND,0.305,0.9636,152.7253,11.127,True,NORMAL,MONITOR,False,{},"[""uav2"", ""uav1"", ""uav0""]",limited,False,{},NONE,NORMAL,SAFE,1.0,IDLE,0.0,0.0,0.0,,,0.0,False,avoidance not required,,{},,,,,,,,,,,0,safe,6.068,28.634,1.757,0,0,0.0,0.0,[],63.0560302734375,60.67906951904297,13.791971206665039,62.72217559814453,66.63130950927734,13.824285507202148,62.477596282958984,60.659122467041016,13.82217788696289
115.8,RUNNING,4,OUTBOUND,0.306,0.9636,152.7253,11.127,True,NORMAL,MONITOR,False,{},"[""uav2"", ""uav1"", ""uav0""]",limited,False,{},NONE,NORMAL,SAFE,1.0,IDLE,0.0,0.0,0.0,,,0.0,False,avoidance not required,,{},,,,,,,,,,,0,safe,6.068,28.634,1.757,0,0,0.0,0.0,[],63.240760803222656,60.853485107421875,13.758841514587402,62.9529914855957,66.84640502929688,13.780431747436523,62.70582580566406,60.86945343017578,13.777615547180176
116.0,RUNNING,4,OUTBOUND,0.307,0.9636,152.7253,11.127,True,NORMAL,MONITOR,False,{},"[""uav2"", ""uav1"", ""uav0""]",limited,False,{},NONE,NORMAL,SAFE,1.0,IDLE,0.0,0.0,0.0,,,0.0,False,avoidance not required,,{},,,,,,,,,,,0,safe,6.065,28.853,1.757,0,0,0.0,0.0,[],63.47764587402344,61.07961654663086,13.723484992980957,63.18431091308594,67.07103729248047,13.740017890930176,62.93766784667969,61.08644485473633,13.737486839294434
116.2,RUNNING,4,OUTBOUND,0.307,0.9635,152.6919,11.127,True,NORMAL,MONITOR,False,{},"[""uav2"", ""uav1"", ""uav0""]",limited,False,{},NONE,NORMAL,SAFE,1.0,IDLE,0.0,0.0,0.0,,,0.0,False,avoidance not required,,{},,,,,,,,,,,0,safe,6.013,29.086,1.753,0,0,0.0,0.0,[],63.720191955566406,61.30478286743164,13.681740760803223,63.41331100463867,67.28783416748047,13.695760726928711,63.16584777832031,61.29945373535156,13.692814826965332
116.4,RUNNING,4,OUTBOUND,0.308,0.9635,152.6919,11.127,True,NORMAL,MONITOR,False,{},"[""uav2"", ""uav1"", ""uav0""]",limited,False,{},NONE,NORMAL,SAFE,1.0,IDLE,0.0,0.0,0.0,,,0.0,False,avoidance not required,,{},,,,,,,,,,,0,safe,6.046,29.299,1.756,0,0,0.0,0.0,[],63.94664001464844,61.51630401611328,13.643167495727539,63.650169372558594,67.52177429199219,13.659148216247559,63.392662048339844,61.523223876953125,13.657398223876953
116.6,RUNNING,4,OUTBOUND,0.309,0.9633,152.6584,11.127,True,NORMAL,MONITOR,False,{},"[""uav2"", ""uav1"", ""uav0""]",limited,False,{},NONE,NORMAL,SAFE,1.0,IDLE,0.0,0.0,0.0,,,0.0,False,avoidance not required,,{},,,,,,,,,,,0,safe,6.046,29.516,1.746,0,0,0.0,0.0,[],64.17884063720703,61.72877883911133,13.598334312438965,63.867740631103516,67.72970581054688,13.618592262268066,63.623722076416016,61.7491455078125,13.622503280639648
116.8,RUNNING,4,OUTBOUND,0.31,0.9633,152.6584,11.127,True,NORMAL,MONITOR,False,{},"[""uav2"", ""uav1"", ""uav0""]",limited,False,{},NONE,NORMAL,SAFE,1.0,IDLE,0.0,0.0,0.0,,,0.0,False,avoidance not required,,{},,,,,,,,,,,0,safe,6.045,29.729,1.761,0,0,0.0,0.0,[],64.41130828857422,61.94807434082031,13.556017875671387,64.09857177734375,67.95433807373047,13.580519676208496,63.85219955444336,61.967586517333984,13.578518867492676
117.0,RUNNING,4,OUTBOUND,0.31,0.9633,152.6584,11.127,True,NORMAL,MONITOR,False,{},"[""uav2"", ""uav1"", ""uav0""]",limited,False,{},NONE,NORMAL,SAFE,1.0,IDLE,0.0,0.0,0.0,,,0.0,False,avoidance not required,,{},,,,,,,,,,,0,safe,6.041,29.948,1.760,0,0,0.0,0.0,[],64.64122772216797,62.16061019897461,13.510675430297852,64.33267974853516,68.1810531616211,13.538532257080078,64.08031463623047,62.186981201171875,13.53586483001709
117.2,RUNNING,4,OUTBOUND,0.311,0.9631,152.6248,11.127,True,NORMAL,MONITOR,False,{},"[""uav2"", ""uav1"", ""uav0""]",limited,False,{},NONE,NORMAL,SAFE,1.0,IDLE,0.0,0.0,0.0,,,0.0,False,avoidance not required,,{},,,,,,,,,,,0,safe,6.039,30.161,1.759,0,0,0.0,0.0,[],64.87185668945312,62.378299713134766,13.47039794921875,64.56400299072266,68.39778137207031,13.488712310791016,64.30963134765625,62.41011428833008,13.487783432006836
117.4,RUNNING,4,OUTBOUND,0.312,0.9631,152.6248,11.127,True,NORMAL,MONITOR,False,{},"[""uav2"", ""uav1"", ""uav0""]",limited,False,{},NONE,NORMAL,SAFE,1.0,IDLE,0.0,0.0,0.0,,,0.0,False,avoidance not required,,{},,,,,,,,,,,0,safe,6.038,30.378,1.763,0,0,0.0,0.0,[],65.10971069335938,62.598323822021484,13.420918464660645,64.79385375976562,68.61726379394531,13.442044258117676,64.53762817382812,62.62625503540039,13.435467720031738
117.6,RUNNING,4,OUTBOUND,0.313,0.963,152.5912,11.127,True,NORMAL,MONITOR,False,{},"[""uav2"", ""uav1"", ""uav0""]",limited,False,{},NONE,NORMAL,SAFE,1.0,IDLE,0.0,0.0,0.0,,,0.0,False,avoidance not required,,{},,,,,,,,,,,0,safe,6.028,30.598,1.761,0,0,0.0,0.0,[],65.32917785644531,62.808197021484375,13.380025863647461,65.02238464355469,68.82931518554688,13.388765335083008,64.76713562011719,62.84383773803711,13.387652397155762
117.8,RUNNING,4,OUTBOUND,0.313,0.963,152.5912,11.127,True,NORMAL,MONITOR,False,{},"[""uav2"", ""uav1"", ""uav0""]",limited,False,{},NONE,NORMAL,SAFE,1.0,IDLE,0.0,0.0,0.0,,,0.0,False,avoidance not required,,{},,,,,,,,,,,0,safe,6.030,31.030,1.771,0,0,0.0,0.0,[],65.6025619506836,63.06489562988281,13.320819854736328,65.29959869384766,69.0903549194336,13.328518867492676,64.9958267211914,63.05704879760742,13.333271026611328
118.0,RUNNING,4,OUTBOUND,0.314,0.963,152.5912,11.127,True,NORMAL,MONITOR,False,{},"[""uav2"", ""uav1"", ""uav0""]",limited,False,{},NONE,NORMAL,SAFE,1.0,IDLE,0.0,0.0,0.0,,,0.0,False,avoidance not required,,{},,,,,,,,,,,0,safe,6.030,31.030,1.771,0,0,0.0,0.0,[],65.78435516357422,63.24113464355469,13.279827117919922,65.48495483398438,69.26660919189453,13.28503704071045,65.22879791259766,63.27318572998047,13.279501914978027
118.2,RUNNING,4,OUTBOUND,0.315,0.9628,152.5576,11.127,True,NORMAL,MONITOR,False,{},"[""uav2"", ""uav1"", ""uav0""]",limited,False,{},NONE,NORMAL,SAFE,1.0,IDLE,0.0,0.0,0.0,,,0.0,False,avoidance not required,,{},,,,,,,,,,,0,safe,6.045,31.241,1.787,0,0,0.0,0.0,[],66.01155853271484,63.455440521240234,13.225103378295898,65.71528625488281,69.4797134399414,13.228018760681152,65.4600830078125,63.48663330078125,13.222843170166016
118.4,RUNNING,4,OUTBOUND,0.316,0.9628,152.5576,11.127,True,NORMAL,MONITOR,False,{},"[""uav2"", ""uav1"", ""uav0""]",limited,False,{},NONE,NORMAL,SAFE,1.0,IDLE,0.0,0.0,0.0,,,0.0,False,avoidance not required,,{},,,,,,,,,,,0,safe,6.049,31.455,1.794,0,0,0.0,0.0,[],66.25119018554688,63.68660354614258,13.17475414276123,65.9450912475586,69.6976318359375,13.1731538772583,65.69320678710938,63.71123504638672,13.172386169433594
118.6,RUNNING,4,OUTBOUND,0.316,0.9626,152.5239,11.127,True,NORMAL,MONITOR,False,{},"[""uav2"", ""uav1"", ""uav0""]",limited,False,{},NONE,NORMAL,SAFE,1.0,IDLE,0.0,0.0,0.0,,,0.0,False,avoidance not required,,{},,,,,,,,,,,0,safe,6.042,31.687,1.781,0,0,0.0,0.0,[],66.4811782836914,63.90287780761719,13.121197700500488,66.17427825927734,69.91004943847656,13.115509033203125,65.92452239990234,63.930870056152344,13.116854667663574
118.8,RUNNING,4,OUTBOUND,0.317,0.9626,152.5239,11.127,True,NORMAL,MONITOR,False,{},"[""uav2"", ""uav1"", ""uav0""]",limited,False,{},NONE,NORMAL,SAFE,1.0,IDLE,0.0,0.0,0.0,,,0.0,False,avoidance not required,,{},,,,,,,,,,,0,safe,6.043,31.903,1.784,0,0,0.0,0.0,[],66.70469665527344,64.12628936767578,13.073427200317383,66.40680694580078,70.12881469726562,13.062654495239258,66.1572036743164,64.15632629394531,13.058449745178223
119.0,RUNNING,4,OUTBOUND,0.318,0.9626,152.5239,11.127,True,NORMAL,MONITOR,False,{},"[""uav2"", ""uav1"", ""uav0""]",limited,False,{},NONE,NORMAL,SAFE,1.0,IDLE,0.0,0.0,0.0,,,0.0,False,avoidance not required,,{},,,,,,,,,,,0,safe,6.053,32.126,1.789,0,0,0.0,0.0,[],66.9822998046875,64.39521789550781,13.007292747497559,66.6382064819336,70.34257507324219,13.007258415222168,66.38777923583984,64.3763198852539,13.001626014709473
119.2,RUNNING,4,OUTBOUND,0.319,0.9625,152.4902,11.127,True,NORMAL,MONITOR,False,{},"[""uav2"", ""uav1"", ""uav0""]",limited,False,{},NONE,NORMAL,SAFE,1.0,IDLE,0.0,0.0,0.0,,,0.0,False,avoidance not required,,{},,,,,,,,,,,0,safe,6.006,32.395,1.787,0,0,0.0,0.0,[],67.16648864746094,64.58009338378906,12.958877563476562,66.86965942382812,70.56543731689453,12.94936752319336,66.61614990234375,64.6058578491211,12.949520111083984
119.4,RUNNING,4,OUTBOUND,0.319,0.9625,152.4902,11.127,True,NORMAL,MONITOR,False,{},"[""uav2"", ""uav1"", ""uav0""]",limited,False,{},NONE,NORMAL,SAFE,1.0,IDLE,0.0,0.0,0.0,,,0.0,False,avoidance not required,,{},,,,,,,,,,,0,safe,6.050,32.580,1.784,0,0,0.0,0.0,[],67.40567016601562,64.81053161621094,12.898998260498047,67.10004425048828,70.78273010253906,12.892866134643555,66.8440170288086,64.8393783569336,12.890807151794434
119.6,RUNNING,4,OUTBOUND,0.32,0.9623,152.4565,11.127,True,NORMAL,MONITOR,False,{},"[""uav2"", ""uav1"", ""uav0""]",limited,False,{},NONE,NORMAL,SAFE,1.0,IDLE,0.0,0.0,0.0,,,0.0,False,avoidance not required,,{},,,,,,,,,,,0,safe,6.038,32.811,1.786,0,0,0.0,0.0,[],67.63426971435547,65.03736114501953,12.849492073059082,67.32904052734375,71.00813293457031,12.84008502960205,67.07211303710938,65.06366729736328,12.835602760314941
119.8,RUNNING,4,OUTBOUND,0.321,0.9623,152.4565,11.127,True,NORMAL,MONITOR,False,{},"[""uav2"", ""uav1"", ""uav0""]",limited,False,{},NONE,NORMAL,SAFE,1.0,IDLE,0.0,0.0,0.0,,,0.0,False,avoidance not required,,{},,,,,,,,,,,0,safe,6.038,33.037,1.784,0,0,0.0,0.0,[],67.85393524169922,65.24639129638672,12.79931640625,67.5670166015625,71.23611450195312,12.784311294555664,67.30220794677734,65.28972625732422,12.786626815795898
120.0,RUNNING,4,OUTBOUND,0.322,0.9623,152.4565,11.127,True,NORMAL,MONITOR,False,{},"[""uav2"", ""uav1"", ""uav0""]",limited,False,{},NONE,NORMAL,SAFE,1.0,IDLE,0.0,0.0,0.0,,,0.0,False,avoidance not required,,{},,,,,,,,,,,0,safe,6.048,33.246,1.779,0,0,0.0,0.0,[],68.08917236328125,65.4755630493164,12.748517990112305,67.79960632324219,71.46397399902344,12.735811233520508,67.53209686279297,65.50770568847656,12.735533714294434
120.2,RUNNING,4,OUTBOUND,0.322,0.9621,152.4228,11.127,True,NORMAL,MONITOR,False,{},"[""uav2"", ""uav1"", ""uav0""]",limited,False,{},NONE,NORMAL,SAFE,1.0,IDLE,0.0,0.0,0.0,,,0.0,False,avoidance not required,,{},,,,,,,,,,,0,safe,6.043,33.476,1.770,0,0,0.0,0.0,[],68.32286834716797,65.69550323486328,12.69509220123291,68.03133392333984,71.68390655517578,12.685171127319336,67.76358795166016,65.7275619506836,12.683206558227539
120.4,RUNNING,4,OUTBOUND,0.323,0.9621,152.4228,11.127,True,NORMAL,MONITOR,False,{},"[""uav2"", ""uav1"", ""uav0""]",limited,False,{},NONE,NORMAL,SAFE,1.0,IDLE,0.0,0.0,0.0,,,0.0,False,avoidance not required,,{},,,,,,,,,,,0,safe,6.041,33.696,1.768,0,0,0.0,0.0,[],68.5657958984375,65.92814636230469,12.638854026794434,68.25495910644531,71.89990234375,12.634602546691895,67.99433898925781,65.94203186035156,12.629584312438965
120.6,RUNNING,4,OUTBOUND,0.324,0.9619,152.3892,11.127,True,NORMAL,MONITOR,False,{},"[""uav2"", ""uav1"", ""uav0""]",limited,False,{},NONE,NORMAL,SAFE,1.0,IDLE,0.0,0.0,0.0,,,0.0,False,avoidance not required,,{},,,,,,,,,,,0,safe,6.029,33.928,1.778,0,0,0.0,0.0,[],68.7894515991211,66.1418685913086,12.586121559143066,68.4866943359375,72.11800384521484,12.57969856262207,68.22547149658203,66.16397094726562,12.576667785644531
120.8,RUNNING,4,OUTBOUND,0.325,0.9619,152.3892,11.127,True,NORMAL,MONITOR,False,{},"[""uav2"", ""uav1"", ""uav0""]",limited,False,{},NONE,NORMAL,SAFE,1.0,IDLE,0.0,0.0,0.0,,,0.0,False,avoidance not required,,{},,,,,,,,,,,0,safe,6.036,34.142,1.781,0,0,0.0,0.0,[],69.0212631225586,66.35638427734375,12.530647277832031,68.71955871582031,72.34549713134766,12.524696350097656,68.4542465209961,66.38648986816406,12.527422904968262
121.0,RUNNING,4,OUTBOUND,0.325,0.9619,152.3892,11.127,True,NORMAL,MONITOR,False,{},"[""uav2"", ""uav1"", ""uav0""]",limited,False,{},NONE,NORMAL,SAFE,1.0,IDLE,0.0,0.0,0.0,,,0.0,False,avoidance not required,,{},,,,,,,,,,,0,safe,6.033,34.356,1.776,0,0,0.0,0.0,[],69.25435638427734,66.57154083251953,12.477438926696777,68.95122528076172,72.56532287597656,12.466883659362793,68.6837158203125,66.60287475585938,12.472060203552246
121.2,RUNNING,4,OUTBOUND,0.326,0.9618,152.3555,11.127,True,NORMAL,MONITOR,False,{},"[""uav2"", ""uav1"", ""uav0""]",limited,False,{},NONE,NORMAL,SAFE,1.0,IDLE,0.0,0.0,0.0,,,0.0,False,avoidance not required,,{},,,,,,,,,,,0,safe,6.029,34.572,1.777,0,0,0.0,0.0,[],69.48625946044922,66.78211975097656,12.418646812438965,69.18077850341797,72.79137420654297,12.410844802856445,68.9133071899414,66.82417297363281,12.414840698242188
121.4,RUNNING,4,OUTBOUND,0.327,0.9618,152.3555,11.127,True,NORMAL,MONITOR,False,{},"[""uav2"", ""uav1"", ""uav0""]",limited,False,{},NONE,NORMAL,SAFE,1.0,IDLE,0.0,0.0,0.0,,,0.0,False,avoidance not required,,{},,,,,,,,,,,0,safe,5.981,34.825,1.731,0,0,0.0,0.0,[],69.71527862548828,66.99775695800781,12.36127758026123,69.41001892089844,73.01012420654297,12.352935791015625,69.14337158203125,67.04039001464844,12.355666160583496
121.6,RUNNING,4,OUTBOUND,0.328,0.9616,152.3217,11.127,True,NORMAL,MONITOR,False,{},"[""uav2"", ""uav1"", ""uav0""]",limited,False,{},NONE,NORMAL,SAFE,1.0,IDLE,0.0,0.0,0.0,,,0.0,False,avoidance not required,,{},,,,,,,,,,,0,safe,6.028,34.998,1.785,0,0,0.0,0.0,[],69.94428253173828,67.210205078125,12.3036527633667,69.64268493652344,73.2342300415039,12.294208526611328,69.3727035522461,67.26393127441406,12.301071166992188
121.8,RUNNING,4,OUTBOUND,0.328,0.9616,152.3217,11.127,True,NORMAL,MONITOR,False,{},"[""uav2"", ""uav1"", ""uav0""]",limited,False,{},NONE,NORMAL,SAFE,1.0,IDLE,0.0,0.0,0.0,,,0.0,False,avoidance not required,,{},,,,,,,,,,,0,safe,6.029,35.210,1.793,0,0,0.0,0.0,[],70.1712417602539,67.43174743652344,12.244553565979004,69.8746337890625,73.45170593261719,12.235411643981934,69.60260772705078,67.48233032226562,12.243264198303223
122.0,RUNNING,4,OUTBOUND,0.329,0.9616,152.3217,11.127,True,NORMAL,MONITOR,False,{},"[""uav2"", ""uav1"", ""uav0""]",limited,False,{},NONE,NORMAL,SAFE,1.0,IDLE,0.0,0.0,0.0,,,0.0,False,avoidance not required,,{},,,,,,,,,,,0,safe,6.032,35.432,1.796,0,0,0.0,0.0,[],70.39933776855469,67.64925384521484,12.186002731323242,70.1086196899414,73.67513275146484,12.175902366638184,69.83075714111328,67.7046127319336,12.180583953857422
122.2,RUNNING,4,OUTBOUND,0.33,0.9614,152.2879,11.127,True,NORMAL,MONITOR,False,{},"[""uav2"", ""uav1"", ""uav0""]",limited,False,{},NONE,NORMAL,SAFE,1.0,IDLE,0.0,0.0,0.0,,,0.0,False,avoidance not required,,{},,,,,,,,,,,0,safe,6.032,35.649,1.800,0,0,0.0,0.0,[],70.62557983398438,67.86732482910156,12.130931854248047,70.34124755859375,73.89285278320312,12.116077423095703,70.0605697631836,67.92277526855469,12.118729591369629
122.4,RUNNING,4,OUTBOUND,0.331,0.9614,152.2879,11.127,True,NORMAL,MONITOR,False,{},"[""uav2"", ""uav1"", ""uav0""]",limited,False,{},NONE,NORMAL,SAFE,1.0,IDLE,0.0,0.0,0.0,,,0.0,False,avoidance not required,,{},,,,,,,,,,,0,safe,6.035,35.867,1.807,0,0,0.0,0.0,[],70.86222076416016,68.09131622314453,12.072498321533203,70.57036590576172,74.11575317382812,12.06061840057373,70.29092407226562,68.1463851928711,12.05728816986084
122.6,RUNNING,4,OUTBOUND,0.331,0.9613,152.2541,11.127,True,NORMAL,MONITOR,False,{},"[""uav2"", ""uav1"", ""uav0""]",limited,False,{},NONE,NORMAL,SAFE,1.0,IDLE,0.0,0.0,0.0,,,0.0,False,avoidance not required,,{},,,,,,,,,,,0,safe,6.029,36.091,1.801,0,0,0.0,0.0,[],71.07939147949219,68.30304718017578,12.016271591186523,70.79905700683594,74.33331298828125,12.004353523254395,70.52181243896484,68.36442565917969,11.998672485351562
122.8,RUNNING,4,OUTBOUND,0.332,0.9613,152.2541,11.127,True,NORMAL,MONITOR,False,{},"[""uav2"", ""uav1"", ""uav0""]",limited,False,{},NONE,NORMAL,SAFE,1.0,IDLE,0.0,0.0,0.0,,,0.0,False,avoidance not required,,{},,,,,,,,,,,0,safe,6.043,36.303,1.818,0,0,0.0,0.0,[],71.35243225097656,68.56510162353516,11.94424057006836,71.02952575683594,74.55162048339844,11.949873924255371,70.752197265625,68.58108520507812,11.93875503540039
123.0,RUNNING,4,OUTBOUND,0.333,0.9613,152.2541,11.127,True,NORMAL,MONITOR,False,{},"[""uav2"", ""uav1"", ""uav0""]",limited,False,{},NONE,NORMAL,SAFE,1.0,IDLE,0.0,0.0,0.0,,,0.0,False,avoidance not required,,{},,,,,,,,,,,0,safe,6.045,36.521,1.822,0,0,0.0,0.0,[],71.53018951416016,68.74148559570312,11.894298553466797,71.25972747802734,74.76618957519531,11.892760276794434,70.98257446289062,68.79605865478516,11.879226684570312
123.2,RUNNING,4,OUTBOUND,0.334,0.9611,152.2203,11.127,True,NORMAL,MONITOR,False,{},"[""uav2"", ""uav1"", ""uav0""]",limited,False,{},NONE,NORMAL,SAFE,1.0,IDLE,0.0,0.0,0.0,,,0.0,False,avoidance not required,,{},,,,,,,,,,,0,safe,6.053,36.742,1.828,0,0,0.0,0.0,[],71.76276397705078,68.97696685791016,11.831863403320312,71.49031066894531,74.98548126220703,11.83816146850586,71.2082290649414,69.0135498046875,11.81731128692627
123.4,RUNNING,4,OUTBOUND,0.334,0.9611,152.2203,11.127,True,NORMAL,MONITOR,False,{},"[""uav2"", ""uav1"", ""uav0""]",limited,False,{},NONE,NORMAL,SAFE,1.0,IDLE,0.0,0.0,0.0,,,0.0,False,avoidance not required,,{},,,,,,,,,,,0,safe,6.046,36.980,1.818,0,0,0.0,0.0,[],71.98128509521484,69.19023132324219,11.775222778320312,71.72013092041016,75.20157623291016,11.778390884399414,71.4362564086914,69.22943115234375,11.756165504455566
123.6,RUNNING,4,OUTBOUND,0.335,0.9609,152.1864,11.127,True,NORMAL,MONITOR,False,{},"[""uav2"", ""uav1"", ""uav0""]",limited,False,{},NONE,NORMAL,SAFE,1.0,IDLE,0.0,0.0,0.0,,,0.0,False,avoidance not required,,{},,,,,,,,,,,0,safe,6.055,37.196,1.832,0,0,0.0,0.0,[],72.21123504638672,69.41394805908203,11.722034454345703,71.94538879394531,75.42266082763672,11.712610244750977,71.66439056396484,69.44772338867188,11.694082260131836
123.8,RUNNING,4,OUTBOUND,0.336,0.9609,152.1864,11.127,True,NORMAL,MONITOR,False,{},"[""uav2"", ""uav1"", ""uav0""]",limited,False,{},NONE,NORMAL,SAFE,1.0,IDLE,0.0,0.0,0.0,,,0.0,False,avoidance not required,,{},,,,,,,,,,,0,safe,6.053,37.425,1.833,0,0,0.0,0.0,[],72.45144653320312,69.64470672607422,11.660709381103516,72.16969299316406,75.64093017578125,11.649260520935059,71.89095306396484,69.66854095458984,11.629317283630371
124.0,RUNNING,4,OUTBOUND,0.337,0.9609,152.1864,11.127,True,NORMAL,MONITOR,False,{},"[""uav2"", ""uav1"", ""uav0""]",limited,False,{},NONE,NORMAL,SAFE,1.0,IDLE,0.0,0.0,0.0,,,0.0,False,avoidance not required,,{},,,,,,,,,,,0,safe,6.040,37.662,1.820,0,0,0.0,0.0,[],72.67473602294922,69.8548355102539,11.602994918823242,72.40484619140625,75.86489868164062,11.58571720123291,72.1203384399414,69.88758850097656,11.57119083404541
124.2,RUNNING,4,OUTBOUND,0.337,0.9608,152.1525,11.127,True,NORMAL,MONITOR,False,{},"[""uav2"", ""uav1"", ""uav0""]",limited,False,{},NONE,NORMAL,SAFE,1.0,IDLE,0.0,0.0,0.0,,,0.0,False,avoidance not required,,{},,,,,,,,,,,0,safe,6.046,37.880,1.834,0,0,0.0,0.0,[],72.90580749511719,70.07730865478516,11.543731689453125,72.62290954589844,76.078125,11.52915096282959,72.35134887695312,70.10887908935547,11.520576477050781
124.4,RUNNING,4,OUTBOUND,0.338,0.9608,152.1525,11.127,True,NORMAL,MONITOR,False,{},"[""uav2"", ""uav1"", ""uav0""]",limited,False,{},NONE,NORMAL,SAFE,1.0,IDLE,0.0,0.0,0.0,,,0.0,False,avoidance not required,,{},,,,,,,,,,,0,safe,6.046,38.111,1.836,0,0,0.0,0.0,[],73.13826751708984,70.29671478271484,11.481804847717285,72.85145568847656,76.29761505126953,11.469725608825684,72.58370208740234,70.32805633544922,11.463855743408203
124.6,RUNNING,4,OUTBOUND,0.339,0.9606,152.1184,11.127,True,NORMAL,MONITOR,False,{},"[""uav2"", ""uav1"", ""uav0""]",limited,False,{},NONE,NORMAL,SAFE,1.0,IDLE,0.0,0.0,0.0,,,0.0,False,avoidance not required,,{},,,,,,,,,,,0,safe,6.046,38.341,1.836,0,0,0.0,0.0,[],73.37667846679688,70.5192642211914,11.417041778564453,73.0811538696289,76.5179443359375,11.408068656921387,72.81620025634766,70.54735565185547,11.40172004699707
124.8,RUNNING,4,OUTBOUND,0.34,0.9606,152.1184,11.127,True,NORMAL,MONITOR,False,{},"[""uav2"", ""uav1"", ""uav0""]",limited,False,{},NONE,NORMAL,SAFE,1.0,IDLE,0.0,0.0,0.0,,,0.0,False,avoidance not required,,{},,,,,,,,,,,0,safe,6.040,38.575,1.831,0,0,0.0,0.0,[],73.6141586303711,70.73930358886719,11.350692749023438,73.31016540527344,76.74079132080078,11.341381072998047,73.05020141601562,70.76832580566406,11.33931827545166
125.0,RUNNING,4,OUTBOUND,0.34,0.9606,152.1184,11.127,True,NORMAL,MONITOR,False,{},"[""uav2"", ""uav1"", ""uav0""]",limited,False,{},NONE,NORMAL,SAFE,1.0,IDLE,0.0,0.0,0.0,,,0.0,False,avoidance not required,,{},,,,,,,,,,,0,safe,6.036,38.808,1.828,0,0,0.0,0.0,[],73.85055541992188,70.96023559570312,11.281584739685059,73.54959106445312,76.96965789794922,11.273571014404297,73.28467559814453,70.9886245727539,11.27499771118164
125.2,RUNNING,4,OUTBOUND,0.341,0.9604,152.0843,11.127,True,NORMAL,MONITOR,False,{},"[""uav2"", ""uav1"", ""uav0""]",limited,False,{},NONE,NORMAL,SAFE,1.0,IDLE,0.0,0.0,0.0,,,0.0,False,avoidance not required,,{},,,,,,,,,,,0,safe,5.987,39.091,1.817,0,0,0.0,0.0,[],74.08500671386719,71.17942810058594,11.215025901794434,73.77606964111328,77.1837158203125,11.209673881530762,73.52118682861328,71.21172332763672,11.208353042602539
125.4,RUNNING,4,OUTBOUND,0.342,0.9604,152.0843,11.127,True,NORMAL,MONITOR,False,{},"[""uav2"", ""uav1"", ""uav0""]",limited,False,{},NONE,NORMAL,SAFE,1.0,IDLE,0.0,0.0,0.0,,,0.0,False,avoidance not required,,{},,,,,,,,,,,0,safe,6.036,39.278,1.826,0,0,0.0,0.0,[],74.31880187988281,71.39786529541016,11.149401664733887,74.01142883300781,77.40436553955078,11.143621444702148,73.7566909790039,71.43315124511719,11.14319896697998
125.6,RUNNING,4,OUTBOUND,0.343,0.9603,152.0502,11.127,True,NORMAL,MONITOR,False,{},"[""uav2"", ""uav1"", ""uav0""]",limited,False,{},NONE,NORMAL,SAFE,1.0,IDLE,0.0,0.0,0.0,,,0.0,False,avoidance not required,,{},,,,,,,,,,,0,safe,6.038,39.513,1.824,0,0,0.0,0.0,[],74.5997314453125,71.66056060791016,11.072197914123535,74.24745178222656,77.62432098388672,11.080039024353027,73.99495697021484,71.65489959716797,11.071441650390625
125.8,RUNNING,4,OUTBOUND,0.343,0.9603,152.0502,11.127,True,NORMAL,MONITOR,False,{},"[""uav2"", ""uav1"", ""uav0""]",limited,False,{},NONE,NORMAL,SAFE,1.0,IDLE,0.0,0.0,0.0,,,0.0,False,avoidance not required,,{},,,,,,,,,,,0,safe,6.042,39.750,1.824,0,0,0.0,0.0,[],74.83269500732422,71.87967681884766,11.008563041687012,74.49150848388672,77.85191345214844,11.013750076293945,74.23077392578125,71.87565612792969,11.006640434265137
126.0,RUNNING,4,OUTBOUND,0.344,0.9603,152.0502,11.127,True,NORMAL,MONITOR,False,{},"[""uav2"", ""uav1"", ""uav0""]",limited,False,{},NONE,NORMAL,SAFE,1.0,IDLE,0.0,0.0,0.0,,,0.0,False,avoidance not required,,{},,,,,,,,,,,0,safe,5.998,40.036,1.808,0,0,0.0,0.0,[],75.02091217041016,72.05682373046875,10.956049919128418,74.71454620361328,78.0651626586914,10.950222969055176,74.46516418457031,72.09754180908203,10.944121360778809
126.2,RUNNING,4,OUTBOUND,0.345,0.9601,152.0162,11.127,True,NORMAL,MONITOR,False,{},"[""uav2"", ""uav1"", ""uav0""]",limited,False,{},NONE,NORMAL,SAFE,1.0,IDLE,0.0,0.0,0.0,,,0.0,False,avoidance not required,,{},,,,,,,,,,,0,safe,5.997,40.278,1.761,0,0,0.0,0.0,[],75.26365661621094,72.28612518310547,10.887917518615723,74.95500183105469,78.29456329345703,10.883500099182129,74.6975326538086,72.31896209716797,10.881275177001953
126.4,RUNNING,4,OUTBOUND,0.346,0.9601,152.0162,11.127,True,NORMAL,MONITOR,False,{},"[""uav2"", ""uav1"", ""uav0""]",limited,False,{},NONE,NORMAL,SAFE,1.0,IDLE,0.0,0.0,0.0,,,0.0,False,avoidance not required,,{},,,,,,,,,,,0,safe,6.034,40.481,1.809,0,0,0.0,0.0,[],75.49597930908203,72.50886535644531,10.820649147033691,75.17901611328125,78.50775909423828,10.818882942199707,74.9295883178711,72.54352569580078,10.816479682922363
126.6,RUNNING,4,OUTBOUND,0.346,0.9599,151.9822,11.127,True,NORMAL,MONITOR,False,{},"[""uav2"", ""uav1"", ""uav0""]",limited,False,{},NONE,NORMAL,SAFE,1.0,IDLE,0.0,0.0,0.0,,,0.0,False,avoidance not required,,{},,,,,,,,,,,0,safe,5.997,40.765,1.820,0,0,0.0,0.0,[],75.7177963256836,72.72173309326172,10.757530212402344,75.41157531738281,78.72858428955078,10.753400802612305,75.1601333618164,72.76644897460938,10.751821517944336
126.8,RUNNING,4,OUTBOUND,0.347,0.9599,151.9822,11.127,True,NORMAL,MONITOR,False,{},"[""uav2"", ""uav1"", ""uav0""]",limited,False,{},NONE,NORMAL,SAFE,1.0,IDLE,0.0,0.0,0.0,,,0.0,False,avoidance not required,,{},,,,,,,,,,,0,safe,6.043,40.961,1.820,0,0,0.0,0.0,[],75.94947814941406,72.94706726074219,10.690364837646484,75.64360046386719,78.95056915283203,10.687764167785645,75.39046478271484,72.98955535888672,10.684532165527344
127.0,RUNNING,4,OUTBOUND,0.348,0.9599,151.9822,11.127,True,NORMAL,MONITOR,False,{},"[""uav2"", ""uav1"", ""uav0""]",limited,False,{},NONE,NORMAL,SAFE,1.0,IDLE,0.0,0.0,0.0,,,0.0,False,avoidance not required,,{},,,,,,,,,,,0,safe,6.041,41.210,1.819,0,0,0.0,0.0,[],76.23035430908203,73.22123718261719,10.602078437805176,75.874755859375,79.17155456542969,10.623659133911133,75.62053680419922,73.21202087402344,10.619384765625
127.2,RUNNING,4,OUTBOUND,0.349,0.9597,151.9482,11.127,True,NORMAL,MONITOR,False,{},"[""uav2"", ""uav1"", ""uav0""]",limited,False,{},NONE,NORMAL,SAFE,1.0,IDLE,0.0,0.0,0.0,,,0.0,False,avoidance not required,,{},,,,,,,,,,,0,safe,5.990,41.515,1.819,0,0,0.0,0.0,[],76.41596984863281,73.40119934082031,10.549559593200684,76.10826110839844,79.39608764648438,10.558775901794434,75.85298919677734,73.43737030029297,10.55331039428711
127.4,RUNNING,4,OUTBOUND,0.349,0.9597,151.9482,11.127,True,NORMAL,MONITOR,False,{},"[""uav2"", ""uav1"", ""uav0""]",limited,False,{},NONE,NORMAL,SAFE,1.0,IDLE,0.0,0.0,0.0,,,0.0,False,avoidance not required,,{},,,,,,,,,,,0,safe,6.037,41.716,1.816,0,0,0.0,0.0,[],76.64881134033203,73.6299057006836,10.482634544372559,76.34046173095703,79.6192626953125,10.492762565612793,76.08460998535156,73.66046142578125,10.4891357421875
127.6,RUNNING,4,OUTBOUND,0.35,0.9596,151.9143,11.127,True,NORMAL,MONITOR,False,{},"[""uav2"", ""uav1"", ""uav0""]",limited,False,{},NONE,NORMAL,SAFE,1.0,IDLE,0.0,0.0,0.0,,,0.0,False,avoidance not required,,{},,,,,,,,,,,0,safe,6.036,41.972,1.816,0,0,0.0,0.0,[],76.88025665283203,73.85503387451172,10.418882369995117,76.57291412353516,79.84742736816406,10.423416137695312,76.32010650634766,73.88282012939453,10.417798042297363
127.8,RUNNING,4,OUTBOUND,0.351,0.9596,151.9143,11.127,True,NORMAL,MONITOR,False,{},"[""uav2"", ""uav1"", ""uav0""]",limited,False,{},NONE,NORMAL,SAFE,1.0,IDLE,0.0,0.0,0.0,,,0.0,False,avoidance not required,,{},,,,,,,,,,,0,safe,6.047,42.481,1.804,0,0,0.0,0.0,[],77.15510559082031,74.12657165527344,10.34345531463623,76.80594635009766,80.07796478271484,10.353832244873047,76.5559310913086,74.10757446289062,10.349556922912598
128.0,RUNNING,4,OUTBOUND,0.352,0.9596,151.9143,11.127,True,NORMAL,MONITOR,False,{},"[""uav2"", ""uav1"", ""uav0""]",limited,False,{},NONE,NORMAL,SAFE,1.0,IDLE,0.0,0.0,0.0,,,0.0,False,avoidance not required,,{},,,,,,,,,,,0,safe,6.047,42.481,1.804,0,0,0.0,0.0,[],77.38399505615234,74.34943389892578,10.280355453491211,77.0839614868164,80.3492431640625,10.274991989135742,76.78938293457031,74.33070373535156,10.282163619995117
128.2,RUNNING,4,OUTBOUND,0.352,0.9594,151.8803,11.127,True,NORMAL,MONITOR,False,{},"[""uav2"", ""uav1"", ""uav0""]",limited,False,{},NONE,NORMAL,SAFE,1.0,IDLE,0.0,0.0,0.0,,,0.0,False,avoidance not required,,{},,,,,,,,,,,0,safe,6.005,42.784,1.746,0,0,0.0,0.0,[],77.61204528808594,74.57238006591797,10.214468002319336,77.26964569091797,80.52989959716797,10.220257759094238,77.02245330810547,74.55574798583984,10.211617469787598
128.4,RUNNING,4,OUTBOUND,0.353,0.9594,151.8803,11.127,True,NORMAL,MONITOR,False,{},"[""uav2"", ""uav1"", ""uav0""]",limited,False,{},NONE,NORMAL,SAFE,1.0,IDLE,0.0,0.0,0.0,,,0.0,False,avoidance not required,,{},,,,,,,,,,,0,safe,6.010,43.038,1.799,0,0,0.0,0.0,[],77.79498291015625,74.74886322021484,10.163960456848145,77.50088500976562,80.75228118896484,10.155892372131348,77.25341796875,74.77960205078125,10.144864082336426
128.6,RUNNING,4,OUTBOUND,0.354,0.9592,151.8464,11.127,True,NORMAL,MONITOR,False,{},"[""uav2"", ""uav1"", ""uav0""]",limited,False,{},NONE,NORMAL,SAFE,1.0,IDLE,0.0,0.0,0.0,,,0.0,False,avoidance not required,,{},,,,,,,,,,,0,safe,6.059,43.239,1.808,0,0,0.0,0.0,[],78.02362823486328,74.97303009033203,10.0910005569458,77.74031829833984,80.98153686523438,10.087691307067871,77.48223876953125,75.00579071044922,10.078811645507812
128.8,RUNNING,4,OUTBOUND,0.355,0.9592,151.8464,11.127,True,NORMAL,MONITOR,False,{},"[""uav2"", ""uav1"", ""uav0""]",limited,False,{},NONE,NORMAL,SAFE,1.0,IDLE,0.0,0.0,0.0,,,0.0,False,avoidance not required,,{},,,,,,,,,,,0,safe,6.059,43.496,1.808,0,0,0.0,0.0,[],78.25392150878906,75.1985092163086,10.014459609985352,77.96097564697266,81.1916732788086,10.027766227722168,77.70929718017578,75.23357391357422,10.00693130493164
129.0,RUNNING,4,OUTBOUND,0.355,0.9592,151.8464,11.127,True,NORMAL,MONITOR,False,{},"[""uav2"", ""uav1"", ""uav0""]",limited,False,{},NONE,NORMAL,SAFE,1.0,IDLE,0.0,0.0,0.0,,,0.0,False,avoidance not required,,{},,,,,,,,,,,0,safe,6.055,43.755,1.807,0,0,0.0,0.0,[],78.49388122558594,75.42941284179688,9.942468643188477,78.18984985351562,81.41291809082031,9.95717716217041,77.93657684326172,75.45824432373047,9.939586639404297
129.2,RUNNING,4,OUTBOUND,0.356,0.9591,151.8125,11.127,True,NORMAL,MONITOR,False,{},"[""uav2"", ""uav1"", ""uav0""]",limited,False,{},NONE,NORMAL,SAFE,1.0,IDLE,0.0,0.0,0.0,,,0.0,False,avoidance not required,,{},,,,,,,,,,,0,safe,6.043,44.021,1.809,0,0,0.0,0.0,[],78.71334075927734,75.63845825195312,9.874253273010254,78.4189682006836,81.63329315185547,9.888251304626465,78.16285705566406,75.68580627441406,9.874996185302734
129.4,RUNNING,4,OUTBOUND,0.357,0.9591,151.8125,11.127,True,NORMAL,MONITOR,False,{},"[""uav2"", ""uav1"", ""uav0""]",limited,False,{},NONE,NORMAL,SAFE,1.0,IDLE,0.0,0.0,0.0,,,0.0,False,avoidance not required,,{},,,,,,,,,,,0,safe,6.050,44.264,1.812,0,0,0.0,0.0,[],78.94287872314453,75.8556137084961,9.809294700622559,78.64847564697266,81.85354614257812,9.821796417236328,78.38999938964844,75.90962982177734,9.811769485473633
129.6,RUNNING,4,OUTBOUND,0.358,0.9589,151.7787,11.127,True,NORMAL,MONITOR,False,{},"[""uav2"", ""uav1"", ""uav0""]",limited,False,{},NONE,NORMAL,SAFE,1.0,IDLE,0.0,0.0,0.0,,,0.0,False,avoidance not required,,{},,,,,,,,,,,0,safe,6.047,44.517,1.815,0,0,0.0,0.0,[],79.16912078857422,76.07579803466797,9.746426582336426,78.87870788574219,82.07305908203125,9.757796287536621,78.61473083496094,76.13603973388672,9.746213912963867
129.8,RUNNING,4,OUTBOUND,0.358,0.9589,151.7787,11.127,True,NORMAL,MONITOR,False,{},"[""uav2"", ""uav1"", ""uav0""]",limited,False,{},NONE,NORMAL,SAFE,1.0,IDLE,0.0,0.0,0.0,,,0.0,False,avoidance not required,,{},,,,,,,,,,,0,safe,6.046,44.773,1.821,0,0,0.0,0.0,[],79.44216918945312,76.33977508544922,9.672791481018066,79.1522216796875,82.33854675292969,9.679586410522461,78.84092712402344,76.35931396484375,9.681540489196777
130.0,RUNNING,4,OUTBOUND,0.359,0.9589,151.7787,11.127,True,NORMAL,MONITOR,False,{},"[""uav2"", ""uav1"", ""uav0""]",limited,False,{},NONE,NORMAL,SAFE,1.0,IDLE,0.0,0.0,0.0,,,0.0,False,avoidance not required,,{},,,,,,,,,,,0,safe,5.999,45.081,1.823,0,0,0.0,0.0,[],79.63206481933594,76.528564453125,9.621809005737305,79.33506774902344,82.51515197753906,9.627738952636719,79.06336212158203,76.5884017944336,9.612329483032227
130.2,RUNNING,4,OUTBOUND,0.36,0.9587,151.7448,11.127,True,NORMAL,MONITOR,False,{},"[""uav2"", ""uav1"", ""uav0""]",limited,False,{},NONE,NORMAL,SAFE,1.0,IDLE,0.0,0.0,0.0,,,0.0,False,avoidance not required,,{},,,,,,,,,,,0,safe,6.032,45.301,1.826,0,0,0.0,0.0,[],79.89781188964844,76.78718566894531,9.548933029174805,79.60810089111328,82.78550720214844,9.549333572387695,79.28939819335938,76.81200408935547,9.54553508758545
130.4,RUNNING,4,OUTBOUND,0.361,0.9587,151.7448,11.127,True,NORMAL,MONITOR,False,{},"[""uav2"", ""uav1"", ""uav0""]",limited,False,{},NONE,NORMAL,SAFE,1.0,IDLE,0.0,0.0,0.0,,,0.0,False,avoidance not required,,{},,,,,,,,,,,0,safe,6.038,45.552,1.834,0,0,0.0,0.0,[],80.0830307006836,76.9692153930664,9.495336532592773,79.79129028320312,82.96419525146484,9.496675491333008,79.51609802246094,77.03533172607422,9.475961685180664
130.6,RUNNING,4,OUTBOUND,0.361,0.9586,151.7109,11.127,True,NORMAL,MONITOR,False,{},"[""uav2"", ""uav1"", ""uav0""]",limited,False,{},NONE,NORMAL,SAFE,1.0,IDLE,0.0,0.0,0.0,,,0.0,False,avoidance not required,,{},,,,,,,,,,,0,safe,6.033,45.819,1.831,0,0,0.0,0.0,[],80.31523895263672,77.19295501708984,9.428656578063965,80.01753234863281,83.19090270996094,9.425227165222168,79.74591064453125,77.25521850585938,9.410438537597656
130.8,RUNNING,4,OUTBOUND,0.362,0.9586,151.7109,11.127,True,NORMAL,MONITOR,False,{},"[""uav2"", ""uav1"", ""uav0""]",limited,False,{},NONE,NORMAL,SAFE,1.0,IDLE,0.0,0.0,0.0,,,0.0,False,avoidance not required,,{},,,,,,,,,,,0,safe,6.031,46.083,1.830,0,0,0.0,0.0,[],80.55049896240234,77.42259216308594,9.356522560119629,80.24482727050781,83.4229965209961,9.351509094238281,79.97948455810547,77.48110961914062,9.339195251464844
131.0,RUNNING,4,OUTBOUND,0.363,0.9586,151.7109,11.127,True,NORMAL,MONITOR,False,{},"[""uav2"", ""uav1"", ""uav0""]",limited,False,{},NONE,NORMAL,SAFE,1.0,IDLE,0.0,0.0,0.0,,,0.0,False,avoidance not required,,{},,,,,,,,,,,0,safe,6.029,46.355,1.825,0,0,0.0,0.0,[],80.78498840332031,77.65453338623047,9.280351638793945,80.4742202758789,83.64987182617188,9.28294563293457,80.2140884399414,77.70736694335938,9.269768714904785
131.2,RUNNING,4,OUTBOUND,0.364,0.9584,151.6769,11.127,True,NORMAL,MONITOR,False,{},"[""uav2"", ""uav1"", ""uav0""]",limited,False,{},NONE,NORMAL,SAFE,1.0,IDLE,0.0,0.0,0.0,,,0.0,False,avoidance not required,,{},,,,,,,,,,,0,safe,5.982,46.684,1.760,0,0,0.0,0.0,[],81.01844024658203,77.88036346435547,9.21044921875,80.70540618896484,83.87818145751953,9.213643074035645,80.448486328125,77.92967987060547,9.203959465026855
131.4,RUNNING,4,OUTBOUND,0.364,0.9584,151.6769,11.127,True,NORMAL,MONITOR,False,{},"[""uav2"", ""uav1"", ""uav0""]",limited,False,{},NONE,NORMAL,SAFE,1.0,IDLE,0.0,0.0,0.0,,,0.0,False,avoidance not required,,{},,,,,,,,,,,0,safe,6.030,46.898,1.825,0,0,0.0,0.0,[],81.29489135742188,78.15933990478516,9.130600929260254,80.93754577636719,84.10173797607422,9.147844314575195,80.6825942993164,78.15910339355469,9.134622573852539
131.6,RUNNING,4,OUTBOUND,0.365,0.9582,151.643,11.127,True,NORMAL,MONITOR,False,{},"[""uav2"", ""uav1"", ""uav0""]",limited,False,{},NONE,NORMAL,SAFE,1.0,IDLE,0.0,0.0,0.0,,,0.0,False,avoidance not required,,{},,,,,,,,,,,0,safe,5.988,47.229,1.821,0,0,0.0,0.0,[],81.4796371459961,78.3399887084961,9.079205513000488,81.17863464355469,84.33700561523438,9.074921607971191,80.91678619384766,78.38542175292969,9.064494132995605
131.8,RUNNING,4,OUTBOUND,0.366,0.9582,151.643,11.127,True,NORMAL,MONITOR,False,{},"[""uav2"", ""uav1"", ""uav0""]",limited,False,{},NONE,NORMAL,SAFE,1.0,IDLE,0.0,0.0,0.0,,,0.0,False,avoidance not required,,{},,,,,,,,,,,0,safe,6.037,47.445,1.792,0,0,0.0,0.0,[],81.70854187011719,78.57481384277344,9.012086868286133,81.40155792236328,84.5503921508789,9.010875701904297,81.15026092529297,78.60661315917969,8.999485969543457
132.0,RUNNING,4,OUTBOUND,0.367,0.9582,151.643,11.127,True,NORMAL,MONITOR,False,{},"[""uav2"", ""uav1"", ""uav0""]",limited,False,{},NONE,NORMAL,SAFE,1.0,IDLE,0.0,0.0,0.0,,,0.0,False,avoidance not required,,{},,,,,,,,,,,0,safe,6.042,47.724,1.780,0,0,0.0,0.0,[],81.98731994628906,78.85287475585938,8.933274269104004,81.68275451660156,84.828369140625,8.928808212280273,81.38264465332031,78.83226776123047,8.932363510131836
132.2,RUNNING,4,OUTBOUND,0.367,0.958,151.6092,11.127,True,NORMAL,MONITOR,False,{},"[""uav2"", ""uav1"", ""uav0""]",limited,False,{},NONE,NORMAL,SAFE,1.0,IDLE,0.0,0.0,0.0,,,0.0,False,avoidance not required,,{},,,,,,,,,,,0,safe,5.995,48.056,1.666,0,0,0.0,0.0,[],82.17183685302734,79.02989959716797,8.882609367370605,81.86842346191406,85.0076904296875,8.877975463867188,81.6133041381836,79.05127716064453,8.869296073913574
132.4,RUNNING,4,OUTBOUND,0.368,0.958,151.6092,11.127,True,NORMAL,MONITOR,False,{},"[""uav2"", ""uav1"", ""uav0""]",limited,False,{},NONE,NORMAL,SAFE,1.0,IDLE,0.0,0.0,0.0,,,0.0,False,avoidance not required,,{},,,,,,,,,,,0,safe,5.996,48.325,1.680,0,0,0.0,0.0,[],82.39888763427734,79.255859375,8.815069198608398,82.09661865234375,85.2317123413086,8.81594181060791,81.84403991699219,79.27070617675781,8.80565357208252
132.6,RUNNING,4,OUTBOUND,0.369,0.9579,151.5757,11.127,True,NORMAL,MONITOR,False,{},"[""uav2"", ""uav1"", ""uav0""]",limited,False,{},NONE,NORMAL,SAFE,1.0,IDLE,0.0,0.0,0.0,,,0.0,False,avoidance not required,,{},,,,,,,,,,,0,safe,6.045,48.542,1.619,0,0,0.0,0.0,[],82.62223815917969,79.47016906738281,8.751677513122559,82.32089233398438,85.44651794433594,8.756753921508789,82.06964111328125,79.4822998046875,8.744478225708008
132.8,RUNNING,4,OUTBOUND,0.37,0.9579,151.5757,11.127,True,NORMAL,MONITOR,False,{},"[""uav2"", ""uav1"", ""uav0""]",limited,False,{},NONE,NORMAL,SAFE,1.0,IDLE,0.0,0.0,0.0,,,0.0,False,avoidance not required,,{},,,,,,,,,,,0,safe,6.047,48.802,1.555,0,0,0.0,0.0,[],82.84058380126953,79.68370056152344,8.684903144836426,82.5411376953125,85.66234588623047,8.689628601074219,82.2922592163086,79.695068359375,8.677912712097168
133.0,RUNNING,4,OUTBOUND,0.37,0.9579,151.5757,11.127,True,NORMAL,MONITOR,False,{},"[""uav2"", ""uav1"", ""uav0""]",limited,False,{},NONE,NORMAL,SAFE,1.0,IDLE,0.0,0.0,0.0,,,0.0,False,avoidance not required,,{},,,,,,,,,,,0,safe,6.052,49.060,1.479,0,0,0.0,0.0,[],83.05284118652344,79.8846206665039,8.623921394348145,82.75499725341797,85.86666870117188,8.628754615783691,82.5063705444336,79.89751434326172,8.617822647094727
133.2,RUNNING,4,OUTBOUND,0.371,0.9577,151.5429,11.127,True,NORMAL,MONITOR,False,{},"[""uav2"", ""uav1"", ""uav0""]",limited,False,{},NONE,NORMAL,SAFE,1.0,IDLE,0.0,0.0,0.0,,,0.0,False,avoidance not required,,{},,,,,,,,,,,0,safe,6.054,49.306,1.403,0,0,0.0,0.0,[],83.26077270507812,80.08232116699219,8.563133239746094,82.96240997314453,86.07001495361328,8.567704200744629,82.7120590209961,80.09762573242188,8.56026554107666
133.4,RUNNING,4,OUTBOUND,0.372,0.9577,151.5429,11.127,True,NORMAL,MONITOR,False,{},"[""uav2"", ""uav1"", ""uav0""]",limited,False,{},NONE,NORMAL,SAFE,1.0,IDLE,0.0,0.0,0.0,,,0.0,False,avoidance not required,,{},,,,,,,,,,,0,safe,6.051,49.548,1.319,0,0,0.0,0.0,[],83.46024322509766,80.26734161376953,8.507862091064453,83.16148376464844,86.26016998291016,8.513150215148926,82.90866088867188,80.2853775024414,8.50873851776123
133.6,RUNNING,4,OUTBOUND,0.373,0.9576,151.511,11.127,True,NORMAL,MONITOR,False,{},"[""uav2"", ""uav1"", ""uav0""]",limited,False,{},NONE,NORMAL,SAFE,1.0,IDLE,0.0,0.0,0.0,,,0.0,False,avoidance not required,,{},,,,,,,,,,,0,safe,6.048,49.776,1.238,0,0,0.0,0.0,[],83.65892791748047,80.45084381103516,8.45620059967041,83.35517120361328,86.44605255126953,8.45913314819336,83.10037994384766,80.46910095214844,8.455770492553711
133.8,RUNNING,4,OUTBOUND,0.373,0.9576,151.511,11.127,True,NORMAL,MONITOR,False,{},"[""uav2"", ""uav1"", ""uav0""]",limited,False,{},NONE,NORMAL,SAFE,1.0,IDLE,0.0,0.0,0.0,,,0.0,False,avoidance not required,,{},,,,,,,,,,,0,safe,6.041,50.002,1.150,0,0,0.0,0.0,[],83.8523941040039,80.62722778320312,8.407970428466797,83.53852081298828,86.61813354492188,8.41038990020752,83.28096008300781,80.6402359008789,8.40914535522461
134.0,RUNNING,4,OUTBOUND,0.374,0.9576,151.511,11.127,True,NORMAL,MONITOR,False,{},"[""uav2"", ""uav1"", ""uav0""]",limited,False,{},NONE,NORMAL,SAFE,1.0,IDLE,0.0,0.0,0.0,,,0.0,False,avoidance not required,,{},,,,,,,,,,,0,safe,6.029,50.221,1.067,0,0,0.0,0.0,[],84.0235595703125,80.7877426147461,8.36524486541748,83.71759033203125,86.78907775878906,8.365204811096191,83.45591735839844,80.810791015625,8.363572120666504
134.2,RUNNING,4,OUTBOUND,0.375,0.9574,151.48,11.127,True,NORMAL,MONITOR,False,{},"[""uav2"", ""uav1"", ""uav0""]",limited,False,{},NONE,NORMAL,SAFE,1.0,IDLE,0.0,0.0,0.0,,,0.0,False,avoidance not required,,{},,,,,,,,,,,0,safe,6.032,50.420,0.975,0,0,0.0,0.0,[],84.18791961669922,80.94010162353516,8.323948860168457,83.88390350341797,86.94511413574219,8.324153900146484,83.6181640625,80.96586608886719,8.322203636169434
134.4,RUNNING,4,OUTBOUND,0.376,0.9574,151.48,11.127,True,NORMAL,MONITOR,False,{},"[""uav2"", ""uav1"", ""uav0""]",limited,False,{},NONE,NORMAL,SAFE,1.0,IDLE,0.0,0.0,0.0,,,0.0,False,avoidance not required,,{},,,,,,,,,,,0,safe,6.030,50.609,0.889,0,0,0.0,0.0,[],84.35060119628906,81.0892562866211,8.284056663513184,84.04822540283203,87.09899139404297,8.284558296203613,83.77487182617188,81.11616516113281,8.28331470489502
134.6,RUNNING,4,OUTBOUND,0.376,0.9573,151.45,11.127,True,NORMAL,MONITOR,False,{},"[""uav2"", ""uav1"", ""uav0""]",limited,False,{},NONE,NORMAL,SAFE,1.0,IDLE,0.0,0.0,0.0,,,0.0,False,avoidance not required,,{},,,,,,,,,,,0,safe,6.024,50.794,0.797,0,0,0.0,0.0,[],84.49756622314453,81.22343444824219,8.247520446777344,84.1919937133789,87.23189544677734,8.249493598937988,83.91741943359375,81.2505874633789,8.248120307922363
134.8,RUNNING,4,OUTBOUND,0.377,0.9573,151.45,11.127,True,NORMAL,MONITOR,False,{},"[""uav2"", ""uav1"", ""uav0""]",limited,False,{},NONE,NORMAL,SAFE,1.0,IDLE,0.0,0.0,0.0,,,0.0,False,avoidance not required,,{},,,,,,,,,,,0,safe,5.991,50.996,0.681,0,0,0.0,0.0,[],84.63801574707031,81.3557357788086,8.215877532958984,84.32516479492188,87.35394287109375,8.21728515625,84.05657958984375,81.37496948242188,8.216933250427246
135.0,RUNNING,4,OUTBOUND,0.378,0.9573,151.45,11.127,True,NORMAL,MONITOR,False,{},"[""uav2"", ""uav1"", ""uav0""]",limited,False,{},NONE,NORMAL,SAFE,1.0,IDLE,0.0,0.0,0.0,,,0.0,False,avoidance not required,,{},,,,,,,,,,,0,safe,6.019,51.126,0.631,0,0,0.0,0.0,[],84.78697204589844,81.4952163696289,8.178356170654297,84.45442199707031,87.47162628173828,8.184674263000488,84.1800765991211,81.48533630371094,8.187124252319336
135.2,RUNNING,4,OUTBOUND,0.379,0.9571,151.4209,11.127,True,NORMAL,MONITOR,False,{},"[""uav2"", ""uav1"", ""uav0""]",limited,False,{},NONE,NORMAL,SAFE,1.0,IDLE,0.0,0.0,0.0,,,0.0,False,avoidance not required,,{},,,,,,,,,,,0,safe,5.993,51.300,0.544,0,0,0.0,0.0,[],84.88479614257812,81.58316040039062,8.153328895568848,84.56893157958984,87.57339477539062,8.156058311462402,84.29962921142578,81.58555603027344,8.160805702209473
135.4,RUNNING,4,OUTBOUND,0.379,0.9571,151.4209,11.127,True,NORMAL,MONITOR,False,{},"[""uav2"", ""uav1"", ""uav0""]",limited,False,{},NONE,NORMAL,SAFE,1.0,IDLE,0.0,0.0,0.0,,,0.0,False,avoidance not required,,{},,,,,,,,,,,0,safe,6.015,51.410,0.465,0,0,0.0,0.0,[],84.99337768554688,81.68212127685547,8.126219749450684,84.6728515625,87.66668701171875,8.129039764404297,84.40290832519531,81.67564392089844,8.137040138244629
135.6,RUNNING,4,OUTBOUND,0.38,0.957,151.3924,11.127,True,NORMAL,MONITOR,False,{},"[""uav2"", ""uav1"", ""uav0""]",limited,False,{},NONE,NORMAL,SAFE,1.0,IDLE,0.0,0.0,0.0,,,0.0,False,avoidance not required,,{},,,,,,,,,,,0,safe,6.010,51.535,0.384,0,0,0.0,0.0,[],85.0921859741211,81.76224517822266,8.103486061096191,84.76821899414062,87.75286865234375,8.103114128112793,84.50260162353516,81.76287841796875,8.114876747131348
135.8,RUNNING,4,OUTBOUND,0.381,0.957,151.3924,11.127,True,NORMAL,MONITOR,False,{},"[""uav2"", ""uav1"", ""uav0""]",limited,False,{},NONE,NORMAL,SAFE,1.0,IDLE,0.0,0.0,0.0,,,0.0,False,avoidance not required,,{},,,,,,,,,,,0,safe,6.010,51.638,0.301,0,0,0.0,0.0,[],85.1726303100586,81.8306655883789,8.083501815795898,84.85558319091797,87.82844543457031,8.084200859069824,84.58883666992188,81.84022521972656,8.094175338745117
136.0,RUNNING,4,OUTBOUND,0.382,0.957,151.3924,11.127,True,NORMAL,MONITOR,False,{},"[""uav2"", ""uav1"", ""uav0""]",limited,False,{},NONE,NORMAL,SAFE,1.0,IDLE,0.0,0.0,0.0,,,0.0,False,avoidance not required,,{},,,,,,,,,,,0,safe,6.016,51.726,0.218,0,0,0.0,0.0,[],85.25967407226562,81.9014892578125,8.066816329956055,84.94001007080078,87.90310668945312,8.065652847290039,84.65715026855469,81.90412902832031,8.076746940612793
136.2,RUNNING,5,DELIVERY_FORMATION,0.382,0.9568,151.3644,11.127,True,NORMAL,MONITOR,False,{},"[""uav2"", ""uav1"", ""uav0""]",limited,False,{},NONE,NORMAL,SAFE,1.0,IDLE,0.0,0.0,0.0,,,0.0,False,avoidance not required,,{},,,,,,,,,,,0,safe,5.997,51.817,0.143,0,0,0.0,0.0,[],85.30552673339844,81.94139862060547,8.05530071258545,84.98516082763672,87.94366455078125,8.05905818939209,84.71769714355469,81.95922088623047,8.061700820922852
136.4,RUNNING,5,DELIVERY_FORMATION,0.383,0.9568,151.3644,11.127,True,NORMAL,MONITOR,False,{},"[""uav2"", ""uav1"", ""uav0""]",limited,False,{},NONE,NORMAL,SAFE,1.0,IDLE,0.0,0.0,0.0,,,0.0,False,avoidance not required,,{},,,,,,,,,,,0,safe,5.998,51.931,0.087,0,0,0.0,0.0,[],85.37562561035156,81.99925994873047,8.041984558105469,85.03764343261719,87.99214172363281,8.048595428466797,84.76276397705078,82.0019760131836,8.049210548400879
136.6,RUNNING,5,DELIVERY_FORMATION,0.384,0.9567,151.3367,11.127,True,NORMAL,MONITOR,False,{},"[""uav2"", ""uav1"", ""uav0""]",limited,False,{},NONE,NORMAL,SAFE,1.0,IDLE,0.0,0.0,0.0,,,0.0,False,avoidance not required,,{},,,,,,,,,,,0,safe,5.998,51.931,0.087,0,0,0.0,0.0,[],85.4123764038086,82.03050231933594,8.035626411437988,85.06431579589844,88.01502990722656,8.040488243103027,84.80742645263672,82.0390625,8.04092788696289
136.8,RUNNING,5,DELIVERY_FORMATION,0.385,0.9567,151.3367,11.127,True,NORMAL,MONITOR,False,{},"[""uav2"", ""uav1"", ""uav0""]",limited,False,{},NONE,NORMAL,SAFE,1.0,IDLE,0.0,0.0,0.0,,,0.0,False,avoidance not required,,{},,,,,,,,,,,0,safe,5.995,51.983,0.131,0,0,0.0,0.0,[],85.44013977050781,82.05973815917969,8.029282569885254,85.08724975585938,88.0330810546875,8.034076690673828,84.84154510498047,82.06641387939453,8.036514282226562
137.0,RUNNING,5,DELIVERY_FORMATION,0.385,0.9567,151.3367,11.127,True,NORMAL,MONITOR,False,{},"[""uav2"", ""uav1"", ""uav0""]",limited,False,{},NONE,NORMAL,SAFE,1.0,IDLE,0.0,0.0,0.0,,,0.0,False,avoidance not required,,{},,,,,,,,,,,0,safe,5.990,52.050,0.298,0,0,0.0,0.0,[],85.46915435791016,82.08390045166016,8.019997596740723,85.10456085205078,88.04286193847656,8.028627395629883,84.85923767089844,82.0881118774414,8.033645629882812
137.2,RUNNING,5,DELIVERY_FORMATION,0.386,0.9565,151.3084,11.127,True,NORMAL,MONITOR,False,{},"[""uav2"", ""uav1"", ""uav0""]",limited,False,{},NONE,NORMAL,SAFE,1.0,IDLE,0.0,0.0,0.0,,,0.0,False,avoidance not required,,{},,,,,,,,,,,0,safe,5.990,52.050,0.298,0,0,0.0,0.0,[],85.47515106201172,82.09905242919922,8.015401840209961,85.11477661132812,88.0396499633789,8.026947975158691,84.8714828491211,82.10983276367188,8.036600112915039
137.4,RUNNING,5,DELIVERY_FORMATION,0.387,0.9565,151.3084,11.127,True,NORMAL,MONITOR,False,{},"[""uav2"", ""uav1"", ""uav0""]",limited,False,{},NONE,NORMAL,SAFE,1.0,IDLE,0.0,0.0,0.0,,,0.0,False,avoidance not required,,{},,,,,,,,,,,0,safe,5.996,52.066,0.405,0,0,0.0,0.0,[],85.4779281616211,82.12203979492188,8.014395713806152,85.12034606933594,88.02346801757812,8.025175094604492,84.8732681274414,82.13432312011719,8.034117698669434
137.6,RUNNING,5,DELIVERY_FORMATION,0.388,0.9564,151.2801,11.127,True,NORMAL,MONITOR,False,{},"[""uav2"", ""uav1"", ""uav0""]",limited,False,{},NONE,NORMAL,SAFE,1.0,IDLE,0.0,0.0,0.0,,,0.0,False,avoidance not required,,{},,,,,,,,,,,0,safe,5.995,52.089,0.515,0,0,0.0,0.0,[],85.46807098388672,82.15249633789062,8.013930320739746,85.11971282958984,87.98867797851562,8.025944709777832,84.8760757446289,82.16602325439453,8.032136917114258
137.8,RUNNING,5,DELIVERY_FORMATION,0.388,0.9564,151.2801,11.127,True,NORMAL,MONITOR,False,{},"[""uav2"", ""uav1"", ""uav0""]",limited,False,{},NONE,NORMAL,SAFE,1.0,IDLE,0.0,0.0,0.0,,,0.0,False,avoidance not required,,{},,,,,,,,,,,0,safe,6.008,52.115,0.620,0,0,0.0,0.0,[],85.46034240722656,82.1955337524414,8.016654014587402,85.11450958251953,87.93830871582031,8.024658203125,84.87724304199219,82.21022033691406,8.030911445617676
138.0,RUNNING,5,DELIVERY_FORMATION,0.389,0.9564,151.2801,11.127,True,NORMAL,MONITOR,False,{},"[""uav2"", ""uav1"", ""uav0""]",limited,False,{},NONE,NORMAL,SAFE,1.0,IDLE,0.0,0.0,0.0,,,0.0,False,avoidance not required,,{},,,,,,,,,,,0,safe,6.017,52.155,0.721,0,0,0.0,0.0,[],85.44359588623047,82.2485122680664,8.018781661987305,85.109130859375,87.86963653564453,8.025887489318848,84.8721923828125,82.26754760742188,8.029535293579102
138.2,RUNNING,5,DELIVERY_FORMATION,0.39,0.9563,151.2524,11.127,True,NORMAL,MONITOR,False,{},"[""uav2"", ""uav1"", ""uav0""]",limited,False,{},NONE,NORMAL,SAFE,1.0,IDLE,0.0,0.0,0.0,,,0.0,False,avoidance not required,,{},,,,,,,,,,,0,safe,6.029,52.201,0.815,0,0,0.0,0.0,[],85.42710876464844,82.32202911376953,8.022201538085938,85.10475158691406,87.77693176269531,8.027873039245605,84.86885070800781,82.3402328491211,8.033384323120117
138.4,RUNNING,5,DELIVERY_FORMATION,0.391,0.9563,151.2524,11.127,True,NORMAL,MONITOR,False,{},"[""uav2"", ""uav1"", ""uav0""]",limited,False,{},NONE,NORMAL,SAFE,1.0,IDLE,0.0,0.0,0.0,,,0.0,False,avoidance not required,,{},,,,,,,,,,,0,safe,6.042,52.267,0.892,0,0,0.0,0.0,[],85.4028549194336,82.4107894897461,8.022469520568848,85.09843444824219,87.67687225341797,8.02774715423584,84.8626937866211,82.42900848388672,8.034643173217773
138.6,RUNNING,5,DELIVERY_FORMATION,0.391,0.9561,151.224,11.127,True,NORMAL,MONITOR,False,{},"[""uav2"", ""uav1"", ""uav0""]",limited,False,{},NONE,NORMAL,SAFE,1.0,IDLE,0.0,0.0,0.0,,,0.0,False,avoidance not required,,{},,,,,,,,,,,0,safe,6.023,52.364,0.945,0,0,0.0,0.0,[],85.38201904296875,82.51460266113281,8.028040885925293,85.09127807617188,87.55766296386719,8.028780937194824,84.85698699951172,82.53388214111328,8.035246849060059
138.8,RUNNING,5,DELIVERY_FORMATION,0.392,0.9561,151.224,11.127,True,NORMAL,MONITOR,False,{},"[""uav2"", ""uav1"", ""uav0""]",limited,False,{},NONE,NORMAL,SAFE,1.0,IDLE,0.0,0.0,0.0,,,0.0,False,avoidance not required,,{},,,,,,,,,,,0,safe,5.873,52.441,1.027,0,0,0.0,0.0,[],85.35513305664062,82.63385009765625,8.030618667602539,85.08279418945312,87.42448425292969,8.02661418914795,84.85252380371094,82.65535736083984,8.033707618713379
139.0,RUNNING,5,DELIVERY_FORMATION,0.393,0.9561,151.224,11.127,True,NORMAL,MONITOR,False,{},"[""uav2"", ""uav1"", ""uav0""]",limited,False,{},NONE,NORMAL,SAFE,1.0,IDLE,0.0,0.0,0.0,,,0.0,False,avoidance not required,,{},,,,,,,,,,,0,safe,5.623,52.572,1.044,0,0,0.0,0.0,[],85.32273864746094,82.77689361572266,8.03817081451416,85.07539367675781,87.27516174316406,8.027676582336426,84.85557556152344,82.79617309570312,8.03571891784668
139.2,RUNNING,5,DELIVERY_FORMATION,0.394,0.956,151.1951,11.127,True,NORMAL,MONITOR,False,{},"[""uav2"", ""uav1"", ""uav0""]",limited,False,{},NONE,NORMAL,SAFE,1.0,IDLE,0.0,0.0,0.0,,,0.0,False,avoidance not required,,{},,,,,,,,,,,0,safe,5.436,52.678,1.101,0,0,0.0,0.0,[],85.29071807861328,82.92068481445312,8.039290428161621,85.0673828125,87.10890197753906,8.027265548706055,84.85869598388672,82.94929504394531,8.035627365112305
139.4,RUNNING,5,DELIVERY_FORMATION,0.394,0.956,151.1951,11.127,True,NORMAL,MONITOR,False,{},"[""uav2"", ""uav1"", ""uav0""]",limited,False,{},NONE,NORMAL,SAFE,1.0,IDLE,0.0,0.0,0.0,,,0.0,False,avoidance not required,,{},,,,,,,,,,,0,safe,5.183,52.808,1.108,0,0,0.0,0.0,[],85.26049041748047,83.08709716796875,8.041252136230469,85.05937194824219,86.94435119628906,8.0335054397583,84.8625259399414,83.11896514892578,8.035614967346191
139.6,RUNNING,5,DELIVERY_FORMATION,0.395,0.9558,151.1659,11.127,True,NORMAL,MONITOR,False,{},"[""uav2"", ""uav1"", ""uav0""]",limited,False,{},NONE,NORMAL,SAFE,1.0,IDLE,0.0,0.0,0.0,,,0.0,False,avoidance not required,,{},,,,,,,,,,,0,safe,4.926,52.960,1.110,0,0,0.0,0.0,[],85.22974395751953,83.259765625,8.03941535949707,85.0513916015625,86.76776123046875,8.035048484802246,84.8678207397461,83.29409790039062,8.035196304321289
139.8,RUNNING,5,DELIVERY_FORMATION,0.396,0.9558,151.1659,11.127,True,NORMAL,MONITOR,False,{},"[""uav2"", ""uav1"", ""uav0""]",limited,False,{},NONE,NORMAL,SAFE,1.0,IDLE,0.0,0.0,0.0,,,0.0,False,avoidance not required,,{},,,,,,,,,,,0,safe,4.641,53.152,1.056,0,0,0.0,0.0,[],85.19966125488281,83.44447326660156,8.043176651000977,85.04924011230469,86.58711242675781,8.035715103149414,84.87287902832031,83.48116302490234,8.038576126098633
140.0,RUNNING,5,DELIVERY_FORMATION,0.397,0.9558,151.1659,11.127,True,NORMAL,MONITOR,False,{},"[""uav2"", ""uav1"", ""uav0""]",limited,False,{},NONE,NORMAL,SAFE,1.0,IDLE,0.0,0.0,0.0,,,0.0,False,avoidance not required,,{},,,,,,,,,,,0,safe,4.405,53.289,1.059,0,0,0.0,0.0,[],85.17060852050781,83.62799835205078,8.041000366210938,85.04669952392578,86.4056625366211,8.033576011657715,84.881103515625,83.66667175292969,8.037508010864258
140.2,RUNNING,5,DELIVERY_FORMATION,0.397,0.9557,151.1368,11.127,True,NORMAL,MONITOR,False,{},"[""uav2"", ""uav1"", ""uav0""]",limited,False,{},NONE,NORMAL,SAFE,1.0,IDLE,0.0,0.0,0.0,,,0.0,False,avoidance not required,,{},,,,,,,,,,,0,safe,4.163,53.459,1.011,0,0,0.0,0.0,[],85.14350891113281,83.82405853271484,8.0418062210083,85.04419708251953,86.21087646484375,8.033839225769043,84.89410400390625,83.8563003540039,8.034000396728516
140.4,RUNNING,5,DELIVERY_FORMATION,0.398,0.9557,151.1368,11.127,True,NORMAL,MONITOR,False,{},"[""uav2"", ""uav1"", ""uav0""]",limited,False,{},NONE,NORMAL,SAFE,1.0,IDLE,0.0,0.0,0.0,,,0.0,False,avoidance not required,,{},,,,,,,,,,,0,safe,3.933,53.669,0.935,0,0,0.0,0.0,[],85.11981201171875,83.99787139892578,8.038233757019043,85.04117584228516,86.03585815429688,8.030927658081055,84.90802764892578,84.03728485107422,8.030584335327148
140.6,RUNNING,5,DELIVERY_FORMATION,0.399,0.9555,151.108,11.127,True,NORMAL,MONITOR,False,{},"[""uav2"", ""uav1"", ""uav0""]",limited,False,{},NONE,NORMAL,SAFE,1.0,IDLE,0.0,0.0,0.0,,,0.0,False,avoidance not required,,{},,,,,,,,,,,0,safe,3.745,53.803,0.860,0,0,0.0,0.0,[],85.09822845458984,84.18433380126953,8.039015769958496,85.0414810180664,85.85668182373047,8.033370018005371,84.9254379272461,84.21814727783203,8.03323745727539
140.8,RUNNING,5,DELIVERY_FORMATION,0.4,0.9555,151.108,11.127,True,NORMAL,MONITOR,False,{},"[""uav2"", ""uav1"", ""uav0""]",limited,False,{},NONE,NORMAL,SAFE,1.0,IDLE,0.0,0.0,0.0,,,0.0,False,avoidance not required,,{},,,,,,,,,,,0,safe,3.581,53.978,0.761,0,0,0.0,0.0,[],85.07831573486328,84.35566711425781,8.036273002624512,85.04065704345703,85.68860626220703,8.031944274902344,84.9422378540039,84.38433074951172,8.034122467041016
141.0,RUNNING,5,DELIVERY_FORMATION,0.4,0.9555,151.108,11.127,True,NORMAL,MONITOR,False,{},"[""uav2"", ""uav1"", ""uav0""]",limited,False,{},NONE,NORMAL,SAFE,1.0,IDLE,0.0,0.0,0.0,,,0.0,False,avoidance not required,,{},,,,,,,,,,,0,safe,3.457,54.170,0.651,0,0,0.0,0.0,[],85.06293487548828,84.51737213134766,8.039715766906738,85.04029083251953,85.53365325927734,8.038888931274414,84.96453857421875,84.5411376953125,8.035765647888184
141.2,RUNNING,6,DELIVERY_DESCENT,0.401,0.9554,151.0794,11.127,True,NORMAL,MONITOR,False,{},"[""uav2"", ""uav1"", ""uav0""]",limited,False,{},NONE,NORMAL,SAFE,1.0,IDLE,0.0,0.0,0.0,,,0.0,False,avoidance not required,,{},,,,,,,,,,,0,safe,3.374,54.291,0.530,0,0,0.0,0.0,[],85.0482177734375,84.65918731689453,8.038579940795898,85.03877258300781,85.39379119873047,8.041229248046875,84.98308563232422,84.68003845214844,8.03592300415039
141.4,RUNNING,6,DELIVERY_DESCENT,0.402,0.9554,151.0794,11.127,True,NORMAL,MONITOR,False,{},"[""uav2"", ""uav1"", ""uav0""]",limited,False,{},NONE,NORMAL,SAFE,1.0,IDLE,0.0,0.0,0.0,,,0.0,False,avoidance not required,,{},,,,,,,,,,,0,safe,3.322,54.424,0.398,0,0,0.0,0.0,[],85.04582214355469,84.79841613769531,8.04162311553955,85.0362548828125,85.2671127319336,8.048879623413086,85.00260162353516,84.80722045898438,8.038812637329102
141.6,RUNNING,6,DELIVERY_DESCENT,0.403,0.9553,151.0512,11.127,True,NORMAL,MONITOR,False,{},"[""uav2"", ""uav1"", ""uav0""]",limited,False,{},NONE,NORMAL,SAFE,1.0,IDLE,0.0,0.0,0.0,,,0.0,False,avoidance not required,,{},,,,,,,,,,,0,safe,3.299,54.558,0.279,0,0,0.0,0.0,[],85.04777526855469,84.90894317626953,8.04576301574707,85.03295135498047,85.15585327148438,8.048112869262695,85.01651000976562,84.9106674194336,8.036948204040527
141.8,RUNNING,6,DELIVERY_DESCENT,0.403,0.9553,151.0512,11.127,True,NORMAL,MONITOR,False,{},"[""uav2"", ""uav1"", ""uav0""]",limited,False,{},NONE,NORMAL,SAFE,1.0,IDLE,0.0,0.0,0.0,,,0.0,False,avoidance not required,,{},,,,,,,,,,,0,safe,3.293,54.666,0.195,0,0,0.0,0.0,[],85.04483032226562,84.99720001220703,8.037872314453125,85.0330810546875,85.07471466064453,8.046601295471191,85.03169250488281,84.99923706054688,8.033472061157227
142.0,RUNNING,6,DELIVERY_DESCENT,0.404,0.9553,151.0512,11.127,True,NORMAL,MONITOR,False,{},"[""uav2"", ""uav1"", ""uav0""]",limited,False,{},NONE,NORMAL,SAFE,1.0,IDLE,0.0,0.0,0.0,,,0.0,False,avoidance not required,,{},,,,,,,,,,,0,safe,3.289,54.751,0.189,0,0,0.0,0.0,[],85.04535675048828,85.07444763183594,8.029611587524414,85.03172302246094,85.0084457397461,8.028810501098633,85.04094696044922,85.06440734863281,8.016558647155762
142.2,RUNNING,6,DELIVERY_DESCENT,0.405,0.9551,151.0228,11.127,True,NORMAL,MONITOR,False,{},"[""uav2"", ""uav1"", ""uav0""]",limited,False,{},NONE,NORMAL,SAFE,1.0,IDLE,0.0,0.0,0.0,,,0.0,False,avoidance not required,,{},,,,,,,,,,,0,safe,3.287,54.825,0.245,0,0,0.0,0.0,[],85.05025482177734,85.14092254638672,7.9973039627075195,85.02860260009766,84.96041107177734,8.013509750366211,85.0577392578125,85.12129974365234,7.994217872619629
142.4,RUNNING,6,DELIVERY_DESCENT,0.406,0.9551,151.0228,11.127,True,NORMAL,MONITOR,False,{},"[""uav2"", ""uav1"", ""uav0""]",limited,False,{},NONE,NORMAL,SAFE,1.0,IDLE,0.0,0.0,0.0,,,0.0,False,avoidance not required,,{},,,,,,,,,,,0,safe,3.283,54.883,0.324,0,0,0.0,0.0,[],85.04879760742188,85.16682434082031,7.961043834686279,85.02444458007812,84.92589569091797,7.975759029388428,85.06584167480469,85.15643310546875,7.951866626739502
142.6,RUNNING,6,DELIVERY_DESCENT,0.406,0.955,150.9937,11.127,True,NORMAL,MONITOR,False,{},"[""uav2"", ""uav1"", ""uav0""]",limited,False,{},NONE,NORMAL,SAFE,1.0,IDLE,0.0,0.0,0.0,,,0.0,False,avoidance not required,,{},,,,,,,,,,,0,safe,3.285,54.916,0.384,0,0,0.0,0.0,[],85.05481719970703,85.18994903564453,7.9110894203186035,85.0230484008789,84.90788269042969,7.926904201507568,85.07701873779297,85.18385314941406,7.904497146606445
142.8,RUNNING,6,DELIVERY_DESCENT,0.407,0.955,150.9937,11.127,True,NORMAL,MONITOR,False,{},"[""uav2"", ""uav1"", ""uav0""]",limited,False,{},NONE,NORMAL,SAFE,1.0,IDLE,0.0,0.0,0.0,,,0.0,False,avoidance not required,,{},,,,,,,,,,,0,safe,3.280,54.940,0.439,0,0,0.0,0.0,[],85.05593872070312,85.19611358642578,7.836898326873779,85.02054595947266,84.89862060546875,7.859684467315674,85.08001708984375,85.19388580322266,7.840986251831055
143.0,RUNNING,6,DELIVERY_DESCENT,0.408,0.955,150.9937,11.127,True,NORMAL,MONITOR,False,{},"[""uav2"", ""uav1"", ""uav0""]",limited,False,{},NONE,NORMAL,SAFE,1.0,IDLE,0.0,0.0,0.0,,,0.0,False,avoidance not required,,{},,,,,,,,,,,0,safe,3.278,54.946,0.471,0,0,0.0,0.0,[],85.06450653076172,85.195556640625,7.786217212677002,85.02106475830078,84.904052734375,7.7926106452941895,85.09313201904297,85.19969177246094,7.783881664276123
143.2,RUNNING,6,DELIVERY_DESCENT,0.409,0.9548,150.9601,11.127,True,NORMAL,MONITOR,False,{},"[""uav2"", ""uav1"", ""uav0""]",limited,False,{},NONE,NORMAL,SAFE,1.0,IDLE,0.0,0.0,0.0,,,0.0,False,avoidance not required,,{},,,,,,,,,,,0,safe,3.270,54.948,0.511,0,0,0.0,0.0,[],85.07313537597656,85.1907958984375,7.722702980041504,85.02018737792969,84.91284942626953,7.713622093200684,85.10807800292969,85.19844818115234,7.720566749572754
143.4,RUNNING,6,DELIVERY_DESCENT,0.409,0.9548,150.9601,11.127,True,NORMAL,MONITOR,False,{},"[""uav2"", ""uav1"", ""uav0""]",limited,False,{},NONE,NORMAL,SAFE,1.0,IDLE,0.0,0.0,0.0,,,0.0,False,avoidance not required,,{},,,,,,,,,,,0,safe,3.259,54.945,0.538,0,0,0.0,0.0,[],85.07268524169922,85.17726135253906,7.643970966339111,85.02291107177734,84.92698669433594,7.641294479370117,85.11077117919922,85.186279296875,7.639382362365723
143.6,RUNNING,6,DELIVERY_DESCENT,0.41,0.9547,150.9314,11.127,True,NORMAL,MONITOR,False,{},"[""uav2"", ""uav1"", ""uav0""]",limited,False,{},NONE,NORMAL,SAFE,1.0,IDLE,0.0,0.0,0.0,,,0.0,False,avoidance not required,,{},,,,,,,,,,,0,safe,3.258,54.930,0.533,0,0,0.0,0.0,[],85.07964324951172,85.16402435302734,7.56778621673584,85.02327728271484,84.9410629272461,7.55990743637085,85.11805725097656,85.16966247558594,7.562739372253418
143.8,RUNNING,6,DELIVERY_DESCENT,0.411,0.9547,150.9314,11.127,True,NORMAL,MONITOR,False,{},"[""uav2"", ""uav1"", ""uav0""]",limited,False,{},NONE,NORMAL,SAFE,1.0,IDLE,0.0,0.0,0.0,,,0.0,False,avoidance not required,,{},,,,,,,,,,,0,safe,3.251,54.921,0.520,0,0,0.0,0.0,[],85.09152221679688,85.14884185791016,7.494524955749512,85.0257568359375,84.9549560546875,7.489402770996094,85.11519622802734,85.14862060546875,7.479139804840088
144.0,RUNNING,6,DELIVERY_DESCENT,0.412,0.9547,150.9314,11.127,True,NORMAL,MONITOR,False,{},"[""uav2"", ""uav1"", ""uav0""]",limited,False,{},NONE,NORMAL,SAFE,1.0,IDLE,0.0,0.0,0.0,,,0.0,False,avoidance not required,,{},,,,,,,,,,,0,safe,3.240,54.909,0.491,0,0,0.0,0.0,[],85.0925521850586,85.12992095947266,7.414825916290283,85.02586364746094,84.96715545654297,7.414600849151611,85.11819458007812,85.1294937133789,7.406457901000977
144.2,RUNNING,7,DELIVERY_RELEASE,0.412,0.9545,150.9031,11.127,True,NORMAL,MONITOR,False,{},"[""uav2"", ""uav1"", ""uav0""]",limited,False,{},NONE,NORMAL,SAFE,1.0,IDLE,0.0,0.0,0.0,,,0.0,False,avoidance not required,,{},,,,,,,,,,,0,safe,3.237,54.891,0.439,0,0,0.0,0.0,[],85.10088348388672,85.10884857177734,7.346278190612793,85.0271987915039,84.98277282714844,7.355003356933594,85.11235809326172,85.1089859008789,7.33552885055542
144.4,RUNNING,7,DELIVERY_RELEASE,0.413,0.9545,150.9031,11.127,True,NORMAL,MONITOR,False,{},"[""uav2"", ""uav1"", ""uav0""]",limited,False,{},NONE,NORMAL,SAFE,1.0,IDLE,0.0,0.0,0.0,,,0.0,False,avoidance not required,,{},,,,,,,,,,,0,safe,3.229,54.873,0.377,0,0,0.0,0.0,[],85.0990982055664,85.08829498291016,7.284178733825684,85.02625274658203,84.99524688720703,7.2972493171691895,85.11538696289062,85.08979797363281,7.283782958984375
144.6,RUNNING,7,DELIVERY_RELEASE,0.414,0.9544,150.8746,11.127,True,NORMAL,MONITOR,False,{},"[""uav2"", ""uav1"", ""uav0""]",limited,False,{},NONE,NORMAL,SAFE,1.0,IDLE,0.0,0.0,0.0,,,0.0,False,avoidance not required,,{},,,,,,,,,,,0,safe,3.229,54.852,0.319,0,0,0.0,0.0,[],85.10286712646484,85.06878662109375,7.237748622894287,85.03411865234375,85.0075912475586,7.256899833679199,85.11060333251953,85.07180786132812,7.238131046295166
144.8,RUNNING,7,DELIVERY_RELEASE,0.415,0.9544,150.8746,11.127,True,NORMAL,MONITOR,False,{},"[""uav2"", ""uav1"", ""uav0""]",limited,False,{},NONE,NORMAL,SAFE,1.0,IDLE,0.0,0.0,0.0,,,0.0,False,avoidance not required,,{},,,,,,,,,,,0,safe,3.232,54.834,0.272,0,0,0.0,0.0,[],85.09741973876953,85.05310821533203,7.201496124267578,85.03768157958984,85.0160903930664,7.2208943367004395,85.11571502685547,85.0571517944336,7.207053184509277
145.0,RUNNING,7,DELIVERY_RELEASE,0.415,0.9544,150.8746,11.127,True,NORMAL,MONITOR,False,{},"[""uav2"", ""uav1"", ""uav0""]",limited,False,{},NONE,NORMAL,SAFE,1.0,IDLE,0.0,0.0,0.0,,,0.0,False,avoidance not required,,{},,,,,,,,,,,0,safe,3.241,54.818,0.244,0,0,0.0,0.0,[],85.09996032714844,85.03621673583984,7.1787261962890625,85.04548645019531,85.02436828613281,7.196869850158691,85.12068176269531,85.04358673095703,7.186635494232178
145.2,RUNNING,7,DELIVERY_RELEASE,0.416,0.9542,150.8465,11.127,True,NORMAL,MONITOR,False,{},"[""uav2"", ""uav1"", ""uav0""]",limited,False,{},NONE,NORMAL,SAFE,1.0,IDLE,0.0,0.0,0.0,,,0.0,False,avoidance not required,,{},,,,,,,,,,,0,safe,3.246,54.802,0.226,0,0,0.0,0.0,[],85.09405517578125,85.02389526367188,7.157618999481201,85.04708099365234,85.02857971191406,7.174713611602783,85.11540222167969,85.03153228759766,7.1671624183654785
145.4,RUNNING,7,DELIVERY_RELEASE,0.417,0.9542,150.8465,11.127,True,NORMAL,MONITOR,False,{},"[""uav2"", ""uav1"", ""uav0""]",limited,False,{},NONE,NORMAL,SAFE,1.0,IDLE,0.0,0.0,0.0,,,0.0,False,avoidance not required,,{},,,,,,,,,,,0,safe,3.253,54.789,0.206,0,0,0.0,0.0,[],85.09429168701172,85.00776672363281,7.147021293640137,85.05502319335938,85.03047943115234,7.1644158363342285,85.11280059814453,85.01988220214844,7.155517101287842
145.6,RUNNING,7,DELIVERY_RELEASE,0.418,0.9541,150.8186,11.127,True,NORMAL,MONITOR,False,{},"[""uav2"", ""uav1"", ""uav0""]",limited,False,{},NONE,NORMAL,SAFE,1.0,IDLE,0.0,0.0,0.0,,,0.0,False,avoidance not required,,{},,,,,,,,,,,0,safe,3.261,54.773,0.193,0,0,0.0,0.0,[],85.09854888916016,84.99170684814453,7.140224933624268,85.05659484863281,85.03007507324219,7.150176048278809,85.10355377197266,85.01090240478516,7.1409125328063965
145.8,RUNNING,7,DELIVERY_RELEASE,0.418,0.9541,150.8186,11.127,True,NORMAL,MONITOR,False,{},"[""uav2"", ""uav1"", ""uav0""]",limited,False,{},NONE,NORMAL,SAFE,1.0,IDLE,0.0,0.0,0.0,,,0.0,False,avoidance not required,,{},,,,,,,,,,,0,safe,3.259,54.756,0.175,0,0,0.0,0.0,[],85.09346008300781,84.98164367675781,7.128538608551025,85.061279296875,85.02680206298828,7.145074367523193,85.10321044921875,85.0031509399414,7.13466215133667
146.0,RUNNING,7,DELIVERY_RELEASE,0.419,0.9541,150.8186,11.127,True,NORMAL,MONITOR,False,{},"[""uav2"", ""uav1"", ""uav0""]",limited,False,{},NONE,NORMAL,SAFE,1.0,IDLE,0.0,0.0,0.0,,,0.0,False,avoidance not required,,{},,,,,,,,,,,0,safe,3.268,54.748,0.170,0,0,0.0,0.0,[],85.09322357177734,84.97400665283203,7.123183250427246,85.05973815917969,85.02288818359375,7.135081768035889,85.10811614990234,84.9965591430664,7.131843090057373
146.2,RUNNING,7,DELIVERY_RELEASE,0.42,0.954,150.791,11.127,True,NORMAL,MONITOR,False,{},"[""uav2"", ""uav1"", ""uav0""]",limited,False,{},NONE,NORMAL,SAFE,1.0,IDLE,0.0,0.0,0.0,,,0.0,False,avoidance not required,,{},,,,,,,,,,,0,safe,3.267,54.740,0.171,0,0,0.0,0.0,[],85.08551788330078,84.9712905883789,7.114232063293457,85.07171630859375,85.01864624023438,7.134224891662598,85.10294342041016,84.99254608154297,7.121380805969238
146.4,RUNNING,7,DELIVERY_RELEASE,0.421,0.954,150.791,11.127,True,NORMAL,MONITOR,False,{},"[""uav2"", ""uav1"", ""uav0""]",limited,False,{},NONE,NORMAL,SAFE,1.0,IDLE,0.0,0.0,0.0,,,0.0,False,avoidance not required,,{},,,,,,,,,,,0,safe,3.287,54.736,0.159,0,0,0.0,0.0,[],85.08346557617188,84.9646987915039,7.11474609375,85.07479858398438,85.01472473144531,7.12698221206665,85.1002197265625,84.9881362915039,7.113847255706787
146.6,RUNNING,7,DELIVERY_RELEASE,0.421,0.9538,150.7633,11.127,True,NORMAL,MONITOR,False,{},"[""uav2"", ""uav1"", ""uav0""]",limited,False,{},NONE,NORMAL,SAFE,1.0,IDLE,0.0,0.0,0.0,,,0.0,False,avoidance not required,,{},,,,,,,,,,,0,safe,3.292,54.729,0.152,0,0,0.0,0.0,[],85.08238983154297,84.96148681640625,7.113332271575928,85.084228515625,85.0145263671875,7.123814105987549,85.09039306640625,84.98644256591797,7.102574825286865
146.8,RUNNING,7,DELIVERY_RELEASE,0.422,0.9538,150.7633,11.127,True,NORMAL,MONITOR,False,{},"[""uav2"", ""uav1"", ""uav0""]",limited,False,{},NONE,NORMAL,SAFE,1.0,IDLE,0.0,0.0,0.0,,,0.0,False,avoidance not required,,{},,,,,,,,,,,0,safe,3.302,54.725,0.150,0,0,0.0,0.0,[],85.07366943359375,84.9626235961914,7.102615833282471,85.08475494384766,85.01399230957031,7.116022109985352,85.08340454101562,84.9833984375,7.091782569885254
147.0,RUNNING,7,DELIVERY_RELEASE,0.423,0.9538,150.7633,11.127,True,NORMAL,MONITOR,False,{},"[""uav2"", ""uav1"", ""uav0""]",limited,False,{},NONE,NORMAL,SAFE,1.0,IDLE,0.0,0.0,0.0,,,0.0,False,avoidance not required,,{},,,,,,,,,,,0,safe,3.299,54.724,0.144,0,0,0.0,0.0,[],85.06851959228516,84.96390533447266,7.094772815704346,85.09146118164062,85.0140609741211,7.1140522956848145,85.0723876953125,84.98260498046875,7.0820536613464355
147.2,RUNNING,7,DELIVERY_RELEASE,0.424,0.9537,150.736,11.127,True,NORMAL,MONITOR,False,{},"[""uav2"", ""uav1"", ""uav0""]",limited,False,{},NONE,NORMAL,SAFE,1.0,IDLE,0.0,0.0,0.0,,,0.0,False,avoidance not required,,{},,,,,,,,,,,0,safe,3.281,54.724,0.147,0,0,0.0,0.0,[],85.06092071533203,84.96675872802734,7.08774471282959,85.08973693847656,85.01289367675781,7.1062726974487305,85.0662841796875,84.9816665649414,7.081629276275635
147.4,RUNNING,7,DELIVERY_RELEASE,0.424,0.9537,150.736,11.127,True,NORMAL,MONITOR,False,{},"[""uav2"", ""uav1"", ""uav0""]",limited,False,{},NONE,NORMAL,SAFE,1.0,IDLE,0.0,0.0,0.0,,,0.0,False,avoidance not required,,{},,,,,,,,,,,0,safe,3.277,54.725,0.140,0,0,0.0,0.0,[],85.05914306640625,84.97531127929688,7.083413600921631,85.09107208251953,85.00960540771484,7.099560737609863,85.0633773803711,84.98261260986328,7.07757568359375
147.6,RUNNING,7,DELIVERY_RELEASE,0.425,0.9535,150.7089,11.127,True,NORMAL,MONITOR,False,{},"[""uav2"", ""uav1"", ""uav0""]",limited,False,{},NONE,NORMAL,SAFE,1.0,IDLE,0.0,0.0,0.0,,,0.0,False,avoidance not required,,{},,,,,,,,,,,0,safe,3.272,54.733,0.135,0,0,0.0,0.0,[],85.0525131225586,84.98397827148438,7.075863361358643,85.08509063720703,85.0061264038086,7.091671943664551,85.05609130859375,84.9845962524414,7.071317672729492
147.8,RUNNING,7,DELIVERY_RELEASE,0.426,0.9535,150.7089,11.127,True,NORMAL,MONITOR,False,{},"[""uav2"", ""uav1"", ""uav0""]",limited,False,{},NONE,NORMAL,SAFE,1.0,IDLE,0.0,0.0,0.0,,,0.0,False,avoidance not required,,{},,,,,,,,,,,0,safe,3.271,54.740,0.125,0,0,0.0,0.0,[],85.05486297607422,84.99312591552734,7.069071292877197,85.08727264404297,85.00316619873047,7.087303161621094,85.05380249023438,84.9859390258789,7.069942951202393
148.0,RUNNING,7,DELIVERY_RELEASE,0.427,0.9535,150.7089,11.127,True,NORMAL,MONITOR,False,{},"[""uav2"", ""uav1"", ""uav0""]",limited,False,{},NONE,NORMAL,SAFE,1.0,IDLE,0.0,0.0,0.0,,,0.0,False,avoidance not required,,{},,,,,,,,,,,0,safe,3.265,54.753,0.115,0,0,0.0,0.0,[],85.05128479003906,84.99944305419922,7.063082218170166,85.08244323730469,85.00070190429688,7.080214500427246,85.04731750488281,84.98810577392578,7.065496444702148
148.2,RUNNING,8,DELIVERY_ASCENT,0.427,0.9534,150.6819,11.127,True,NORMAL,MONITOR,False,{},"[""uav2"", ""uav1"", ""uav0""]",limited,False,{},NONE,NORMAL,SAFE,1.0,IDLE,0.0,0.0,0.0,,,0.0,False,avoidance not required,,{},,,,,,,,,,,0,safe,3.265,54.753,0.115,0,0,0.0,0.0,[],85.04963684082031,85.00389862060547,7.061709403991699,85.080322265625,84.99877166748047,7.080170154571533,85.0437240600586,84.991943359375,7.064239501953125
148.4,RUNNING,8,DELIVERY_ASCENT,0.428,0.9534,150.6819,11.127,True,NORMAL,MONITOR,False,{},"[""uav2"", ""uav1"", ""uav0""]",limited,False,{},NONE,NORMAL,SAFE,1.0,IDLE,0.0,0.0,0.0,,,0.0,False,avoidance not required,,{},,,,,,,,,,,0,safe,3.263,54.758,0.113,0,0,0.0,0.0,[],85.04354095458984,85.00765991210938,7.056577205657959,85.0719985961914,84.99717712402344,7.075535297393799,85.03755950927734,84.99515533447266,7.059288024902344
148.6,RUNNING,8,DELIVERY_ASCENT,0.429,0.9533,150.6549,11.127,True,NORMAL,MONITOR,False,{},"[""uav2"", ""uav1"", ""uav0""]",limited,False,{},NONE,NORMAL,SAFE,1.0,IDLE,0.0,0.0,0.0,,,0.0,False,avoidance not required,,{},,,,,,,,,,,0,safe,3.266,54.761,0.090,0,0,0.0,0.0,[],85.04193115234375,85.01112365722656,7.056003093719482,85.06610870361328,84.99646759033203,7.068109035491943,85.03350067138672,84.9964599609375,7.056522846221924
148.8,RUNNING,8,DELIVERY_ASCENT,0.43,0.9533,150.6549,11.127,True,NORMAL,MONITOR,False,{},"[""uav2"", ""uav1"", ""uav0""]",limited,False,{},NONE,NORMAL,SAFE,1.0,IDLE,0.0,0.0,0.0,,,0.0,False,avoidance not required,,{},,,,,,,,,,,0,safe,3.267,54.763,0.066,0,0,0.0,0.0,[],85.03966522216797,85.01612854003906,7.055457592010498,85.05611419677734,84.9959716796875,7.066567420959473,85.02738189697266,84.99830627441406,7.059615135192871
149.0,RUNNING,8,DELIVERY_ASCENT,0.43,0.9533,150.6549,11.127,True,NORMAL,MONITOR,False,{},"[""uav2"", ""uav1"", ""uav0""]",limited,False,{},NONE,NORMAL,SAFE,1.0,IDLE,0.0,0.0,0.0,,,0.0,False,avoidance not required,,{},,,,,,,,,,,0,safe,3.271,54.768,0.081,0,0,0.0,0.0,[],85.03404998779297,85.01969909667969,7.066211700439453,85.05657196044922,84.99899291992188,7.077963352203369,85.0234146118164,85.00139617919922,7.071384906768799
149.2,RUNNING,8,DELIVERY_ASCENT,0.431,0.9531,150.6269,11.127,True,NORMAL,MONITOR,False,{},"[""uav2"", ""uav1"", ""uav0""]",limited,False,{},NONE,NORMAL,SAFE,1.0,IDLE,0.0,0.0,0.0,,,0.0,False,avoidance not required,,{},,,,,,,,,,,0,safe,3.267,54.770,0.139,0,0,0.0,0.0,[],85.03394317626953,85.02005767822266,7.085779666900635,85.0523452758789,85.00137329101562,7.100912094116211,85.0186538696289,85.00455474853516,7.094227313995361
149.4,RUNNING,8,DELIVERY_ASCENT,0.432,0.9531,150.6269,11.127,True,NORMAL,MONITOR,False,{},"[""uav2"", ""uav1"", ""uav0""]",limited,False,{},NONE,NORMAL,SAFE,1.0,IDLE,0.0,0.0,0.0,,,0.0,False,avoidance not required,,{},,,,,,,,,,,0,safe,3.266,54.770,0.205,0,0,0.0,0.0,[],85.03108215332031,85.01971435546875,7.1189188957214355,85.05335235595703,85.00395202636719,7.138814926147461,85.01670837402344,85.00965118408203,7.125317573547363
149.6,RUNNING,8,DELIVERY_ASCENT,0.433,0.953,150.597,11.127,True,NORMAL,MONITOR,False,{},"[""uav2"", ""uav1"", ""uav0""]",limited,False,{},NONE,NORMAL,SAFE,1.0,IDLE,0.0,0.0,0.0,,,0.0,False,avoidance not required,,{},,,,,,,,,,,0,safe,3.263,54.769,0.265,0,0,0.0,0.0,[],85.03130340576172,85.01898193359375,7.1629509925842285,85.04948425292969,85.00560760498047,7.184772968292236,85.01404571533203,85.01326751708984,7.171060562133789
149.8,RUNNING,8,DELIVERY_ASCENT,0.433,0.953,150.597,11.127,True,NORMAL,MONITOR,False,{},"[""uav2"", ""uav1"", ""uav0""]",limited,False,{},NONE,NORMAL,SAFE,1.0,IDLE,0.0,0.0,0.0,,,0.0,False,avoidance not required,,{},,,,,,,,,,,0,safe,3.265,54.768,0.320,0,0,0.0,0.0,[],85.02891540527344,85.0177993774414,7.219845771789551,85.05310821533203,85.00709533691406,7.235119342803955,85.01398468017578,85.01786041259766,7.228351593017578
150.0,RUNNING,8,DELIVERY_ASCENT,0.434,0.953,150.597,11.127,True,NORMAL,MONITOR,False,{},"[""uav2"", ""uav1"", ""uav0""]",limited,False,{},NONE,NORMAL,SAFE,1.0,IDLE,0.0,0.0,0.0,,,0.0,False,avoidance not required,,{},,,,,,,,,,,0,safe,3.261,54.767,0.362,0,0,0.0,0.0,[],85.0252456665039,85.01964569091797,7.289378643035889,85.05175018310547,85.00765991210938,7.297269344329834,85.0125961303711,85.02061462402344,7.296023845672607
150.2,RUNNING,8,DELIVERY_ASCENT,0.435,0.9528,150.566,11.127,True,NORMAL,MONITOR,False,{},"[""uav2"", ""uav1"", ""uav0""]",limited,False,{},NONE,NORMAL,SAFE,1.0,IDLE,0.0,0.0,0.0,,,0.0,False,avoidance not required,,{},,,,,,,,,,,0,safe,3.261,54.767,0.389,0,0,0.0,0.0,[],85.02388763427734,85.02098083496094,7.359521389007568,85.05548858642578,85.00780487060547,7.362707138061523,85.01171112060547,85.02413177490234,7.369269847869873
150.4,RUNNING,8,DELIVERY_ASCENT,0.436,0.9528,150.566,11.127,True,NORMAL,MONITOR,False,{},"[""uav2"", ""uav1"", ""uav0""]",limited,False,{},NONE,NORMAL,SAFE,1.0,IDLE,0.0,0.0,0.0,,,0.0,False,avoidance not required,,{},,,,,,,,,,,0,safe,3.256,54.768,0.409,0,0,0.0,0.0,[],85.02101135253906,85.0210189819336,7.435858726501465,85.05355072021484,85.00715637207031,7.438159942626953,85.0102767944336,85.0254135131836,7.448126316070557
150.6,RUNNING,8,DELIVERY_ASCENT,0.436,0.9527,150.5347,11.127,True,NORMAL,MONITOR,False,{},"[""uav2"", ""uav1"", ""uav0""]",limited,False,{},NONE,NORMAL,SAFE,1.0,IDLE,0.0,0.0,0.0,,,0.0,False,avoidance not required,,{},,,,,,,,,,,0,safe,3.257,54.768,0.413,0,0,0.0,0.0,[],85.0177001953125,85.02117919921875,7.508078575134277,85.05581665039062,85.00714874267578,7.510778903961182,85.01272583007812,85.0269546508789,7.524230003356934
150.8,RUNNING,8,DELIVERY_ASCENT,0.437,0.9527,150.5347,11.127,True,NORMAL,MONITOR,False,{},"[""uav2"", ""uav1"", ""uav0""]",limited,False,{},NONE,NORMAL,SAFE,1.0,IDLE,0.0,0.0,0.0,,,0.0,False,avoidance not required,,{},,,,,,,,,,,0,safe,3.257,54.767,0.408,0,0,0.0,0.0,[],85.01300048828125,85.02108001708984,7.582844257354736,85.05994415283203,85.00902557373047,7.582858562469482,85.01390075683594,85.02982330322266,7.595088481903076
151.0,RUNNING,8,DELIVERY_ASCENT,0.438,0.9527,150.5347,11.127,True,NORMAL,MONITOR,False,{},"[""uav2"", ""uav1"", ""uav0""]",limited,False,{},NONE,NORMAL,SAFE,1.0,IDLE,0.0,0.0,0.0,,,0.0,False,avoidance not required,,{},,,,,,,,,,,0,safe,3.254,54.766,0.387,0,0,0.0,0.0,[],85.00865936279297,85.01973724365234,7.657527446746826,85.0577163696289,85.01002502441406,7.656389236450195,85.01303100585938,85.03018188476562,7.667042255401611
151.2,RUNNING,9,CRUISE_REFORMATION,0.439,0.9525,150.5039,11.127,True,NORMAL,MONITOR,False,{},"[""uav2"", ""uav1"", ""uav0""]",limited,False,{},NONE,NORMAL,SAFE,1.0,IDLE,0.0,0.0,0.0,,,0.0,False,avoidance not required,,{},,,,,,,,,,,0,safe,3.255,54.763,0.342,0,0,0.0,0.0,[],85.00005340576172,85.02076721191406,7.72842264175415,85.05355072021484,85.01006317138672,7.720111846923828,85.01084899902344,85.03229522705078,7.733055114746094
151.4,RUNNING,9,CRUISE_REFORMATION,0.439,0.9525,150.5039,11.127,True,NORMAL,MONITOR,False,{},"[""uav2"", ""uav1"", ""uav0""]",limited,False,{},NONE,NORMAL,SAFE,1.0,IDLE,0.0,0.0,0.0,,,0.0,False,avoidance not required,,{},,,,,,,,,,,0,safe,3.257,54.762,0.285,0,0,0.0,0.0,[],84.99381256103516,85.02302551269531,7.786620616912842,85.04911804199219,85.00970458984375,7.770710468292236,85.0047378540039,85.03359985351562,7.787724018096924
151.6,RUNNING,9,CRUISE_REFORMATION,0.44,0.9524,150.4759,10.517,True,NORMAL,MONITOR,False,{},"[""uav2"", ""uav1"", ""uav0""]",limited,False,{},NONE,NORMAL,SAFE,1.0,IDLE,0.0,0.0,0.0,,,0.0,False,avoidance not required,,{},,,,,,,,,,,0,safe,3.256,54.763,0.235,0,0,0.0,0.0,[],84.98971557617188,85.02318572998047,7.831301689147949,85.04139709472656,85.0086898803711,7.816575527191162,84.99986267089844,85.0320053100586,7.833548545837402
151.8,RUNNING,9,CRUISE_REFORMATION,0.441,0.9524,150.4759,10.517,True,NORMAL,MONITOR,False,{},"[""uav2"", ""uav1"", ""uav0""]",limited,False,{},NONE,NORMAL,SAFE,1.0,IDLE,0.0,0.0,0.0,,,0.0,False,avoidance not required,,{},,,,,,,,,,,0,safe,3.259,54.761,0.198,0,0,0.0,0.0,[],84.9859390258789,85.01970672607422,7.867949485778809,85.03263854980469,85.01109313964844,7.850275993347168,84.9967041015625,85.02845001220703,7.8648247718811035
152.0,RUNNING,9,CRUISE_REFORMATION,0.442,0.9524,150.4759,10.517,True,NORMAL,MONITOR,False,{},"[""uav2"", ""uav1"", ""uav0""]",limited,False,{},NONE,NORMAL,SAFE,1.0,IDLE,0.0,0.0,0.0,,,0.0,False,avoidance not required,,{},,,,,,,,,,,0,safe,3.264,54.758,0.219,0,0,0.0,0.0,[],84.98418426513672,85.01190948486328,7.895725250244141,85.022705078125,85.01667022705078,7.881472110748291,84.99360656738281,85.01992797851562,7.891628265380859
152.2,RUNNING,9,CRUISE_REFORMATION,0.442,0.9522,150.4452,10.517,True,NORMAL,MONITOR,False,{},"[""uav2"", ""uav1"", ""uav0""]",limited,False,{},NONE,NORMAL,SAFE,1.0,IDLE,0.0,0.0,0.0,,,0.0,False,avoidance not required,,{},,,,,,,,,,,0,safe,3.272,54.748,0.279,0,0,0.0,0.0,[],84.98467254638672,84.99957275390625,7.911786079406738,85.01657104492188,85.0318374633789,7.901311874389648,84.98774719238281,85.00846099853516,7.91470193862915
152.4,RUNNING,9,CRUISE_REFORMATION,0.443,0.9522,150.4452,10.517,True,NORMAL,MONITOR,False,{},"[""uav2"", ""uav1"", ""uav0""]",limited,False,{},NONE,NORMAL,SAFE,1.0,IDLE,0.0,0.0,0.0,,,0.0,False,avoidance not required,,{},,,,,,,,,,,0,safe,3.271,54.738,0.367,0,0,0.0,0.0,[],84.98773956298828,84.97631072998047,7.9291768074035645,85.01051330566406,85.05341339111328,7.9192795753479,84.98281860351562,84.9854736328125,7.933296203613281
152.6,RUNNING,9,CRUISE_REFORMATION,0.444,0.9521,150.4188,10.517,True,NORMAL,MONITOR,False,{},"[""uav2"", ""uav1"", ""uav0""]",limited,False,{},NONE,NORMAL,SAFE,1.0,IDLE,0.0,0.0,0.0,,,0.0,False,avoidance not required,,{},,,,,,,,,,,0,safe,3.273,54.716,0.467,0,0,0.0,0.0,[],84.99312591552734,84.94200134277344,7.939259052276611,85.00627136230469,85.0958251953125,7.932807922363281,84.97772216796875,84.95366668701172,7.951942443847656
152.8,RUNNING,9,CRUISE_REFORMATION,0.445,0.9521,150.4188,10.517,True,NORMAL,MONITOR,False,{},"[""uav2"", ""uav1"", ""uav0""]",limited,False,{},NONE,NORMAL,SAFE,1.0,IDLE,0.0,0.0,0.0,,,0.0,False,avoidance not required,,{},,,,,,,,,,,0,safe,3.274,54.684,0.576,0,0,0.0,0.0,[],85.00003051757812,84.89556121826172,7.948030471801758,85.00355529785156,85.13442993164062,7.943538665771484,84.97315979003906,84.90494537353516,7.964043140411377
153.0,RUNNING,9,CRUISE_REFORMATION,0.445,0.9521,150.4188,10.517,True,NORMAL,MONITOR,False,{},"[""uav2"", ""uav1"", ""uav0""]",limited,False,{},NONE,NORMAL,SAFE,1.0,IDLE,0.0,0.0,0.0,,,0.0,False,avoidance not required,,{},,,,,,,,,,,0,safe,3.278,54.641,0.681,0,0,0.0,0.0,[],85.00593566894531,84.83403778076172,7.952210426330566,85.0020980834961,85.19800567626953,7.953876495361328,84.96904754638672,84.83972930908203,7.968066215515137
153.2,RUNNING,9,CRUISE_REFORMATION,0.446,0.952,150.3924,10.517,True,NORMAL,MONITOR,False,{},"[""uav2"", ""uav1"", ""uav0""]",limited,False,{},NONE,NORMAL,SAFE,1.0,IDLE,0.0,0.0,0.0,,,0.0,False,avoidance not required,,{},,,,,,,,,,,0,safe,3.287,54.583,0.780,0,0,0.0,0.0,[],85.01495361328125,84.75511932373047,7.957343578338623,85.0004653930664,85.27693176269531,7.962695121765137,84.9635009765625,84.75568389892578,7.971630573272705
153.4,RUNNING,9,CRUISE_REFORMATION,0.447,0.952,150.3924,10.517,True,NORMAL,MONITOR,False,{},"[""uav2"", ""uav1"", ""uav0""]",limited,False,{},NONE,NORMAL,SAFE,1.0,IDLE,0.0,0.0,0.0,,,0.0,False,avoidance not required,,{},,,,,,,,,,,0,safe,3.304,54.509,0.870,0,0,0.0,0.0,[],85.02886199951172,84.66399383544922,7.959112167358398,84.99580383300781,85.37173461914062,7.96635103225708,84.9545669555664,84.65174102783203,7.970947742462158
153.6,RUNNING,9,CRUISE_REFORMATION,0.448,0.9518,150.3654,10.517,True,NORMAL,MONITOR,False,{},"[""uav2"", ""uav1"", ""uav0""]",limited,False,{},NONE,NORMAL,SAFE,1.0,IDLE,0.0,0.0,0.0,,,0.0,False,avoidance not required,,{},,,,,,,,,,,0,safe,3.337,54.424,0.956,0,0,0.0,0.0,[],85.04438781738281,84.55413055419922,7.963520526885986,84.99250030517578,85.4822998046875,7.970421314239502,84.94514465332031,84.53115844726562,7.972094535827637
153.8,RUNNING,9,CRUISE_REFORMATION,0.448,0.9518,150.3654,10.517,True,NORMAL,MONITOR,False,{},"[""uav2"", ""uav1"", ""uav0""]",limited,False,{},NONE,NORMAL,SAFE,1.0,IDLE,0.0,0.0,0.0,,,0.0,False,avoidance not required,,{},,,,,,,,,,,0,safe,3.378,54.322,1.025,0,0,0.0,0.0,[],85.05668640136719,84.42168426513672,7.963873386383057,84.98485565185547,85.60772705078125,7.967982769012451,84.93675994873047,84.39424133300781,7.970996379852295
154.0,RUNNING,9,CRUISE_REFORMATION,0.449,0.9518,150.3654,10.517,True,NORMAL,MONITOR,False,{},"[""uav2"", ""uav1"", ""uav0""]",limited,False,{},NONE,NORMAL,SAFE,1.0,IDLE,0.0,0.0,0.0,,,0.0,False,avoidance not required,,{},,,,,,,,,,,0,safe,3.439,54.197,1.072,0,0,0.0,0.0,[],85.0739517211914,84.25348663330078,7.963960647583008,84.97924041748047,85.77686309814453,7.970061779022217,84.92679595947266,84.2442398071289,7.971240997314453
154.2,RUNNING,9,CRUISE_REFORMATION,0.45,0.9517,150.3381,10.517,True,NORMAL,MONITOR,False,{},"[""uav2"", ""uav1"", ""uav0""]",limited,False,{},NONE,NORMAL,SAFE,1.0,IDLE,0.0,0.0,0.0,,,0.0,False,avoidance not required,,{},,,,,,,,,,,0,safe,3.539,54.067,1.113,0,0,0.0,0.0,[],85.08666229248047,84.12535858154297,7.961899280548096,84.97502899169922,85.90035247802734,7.967114448547363,84.91755676269531,84.08309173583984,7.968691349029541
154.4,RUNNING,9,CRUISE_REFORMATION,0.451,0.9517,150.3381,10.517,True,NORMAL,MONITOR,False,{},"[""uav2"", ""uav1"", ""uav0""]",limited,False,{},NONE,NORMAL,SAFE,1.0,IDLE,0.0,0.0,0.0,,,0.0,False,avoidance not required,,{},,,,,,,,,,,0,safe,3.649,53.918,1.128,0,0,0.0,0.0,[],85.10455322265625,83.95654296875,7.963704586029053,84.97349548339844,86.06356811523438,7.966512680053711,84.90563201904297,83.9129409790039,7.969936370849609
154.6,RUNNING,9,CRUISE_REFORMATION,0.451,0.9516,150.3104,10.517,True,NORMAL,MONITOR,False,{},"[""uav2"", ""uav1"", ""uav0""]",limited,False,{},NONE,NORMAL,SAFE,1.0,IDLE,0.0,0.0,0.0,,,0.0,False,avoidance not required,,{},,,,,,,,,,,0,safe,3.805,53.759,1.126,0,0,0.0,0.0,[],85.12126922607422,83.77699279785156,7.9624834060668945,84.96851348876953,86.23979949951172,7.963273048400879,84.89205932617188,83.7359619140625,7.9704437255859375
154.8,RUNNING,9,CRUISE_REFORMATION,0.452,0.9516,150.3104,10.517,True,NORMAL,MONITOR,False,{},"[""uav2"", ""uav1"", ""uav0""]",limited,False,{},NONE,NORMAL,SAFE,1.0,IDLE,0.0,0.0,0.0,,,0.0,False,avoidance not required,,{},,,,,,,,,,,0,safe,4.038,53.556,1.069,0,0,0.0,0.0,[],85.1398696899414,83.59355926513672,7.963165760040283,84.96713256835938,86.42022705078125,7.965214729309082,84.87646484375,83.55414581298828,7.971275329589844
155.0,RUNNING,9,CRUISE_REFORMATION,0.453,0.9516,150.3104,10.517,True,NORMAL,MONITOR,False,{},"[""uav2"", ""uav1"", ""uav0""]",limited,False,{},NONE,NORMAL,SAFE,1.0,IDLE,0.0,0.0,0.0,,,0.0,False,avoidance not required,,{},,,,,,,,,,,0,safe,4.215,53.418,1.069,0,0,0.0,0.0,[],85.15609741210938,83.40865325927734,7.961991786956787,84.96347045898438,86.60530090332031,7.961795330047607,84.85700225830078,83.36260986328125,7.96804141998291
155.2,RUNNING,9,CRUISE_REFORMATION,0.454,0.9514,150.2828,10.517,True,NORMAL,MONITOR,False,{},"[""uav2"", ""uav1"", ""uav0""]",limited,False,{},NONE,NORMAL,SAFE,1.0,IDLE,0.0,0.0,0.0,,,0.0,False,avoidance not required,,{},,,,,,,,,,,0,safe,4.458,53.243,1.019,0,0,0.0,0.0,[],85.17431640625,83.22481536865234,7.964788436889648,84.96366882324219,86.7884521484375,7.9618306159973145,84.83757019042969,83.1754379272461,7.967990398406982
155.4,RUNNING,9,CRUISE_REFORMATION,0.454,0.9514,150.2828,10.517,True,NORMAL,MONITOR,False,{},"[""uav2"", ""uav1"", ""uav0""]",limited,False,{},NONE,NORMAL,SAFE,1.0,IDLE,0.0,0.0,0.0,,,0.0,False,avoidance not required,,{},,,,,,,,,,,0,safe,4.771,53.035,0.915,0,0,0.0,0.0,[],85.1915283203125,83.03410339355469,7.963771343231201,84.9552993774414,87.0149154663086,7.959892272949219,84.81452178955078,82.99284362792969,7.968153476715088
155.6,RUNNING,9,CRUISE_REFORMATION,0.455,0.9513,150.2554,10.517,True,NORMAL,MONITOR,False,{},"[""uav2"", ""uav1"", ""uav0""]",limited,False,{},NONE,NORMAL,SAFE,1.0,IDLE,0.0,0.0,0.0,,,0.0,False,avoidance not required,,{},,,,,,,,,,,0,safe,5.023,52.891,0.862,0,0,0.0,0.0,[],85.21000671386719,82.85284423828125,7.964555263519287,84.95394134521484,87.1647720336914,7.962489604949951,84.79378509521484,82.81837463378906,7.968680381774902
155.8,RUNNING,9,CRUISE_REFORMATION,0.456,0.9513,150.2554,10.517,True,NORMAL,MONITOR,False,{},"[""uav2"", ""uav1"", ""uav0""]",limited,False,{},NONE,NORMAL,SAFE,1.0,IDLE,0.0,0.0,0.0,,,0.0,False,avoidance not required,,{},,,,,,,,,,,0,safe,5.278,52.721,0.761,0,0,0.0,0.0,[],85.22321319580078,82.67574310302734,7.968392848968506,84.95211029052734,87.33151245117188,7.9606404304504395,84.76901245117188,82.64793395996094,7.966878414154053
156.0,RUNNING,9,CRUISE_REFORMATION,0.457,0.9513,150.2554,10.517,True,NORMAL,MONITOR,False,{},"[""uav2"", ""uav1"", ""uav0""]",limited,False,{},NONE,NORMAL,SAFE,1.0,IDLE,0.0,0.0,0.0,,,0.0,False,avoidance not required,,{},,,,,,,,,,,0,safe,5.609,52.522,0.613,0,0,0.0,0.0,[],85.23839569091797,82.51467895507812,7.973019599914551,84.95487213134766,87.489501953125,7.961537837982178,84.74872589111328,82.4920654296875,7.969326019287109
156.2,RUNNING,10,RETURN,0.457,0.9511,150.2283,10.517,True,NORMAL,MONITOR,False,{},"[""uav2"", ""uav1"", ""uav0""]",limited,False,{},NONE,NORMAL,SAFE,1.0,IDLE,0.0,0.0,0.0,,,0.0,False,avoidance not required,,{},,,,,,,,,,,0,safe,5.818,52.402,0.512,0,0,0.0,0.0,[],85.24469757080078,82.36266326904297,7.974789142608643,84.9528579711914,87.66197967529297,7.965560436248779,84.72444915771484,82.3470687866211,7.969481945037842
156.4,RUNNING,10,RETURN,0.458,0.9511,150.2283,10.517,True,NORMAL,MONITOR,False,{},"[""uav2"", ""uav1"", ""uav0""]",limited,False,{},NONE,NORMAL,SAFE,1.0,IDLE,0.0,0.0,0.0,,,0.0,False,avoidance not required,,{},,,,,,,,,,,0,safe,6.080,52.258,0.368,0,0,0.0,0.0,[],85.25414276123047,82.23236846923828,7.977108478546143,84.9552001953125,87.78374481201172,7.969956398010254,84.70672607421875,82.22186279296875,7.972917556762695
156.6,RUNNING,10,RETURN,0.459,0.951,150.2015,10.517,True,NORMAL,MONITOR,False,{},"[""uav2"", ""uav1"", ""uav0""]",limited,False,{},NONE,NORMAL,SAFE,1.0,IDLE,0.0,0.0,0.0,,,0.0,False,avoidance not required,,{},,,,,,,,,,,0,safe,6.053,52.135,0.245,0,0,0.0,0.0,[],85.2572021484375,82.12149810791016,7.976737022399902,84.95240020751953,87.86869049072266,7.970596790313721,84.68404388427734,82.11178588867188,7.979800701141357
156.8,RUNNING,10,RETURN,0.46,0.951,150.2015,10.517,True,NORMAL,MONITOR,False,{},"[""uav2"", ""uav1"", ""uav0""]",limited,False,{},NONE,NORMAL,SAFE,1.0,IDLE,0.0,0.0,0.0,,,0.0,False,avoidance not required,,{},,,,,,,,,,,0,safe,6.027,52.029,0.151,0,0,0.0,0.0,[],85.26372528076172,82.03353881835938,7.977925777435303,84.95365905761719,87.95357513427734,7.973865032196045,84.66974639892578,82.0250015258789,7.9846625328063965
157.0,RUNNING,10,RETURN,0.46,0.951,150.2015,10.517,True,NORMAL,MONITOR,False,{},"[""uav2"", ""uav1"", ""uav0""]",limited,False,{},NONE,NORMAL,SAFE,1.0,IDLE,0.0,0.0,0.0,,,0.0,False,avoidance not required,,{},,,,,,,,,,,0,safe,6.006,51.946,0.097,0,0,0.0,0.0,[],85.25871276855469,81.96119689941406,7.976917743682861,84.95660400390625,88.02587890625,7.975202560424805,84.65023803710938,81.95718383789062,7.986077308654785
157.2,RUNNING,10,RETURN,0.461,0.9509,150.1752,10.517,True,NORMAL,MONITOR,False,{},"[""uav2"", ""uav1"", ""uav0""]",limited,False,{},NONE,NORMAL,SAFE,1.0,IDLE,0.0,0.0,0.0,,,0.0,False,avoidance not required,,{},,,,,,,,,,,0,safe,5.992,51.875,0.138,0,0,0.0,0.0,[],85.25696563720703,81.90734100341797,7.980307579040527,84.95945739746094,88.07469177246094,7.978994369506836,84.627685546875,81.90399169921875,7.992326259613037
157.4,RUNNING,10,RETURN,0.462,0.9509,150.1752,10.517,True,NORMAL,MONITOR,False,{},"[""uav2"", ""uav1"", ""uav0""]",limited,False,{},NONE,NORMAL,SAFE,1.0,IDLE,0.0,0.0,0.0,,,0.0,False,avoidance not required,,{},,,,,,,,,,,0,safe,5.971,51.822,0.244,0,0,0.0,0.0,[],85.24462127685547,81.85885620117188,7.984468936920166,84.95999908447266,88.09981536865234,7.9861297607421875,84.6123275756836,81.86491394042969,7.999439716339111
157.6,RUNNING,10,RETURN,0.463,0.9507,150.1487,10.517,True,NORMAL,MONITOR,False,{},"[""uav2"", ""uav1"", ""uav0""]",limited,False,{},NONE,NORMAL,SAFE,1.0,IDLE,0.0,0.0,0.0,,,0.0,False,avoidance not required,,{},,,,,,,,,,,0,safe,5.968,51.772,0.346,0,0,0.0,0.0,[],85.23623657226562,81.83361053466797,7.991212368011475,84.95337677001953,88.10691833496094,7.989957332611084,84.58856964111328,81.83807373046875,8.007624626159668
157.8,RUNNING,10,RETURN,0.463,0.9507,150.1487,10.517,True,NORMAL,MONITOR,False,{},"[""uav2"", ""uav1"", ""uav0""]",limited,False,{},NONE,NORMAL,SAFE,1.0,IDLE,0.0,0.0,0.0,,,0.0,False,avoidance not required,,{},,,,,,,,,,,0,safe,5.952,51.746,0.440,0,0,0.0,0.0,[],85.20977783203125,81.81037902832031,8.0032377243042,84.94102478027344,88.09484100341797,8.000429153442383,84.56747436523438,81.81461334228516,8.01767635345459
158.0,RUNNING,10,RETURN,0.464,0.9507,150.1487,10.517,True,NORMAL,MONITOR,False,{},"[""uav2"", ""uav1"", ""uav0""]",limited,False,{},NONE,NORMAL,SAFE,1.0,IDLE,0.0,0.0,0.0,,,0.0,False,avoidance not required,,{},,,,,,,,,,,0,safe,5.950,51.686,0.624,0,0,0.0,0.0,[],85.18148040771484,81.78684997558594,8.019572257995605,84.91854095458984,88.06558227539062,8.00926685333252,84.53143310546875,81.78997802734375,8.02587890625
158.2,RUNNING,10,RETURN,0.465,0.9506,150.1214,10.517,True,NORMAL,MONITOR,False,{},"[""uav2"", ""uav1"", ""uav0""]",limited,False,{},NONE,NORMAL,SAFE,1.0,IDLE,0.0,0.0,0.0,,,0.0,False,avoidance not required,,{},,,,,,,,,,,0,safe,5.950,51.686,0.624,0,0,0.0,0.0,[],85.14057922363281,81.76246643066406,8.033495903015137,84.89471435546875,88.03096008300781,8.022405624389648,84.4958724975586,81.76341247558594,8.040953636169434
158.4,RUNNING,10,RETURN,0.466,0.9506,150.1214,10.517,True,NORMAL,MONITOR,False,{},"[""uav2"", ""uav1"", ""uav0""]",limited,False,{},NONE,NORMAL,SAFE,1.0,IDLE,0.0,0.0,0.0,,,0.0,False,avoidance not required,,{},,,,,,,,,,,0,safe,5.955,51.651,0.710,0,0,0.0,0.0,[],85.09513854980469,81.73110961914062,8.053035736083984,84.85801696777344,87.98177337646484,8.042043685913086,84.44622039794922,81.73532104492188,8.058577537536621
158.6,RUNNING,10,RETURN,0.466,0.9505,150.0941,10.517,True,NORMAL,MONITOR,False,{},"[""uav2"", ""uav1"", ""uav0""]",limited,False,{},NONE,NORMAL,SAFE,1.0,IDLE,0.0,0.0,0.0,,,0.0,False,avoidance not required,,{},,,,,,,,,,,0,safe,5.951,51.609,0.799,0,0,0.0,0.0,[],85.033203125,81.69703674316406,8.075807571411133,84.80880737304688,87.91651153564453,8.06511116027832,84.38446044921875,81.70194244384766,8.076699256896973
158.8,RUNNING,10,RETURN,0.467,0.9505,150.0941,10.517,True,NORMAL,MONITOR,False,{},"[""uav2"", ""uav1"", ""uav0""]",limited,False,{},NONE,NORMAL,SAFE,1.0,IDLE,0.0,0.0,0.0,,,0.0,False,avoidance not required,,{},,,,,,,,,,,0,safe,5.951,51.560,0.880,0,0,0.0,0.0,[],84.96824645996094,81.65176391601562,8.101884841918945,84.74483489990234,87.83984375,8.087607383728027,84.32259368896484,81.6566390991211,8.101350784301758
159.0,RUNNING,10,RETURN,0.468,0.9505,150.0941,10.517,True,NORMAL,MONITOR,False,{},"[""uav2"", ""uav1"", ""uav0""]",limited,False,{},NONE,NORMAL,SAFE,1.0,IDLE,0.0,0.0,0.0,,,0.0,False,avoidance not required,,{},,,,,,,,,,,0,safe,5.954,51.499,0.958,0,0,0.0,0.0,[],84.89132690429688,81.59586334228516,8.131092071533203,84.6704330444336,87.75149536132812,8.115307807922363,84.24786376953125,81.6021499633789,8.13283920288086
159.2,RUNNING,10,RETURN,0.469,0.9503,150.0661,10.517,True,NORMAL,MONITOR,False,{},"[""uav2"", ""uav1"", ""uav0""]",limited,False,{},NONE,NORMAL,SAFE,1.0,IDLE,0.0,0.0,0.0,,,0.0,False,avoidance not required,,{},,,,,,,,,,,0,safe,5.969,51.412,1.033,0,0,0.0,0.0,[],84.81654357910156,81.53199768066406,8.160951614379883,84.58534240722656,87.65296173095703,8.148375511169434,84.1703872680664,81.53321075439453,8.166698455810547
159.4,RUNNING,10,RETURN,0.469,0.9503,150.0661,10.517,True,NORMAL,MONITOR,False,{},"[""uav2"", ""uav1"", ""uav0""]",limited,False,{},NONE,NORMAL,SAFE,1.0,IDLE,0.0,0.0,0.0,,,0.0,False,avoidance not required,,{},,,,,,,,,,,0,safe,5.954,51.343,1.106,0,0,0.0,0.0,[],84.72209167480469,81.45389556884766,8.1959867477417,84.49031829833984,87.54480743408203,8.18481731414795,84.07918548583984,81.45164489746094,8.202723503112793
159.6,RUNNING,10,RETURN,0.47,0.9502,150.0373,10.517,True,NORMAL,MONITOR,False,{},"[""uav2"", ""uav1"", ""uav0""]",limited,False,{},NONE,NORMAL,SAFE,1.0,IDLE,0.0,0.0,0.0,,,0.0,False,avoidance not required,,{},,,,,,,,,,,0,safe,5.957,51.243,1.178,0,0,0.0,0.0,[],84.62244415283203,81.36238098144531,8.231365203857422,84.38548278808594,87.42495727539062,8.223902702331543,83.98265838623047,81.35616302490234,8.238863945007324
159.8,RUNNING,10,RETURN,0.471,0.9502,150.0373,10.517,True,NORMAL,MONITOR,False,{},"[""uav2"", ""uav1"", ""uav0""]",limited,False,{},NONE,NORMAL,SAFE,1.0,IDLE,0.0,0.0,0.0,,,0.0,False,avoidance not required,,{},,,,,,,,,,,0,safe,5.960,51.129,1.248,0,0,0.0,0.0,[],84.50857543945312,81.25984191894531,8.271882057189941,84.27034759521484,87.29749298095703,8.263754844665527,83.87083435058594,81.25017547607422,8.275394439697266
160.0,RUNNING,10,RETURN,0.472,0.9502,150.0373,10.517,True,NORMAL,MONITOR,False,{},"[""uav2"", ""uav1"", ""uav0""]",limited,False,{},NONE,NORMAL,SAFE,1.0,IDLE,0.0,0.0,0.0,,,0.0,False,avoidance not required,,{},,,,,,,,,,,0,safe,5.962,51.000,1.319,0,0,0.0,0.0,[],84.36229705810547,81.11924743652344,8.323240280151367,84.1421890258789,87.1611099243164,8.302178382873535,83.75178527832031,81.1309585571289,8.31609058380127
160.2,RUNNING,10,RETURN,0.472,0.95,150.0073,10.517,True,NORMAL,MONITOR,False,{},"[""uav2"", ""uav1"", ""uav0""]",limited,False,{},NONE,NORMAL,SAFE,1.0,IDLE,0.0,0.0,0.0,,,0.0,False,avoidance not required,,{},,,,,,,,,,,0,safe,5.990,50.826,1.387,0,0,0.0,0.0,[],84.2522201538086,81.01606750488281,8.361076354980469,84.00434875488281,87.01806640625,8.344826698303223,83.6162109375,81.00273132324219,8.359212875366211
160.4,RUNNING,10,RETURN,0.473,0.95,150.0073,10.517,True,NORMAL,MONITOR,False,{},"[""uav2"", ""uav1"", ""uav0""]",limited,False,{},NONE,NORMAL,SAFE,1.0,IDLE,0.0,0.0,0.0,,,0.0,False,avoidance not required,,{},,,,,,,,,,,0,safe,5.964,50.698,1.456,0,0,0.0,0.0,[],84.11051940917969,80.87604522705078,8.407530784606934,83.8487319946289,86.868408203125,8.388016700744629,83.47427368164062,80.86093139648438,8.405970573425293
160.6,RUNNING,10,RETURN,0.474,0.9499,149.976,10.517,True,NORMAL,MONITOR,False,{},"[""uav2"", ""uav1"", ""uav0""]",limited,False,{},NONE,NORMAL,SAFE,1.0,IDLE,0.0,0.0,0.0,,,0.0,False,avoidance not required,,{},,,,,,,,,,,0,safe,5.964,50.527,1.521,0,0,0.0,0.0,[],83.95525360107422,80.72560119628906,8.453879356384277,83.686767578125,86.71210479736328,8.436100959777832,83.31621551513672,80.70679473876953,8.456184387207031
160.8,RUNNING,10,RETURN,0.475,0.9499,149.976,10.517,True,NORMAL,MONITOR,False,{},"[""uav2"", ""uav1"", ""uav0""]",limited,False,{},NONE,NORMAL,SAFE,1.0,IDLE,0.0,0.0,0.0,,,0.0,False,avoidance not required,,{},,,,,,,,,,,0,safe,5.961,50.342,1.587,0,0,0.0,0.0,[],83.79435729980469,80.5644760131836,8.503728866577148,83.50894165039062,86.5453872680664,8.488865852355957,83.14855194091797,80.54611206054688,8.510709762573242
161.0,RUNNING,10,RETURN,0.475,0.9499,149.976,10.517,True,NORMAL,MONITOR,False,{},"[""uav2"", ""uav1"", ""uav0""]",limited,False,{},NONE,NORMAL,SAFE,1.0,IDLE,0.0,0.0,0.0,,,0.0,False,avoidance not required,,{},,,,,,,,,,,0,safe,5.954,50.146,1.648,0,0,0.0,0.0,[],83.61274719238281,80.38062286376953,8.552803993225098,83.32693481445312,86.37177276611328,8.545720100402832,82.97633361816406,80.3733139038086,8.567873001098633
161.2,RUNNING,10,RETURN,0.476,0.9497,149.9435,10.517,True,NORMAL,MONITOR,False,{},"[""uav2"", ""uav1"", ""uav0""]",limited,False,{},NONE,NORMAL,SAFE,1.0,IDLE,0.0,0.0,0.0,,,0.0,False,avoidance not required,,{},,,,,,,,,,,0,safe,5.964,49.923,1.712,0,0,0.0,0.0,[],83.43209838867188,80.19539642333984,8.605420112609863,83.13456726074219,86.19001770019531,8.60687255859375,82.79151916503906,80.18631744384766,8.630205154418945
161.4,RUNNING,10,RETURN,0.477,0.9497,149.9435,10.517,True,NORMAL,MONITOR,False,{},"[""uav2"", ""uav1"", ""uav0""]",limited,False,{},NONE,NORMAL,SAFE,1.0,IDLE,0.0,0.0,0.0,,,0.0,False,avoidance not required,,{},,,,,,,,,,,0,safe,5.990,49.662,1.769,0,0,0.0,0.0,[],83.24349212646484,80.00999450683594,8.660317420959473,82.938720703125,86.0015869140625,8.668756484985352,82.60089111328125,79.99040985107422,8.690837860107422
161.6,RUNNING,10,RETURN,0.478,0.9495,149.9096,10.517,True,NORMAL,MONITOR,False,{},"[""uav2"", ""uav1"", ""uav0""]",limited,False,{},NONE,NORMAL,SAFE,1.0,IDLE,0.0,0.0,0.0,,,0.0,False,avoidance not required,,{},,,,,,,,,,,0,safe,5.958,49.473,1.833,0,0,0.0,0.0,[],83.03398132324219,79.81224060058594,8.719583511352539,82.72718811035156,85.80155944824219,8.72645378112793,82.39774322509766,79.78475189208984,8.751738548278809
161.8,RUNNING,10,RETURN,0.478,0.9495,149.9096,10.517,True,NORMAL,MONITOR,False,{},"[""uav2"", ""uav1"", ""uav0""]",limited,False,{},NONE,NORMAL,SAFE,1.0,IDLE,0.0,0.0,0.0,,,0.0,False,avoidance not required,,{},,,,,,,,,,,0,safe,5.964,49.231,1.869,0,0,0.0,0.0,[],82.81414794921875,79.59867095947266,8.78565502166748,82.4697494506836,85.5536880493164,8.799941062927246,82.19041442871094,79.5730209350586,8.812460899353027
162.0,RUNNING,10,RETURN,0.479,0.9495,149.9096,10.517,True,NORMAL,MONITOR,False,{},"[""uav2"", ""uav1"", ""uav0""]",limited,False,{},NONE,NORMAL,SAFE,1.0,IDLE,0.0,0.0,0.0,,,0.0,False,avoidance not required,,{},,,,,,,,,,,0,safe,6.011,48.931,1.881,0,0,0.0,0.0,[],82.60433197021484,79.39813995361328,8.850252151489258,82.28713989257812,85.38133239746094,8.855084419250488,81.97515869140625,79.3559799194336,8.878101348876953
162.2,RUNNING,10,RETURN,0.48,0.9494,149.8748,10.517,True,NORMAL,MONITOR,False,{},"[""uav2"", ""uav1"", ""uav0""]",limited,False,{},NONE,NORMAL,SAFE,1.0,IDLE,0.0,0.0,0.0,,,0.0,False,avoidance not required,,{},,,,,,,,,,,0,safe,5.971,48.728,1.915,0,0,0.0,0.0,[],82.38424682617188,79.1826400756836,8.917374610900879,82.06188201904297,85.1637191772461,8.923653602600098,81.75603485107422,79.1351318359375,8.942389488220215
162.4,RUNNING,10,RETURN,0.481,0.9494,149.8748,10.517,True,NORMAL,MONITOR,False,{},"[""uav2"", ""uav1"", ""uav0""]",limited,False,{},NONE,NORMAL,SAFE,1.0,IDLE,0.0,0.0,0.0,,,0.0,False,avoidance not required,,{},,,,,,,,,,,0,safe,6.018,48.414,1.897,0,0,0.0,0.0,[],82.1491928100586,78.96422576904297,8.986207962036133,81.82794189453125,84.94493103027344,8.993515968322754,81.52838134765625,78.91393280029297,9.005906105041504
162.6,RUNNING,10,RETURN,0.481,0.9492,149.8395,10.517,True,NORMAL,MONITOR,False,{},"[""uav2"", ""uav1"", ""uav0""]",limited,False,{},NONE,NORMAL,SAFE,1.0,IDLE,0.0,0.0,0.0,,,0.0,False,avoidance not required,,{},,,,,,,,,,,0,safe,5.979,48.201,1.927,0,0,0.0,0.0,[],81.91635131835938,78.74068450927734,9.05384349822998,81.59715270996094,84.72367095947266,9.060479164123535,81.2985610961914,78.68948364257812,9.07079029083252
162.8,RUNNING,10,RETURN,0.482,0.9492,149.8395,10.517,True,NORMAL,MONITOR,False,{},"[""uav2"", ""uav1"", ""uav0""]",limited,False,{},NONE,NORMAL,SAFE,1.0,IDLE,0.0,0.0,0.0,,,0.0,False,avoidance not required,,{},,,,,,,,,,,0,safe,5.982,47.931,1.926,0,0,0.0,0.0,[],81.67255401611328,78.50627136230469,9.120853424072266,81.30863952636719,84.45816040039062,9.143060684204102,81.05768585205078,78.46607208251953,9.13049602508545
163.0,RUNNING,10,RETURN,0.483,0.9492,149.8395,10.517,True,NORMAL,MONITOR,False,{},"[""uav2"", ""uav1"", ""uav0""]",limited,False,{},NONE,NORMAL,SAFE,1.0,IDLE,0.0,0.0,0.0,,,0.0,False,avoidance not required,,{},,,,,,,,,,,0,safe,5.985,47.649,1.909,0,0,0.0,0.0,[],81.45018768310547,78.28685760498047,9.183048248291016,81.120849609375,84.27894592285156,9.196778297424316,80.81935119628906,78.23948669433594,9.19222354888916
163.2,RUNNING,10,RETURN,0.484,0.949,149.804,10.517,True,NORMAL,MONITOR,False,{},"[""uav2"", ""uav1"", ""uav0""]",limited,False,{},NONE,NORMAL,SAFE,1.0,IDLE,0.0,0.0,0.0,,,0.0,False,avoidance not required,,{},,,,,,,,,,,0,safe,5.969,47.387,1.918,0,0,0.0,0.0,[],81.21316528320312,78.06169891357422,9.245381355285645,80.87630462646484,84.0543212890625,9.261889457702637,80.57563018798828,78.01331329345703,9.250627517700195
163.4,RUNNING,10,RETURN,0.484,0.949,149.804,10.517,True,NORMAL,MONITOR,False,{},"[""uav2"", ""uav1"", ""uav0""]",limited,False,{},NONE,NORMAL,SAFE,1.0,IDLE,0.0,0.0,0.0,,,0.0,False,avoidance not required,,{},,,,,,,,,,,0,safe,6.010,47.062,1.880,0,0,0.0,0.0,[],80.9789047241211,77.83389282226562,9.30971622467041,80.63018798828125,83.81853485107422,9.329143524169922,80.33670043945312,77.78523254394531,9.315155029296875
163.6,RUNNING,10,RETURN,0.485,0.9488,149.7683,10.517,True,NORMAL,MONITOR,False,{},"[""uav2"", ""uav1"", ""uav0""]",limited,False,{},NONE,NORMAL,SAFE,1.0,IDLE,0.0,0.0,0.0,,,0.0,False,avoidance not required,,{},,,,,,,,,,,0,safe,5.958,46.845,1.909,0,0,0.0,0.0,[],80.73954010009766,77.60453796386719,9.37617301940918,80.39512634277344,83.60467529296875,9.389264106750488,80.09468841552734,77.55941009521484,9.385302543640137
163.8,RUNNING,10,RETURN,0.486,0.9488,149.7683,10.517,True,NORMAL,MONITOR,False,{},"[""uav2"", ""uav1"", ""uav0""]",limited,False,{},NONE,NORMAL,SAFE,1.0,IDLE,0.0,0.0,0.0,,,0.0,False,avoidance not required,,{},,,,,,,,,,,0,safe,5.955,46.571,1.898,0,0,0.0,0.0,[],80.50408935546875,77.37347412109375,9.443364143371582,80.15917205810547,83.37965393066406,9.453825950622559,79.85640716552734,77.33171081542969,9.455382347106934
164.0,RUNNING,10,RETURN,0.487,0.9488,149.7683,10.517,True,NORMAL,MONITOR,False,{},"[""uav2"", ""uav1"", ""uav0""]",limited,False,{},NONE,NORMAL,SAFE,1.0,IDLE,0.0,0.0,0.0,,,0.0,False,avoidance not required,,{},,,,,,,,,,,0,safe,5.952,46.298,1.890,0,0,0.0,0.0,[],80.26454162597656,77.14241027832031,9.505035400390625,79.91368103027344,83.15254211425781,9.514806747436523,79.61360931396484,77.10688781738281,9.519281387329102
164.2,RUNNING,10,RETURN,0.487,0.9487,149.7328,10.517,True,NORMAL,MONITOR,False,{},"[""uav2"", ""uav1"", ""uav0""]",limited,False,{},NONE,NORMAL,SAFE,1.0,IDLE,0.0,0.0,0.0,,,0.0,False,avoidance not required,,{},,,,,,,,,,,0,safe,5.996,45.969,1.849,0,0,0.0,0.0,[],79.98140716552734,76.86642456054688,9.584675788879395,79.63037872314453,82.87810516357422,9.592601776123047,79.37661743164062,76.87913513183594,9.584848403930664
164.4,RUNNING,10,RETURN,0.488,0.9487,149.7328,10.517,True,NORMAL,MONITOR,False,{},"[""uav2"", ""uav1"", ""uav0""]",limited,False,{},NONE,NORMAL,SAFE,1.0,IDLE,0.0,0.0,0.0,,,0.0,False,avoidance not required,,{},,,,,,,,,,,0,safe,5.995,45.699,1.842,0,0,0.0,0.0,[],79.74269104003906,76.64459228515625,9.652769088745117,79.43830108642578,82.6957778930664,9.641928672790527,79.13658905029297,76.64790344238281,9.648685455322266
164.6,RUNNING,10,RETURN,0.489,0.9485,149.6973,10.517,True,NORMAL,MONITOR,False,{},"[""uav2"", ""uav1"", ""uav0""]",limited,False,{},NONE,NORMAL,SAFE,1.0,IDLE,0.0,0.0,0.0,,,0.0,False,avoidance not required,,{},,,,,,,,,,,0,safe,5.994,45.436,1.834,0,0,0.0,0.0,[],79.5558090209961,76.46475219726562,9.70790958404541,79.20733642578125,82.4672622680664,9.70799732208252,78.90235900878906,76.41793823242188,9.716763496398926
164.8,RUNNING,10,RETURN,0.49,0.9485,149.6973,10.517,True,NORMAL,MONITOR,False,{},"[""uav2"", ""uav1"", ""uav0""]",limited,False,{},NONE,NORMAL,SAFE,1.0,IDLE,0.0,0.0,0.0,,,0.0,False,avoidance not required,,{},,,,,,,,,,,0,safe,5.947,45.225,1.863,0,0,0.0,0.0,[],79.26661682128906,76.19959259033203,9.791504859924316,78.96625518798828,82.24554443359375,9.776286125183105,78.6683349609375,76.192626953125,9.783195495605469
165.0,RUNNING,10,RETURN,0.49,0.9485,149.6973,10.517,True,NORMAL,MONITOR,False,{},"[""uav2"", ""uav1"", ""uav0""]",limited,False,{},NONE,NORMAL,SAFE,1.0,IDLE,0.0,0.0,0.0,,,0.0,False,avoidance not required,,{},,,,,,,,,,,0,safe,6.002,44.912,1.825,0,0,0.0,0.0,[],79.06967163085938,76.01133728027344,9.849041938781738,78.72777557373047,82.02693939208984,9.844108581542969,78.43816375732422,75.96683502197266,9.85150146484375
165.2,RUNNING,10,RETURN,0.491,0.9483,149.6618,10.517,True,NORMAL,MONITOR,False,{},"[""uav2"", ""uav1"", ""uav0""]",limited,False,{},NONE,NORMAL,SAFE,1.0,IDLE,0.0,0.0,0.0,,,0.0,False,avoidance not required,,{},,,,,,,,,,,0,safe,6.007,44.651,1.823,0,0,0.0,0.0,[],78.84294128417969,75.80012512207031,9.915708541870117,78.49945831298828,81.80462646484375,9.912611961364746,78.20319366455078,75.74591827392578,9.92052936553955
165.4,RUNNING,10,RETURN,0.492,0.9483,149.6618,10.517,True,NORMAL,MONITOR,False,{},"[""uav2"", ""uav1"", ""uav0""]",limited,False,{},NONE,NORMAL,SAFE,1.0,IDLE,0.0,0.0,0.0,,,0.0,False,avoidance not required,,{},,,,,,,,,,,0,safe,5.961,44.445,1.851,0,0,0.0,0.0,[],78.61241149902344,75.57662200927734,9.982723236083984,78.22403717041016,81.53887176513672,9.992530822753906,77.97270965576172,75.52288818359375,9.98942756652832
165.6,RUNNING,10,RETURN,0.493,0.9481,149.6266,10.517,True,NORMAL,MONITOR,False,{},"[""uav2"", ""uav1"", ""uav0""]",limited,False,{},NONE,NORMAL,SAFE,1.0,IDLE,0.0,0.0,0.0,,,0.0,False,avoidance not required,,{},,,,,,,,,,,0,safe,5.960,43.929,1.849,0,0,0.0,0.0,[],78.37841796875,75.3548355102539,10.041398048400879,78.04569244384766,81.359130859375,10.046820640563965,77.7385025024414,75.30233764648438,10.055535316467285
165.8,RUNNING,10,RETURN,0.493,0.9481,149.6266,10.517,True,NORMAL,MONITOR,False,{},"[""uav2"", ""uav1"", ""uav0""]",limited,False,{},NONE,NORMAL,SAFE,1.0,IDLE,0.0,0.0,0.0,,,0.0,False,avoidance not required,,{},,,,,,,,,,,0,safe,5.960,43.929,1.849,0,0,0.0,0.0,[],78.14875030517578,75.1296157836914,10.102256774902344,77.81637573242188,81.14119720458984,10.1143798828125,77.50816345214844,75.07901763916016,10.119397163391113
166.0,RUNNING,10,RETURN,0.494,0.9481,149.6266,10.517,True,NORMAL,MONITOR,False,{},"[""uav2"", ""uav1"", ""uav0""]",limited,False,{},NONE,NORMAL,SAFE,1.0,IDLE,0.0,0.0,0.0,,,0.0,False,avoidance not required,,{},,,,,,,,,,,0,safe,5.960,43.670,1.849,0,0,0.0,0.0,[],77.86437225341797,74.86419677734375,10.176568031311035,77.59228515625,80.9187240600586,10.179472923278809,77.27003479003906,74.85778045654297,10.181166648864746
166.2,RUNNING,10,RETURN,0.495,0.948,149.5914,10.517,True,NORMAL,MONITOR,False,{},"[""uav2"", ""uav1"", ""uav0""]",limited,False,{},NONE,NORMAL,SAFE,1.0,IDLE,0.0,0.0,0.0,,,0.0,False,avoidance not required,,{},,,,,,,,,,,0,safe,5.959,43.415,1.846,0,0,0.0,0.0,[],77.66974639892578,74.67529296875,10.230302810668945,77.35877227783203,80.70030212402344,10.241850852966309,77.0379409790039,74.63432312011719,10.244414329528809
166.4,RUNNING,10,RETURN,0.496,0.948,149.5914,10.517,True,NORMAL,MONITOR,False,{},"[""uav2"", ""uav1"", ""uav0""]",limited,False,{},NONE,NORMAL,SAFE,1.0,IDLE,0.0,0.0,0.0,,,0.0,False,avoidance not required,,{},,,,,,,,,,,0,safe,5.968,43.148,1.838,0,0,0.0,0.0,[],77.44270324707031,74.46382904052734,10.291692733764648,77.13096618652344,80.47689056396484,10.305020332336426,76.8085708618164,74.41718292236328,10.307300567626953
166.6,RUNNING,10,RETURN,0.496,0.9478,149.5562,10.517,True,NORMAL,MONITOR,False,{},"[""uav2"", ""uav1"", ""uav0""]",limited,False,{},NONE,NORMAL,SAFE,1.0,IDLE,0.0,0.0,0.0,,,0.0,False,avoidance not required,,{},,,,,,,,,,,0,safe,5.966,42.906,1.841,0,0,0.0,0.0,[],77.16609954833984,74.19573974609375,10.3687105178833,76.90091705322266,80.25989532470703,10.367148399353027,76.58206176757812,74.19588470458984,10.37013053894043
166.8,RUNNING,10,RETURN,0.497,0.9478,149.5562,10.517,True,NORMAL,MONITOR,False,{},"[""uav2"", ""uav1"", ""uav0""]",limited,False,{},NONE,NORMAL,SAFE,1.0,IDLE,0.0,0.0,0.0,,,0.0,False,avoidance not required,,{},,,,,,,,,,,0,safe,6.016,42.602,1.844,0,0,0.0,0.0,[],76.93617248535156,73.97685241699219,10.425482749938965,76.6302490234375,79.99305725097656,10.441852569580078,76.35240173339844,73.97743225097656,10.431649208068848
167.0,RUNNING,10,RETURN,0.498,0.9478,149.5562,10.517,True,NORMAL,MONITOR,False,{},"[""uav2"", ""uav1"", ""uav0""]",limited,False,{},NONE,NORMAL,SAFE,1.0,IDLE,0.0,0.0,0.0,,,0.0,False,avoidance not required,,{},,,,,,,,,,,0,safe,5.971,42.403,1.845,0,0,0.0,0.0,[],76.75466918945312,73.79822540283203,10.474777221679688,76.44432830810547,79.81786346435547,10.490654945373535,76.12431335449219,73.75540924072266,10.494908332824707
167.2,RUNNING,10,RETURN,0.499,0.9476,149.5209,10.517,True,NORMAL,MONITOR,False,{},"[""uav2"", ""uav1"", ""uav0""]",limited,False,{},NONE,NORMAL,SAFE,1.0,IDLE,0.0,0.0,0.0,,,0.0,False,avoidance not required,,{},,,,,,,,,,,0,safe,5.970,42.153,1.851,0,0,0.0,0.0,[],76.52420043945312,73.57677459716797,10.534651756286621,76.21038055419922,79.6028060913086,10.547526359558105,75.8915786743164,73.53605651855469,10.556775093078613
167.4,RUNNING,10,RETURN,0.499,0.9476,149.5209,10.517,True,NORMAL,MONITOR,False,{},"[""uav2"", ""uav1"", ""uav0""]",limited,False,{},NONE,NORMAL,SAFE,1.0,IDLE,0.0,0.0,0.0,,,0.0,False,avoidance not required,,{},,,,,,,,,,,0,safe,5.968,41.904,1.856,0,0,0.0,0.0,[],76.28768157958984,73.34266662597656,10.60094165802002,75.98210144042969,79.3807601928711,10.60985279083252,75.66149139404297,73.31278228759766,10.620776176452637
167.6,RUNNING,10,RETURN,0.5,0.9474,149.4856,10.517,True,NORMAL,MONITOR,False,{},"[""uav2"", ""uav1"", ""uav0""]",limited,False,{},NONE,NORMAL,SAFE,1.0,IDLE,0.0,0.0,0.0,,,0.0,False,avoidance not required,,{},,,,,,,,,,,0,safe,5.974,41.642,1.858,0,0,0.0,0.0,[],76.07244873046875,73.13097381591797,10.662261009216309,75.75064849853516,79.16068267822266,10.673336029052734,75.4252700805664,73.09423828125,10.686641693115234
167.8,RUNNING,10,RETURN,0.501,0.9474,149.4856,10.517,True,NORMAL,MONITOR,False,{},"[""uav2"", ""uav1"", ""uav0""]",limited,False,{},NONE,NORMAL,SAFE,1.0,IDLE,0.0,0.0,0.0,,,0.0,False,avoidance not required,,{},,,,,,,,,,,0,safe,5.953,41.407,1.859,0,0,0.0,0.0,[],75.84841918945312,72.90624237060547,10.731154441833496,75.52360534667969,78.93486785888672,10.738778114318848,75.19395446777344,72.8708724975586,10.752850532531738
168.0,RUNNING,10,RETURN,0.502,0.9474,149.4856,10.517,True,NORMAL,MONITOR,False,{},"[""uav2"", ""uav1"", ""uav0""]",limited,False,{},NONE,NORMAL,SAFE,1.0,IDLE,0.0,0.0,0.0,,,0.0,False,avoidance not required,,{},,,,,,,,,,,0,safe,5.946,41.158,1.860,0,0,0.0,0.0,[],75.62032318115234,72.68465423583984,10.800704002380371,75.29092407226562,78.71419525146484,10.81070327758789,74.96632385253906,72.64656066894531,10.819585800170898
168.2,RUNNING,10,RETURN,0.502,0.9473,149.4502,10.517,True,NORMAL,MONITOR,False,{},"[""uav2"", ""uav1"", ""uav0""]",limited,False,{},NONE,NORMAL,SAFE,1.0,IDLE,0.0,0.0,0.0,,,0.0,False,avoidance not required,,{},,,,,,,,,,,0,safe,5.946,40.913,1.860,0,0,0.0,0.0,[],75.38384246826172,72.45021057128906,10.871868133544922,75.06198120117188,78.4876937866211,10.882801055908203,74.73985290527344,72.4198989868164,10.885393142700195
168.4,RUNNING,10,RETURN,0.503,0.9473,149.4502,10.517,True,NORMAL,MONITOR,False,{},"[""uav2"", ""uav1"", ""uav0""]",limited,False,{},NONE,NORMAL,SAFE,1.0,IDLE,0.0,0.0,0.0,,,0.0,False,avoidance not required,,{},,,,,,,,,,,0,safe,5.956,40.656,1.855,0,0,0.0,0.0,[],75.16230010986328,72.23876190185547,10.937713623046875,74.83430480957031,78.26375579833984,10.954656600952148,74.50975799560547,72.19943237304688,10.952315330505371
168.6,RUNNING,10,RETURN,0.504,0.9471,149.415,10.517,True,NORMAL,MONITOR,False,{},"[""uav2"", ""uav1"", ""uav0""]",limited,False,{},NONE,NORMAL,SAFE,1.0,IDLE,0.0,0.0,0.0,,,0.0,False,avoidance not required,,{},,,,,,,,,,,0,safe,5.947,40.179,1.857,0,0,0.0,0.0,[],74.88697052001953,71.97012329101562,11.018208503723145,74.56434631347656,77.98966217041016,11.035191535949707,74.27903747558594,71.97602844238281,11.020723342895508
168.8,RUNNING,10,RETURN,0.505,0.9471,149.415,10.517,True,NORMAL,MONITOR,False,{},"[""uav2"", ""uav1"", ""uav0""]",limited,False,{},NONE,NORMAL,SAFE,1.0,IDLE,0.0,0.0,0.0,,,0.0,False,avoidance not required,,{},,,,,,,,,,,0,safe,5.947,40.179,1.857,0,0,0.0,0.0,[],74.706787109375,71.79390716552734,11.067419052124023,74.38461303710938,77.80985260009766,11.085590362548828,74.05030059814453,71.74964904785156,11.086812019348145
169.0,RUNNING,10,RETURN,0.505,0.9471,149.415,10.517,True,NORMAL,MONITOR,False,{},"[""uav2"", ""uav1"", ""uav0""]",limited,False,{},NONE,NORMAL,SAFE,1.0,IDLE,0.0,0.0,0.0,,,0.0,False,avoidance not required,,{},,,,,,,,,,,0,safe,5.989,39.891,1.797,0,0,0.0,0.0,[],74.4354476928711,71.52457427978516,11.141051292419434,74.16035461425781,77.58090209960938,11.149056434631348,73.82402801513672,71.52708435058594,11.144781112670898
169.2,RUNNING,10,RETURN,0.506,0.9469,149.3798,10.517,True,NORMAL,MONITOR,False,{},"[""uav2"", ""uav1"", ""uav0""]",limited,False,{},NONE,NORMAL,SAFE,1.0,IDLE,0.0,0.0,0.0,,,0.0,False,avoidance not required,,{},,,,,,,,,,,0,safe,5.989,39.649,1.798,0,0,0.0,0.0,[],74.21320343017578,71.2989501953125,11.201530456542969,73.93938446044922,77.35931396484375,11.206336975097656,73.59429168701172,71.30427551269531,11.20258617401123
169.4,RUNNING,10,RETURN,0.507,0.9469,149.3798,10.517,True,NORMAL,MONITOR,False,{},"[""uav2"", ""uav1"", ""uav0""]",limited,False,{},NONE,NORMAL,SAFE,1.0,IDLE,0.0,0.0,0.0,,,0.0,False,avoidance not required,,{},,,,,,,,,,,0,safe,5.981,39.407,1.860,0,0,0.0,0.0,[],74.03237915039062,71.11669921875,11.252957344055176,73.71659851074219,77.13368225097656,11.264100074768066,73.36499786376953,71.07901000976562,11.263742446899414
169.6,RUNNING,10,RETURN,0.508,0.9467,149.3446,10.517,True,NORMAL,MONITOR,False,{},"[""uav2"", ""uav1"", ""uav0""]",limited,False,{},NONE,NORMAL,SAFE,1.0,IDLE,0.0,0.0,0.0,,,0.0,False,avoidance not required,,{},,,,,,,,,,,0,safe,5.933,39.212,1.865,0,0,0.0,0.0,[],73.80840301513672,70.89615631103516,11.313812255859375,73.4956283569336,76.90949249267578,11.322580337524414,73.13705444335938,70.85948181152344,11.327913284301758
169.8,RUNNING,10,RETURN,0.508,0.9467,149.3446,10.517,True,NORMAL,MONITOR,False,{},"[""uav2"", ""uav1"", ""uav0""]",limited,False,{},NONE,NORMAL,SAFE,1.0,IDLE,0.0,0.0,0.0,,,0.0,False,avoidance not required,,{},,,,,,,,,,,0,safe,5.929,38.977,1.869,0,0,0.0,0.0,[],73.5805892944336,70.67272186279297,11.377074241638184,73.27143096923828,76.6820068359375,11.385327339172363,72.90935516357422,70.63624572753906,11.390932083129883
170.0,RUNNING,10,RETURN,0.509,0.9467,149.3446,10.517,True,NORMAL,MONITOR,False,{},"[""uav2"", ""uav1"", ""uav0""]",limited,False,{},NONE,NORMAL,SAFE,1.0,IDLE,0.0,0.0,0.0,,,0.0,False,avoidance not required,,{},,,,,,,,,,,0,safe,5.929,38.740,1.870,0,0,0.0,0.0,[],73.34030151367188,70.44295501708984,11.44070816040039,73.0472640991211,76.46649932861328,11.450117111206055,72.68496704101562,70.41100311279297,11.45125675201416
170.2,RUNNING,10,RETURN,0.51,0.9465,149.3095,10.517,True,NORMAL,MONITOR,False,{},"[""uav2"", ""uav1"", ""uav0""]",limited,False,{},NONE,NORMAL,SAFE,1.0,IDLE,0.0,0.0,0.0,,,0.0,False,avoidance not required,,{},,,,,,,,,,,0,safe,5.945,38.497,1.876,0,0,0.0,0.0,[],73.11608123779297,70.22848510742188,11.497461318969727,72.81985473632812,76.24607849121094,11.513798713684082,72.4585952758789,70.18477630615234,11.51170539855957
170.4,RUNNING,10,RETURN,0.511,0.9465,149.3095,10.517,True,NORMAL,MONITOR,False,{},"[""uav2"", ""uav1"", ""uav0""]",limited,False,{},NONE,NORMAL,SAFE,1.0,IDLE,0.0,0.0,0.0,,,0.0,False,avoidance not required,,{},,,,,,,,,,,0,safe,5.943,38.272,1.879,0,0,0.0,0.0,[],72.87747192382812,70.00321197509766,11.556983947753906,72.58824157714844,76.02877044677734,11.574687004089355,72.2359390258789,69.96343231201172,11.569404602050781
170.6,RUNNING,10,RETURN,0.511,0.9464,149.2744,10.517,True,NORMAL,MONITOR,False,{},"[""uav2"", ""uav1"", ""uav0""]",limited,False,{},NONE,NORMAL,SAFE,1.0,IDLE,0.0,0.0,0.0,,,0.0,False,avoidance not required,,{},,,,,,,,,,,0,safe,5.959,38.036,1.881,0,0,0.0,0.0,[],72.65459442138672,69.79114532470703,11.614424705505371,72.35470581054688,75.806396484375,11.633785247802734,72.01239776611328,69.7401123046875,11.630316734313965
170.8,RUNNING,10,RETURN,0.512,0.9464,149.2744,10.517,True,NORMAL,MONITOR,False,{},"[""uav2"", ""uav1"", ""uav0""]",limited,False,{},NONE,NORMAL,SAFE,1.0,IDLE,0.0,0.0,0.0,,,0.0,False,avoidance not required,,{},,,,,,,,,,,0,safe,5.958,37.815,1.878,0,0,0.0,0.0,[],72.41809844970703,69.57159423828125,11.674901008605957,72.11247253417969,75.57869720458984,11.69515609741211,71.78450012207031,69.5152587890625,11.69086742401123
171.0,RUNNING,10,RETURN,0.513,0.9464,149.2744,10.517,True,NORMAL,MONITOR,False,{},"[""uav2"", ""uav1"", ""uav0""]",limited,False,{},NONE,NORMAL,SAFE,1.0,IDLE,0.0,0.0,0.0,,,0.0,False,avoidance not required,,{},,,,,,,,,,,0,safe,5.967,37.588,1.868,0,0,0.0,0.0,[],72.18058013916016,69.34847259521484,11.736985206604004,71.89006042480469,75.37198638916016,11.751993179321289,71.5577163696289,69.29502868652344,11.75135326385498
171.2,RUNNING,10,RETURN,0.514,0.9462,149.2393,10.517,True,NORMAL,MONITOR,False,{},"[""uav2"", ""uav1"", ""uav0""]",limited,False,{},NONE,NORMAL,SAFE,1.0,IDLE,0.0,0.0,0.0,,,0.0,False,avoidance not required,,{},,,,,,,,,,,0,safe,5.977,37.359,1.882,0,0,0.0,0.0,[],71.9526596069336,69.12765502929688,11.802526473999023,71.65668487548828,75.15027618408203,11.810661315917969,71.33084106445312,69.07476043701172,11.806867599487305
171.4,RUNNING,10,RETURN,0.514,0.9462,149.2393,10.517,True,NORMAL,MONITOR,False,{},"[""uav2"", ""uav1"", ""uav0""]",limited,False,{},NONE,NORMAL,SAFE,1.0,IDLE,0.0,0.0,0.0,,,0.0,False,avoidance not required,,{},,,,,,,,,,,0,safe,5.978,37.133,1.880,0,0,0.0,0.0,[],71.72187042236328,68.90387725830078,11.866639137268066,71.42662811279297,74.92671203613281,11.872262954711914,71.09917449951172,68.85244750976562,11.8649263381958
171.6,RUNNING,10,RETURN,0.515,0.946,149.2041,10.517,True,NORMAL,MONITOR,False,{},"[""uav2"", ""uav1"", ""uav0""]",limited,False,{},NONE,NORMAL,SAFE,1.0,IDLE,0.0,0.0,0.0,,,0.0,False,avoidance not required,,{},,,,,,,,,,,0,safe,5.978,36.906,1.880,0,0,0.0,0.0,[],71.49563598632812,68.67754364013672,11.927042961120605,71.19416046142578,74.69921875,11.93184757232666,70.86474609375,68.63471984863281,11.926953315734863
171.8,RUNNING,10,RETURN,0.516,0.946,149.2041,10.517,True,NORMAL,MONITOR,False,{},"[""uav2"", ""uav1"", ""uav0""]",limited,False,{},NONE,NORMAL,SAFE,1.0,IDLE,0.0,0.0,0.0,,,0.0,False,avoidance not required,,{},,,,,,,,,,,0,safe,5.969,36.678,1.875,0,0,0.0,0.0,[],71.26515197753906,68.45018005371094,11.985357284545898,70.96648406982422,74.47420501708984,11.9883451461792,70.62864685058594,68.41362762451172,11.9871826171875
172.0,RUNNING,10,RETURN,0.517,0.946,149.2041,10.517,True,NORMAL,MONITOR,False,{},"[""uav2"", ""uav1"", ""uav0""]",limited,False,{},NONE,NORMAL,SAFE,1.0,IDLE,0.0,0.0,0.0,,,0.0,False,avoidance not required,,{},,,,,,,,,,,0,safe,5.964,36.450,1.875,0,0,0.0,0.0,[],71.03752136230469,68.22437286376953,12.044288635253906,70.73566436767578,74.24671173095703,12.045364379882812,70.39545440673828,68.19171905517578,12.047358512878418
172.2,RUNNING,10,RETURN,0.517,0.9458,149.169,10.517,True,NORMAL,MONITOR,False,{},"[""uav2"", ""uav1"", ""uav0""]",limited,False,{},NONE,NORMAL,SAFE,1.0,IDLE,0.0,0.0,0.0,,,0.0,False,avoidance not required,,{},,,,,,,,,,,0,safe,5.958,36.224,1.871,0,0,0.0,0.0,[],70.8055648803711,67.99845123291016,12.104483604431152,70.50862121582031,74.01900482177734,12.104199409484863,70.16061401367188,67.9679183959961,12.107260704040527
172.4,RUNNING,10,RETURN,0.518,0.9458,149.169,10.517,True,NORMAL,MONITOR,False,{},"[""uav2"", ""uav1"", ""uav0""]",limited,False,{},NONE,NORMAL,SAFE,1.0,IDLE,0.0,0.0,0.0,,,0.0,False,avoidance not required,,{},,,,,,,,,,,0,safe,5.955,35.998,1.869,0,0,0.0,0.0,[],70.53575897216797,67.73099517822266,12.176972389221191,70.23149871826172,73.74442291259766,12.174427032470703,69.93424987792969,67.74417877197266,12.163524627685547
172.6,RUNNING,10,RETURN,0.519,0.9457,149.1339,10.517,True,NORMAL,MONITOR,False,{},"[""uav2"", ""uav1"", ""uav0""]",limited,False,{},NONE,NORMAL,SAFE,1.0,IDLE,0.0,0.0,0.0,,,0.0,False,avoidance not required,,{},,,,,,,,,,,0,safe,5.999,35.731,1.800,0,0,0.0,0.0,[],70.35153198242188,67.55244445800781,12.224079132080078,70.05079650878906,73.56182098388672,12.21730899810791,69.7040023803711,67.51956176757812,12.220317840576172
172.8,RUNNING,10,RETURN,0.52,0.9457,149.1339,10.517,True,NORMAL,MONITOR,False,{},"[""uav2"", ""uav1"", ""uav0""]",limited,False,{},NONE,NORMAL,SAFE,1.0,IDLE,0.0,0.0,0.0,,,0.0,False,avoidance not required,,{},,,,,,,,,,,0,safe,5.953,35.552,1.859,0,0,0.0,0.0,[],70.12673950195312,67.32415771484375,12.280229568481445,69.81947326660156,73.33390045166016,12.271923065185547,69.48121643066406,67.29441833496094,12.280745506286621
173.0,RUNNING,10,RETURN,0.52,0.9457,149.1339,10.517,True,NORMAL,MONITOR,False,{},"[""uav2"", ""uav1"", ""uav0""]",limited,False,{},NONE,NORMAL,SAFE,1.0,IDLE,0.0,0.0,0.0,,,0.0,False,avoidance not required,,{},,,,,,,,,,,0,safe,5.955,35.324,1.854,0,0,0.0,0.0,[],69.85848236083984,67.05208587646484,12.348861694335938,69.60033416748047,73.1065673828125,12.331769943237305,69.25223541259766,67.0696792602539,12.339580535888672
173.2,RUNNING,10,RETURN,0.521,0.9455,149.099,10.517,True,NORMAL,MONITOR,False,{},"[""uav2"", ""uav1"", ""uav0""]",limited,False,{},NONE,NORMAL,SAFE,1.0,IDLE,0.0,0.0,0.0,,,0.0,False,avoidance not required,,{},,,,,,,,,,,0,safe,5.994,35.052,1.795,0,0,0.0,0.0,[],69.67371368408203,66.87244415283203,12.392416954040527,69.36488342285156,72.8712158203125,12.392522811889648,69.0230712890625,66.84675598144531,12.397355079650879
173.4,RUNNING,10,RETURN,0.522,0.9455,149.099,10.517,True,NORMAL,MONITOR,False,{},"[""uav2"", ""uav1"", ""uav0""]",limited,False,{},NONE,NORMAL,SAFE,1.0,IDLE,0.0,0.0,0.0,,,0.0,False,avoidance not required,,{},,,,,,,,,,,0,safe,5.949,34.872,1.849,0,0,0.0,0.0,[],69.4448013305664,66.64754486083984,12.446919441223145,69.14006805419922,72.64852905273438,12.451203346252441,68.7897720336914,66.62425231933594,12.450963020324707
173.6,RUNNING,10,RETURN,0.523,0.9453,149.0643,10.517,True,NORMAL,MONITOR,False,{},"[""uav2"", ""uav1"", ""uav0""]",limited,False,{},NONE,NORMAL,SAFE,1.0,IDLE,0.0,0.0,0.0,,,0.0,False,avoidance not required,,{},,,,,,,,,,,0,safe,5.945,34.648,1.847,0,0,0.0,0.0,[],69.16509246826172,66.38053894042969,12.509397506713867,68.8712387084961,72.39080810546875,12.51462459564209,68.55972290039062,66.404296875,12.49848461151123
173.8,RUNNING,10,RETURN,0.523,0.9453,149.0643,10.517,True,NORMAL,MONITOR,False,{},"[""uav2"", ""uav1"", ""uav0""]",limited,False,{},NONE,NORMAL,SAFE,1.0,IDLE,0.0,0.0,0.0,,,0.0,False,avoidance not required,,{},,,,,,,,,,,0,safe,5.995,34.381,1.793,0,0,0.0,0.0,[],68.97667694091797,66.19452667236328,12.551971435546875,68.6883316040039,72.21366119384766,12.553062438964844,68.33349609375,66.18629455566406,12.545743942260742
174.0,RUNNING,10,RETURN,0.524,0.9453,149.0643,10.517,True,NORMAL,MONITOR,False,{},"[""uav2"", ""uav1"", ""uav0""]",limited,False,{},NONE,NORMAL,SAFE,1.0,IDLE,0.0,0.0,0.0,,,0.0,False,avoidance not required,,{},,,,,,,,,,,0,safe,5.957,34.195,1.855,0,0,0.0,0.0,[],68.70934295654297,65.9393539428711,12.612753868103027,68.45364379882812,71.99246978759766,12.603081703186035,68.10182189941406,65.96600341796875,12.598734855651855
174.2,RUNNING,10,RETURN,0.525,0.9451,149.0295,10.517,True,NORMAL,MONITOR,False,{},"[""uav2"", ""uav1"", ""uav0""]",limited,False,{},NONE,NORMAL,SAFE,1.0,IDLE,0.0,0.0,0.0,,,0.0,False,avoidance not required,,{},,,,,,,,,,,0,safe,5.993,33.939,1.853,0,0,0.0,0.0,[],68.48246002197266,65.71975708007812,12.663314819335938,68.1839828491211,71.72895812988281,12.6652250289917,67.87164306640625,65.7379379272461,12.652217864990234
174.4,RUNNING,10,RETURN,0.526,0.9451,149.0295,10.517,True,NORMAL,MONITOR,False,{},"[""uav2"", ""uav1"", ""uav0""]",limited,False,{},NONE,NORMAL,SAFE,1.0,IDLE,0.0,0.0,0.0,,,0.0,False,avoidance not required,,{},,,,,,,,,,,0,safe,5.989,33.720,1.794,0,0,0.0,0.0,[],68.2956771850586,65.54486846923828,12.703662872314453,67.95298767089844,71.50960540771484,12.719428062438965,67.63784790039062,65.51236724853516,12.707839965820312
174.6,RUNNING,10,RETURN,0.526,0.945,148.9948,10.517,True,NORMAL,MONITOR,False,{},"[""uav2"", ""uav1"", ""uav0""]",limited,False,{},NONE,NORMAL,SAFE,1.0,IDLE,0.0,0.0,0.0,,,0.0,False,avoidance not required,,{},,,,,,,,,,,0,safe,5.987,33.500,1.795,0,0,0.0,0.0,[],68.07001495361328,65.32144927978516,12.754426956176758,67.77295684814453,71.3359146118164,12.7608642578125,67.41080474853516,65.2886962890625,12.762022972106934
174.8,RUNNING,10,RETURN,0.527,0.945,148.9948,10.517,True,NORMAL,MONITOR,False,{},"[""uav2"", ""uav1"", ""uav0""]",limited,False,{},NONE,NORMAL,SAFE,1.0,IDLE,0.0,0.0,0.0,,,0.0,False,avoidance not required,,{},,,,,,,,,,,0,safe,5.941,33.321,1.865,0,0,0.0,0.0,[],67.83720397949219,65.10059356689453,12.80850601196289,67.54021453857422,71.11776733398438,12.812434196472168,67.17803955078125,65.06639099121094,12.814796447753906
175.0,RUNNING,10,RETURN,0.528,0.945,148.9948,10.517,True,NORMAL,MONITOR,False,{},"[""uav2"", ""uav1"", ""uav0""]",limited,False,{},NONE,NORMAL,SAFE,1.0,IDLE,0.0,0.0,0.0,,,0.0,False,avoidance not required,,{},,,,,,,,,,,0,safe,5.941,33.101,1.866,0,0,0.0,0.0,[],67.56622314453125,64.82999420166016,12.8735933303833,67.26585388183594,70.85333251953125,12.872997283935547,66.94502258300781,64.84100341796875,12.862966537475586
175.2,RUNNING,10,RETURN,0.529,0.9448,148.96,10.517,True,NORMAL,MONITOR,False,{},"[""uav2"", ""uav1"", ""uav0""]",limited,False,{},NONE,NORMAL,SAFE,1.0,IDLE,0.0,0.0,0.0,,,0.0,False,avoidance not required,,{},,,,,,,,,,,0,safe,5.933,32.875,1.868,0,0,0.0,0.0,[],67.37973022460938,64.65258026123047,12.917377471923828,67.07763671875,70.67710876464844,12.916620254516602,66.70960235595703,64.61766052246094,12.916769981384277
175.4,RUNNING,10,RETURN,0.529,0.9448,148.96,10.517,True,NORMAL,MONITOR,False,{},"[""uav2"", ""uav1"", ""uav0""]",limited,False,{},NONE,NORMAL,SAFE,1.0,IDLE,0.0,0.0,0.0,,,0.0,False,avoidance not required,,{},,,,,,,,,,,0,safe,5.930,32.653,1.865,0,0,0.0,0.0,[],67.10084533691406,64.38319396972656,12.97752857208252,66.85234069824219,70.451904296875,12.97142505645752,66.47928619384766,64.39138793945312,12.974480628967285
175.6,RUNNING,10,RETURN,0.53,0.9446,148.9253,10.517,True,NORMAL,MONITOR,False,{},"[""uav2"", ""uav1"", ""uav0""]",limited,False,{},NONE,NORMAL,SAFE,1.0,IDLE,0.0,0.0,0.0,,,0.0,False,avoidance not required,,{},,,,,,,,,,,0,safe,5.932,32.428,1.866,0,0,0.0,0.0,[],66.9136734008789,64.20379638671875,13.019990921020508,66.62024688720703,70.22853088378906,13.026747703552246,66.24504852294922,64.16903686523438,13.03121566772461
175.8,RUNNING,10,RETURN,0.531,0.9446,148.9253,10.517,True,NORMAL,MONITOR,False,{},"[""uav2"", ""uav1"", ""uav0""]",limited,False,{},NONE,NORMAL,SAFE,1.0,IDLE,0.0,0.0,0.0,,,0.0,False,avoidance not required,,{},,,,,,,,,,,0,safe,5.931,32.204,1.863,0,0,0.0,0.0,[],66.67530822753906,63.98360824584961,13.072652816772461,66.39061737060547,70.00275421142578,13.077386856079102,66.01216888427734,63.9444465637207,13.078563690185547
176.0,RUNNING,10,RETURN,0.532,0.9446,148.9253,10.517,True,NORMAL,MONITOR,False,{},"[""uav2"", ""uav1"", ""uav0""]",limited,False,{},NONE,NORMAL,SAFE,1.0,IDLE,0.0,0.0,0.0,,,0.0,False,avoidance not required,,{},,,,,,,,,,,0,safe,5.984,31.939,1.860,0,0,0.0,0.0,[],66.43791961669922,63.761783599853516,13.124384880065918,66.15467071533203,69.77992248535156,13.128802299499512,65.77708435058594,63.72356033325195,13.12857437133789
176.2,RUNNING,10,RETURN,0.532,0.9445,148.8908,10.517,True,NORMAL,MONITOR,False,{},"[""uav2"", ""uav1"", ""uav0""]",limited,False,{},NONE,NORMAL,SAFE,1.0,IDLE,0.0,0.0,0.0,,,0.0,False,avoidance not required,,{},,,,,,,,,,,0,safe,5.939,31.742,1.853,0,0,0.0,0.0,[],66.19808197021484,63.54353713989258,13.176335334777832,65.9188461303711,69.5535659790039,13.175965309143066,65.54517364501953,63.502410888671875,13.182785987854004
176.4,RUNNING,10,RETURN,0.533,0.9445,148.8908,10.517,True,NORMAL,MONITOR,False,{},"[""uav2"", ""uav1"", ""uav0""]",limited,False,{},NONE,NORMAL,SAFE,1.0,IDLE,0.0,0.0,0.0,,,0.0,False,avoidance not required,,{},,,,,,,,,,,0,safe,5.947,31.514,1.844,0,0,0.0,0.0,[],65.91575622558594,63.2813720703125,13.239358901977539,65.63211059570312,69.28618621826172,13.235578536987305,65.31439971923828,63.28261184692383,13.232941627502441
176.6,RUNNING,10,RETURN,0.534,0.9443,148.8565,10.517,True,NORMAL,MONITOR,False,{},"[""uav2"", ""uav1"", ""uav0""]",limited,False,{},NONE,NORMAL,SAFE,1.0,IDLE,0.0,0.0,0.0,,,0.0,False,avoidance not required,,{},,,,,,,,,,,0,safe,5.999,31.281,1.769,0,0,0.0,0.0,[],65.72557830810547,63.108612060546875,13.27878475189209,65.43627166748047,69.09709930419922,13.275702476501465,65.08057403564453,63.06510925292969,13.281559944152832
176.8,RUNNING,10,RETURN,0.535,0.9443,148.8565,10.517,True,NORMAL,MONITOR,False,{},"[""uav2"", ""uav1"", ""uav0""]",limited,False,{},NONE,NORMAL,SAFE,1.0,IDLE,0.0,0.0,0.0,,,0.0,False,avoidance not required,,{},,,,,,,,,,,0,safe,5.955,31.067,1.815,0,0,0.0,0.0,[],65.48841094970703,62.88672637939453,13.32694149017334,65.20833587646484,68.88509368896484,13.321279525756836,64.84817504882812,62.84568786621094,13.333051681518555
177.0,RUNNING,10,RETURN,0.535,0.9443,148.8565,10.517,True,NORMAL,MONITOR,False,{},"[""uav2"", ""uav1"", ""uav0""]",limited,False,{},NONE,NORMAL,SAFE,1.0,IDLE,0.0,0.0,0.0,,,0.0,False,avoidance not required,,{},,,,,,,,,,,0,safe,5.960,30.846,1.822,0,0,0.0,0.0,[],65.24980926513672,62.66828155517578,13.375643730163574,64.9759750366211,68.66297149658203,13.371373176574707,64.61334228515625,62.62888717651367,13.384672164916992
177.2,RUNNING,10,RETURN,0.536,0.9441,148.8223,10.517,True,NORMAL,MONITOR,False,{},"[""uav2"", ""uav1"", ""uav0""]",limited,False,{},NONE,NORMAL,SAFE,1.0,IDLE,0.0,0.0,0.0,,,0.0,False,avoidance not required,,{},,,,,,,,,,,0,safe,5.962,30.412,1.814,0,0,0.0,0.0,[],64.9709701538086,62.40203857421875,13.429656982421875,64.69281768798828,68.40028381347656,13.433760643005371,64.37985229492188,62.41175079345703,13.433951377868652
177.4,RUNNING,10,RETURN,0.537,0.9441,148.8223,10.517,True,NORMAL,MONITOR,False,{},"[""uav2"", ""uav1"", ""uav0""]",limited,False,{},NONE,NORMAL,SAFE,1.0,IDLE,0.0,0.0,0.0,,,0.0,False,avoidance not required,,{},,,,,,,,,,,0,safe,5.962,30.412,1.814,0,0,0.0,0.0,[],64.7743911743164,62.21906661987305,13.469505310058594,64.50691986083984,68.22240447998047,13.47643756866455,64.14582824707031,62.19646453857422,13.483500480651855
177.6,RUNNING,10,RETURN,0.538,0.9439,148.7883,10.517,True,NORMAL,MONITOR,False,{},"[""uav2"", ""uav1"", ""uav0""]",limited,False,{},NONE,NORMAL,SAFE,1.0,IDLE,0.0,0.0,0.0,,,0.0,False,avoidance not required,,{},,,,,,,,,,,0,safe,5.971,30.196,1.809,0,0,0.0,0.0,[],64.5058364868164,61.96198272705078,13.526816368103027,64.22491455078125,67.9605484008789,13.537439346313477,63.92148208618164,61.977169036865234,13.537816047668457
177.8,RUNNING,10,RETURN,0.538,0.9439,148.7883,10.517,True,NORMAL,MONITOR,False,{},"[""uav2"", ""uav1"", ""uav0""]",limited,False,{},NONE,NORMAL,SAFE,1.0,IDLE,0.0,0.0,0.0,,,0.0,False,avoidance not required,,{},,,,,,,,,,,0,safe,6.016,29.962,1.750,0,0,0.0,0.0,[],64.3191146850586,61.78805160522461,13.56579875946045,64.04500579833984,67.78343963623047,13.58153247833252,63.69234848022461,61.75983428955078,13.58858871459961
178.0,RUNNING,10,RETURN,0.539,0.9439,148.7883,10.517,True,NORMAL,MONITOR,False,{},"[""uav2"", ""uav1"", ""uav0""]",limited,False,{},NONE,NORMAL,SAFE,1.0,IDLE,0.0,0.0,0.0,,,0.0,False,avoidance not required,,{},,,,,,,,,,,0,safe,5.973,29.760,1.807,0,0,0.0,0.0,[],64.09060668945312,61.5631217956543,13.610709190368652,63.814178466796875,67.5660629272461,13.6324462890625,63.464725494384766,61.53774642944336,13.639378547668457
178.2,RUNNING,10,RETURN,0.54,0.9438,148.7545,10.517,True,NORMAL,MONITOR,False,{},"[""uav2"", ""uav1"", ""uav0""]",limited,False,{},NONE,NORMAL,SAFE,1.0,IDLE,0.0,0.0,0.0,,,0.0,False,avoidance not required,,{},,,,,,,,,,,0,safe,5.974,29.538,1.807,0,0,0.0,0.0,[],63.85921096801758,61.343265533447266,13.656954765319824,63.58435821533203,67.34310913085938,13.682165145874023,63.233524322509766,61.318939208984375,13.686269760131836
178.4,RUNNING,10,RETURN,0.541,0.9438,148.7545,10.517,True,NORMAL,MONITOR,False,{},"[""uav2"", ""uav1"", ""uav0""]",limited,False,{},NONE,NORMAL,SAFE,1.0,IDLE,0.0,0.0,0.0,,,0.0,False,avoidance not required,,{},,,,,,,,,,,0,safe,6.020,29.299,1.806,0,0,0.0,0.0,[],63.62913131713867,61.119876861572266,13.706254005432129,63.35035705566406,67.12417602539062,13.728280067443848,63.007991790771484,61.10044479370117,13.73223876953125
178.6,RUNNING,10,RETURN,0.541,0.9436,148.7208,10.517,True,NORMAL,MONITOR,False,{},"[""uav2"", ""uav1"", ""uav0""]",limited,False,{},NONE,NORMAL,SAFE,1.0,IDLE,0.0,0.0,0.0,,,0.0,False,avoidance not required,,{},,,,,,,,,,,0,safe,6.025,29.076,1.803,0,0,0.0,0.0,[],63.396602630615234,60.9019660949707,13.755383491516113,63.07404327392578,66.8553466796875,13.784324645996094,62.77825164794922,60.88397979736328,13.775686264038086
178.8,RUNNING,10,RETURN,0.542,0.9436,148.7208,10.517,True,NORMAL,MONITOR,False,{},"[""uav2"", ""uav1"", ""uav0""]",limited,False,{},NONE,NORMAL,SAFE,1.0,IDLE,0.0,0.0,0.0,,,0.0,False,avoidance not required,,{},,,,,,,,,,,0,safe,5.982,28.884,1.800,0,0,0.0,0.0,[],63.16552734375,60.679969787597656,13.803251266479492,62.88686752319336,66.68048858642578,13.818607330322266,62.55198287963867,60.664642333984375,13.821061134338379
179.0,RUNNING,10,RETURN,0.543,0.9436,148.7208,10.517,True,NORMAL,MONITOR,False,{},"[""uav2"", ""uav1"", ""uav0""]",limited,False,{},NONE,NORMAL,SAFE,1.0,IDLE,0.0,0.0,0.0,,,0.0,False,avoidance not required,,{},,,,,,,,,,,0,safe,5.987,28.665,1.798,0,0,0.0,0.0,[],62.88664627075195,60.41789245605469,13.858955383300781,62.658817291259766,66.46395874023438,13.862677574157715,62.32039260864258,60.44701385498047,13.867334365844727
179.2,RUNNING,10,RETURN,0.544,0.9434,148.6869,10.517,True,NORMAL,MONITOR,False,{},"[""uav2"", ""uav1"", ""uav0""]",limited,False,{},NONE,NORMAL,SAFE,1.0,IDLE,0.0,0.0,0.0,,,0.0,False,avoidance not required,,{},,,,,,,,,,,0,safe,6.033,28.194,1.806,0,0,0.0,0.0,[],62.65800094604492,60.19389343261719,13.906604766845703,62.379600524902344,66.20764923095703,13.915775299072266,62.090641021728516,60.22223663330078,13.917337417602539
179.4,RUNNING,10,RETURN,0.544,0.9434,148.6869,10.517,True,NORMAL,MONITOR,False,{},"[""uav2"", ""uav1"", ""uav0""]",limited,False,{},NONE,NORMAL,SAFE,1.0,IDLE,0.0,0.0,0.0,,,0.0,False,avoidance not required,,{},,,,,,,,,,,0,safe,6.033,28.194,1.806,0,0,0.0,0.0,[],62.47315216064453,60.019256591796875,13.943801879882812,62.19280242919922,66.03507995605469,13.949540138244629,61.857017517089844,60.001441955566406,13.963799476623535
179.6,RUNNING,10,RETURN,0.545,0.9433,148.6532,10.517,True,NORMAL,MONITOR,False,{},"[""uav2"", ""uav1"", ""uav0""]",limited,False,{},NONE,NORMAL,SAFE,1.0,IDLE,0.0,0.0,0.0,,,0.0,False,avoidance not required,,{},,,,,,,,,,,0,safe,5.984,28.001,1.806,0,0,0.0,0.0,[],62.24468231201172,59.799259185791016,13.993132591247559,61.956634521484375,65.82122039794922,13.991905212402344,61.625152587890625,59.77727508544922,14.011120796203613
179.8,RUNNING,10,RETURN,0.546,0.9433,148.6532,10.517,True,NORMAL,MONITOR,False,{},"[""uav2"", ""uav1"", ""uav0""]",limited,False,{},NONE,NORMAL,SAFE,1.0,IDLE,0.0,0.0,0.0,,,0.0,False,avoidance not required,,{},,,,,,,,,,,0,safe,5.981,27.777,1.804,0,0,0.0,0.0,[],62.00453567504883,59.57492446899414,14.042622566223145,61.67899703979492,65.55664825439453,14.03647232055664,61.390628814697266,59.557411193847656,14.054377555847168
180.0,RUNNING,10,RETURN,0.546,0.9433,148.6532,10.517,True,NORMAL,MONITOR,False,{},"[""uav2"", ""uav1"", ""uav0""]",limited,False,{},NONE,NORMAL,SAFE,1.0,IDLE,0.0,0.0,0.0,,,0.0,False,avoidance not required,,{},,,,,,,,,,,0,safe,6.023,27.540,1.745,0,0,0.0,0.0,[],61.77122497558594,59.35984802246094,14.092486381530762,61.49889373779297,65.37743377685547,14.071203231811523,61.160919189453125,59.335872650146484,14.098631858825684
180.2,RUNNING,10,RETURN,0.547,0.9431,148.6196,10.517,True,NORMAL,MONITOR,False,{},"[""uav2"", ""uav1"", ""uav0""]",limited,False,{},NONE,NORMAL,SAFE,1.0,IDLE,0.0,0.0,0.0,,,0.0,False,avoidance not required,,{},,,,,,,,,,,0,safe,5.990,27.336,1.801,0,0,0.0,0.0,[],61.53706359863281,59.14741897583008,14.13614559173584,61.26883316040039,65.15792083740234,14.114117622375488,60.92748260498047,59.117740631103516,14.138010025024414
180.4,RUNNING,10,RETURN,0.548,0.9431,148.6196,10.517,True,NORMAL,MONITOR,False,{},"[""uav2"", ""uav1"", ""uav0""]",limited,False,{},NONE,NORMAL,SAFE,1.0,IDLE,0.0,0.0,0.0,,,0.0,False,avoidance not required,,{},,,,,,,,,,,0,safe,5.990,27.118,1.800,0,0,0.0,0.0,[],61.30767059326172,58.92945861816406,14.191298484802246,61.03653335571289,64.9385986328125,14.161459922790527,60.69331359863281,58.89332580566406,14.181180953979492
180.6,RUNNING,10,RETURN,0.549,0.9429,148.5862,10.517,True,NORMAL,MONITOR,False,{},"[""uav2"", ""uav1"", ""uav0""]",limited,False,{},NONE,NORMAL,SAFE,1.0,IDLE,0.0,0.0,0.0,,,0.0,False,avoidance not required,,{},,,,,,,,,,,0,safe,5.986,26.893,1.796,0,0,0.0,0.0,[],61.086002349853516,58.7231330871582,14.23398208618164,60.806053161621094,64.72014617919922,14.2084321975708,60.457611083984375,58.67413330078125,14.221083641052246
180.8,RUNNING,10,RETURN,0.549,0.9429,148.5862,10.517,True,NORMAL,MONITOR,False,{},"[""uav2"", ""uav1"", ""uav0""]",limited,False,{},NONE,NORMAL,SAFE,1.0,IDLE,0.0,0.0,0.0,,,0.0,False,avoidance not required,,{},,,,,,,,,,,0,safe,5.972,26.674,1.795,0,0,0.0,0.0,[],60.85817337036133,58.5067138671875,14.275042533874512,60.57279968261719,64.50465393066406,14.251128196716309,60.22425079345703,58.4566764831543,14.2596435546875
181.0,RUNNING,10,RETURN,0.55,0.9429,148.5862,10.517,True,NORMAL,MONITOR,False,{},"[""uav2"", ""uav1"", ""uav0""]",limited,False,{},NONE,NORMAL,SAFE,1.0,IDLE,0.0,0.0,0.0,,,0.0,False,avoidance not required,,{},,,,,,,,,,,0,safe,5.966,26.457,1.795,0,0,0.0,0.0,[],60.582672119140625,58.24899673461914,14.320046424865723,60.34086608886719,64.2899398803711,14.292369842529297,59.990150451660156,58.24150848388672,14.29723072052002
181.2,RUNNING,10,RETURN,0.551,0.9428,148.5529,10.517,True,NORMAL,MONITOR,False,{},"[""uav2"", ""uav1"", ""uav0""]",limited,False,{},NONE,NORMAL,SAFE,1.0,IDLE,0.0,0.0,0.0,,,0.0,False,avoidance not required,,{},,,,,,,,,,,0,safe,6.008,26.242,1.731,0,0,0.0,0.0,[],60.35443115234375,58.03617858886719,14.35806655883789,60.06044387817383,64.03372192382812,14.340277671813965,59.7582893371582,58.02018737792969,14.337620735168457
181.4,RUNNING,10,RETURN,0.552,0.9428,148.5529,10.517,True,NORMAL,MONITOR,False,{},"[""uav2"", ""uav1"", ""uav0""]",limited,False,{},NONE,NORMAL,SAFE,1.0,IDLE,0.0,0.0,0.0,,,0.0,False,avoidance not required,,{},,,,,,,,,,,0,safe,6.004,26.020,1.732,0,0,0.0,0.0,[],60.170101165771484,57.86592483520508,14.387184143066406,59.874656677246094,63.86100769042969,14.378488540649414,59.52522277832031,57.80238342285156,14.377716064453125
181.6,RUNNING,10,RETURN,0.552,0.9426,148.5197,10.517,True,NORMAL,MONITOR,False,{},"[""uav2"", ""uav1"", ""uav0""]",limited,False,{},NONE,NORMAL,SAFE,1.0,IDLE,0.0,0.0,0.0,,,0.0,False,avoidance not required,,{},,,,,,,,,,,0,safe,5.955,25.802,1.795,0,0,0.0,0.0,[],59.88951873779297,57.611297607421875,14.441978454589844,59.64071273803711,63.645931243896484,14.420679092407227,59.29281997680664,57.58424377441406,14.420194625854492
181.8,RUNNING,10,RETURN,0.553,0.9426,148.5197,10.517,True,NORMAL,MONITOR,False,{},"[""uav2"", ""uav1"", ""uav0""]",limited,False,{},NONE,NORMAL,SAFE,1.0,IDLE,0.0,0.0,0.0,,,0.0,False,avoidance not required,,{},,,,,,,,,,,0,safe,5.957,25.584,1.795,0,0,0.0,0.0,[],59.70210266113281,57.441001892089844,14.472211837768555,59.409706115722656,63.42546463012695,14.468073844909668,59.059532165527344,57.3697509765625,14.461180686950684
182.0,RUNNING,10,RETURN,0.554,0.9426,148.5197,10.517,True,NORMAL,MONITOR,False,{},"[""uav2"", ""uav1"", ""uav0""]",limited,False,{},NONE,NORMAL,SAFE,1.0,IDLE,0.0,0.0,0.0,,,0.0,False,avoidance not required,,{},,,,,,,,,,,0,safe,6.004,25.370,1.732,0,0,0.0,0.0,[],59.47100830078125,57.225341796875,14.513164520263672,59.17713165283203,63.20719909667969,14.50955867767334,58.8250846862793,57.15875244140625,14.507996559143066
182.2,RUNNING,10,RETURN,0.555,0.9424,148.4867,10.517,True,NORMAL,MONITOR,False,{},"[""uav2"", ""uav1"", ""uav0""]",limited,False,{},NONE,NORMAL,SAFE,1.0,IDLE,0.0,0.0,0.0,,,0.0,False,avoidance not required,,{},,,,,,,,,,,0,safe,5.954,25.159,1.797,0,0,0.0,0.0,[],59.19308090209961,56.965518951416016,14.558842658996582,58.94474792480469,62.992916107177734,14.553884506225586,58.59059524536133,56.947784423828125,14.549032211303711
182.4,RUNNING,10,RETURN,0.555,0.9424,148.4867,10.517,True,NORMAL,MONITOR,False,{},"[""uav2"", ""uav1"", ""uav0""]",limited,False,{},NONE,NORMAL,SAFE,1.0,IDLE,0.0,0.0,0.0,,,0.0,False,avoidance not required,,{},,,,,,,,,,,0,safe,5.998,24.948,1.733,0,0,0.0,0.0,[],59.0085334777832,56.79072189331055,14.59530258178711,58.7016716003418,62.77074432373047,14.593829154968262,58.35386276245117,56.73433303833008,14.588934898376465
182.6,RUNNING,10,RETURN,0.556,0.9423,148.4537,10.517,True,NORMAL,MONITOR,False,{},"[""uav2"", ""uav1"", ""uav0""]",limited,False,{},NONE,NORMAL,SAFE,1.0,IDLE,0.0,0.0,0.0,,,0.0,False,avoidance not required,,{},,,,,,,,,,,0,safe,5.946,24.734,1.796,0,0,0.0,0.0,[],58.7769775390625,56.57256317138672,14.63463020324707,58.47538375854492,62.562191009521484,14.62773323059082,58.11874771118164,56.52024841308594,14.626572608947754
182.8,RUNNING,10,RETURN,0.557,0.9423,148.4537,10.517,True,NORMAL,MONITOR,False,{},"[""uav2"", ""uav1"", ""uav0""]",limited,False,{},NONE,NORMAL,SAFE,1.0,IDLE,0.0,0.0,0.0,,,0.0,False,avoidance not required,,{},,,,,,,,,,,0,safe,5.942,24.520,1.795,0,0,0.0,0.0,[],58.54918670654297,56.35933303833008,14.680455207824707,58.23999786376953,62.345420837402344,14.661365509033203,57.88385009765625,56.30266571044922,14.66860580444336
183.0,RUNNING,10,RETURN,0.558,0.9423,148.4537,10.517,True,NORMAL,MONITOR,False,{},"[""uav2"", ""uav1"", ""uav0""]",limited,False,{},NONE,NORMAL,SAFE,1.0,IDLE,0.0,0.0,0.0,,,0.0,False,avoidance not required,,{},,,,,,,,,,,0,safe,5.935,24.303,1.800,0,0,0.0,0.0,[],58.319644927978516,56.1442985534668,14.71777629852295,57.99659729003906,62.11785888671875,14.701111793518066,57.65082550048828,56.08673858642578,14.709295272827148
183.2,RUNNING,10,RETURN,0.558,0.9421,148.4208,10.517,True,NORMAL,MONITOR,False,{},"[""uav2"", ""uav1"", ""uav0""]",limited,False,{},NONE,NORMAL,SAFE,1.0,IDLE,0.0,0.0,0.0,,,0.0,False,avoidance not required,,{},,,,,,,,,,,0,safe,5.931,24.087,1.803,0,0,0.0,0.0,[],58.090919494628906,55.930782318115234,14.755634307861328,57.772335052490234,61.90890121459961,14.737719535827637,57.419837951660156,55.87418746948242,14.75393009185791
183.4,RUNNING,10,RETURN,0.559,0.9421,148.4208,10.517,True,NORMAL,MONITOR,False,{},"[""uav2"", ""uav1"", ""uav0""]",limited,False,{},NONE,NORMAL,SAFE,1.0,IDLE,0.0,0.0,0.0,,,0.0,False,avoidance not required,,{},,,,,,,,,,,0,safe,5.929,23.874,1.807,0,0,0.0,0.0,[],57.859962463378906,55.714805603027344,14.787946701049805,57.54277801513672,61.691410064697266,14.783915519714355,57.18943786621094,55.66004180908203,14.790094375610352
183.6,RUNNING,10,RETURN,0.56,0.9419,148.388,10.517,True,NORMAL,MONITOR,False,{},"[""uav2"", ""uav1"", ""uav0""]",limited,False,{},NONE,NORMAL,SAFE,1.0,IDLE,0.0,0.0,0.0,,,0.0,False,avoidance not required,,{},,,,,,,,,,,0,safe,5.936,23.445,1.806,0,0,0.0,0.0,[],57.57808303833008,55.457130432128906,14.828756332397461,57.266868591308594,61.430885314941406,14.827990531921387,56.960567474365234,55.44548416137695,14.828278541564941
183.8,RUNNING,10,RETURN,0.561,0.9419,148.388,10.517,True,NORMAL,MONITOR,False,{},"[""uav2"", ""uav1"", ""uav0""]",limited,False,{},NONE,NORMAL,SAFE,1.0,IDLE,0.0,0.0,0.0,,,0.0,False,avoidance not required,,{},,,,,,,,,,,0,safe,5.936,23.445,1.806,0,0,0.0,0.0,[],57.39053726196289,55.28372573852539,14.85393238067627,57.08615493774414,61.259033203125,14.858433723449707,56.731529235839844,55.230064392089844,14.861260414123535
184.0,RUNNING,10,RETURN,0.561,0.9419,148.388,10.517,True,NORMAL,MONITOR,False,{},"[""uav2"", ""uav1"", ""uav0""]",limited,False,{},NONE,NORMAL,SAFE,1.0,IDLE,0.0,0.0,0.0,,,0.0,False,avoidance not required,,{},,,,,,,,,,,0,safe,5.941,23.230,1.802,0,0,0.0,0.0,[],57.15217590332031,55.06486511230469,14.88992691040039,56.85794448852539,61.04377365112305,14.889398574829102,56.50116729736328,55.015785217285156,14.900936126708984
184.2,RUNNING,10,RETURN,0.562,0.9418,148.3554,10.517,True,NORMAL,MONITOR,False,{},"[""uav2"", ""uav1"", ""uav0""]",limited,False,{},NONE,NORMAL,SAFE,1.0,IDLE,0.0,0.0,0.0,,,0.0,False,avoidance not required,,{},,,,,,,,,,,0,safe,5.949,23.016,1.795,0,0,0.0,0.0,[],56.9075813293457,54.83847427368164,14.928750991821289,56.62871551513672,60.83002853393555,14.925824165344238,56.26979064941406,54.80192565917969,14.942639350891113
184.4,RUNNING,10,RETURN,0.563,0.9418,148.3554,10.517,True,NORMAL,MONITOR,False,{},"[""uav2"", ""uav1"", ""uav0""]",limited,False,{},NONE,NORMAL,SAFE,1.0,IDLE,0.0,0.0,0.0,,,0.0,False,avoidance not required,,{},,,,,,,,,,,0,safe,5.962,22.802,1.787,0,0,0.0,0.0,[],56.68342590332031,54.628665924072266,14.958830833435059,56.399295806884766,60.614688873291016,14.96413803100586,56.03859329223633,54.58636474609375,14.973849296569824
184.6,RUNNING,10,RETURN,0.564,0.9416,148.323,10.517,True,NORMAL,MONITOR,False,{},"[""uav2"", ""uav1"", ""uav0""]",limited,False,{},NONE,NORMAL,SAFE,1.0,IDLE,0.0,0.0,0.0,,,0.0,False,avoidance not required,,{},,,,,,,,,,,0,safe,5.955,22.586,1.788,0,0,0.0,0.0,[],56.45086669921875,54.412689208984375,14.98957633972168,56.168392181396484,60.3989372253418,14.994667053222656,55.80441665649414,54.36965560913086,15.00402545928955
184.8,RUNNING,10,RETURN,0.564,0.9416,148.323,10.517,True,NORMAL,MONITOR,False,{},"[""uav2"", ""uav1"", ""uav0""]",limited,False,{},NONE,NORMAL,SAFE,1.0,IDLE,0.0,0.0,0.0,,,0.0,False,avoidance not required,,{},,,,,,,,,,,0,safe,5.954,22.370,1.788,0,0,0.0,0.0,[],56.21939468383789,54.19548797607422,15.016633033752441,55.93876266479492,60.18513488769531,15.025810241699219,55.57229995727539,54.152626037597656,15.030364036560059
185.0,RUNNING,10,RETURN,0.565,0.9416,148.323,10.517,True,NORMAL,MONITOR,False,{},"[""uav2"", ""uav1"", ""uav0""]",limited,False,{},NONE,NORMAL,SAFE,1.0,IDLE,0.0,0.0,0.0,,,0.0,False,avoidance not required,,{},,,,,,,,,,,0,safe,6.000,22.153,1.727,0,0,0.0,0.0,[],55.985755920410156,53.98002624511719,15.044533729553223,55.698577880859375,59.96195602416992,15.053610801696777,55.3417854309082,53.938148498535156,15.059125900268555
185.2,RUNNING,10,RETURN,0.566,0.9415,148.2907,10.517,True,NORMAL,MONITOR,False,{},"[""uav2"", ""uav1"", ""uav0""]",limited,False,{},NONE,NORMAL,SAFE,1.0,IDLE,0.0,0.0,0.0,,,0.0,False,avoidance not required,,{},,,,,,,,,,,0,safe,5.956,21.938,1.782,0,0,0.0,0.0,[],55.75369644165039,53.7633056640625,15.0708589553833,55.475406646728516,59.75581741333008,15.081293106079102,55.11259841918945,53.72672653198242,15.084339141845703
185.4,RUNNING,10,RETURN,0.567,0.9415,148.2907,10.517,True,NORMAL,MONITOR,False,{},"[""uav2"", ""uav1"", ""uav0""]",limited,False,{},NONE,NORMAL,SAFE,1.0,IDLE,0.0,0.0,0.0,,,0.0,False,avoidance not required,,{},,,,,,,,,,,0,safe,5.959,21.727,1.791,0,0,0.0,0.0,[],55.522396087646484,53.54511260986328,15.097118377685547,55.24244689941406,59.53961181640625,15.105582237243652,54.883914947509766,53.51255798339844,15.10901927947998
185.6,RUNNING,10,RETURN,0.567,0.9413,148.2583,10.517,True,NORMAL,MONITOR,False,{},"[""uav2"", ""uav1"", ""uav0""]",limited,False,{},NONE,NORMAL,SAFE,1.0,IDLE,0.0,0.0,0.0,,,0.0,False,avoidance not required,,{},,,,,,,,,,,0,safe,6.008,21.513,1.790,0,0,0.0,0.0,[],55.29201889038086,53.32643508911133,15.122664451599121,54.999839782714844,59.31612777709961,15.133292198181152,54.6579704284668,53.29595947265625,15.135440826416016
185.8,RUNNING,10,RETURN,0.568,0.9413,148.2583,10.517,True,NORMAL,MONITOR,False,{},"[""uav2"", ""uav1"", ""uav0""]",limited,False,{},NONE,NORMAL,SAFE,1.0,IDLE,0.0,0.0,0.0,,,0.0,False,avoidance not required,,{},,,,,,,,,,,0,safe,6.012,21.296,1.777,0,0,0.0,0.0,[],55.06089401245117,53.11056137084961,15.148118019104004,54.77557373046875,59.10890579223633,15.15755844116211,54.43077087402344,53.07863998413086,15.162055969238281
186.0,RUNNING,10,RETURN,0.569,0.9413,148.2583,10.517,True,NORMAL,MONITOR,False,{},"[""uav2"", ""uav1"", ""uav0""]",limited,False,{},NONE,NORMAL,SAFE,1.0,IDLE,0.0,0.0,0.0,,,0.0,False,avoidance not required,,{},,,,,,,,,,,0,safe,5.970,21.079,1.788,0,0,0.0,0.0,[],54.784629821777344,52.850948333740234,15.180388450622559,54.541954040527344,58.89529800415039,15.186222076416016,54.204559326171875,52.86504364013672,15.192513465881348
186.2,RUNNING,10,RETURN,0.57,0.9411,148.2258,10.517,True,NORMAL,MONITOR,False,{},"[""uav2"", ""uav1"", ""uav0""]",limited,False,{},NONE,NORMAL,SAFE,1.0,IDLE,0.0,0.0,0.0,,,0.0,False,avoidance not required,,{},,,,,,,,,,,0,safe,6.020,20.865,1.739,0,0,0.0,0.0,[],54.55508804321289,52.639339447021484,15.213065147399902,54.30887985229492,58.680397033691406,15.21369457244873,53.98056411743164,52.65007781982422,15.225638389587402
186.4,RUNNING,10,RETURN,0.57,0.9411,148.2258,10.517,True,NORMAL,MONITOR,False,{},"[""uav2"", ""uav1"", ""uav0""]",limited,False,{},NONE,NORMAL,SAFE,1.0,IDLE,0.0,0.0,0.0,,,0.0,False,avoidance not required,,{},,,,,,,,,,,0,safe,6.025,20.650,1.787,0,0,0.0,0.0,[],54.371639251708984,52.46799850463867,15.23648452758789,54.077598571777344,58.463260650634766,15.243760108947754,53.752994537353516,52.43299102783203,15.25464916229248
186.6,RUNNING,10,RETURN,0.571,0.941,148.1932,10.517,True,NORMAL,MONITOR,False,{},"[""uav2"", ""uav1"", ""uav0""]",limited,False,{},NONE,NORMAL,SAFE,1.0,IDLE,0.0,0.0,0.0,,,0.0,False,avoidance not required,,{},,,,,,,,,,,0,safe,5.981,20.433,1.786,0,0,0.0,0.0,[],54.13667297363281,52.250144958496094,15.268829345703125,53.84608840942383,58.24528121948242,15.271772384643555,53.521453857421875,52.21504211425781,15.283712387084961
186.8,RUNNING,10,RETURN,0.572,0.941,148.1932,10.517,True,NORMAL,MONITOR,False,{},"[""uav2"", ""uav1"", ""uav0""]",limited,False,{},NONE,NORMAL,SAFE,1.0,IDLE,0.0,0.0,0.0,,,0.0,False,avoidance not required,,{},,,,,,,,,,,0,safe,5.985,20.215,1.781,0,0,0.0,0.0,[],53.90364456176758,52.03145980834961,15.299481391906738,53.61517333984375,58.03007125854492,15.301630973815918,53.28907775878906,51.99628448486328,15.309972763061523
187.0,RUNNING,10,RETURN,0.573,0.941,148.1932,10.517,True,NORMAL,MONITOR,False,{},"[""uav2"", ""uav1"", ""uav0""]",limited,False,{},NONE,NORMAL,SAFE,1.0,IDLE,0.0,0.0,0.0,,,0.0,False,avoidance not required,,{},,,,,,,,,,,0,safe,5.986,19.996,1.785,0,0,0.0,0.0,[],53.664031982421875,51.806087493896484,15.336126327514648,53.38380432128906,57.81402587890625,15.328768730163574,53.05709457397461,51.777156829833984,15.334896087646484
187.2,RUNNING,10,RETURN,0.573,0.9408,148.1606,10.517,True,NORMAL,MONITOR,False,{},"[""uav2"", ""uav1"", ""uav0""]",limited,False,{},NONE,NORMAL,SAFE,1.0,IDLE,0.0,0.0,0.0,,,0.0,False,avoidance not required,,{},,,,,,,,,,,0,safe,5.993,19.777,1.785,0,0,0.0,0.0,[],53.44096374511719,51.59801483154297,15.36756706237793,53.15456771850586,57.59774398803711,15.355247497558594,52.824466705322266,51.5580940246582,15.362505912780762
187.4,RUNNING,10,RETURN,0.574,0.9408,148.1606,10.517,True,NORMAL,MONITOR,False,{},"[""uav2"", ""uav1"", ""uav0""]",limited,False,{},NONE,NORMAL,SAFE,1.0,IDLE,0.0,0.0,0.0,,,0.0,False,avoidance not required,,{},,,,,,,,,,,0,safe,5.984,19.558,1.786,0,0,0.0,0.0,[],53.21043014526367,51.380699157714844,15.396090507507324,52.92459487915039,57.38062286376953,15.383216857910156,52.59117889404297,51.340572357177734,15.394509315490723
187.6,RUNNING,10,RETURN,0.575,0.9406,148.128,10.517,True,NORMAL,MONITOR,False,{},"[""uav2"", ""uav1"", ""uav0""]",limited,False,{},NONE,NORMAL,SAFE,1.0,IDLE,0.0,0.0,0.0,,,0.0,False,avoidance not required,,{},,,,,,,,,,,0,safe,5.981,19.341,1.785,0,0,0.0,0.0,[],52.978031158447266,51.160186767578125,15.427449226379395,52.696083068847656,57.165191650390625,15.416678428649902,52.35850143432617,51.12261962890625,15.425451278686523
187.8,RUNNING,10,RETURN,0.576,0.9406,148.128,10.517,True,NORMAL,MONITOR,False,{},"[""uav2"", ""uav1"", ""uav0""]",limited,False,{},NONE,NORMAL,SAFE,1.0,IDLE,0.0,0.0,0.0,,,0.0,False,avoidance not required,,{},,,,,,,,,,,0,safe,5.981,19.123,1.786,0,0,0.0,0.0,[],52.74635314941406,50.93981170654297,15.45859146118164,52.46677780151367,56.949134826660156,15.447755813598633,52.12669372558594,50.90327072143555,15.45782470703125
188.0,RUNNING,10,RETURN,0.576,0.9406,148.128,10.517,True,NORMAL,MONITOR,False,{},"[""uav2"", ""uav1"", ""uav0""]",limited,False,{},NONE,NORMAL,SAFE,1.0,IDLE,0.0,0.0,0.0,,,0.0,False,avoidance not required,,{},,,,,,,,,,,0,safe,5.980,18.903,1.785,0,0,0.0,0.0,[],52.50734329223633,50.71239471435547,15.483899116516113,52.240291595458984,56.73275375366211,15.481043815612793,51.89529800415039,50.68473434448242,15.484910011291504
188.2,RUNNING,10,RETURN,0.577,0.9405,148.0957,10.517,True,NORMAL,MONITOR,False,{},"[""uav2"", ""uav1"", ""uav0""]",limited,False,{},NONE,NORMAL,SAFE,1.0,IDLE,0.0,0.0,0.0,,,0.0,False,avoidance not required,,{},,,,,,,,,,,0,safe,5.988,18.685,1.786,0,0,0.0,0.0,[],52.28850555419922,50.50376892089844,15.501995086669922,52.01292037963867,56.5153923034668,15.513654708862305,51.66534423828125,50.4656867980957,15.511665344238281
188.4,RUNNING,10,RETURN,0.578,0.9405,148.0957,10.517,True,NORMAL,MONITOR,False,{},"[""uav2"", ""uav1"", ""uav0""]",limited,False,{},NONE,NORMAL,SAFE,1.0,IDLE,0.0,0.0,0.0,,,0.0,False,avoidance not required,,{},,,,,,,,,,,0,safe,5.977,18.466,1.786,0,0,0.0,0.0,[],52.06113052368164,50.287879943847656,15.520062446594238,51.78341293334961,56.29838562011719,15.538858413696289,51.43519973754883,50.24821472167969,15.535229682922363
188.6,RUNNING,10,RETURN,0.579,0.9403,148.0636,10.517,True,NORMAL,MONITOR,False,{},"[""uav2"", ""uav1"", ""uav0""]",limited,False,{},NONE,NORMAL,SAFE,1.0,IDLE,0.0,0.0,0.0,,,0.0,False,avoidance not required,,{},,,,,,,,,,,0,safe,5.974,18.248,1.785,0,0,0.0,0.0,[],51.82128143310547,50.06727600097656,15.538743019104004,51.55698776245117,56.0814323425293,15.559107780456543,51.20627975463867,50.03110122680664,15.560187339782715
188.8,RUNNING,10,RETURN,0.579,0.9403,148.0636,10.517,True,NORMAL,MONITOR,False,{},"[""uav2"", ""uav1"", ""uav0""]",limited,False,{},NONE,NORMAL,SAFE,1.0,IDLE,0.0,0.0,0.0,,,0.0,False,avoidance not required,,{},,,,,,,,,,,0,safe,5.985,18.031,1.787,0,0,0.0,0.0,[],51.600608825683594,49.86316680908203,15.555875778198242,51.3283805847168,55.865333557128906,15.57754898071289,50.975990295410156,49.815467834472656,15.580666542053223
189.0,RUNNING,10,RETURN,0.58,0.9403,148.0636,10.517,True,NORMAL,MONITOR,False,{},"[""uav2"", ""uav1"", ""uav0""]",limited,False,{},NONE,NORMAL,SAFE,1.0,IDLE,0.0,0.0,0.0,,,0.0,False,avoidance not required,,{},,,,,,,,,,,0,safe,5.976,17.815,1.787,0,0,0.0,0.0,[],51.369441986083984,49.64677429199219,15.576547622680664,51.090328216552734,55.64149856567383,15.59619426727295,50.74214172363281,49.598731994628906,15.600028991699219
189.2,RUNNING,10,RETURN,0.581,0.9402,148.0316,10.517,True,NORMAL,MONITOR,False,{},"[""uav2"", ""uav1"", ""uav0""]",limited,False,{},NONE,NORMAL,SAFE,1.0,IDLE,0.0,0.0,0.0,,,0.0,False,avoidance not required,,{},,,,,,,,,,,0,safe,5.973,17.599,1.776,0,0,0.0,0.0,[],51.1392707824707,49.431358337402344,15.596048355102539,50.859256744384766,55.426605224609375,15.61352252960205,50.508975982666016,49.383697509765625,15.61790943145752
189.4,RUNNING,10,RETURN,0.582,0.9402,148.0316,10.517,True,NORMAL,MONITOR,False,{},"[""uav2"", ""uav1"", ""uav0""]",limited,False,{},NONE,NORMAL,SAFE,1.0,IDLE,0.0,0.0,0.0,,,0.0,False,avoidance not required,,{},,,,,,,,,,,0,safe,6.016,17.385,1.725,0,0,0.0,0.0,[],50.86164855957031,49.17204666137695,15.616007804870605,50.63702392578125,55.21851348876953,15.633235931396484,50.276084899902344,49.16868591308594,15.633110046386719
189.6,RUNNING,10,RETURN,0.582,0.94,147.9996,10.517,True,NORMAL,MONITOR,False,{},"[""uav2"", ""uav1"", ""uav0""]",limited,False,{},NONE,NORMAL,SAFE,1.0,IDLE,0.0,0.0,0.0,,,0.0,False,avoidance not required,,{},,,,,,,,,,,0,safe,6.014,17.174,1.786,0,0,0.0,0.0,[],50.67736053466797,48.99994659423828,15.631003379821777,50.404296875,55.00284957885742,15.652223587036133,50.04368209838867,48.955467224121094,15.650272369384766
189.8,RUNNING,10,RETURN,0.583,0.94,147.9996,10.517,True,NORMAL,MONITOR,False,{},"[""uav2"", ""uav1"", ""uav0""]",limited,False,{},NONE,NORMAL,SAFE,1.0,IDLE,0.0,0.0,0.0,,,0.0,False,avoidance not required,,{},,,,,,,,,,,0,safe,6.012,16.968,1.720,0,0,0.0,0.0,[],50.448402404785156,48.77916717529297,15.65274715423584,50.16611099243164,54.788944244384766,15.672286987304688,49.80946350097656,48.745235443115234,15.672985076904297
190.0,RUNNING,10,RETURN,0.584,0.94,147.9996,10.517,True,NORMAL,MONITOR,False,{},"[""uav2"", ""uav1"", ""uav0""]",limited,False,{},NONE,NORMAL,SAFE,1.0,IDLE,0.0,0.0,0.0,,,0.0,False,avoidance not required,,{},,,,,,,,,,,0,safe,5.961,16.769,1.779,0,0,0.0,0.0,[],50.210411071777344,48.55304718017578,15.674027442932129,49.92877197265625,54.57530212402344,15.692041397094727,49.576416015625,48.53397750854492,15.69229507446289
190.2,RUNNING,10,RETURN,0.585,0.9398,147.9676,10.517,True,NORMAL,MONITOR,False,{},"[""uav2"", ""uav1"", ""uav0""]",limited,False,{},NONE,NORMAL,SAFE,1.0,IDLE,0.0,0.0,0.0,,,0.0,False,avoidance not required,,{},,,,,,,,,,,0,safe,5.966,16.572,1.775,0,0,0.0,0.0,[],49.94305419921875,48.30012512207031,15.694955825805664,49.64664077758789,54.3189582824707,15.71387004852295,49.34320831298828,48.3188362121582,15.7102632522583
190.4,RUNNING,10,RETURN,0.585,0.9398,147.9676,10.517,True,NORMAL,MONITOR,False,{},"[""uav2"", ""uav1"", ""uav0""]",limited,False,{},NONE,NORMAL,SAFE,1.0,IDLE,0.0,0.0,0.0,,,0.0,False,avoidance not required,,{},,,,,,,,,,,0,safe,6.000,16.375,1.709,0,0,0.0,0.0,[],49.75801086425781,48.1250114440918,15.708539009094238,49.459434509277344,54.14857482910156,15.727828979492188,49.111873626708984,48.10349655151367,15.730293273925781
190.6,RUNNING,10,RETURN,0.586,0.9397,147.9356,10.517,True,NORMAL,MONITOR,False,{},"[""uav2"", ""uav1"", ""uav0""]",limited,False,{},NONE,NORMAL,SAFE,1.0,IDLE,0.0,0.0,0.0,,,0.0,False,avoidance not required,,{},,,,,,,,,,,0,safe,5.954,16.182,1.771,0,0,0.0,0.0,[],49.52748489379883,47.909339904785156,15.727938652038574,49.220699310302734,53.92396926879883,15.748445510864258,48.88072204589844,47.88908767700195,15.74880313873291
190.8,RUNNING,10,RETURN,0.587,0.9397,147.9356,10.517,True,NORMAL,MONITOR,False,{},"[""uav2"", ""uav1"", ""uav0""]",limited,False,{},NONE,NORMAL,SAFE,1.0,IDLE,0.0,0.0,0.0,,,0.0,False,avoidance not required,,{},,,,,,,,,,,0,safe,5.953,15.993,1.759,0,0,0.0,0.0,[],49.29315185546875,47.696956634521484,15.750536918640137,48.99995803833008,53.717193603515625,15.767425537109375,48.64521789550781,47.67435073852539,15.764806747436523
191.0,RUNNING,10,RETURN,0.588,0.9397,147.9356,10.517,True,NORMAL,MONITOR,False,{},"[""uav2"", ""uav1"", ""uav0""]",limited,False,{},NONE,NORMAL,SAFE,1.0,IDLE,0.0,0.0,0.0,,,0.0,False,avoidance not required,,{},,,,,,,,,,,0,safe,5.952,15.808,1.771,0,0,0.0,0.0,[],49.05479431152344,47.48704147338867,15.767617225646973,48.76884078979492,53.50033950805664,15.782958030700684,48.41221618652344,47.45987319946289,15.784954071044922
191.2,RUNNING,10,RETURN,0.588,0.9395,147.9036,10.517,True,NORMAL,MONITOR,False,{},"[""uav2"", ""uav1"", ""uav0""]",limited,False,{},NONE,NORMAL,SAFE,1.0,IDLE,0.0,0.0,0.0,,,0.0,False,avoidance not required,,{},,,,,,,,,,,0,safe,5.958,15.628,1.770,0,0,0.0,0.0,[],48.819854736328125,47.277828216552734,15.785571098327637,48.53740310668945,53.285152435302734,15.800152778625488,48.18108367919922,47.24585723876953,15.802735328674316
191.4,RUNNING,10,RETURN,0.589,0.9395,147.9036,10.517,True,NORMAL,MONITOR,False,{},"[""uav2"", ""uav1"", ""uav0""]",limited,False,{},NONE,NORMAL,SAFE,1.0,IDLE,0.0,0.0,0.0,,,0.0,False,avoidance not required,,{},,,,,,,,,,,0,safe,5.961,15.453,1.769,0,0,0.0,0.0,[],48.58977127075195,47.06193161010742,15.801209449768066,48.30299758911133,53.069435119628906,15.813318252563477,47.95051574707031,47.0261116027832,15.815935134887695
191.6,RUNNING,10,RETURN,0.59,0.9394,147.8715,10.517,True,NORMAL,MONITOR,False,{},"[""uav2"", ""uav1"", ""uav0""]",limited,False,{},NONE,NORMAL,SAFE,1.0,IDLE,0.0,0.0,0.0,,,0.0,False,avoidance not required,,{},,,,,,,,,,,0,safe,5.961,15.276,1.766,0,0,0.0,0.0,[],48.36068344116211,46.847877502441406,15.819513320922852,48.069435119628906,52.85546112060547,15.829476356506348,47.72050857543945,46.80931091308594,15.833666801452637
191.8,RUNNING,10,RETURN,0.591,0.9394,147.8715,10.517,True,NORMAL,MONITOR,False,{},"[""uav2"", ""uav1"", ""uav0""]",limited,False,{},NONE,NORMAL,SAFE,1.0,IDLE,0.0,0.0,0.0,,,0.0,False,avoidance not required,,{},,,,,,,,,,,0,safe,5.960,15.106,1.764,0,0,0.0,0.0,[],48.129737854003906,46.631187438964844,15.843571662902832,47.84025192260742,52.63154983520508,15.848308563232422,47.48834991455078,46.591529846191406,15.854660034179688
192.0,RUNNING,10,RETURN,0.591,0.9394,147.8715,10.517,True,NORMAL,MONITOR,False,{},"[""uav2"", ""uav1"", ""uav0""]",limited,False,{},NONE,NORMAL,SAFE,1.0,IDLE,0.0,0.0,0.0,,,0.0,False,avoidance not required,,{},,,,,,,,,,,0,safe,6.005,14.941,1.695,0,0,0.0,0.0,[],47.90034484863281,46.41689682006836,15.866530418395996,47.61060333251953,52.411781311035156,15.867427825927734,47.25483322143555,46.37481689453125,15.872041702270508
192.2,RUNNING,10,RETURN,0.592,0.9392,147.8394,10.517,True,NORMAL,MONITOR,False,{},"[""uav2"", ""uav1"", ""uav0""]",limited,False,{},NONE,NORMAL,SAFE,1.0,IDLE,0.0,0.0,0.0,,,0.0,False,avoidance not required,,{},,,,,,,,,,,0,safe,5.955,14.782,1.755,0,0,0.0,0.0,[],47.6722297668457,46.20088577270508,15.88337230682373,47.38159942626953,52.191680908203125,15.883639335632324,47.02398681640625,46.16072082519531,15.889973640441895
192.4,RUNNING,10,RETURN,0.593,0.9392,147.8394,10.517,True,NORMAL,MONITOR,False,{},"[""uav2"", ""uav1"", ""uav0""]",limited,False,{},NONE,NORMAL,SAFE,1.0,IDLE,0.0,0.0,0.0,,,0.0,False,avoidance not required,,{},,,,,,,,,,,0,safe,5.952,14.630,1.751,0,0,0.0,0.0,[],47.44424819946289,45.984832763671875,15.89346694946289,47.15223693847656,51.97583770751953,15.900529861450195,46.79341506958008,45.94698715209961,15.910797119140625
192.6,RUNNING,10,RETURN,0.594,0.939,147.8074,10.517,True,NORMAL,MONITOR,False,{},"[""uav2"", ""uav1"", ""uav0""]",limited,False,{},NONE,NORMAL,SAFE,1.0,IDLE,0.0,0.0,0.0,,,0.0,False,avoidance not required,,{},,,,,,,,,,,0,safe,5.949,14.484,1.751,0,0,0.0,0.0,[],47.21601486206055,45.77142333984375,15.906916618347168,46.926021575927734,51.758296966552734,15.922345161437988,46.56389617919922,45.734283447265625,15.929450035095215
192.8,RUNNING,10,RETURN,0.594,0.939,147.8074,10.517,True,NORMAL,MONITOR,False,{},"[""uav2"", ""uav1"", ""uav0""]",limited,False,{},NONE,NORMAL,SAFE,1.0,IDLE,0.0,0.0,0.0,,,0.0,False,avoidance not required,,{},,,,,,,,,,,0,safe,5.993,14.344,1.690,0,0,0.0,0.0,[],46.98966598510742,45.55697250366211,15.923130989074707,46.69793701171875,51.54473114013672,15.941872596740723,46.33374786376953,45.51552200317383,15.948418617248535
193.0,RUNNING,10,RETURN,0.595,0.939,147.8074,10.517,True,NORMAL,MONITOR,False,{},"[""uav2"", ""uav1"", ""uav0""]",limited,False,{},NONE,NORMAL,SAFE,1.0,IDLE,0.0,0.0,0.0,,,0.0,False,avoidance not required,,{},,,,,,,,,,,0,safe,5.944,14.203,1.755,0,0,0.0,0.0,[],46.76182556152344,45.34461212158203,15.941057205200195,46.466636657714844,51.31666946411133,15.953842163085938,46.104888916015625,45.300052642822266,15.964746475219727
193.2,RUNNING,10,RETURN,0.596,0.9389,147.7757,10.517,True,NORMAL,MONITOR,False,{},"[""uav2"", ""uav1"", ""uav0""]",limited,False,{},NONE,NORMAL,SAFE,1.0,IDLE,0.0,0.0,0.0,,,0.0,False,avoidance not required,,{},,,,,,,,,,,0,safe,5.943,14.071,1.757,0,0,0.0,0.0,[],46.53733825683594,45.12854766845703,15.960893630981445,46.240535736083984,51.102256774902344,15.966556549072266,45.878517150878906,45.0802116394043,15.978374481201172
193.4,RUNNING,10,RETURN,0.597,0.9389,147.7757,10.517,True,NORMAL,MONITOR,False,{},"[""uav2"", ""uav1"", ""uav0""]",limited,False,{},NONE,NORMAL,SAFE,1.0,IDLE,0.0,0.0,0.0,,,0.0,False,avoidance not required,,{},,,,,,,,,,,0,safe,5.986,13.941,1.745,0,0,0.0,0.0,[],46.309974670410156,44.915157318115234,15.97890853881836,46.02422332763672,50.89582443237305,15.980239868164062,45.651187896728516,44.86489486694336,15.990331649780273
193.6,RUNNING,10,RETURN,0.597,0.9387,147.744,10.517,True,NORMAL,MONITOR,False,{},"[""uav2"", ""uav1"", ""uav0""]",limited,False,{},NONE,NORMAL,SAFE,1.0,IDLE,0.0,0.0,0.0,,,0.0,False,avoidance not required,,{},,,,,,,,,,,0,safe,5.941,13.820,1.762,0,0,0.0,0.0,[],46.08054733276367,44.70118713378906,15.995086669921875,45.79487609863281,50.68438720703125,15.99510383605957,45.42312240600586,44.65229797363281,15.995809555053711
193.8,RUNNING,10,RETURN,0.598,0.9387,147.744,10.517,True,NORMAL,MONITOR,False,{},"[""uav2"", ""uav1"", ""uav0""]",limited,False,{},NONE,NORMAL,SAFE,1.0,IDLE,0.0,0.0,0.0,,,0.0,False,avoidance not required,,{},,,,,,,,,,,0,safe,5.989,13.709,1.700,0,0,0.0,0.0,[],45.849361419677734,44.48954391479492,16.00992202758789,45.557350158691406,50.46624755859375,16.016658782958984,45.19453048706055,44.442665100097656,16.004907608032227
194.0,RUNNING,10,RETURN,0.599,0.9387,147.744,10.517,True,NORMAL,MONITOR,False,{},"[""uav2"", ""uav1"", ""uav0""]",limited,False,{},NONE,NORMAL,SAFE,1.0,IDLE,0.0,0.0,0.0,,,0.0,False,avoidance not required,,{},,,,,,,,,,,0,safe,6.002,13.511,1.773,0,0,0.0,0.0,[],45.57025146484375,44.23235321044922,16.028745651245117,45.294639587402344,50.22530746459961,16.037626266479492,44.97195816040039,44.23651885986328,16.012033462524414
194.2,RUNNING,10,RETURN,0.6,0.9386,147.7121,10.517,True,NORMAL,MONITOR,False,{},"[""uav2"", ""uav1"", ""uav0""]",limited,False,{},NONE,NORMAL,SAFE,1.0,IDLE,0.0,0.0,0.0,,,0.0,False,avoidance not required,,{},,,,,,,,,,,0,safe,6.002,13.511,1.773,0,0,0.0,0.0,[],45.374271392822266,44.05411911010742,16.041059494018555,45.109886169433594,50.06013107299805,16.047630310058594,44.74604797363281,44.0297737121582,16.023067474365234
194.4,RUNNING,10,RETURN,0.6,0.9386,147.7121,10.517,True,NORMAL,MONITOR,False,{},"[""uav2"", ""uav1"", ""uav0""]",limited,False,{},NONE,NORMAL,SAFE,1.0,IDLE,0.0,0.0,0.0,,,0.0,False,avoidance not required,,{},,,,,,,,,,,0,safe,5.972,13.423,1.777,0,0,0.0,0.0,[],45.111942291259766,43.80717086791992,16.053421020507812,44.87968063354492,49.85002136230469,16.056468963623047,44.52096176147461,43.82149124145508,16.03567886352539
194.6,RUNNING,10,RETURN,0.601,0.9384,147.6801,10.517,True,NORMAL,MONITOR,False,{},"[""uav2"", ""uav1"", ""uav0""]",limited,False,{},NONE,NORMAL,SAFE,1.0,IDLE,0.0,0.0,0.0,,,0.0,False,avoidance not required,,{},,,,,,,,,,,0,safe,5.964,13.339,1.780,0,0,0.0,0.0,[],44.92863845825195,43.63827133178711,16.063922882080078,44.5999870300293,49.598209381103516,16.06725311279297,44.29242706298828,43.61249542236328,16.050674438476562
194.8,RUNNING,10,RETURN,0.602,0.9384,147.6801,10.517,True,NORMAL,MONITOR,False,{},"[""uav2"", ""uav1"", ""uav0""]",limited,False,{},NONE,NORMAL,SAFE,1.0,IDLE,0.0,0.0,0.0,,,0.0,False,avoidance not required,,{},,,,,,,,,,,0,safe,5.964,13.263,1.781,0,0,0.0,0.0,[],44.70022201538086,43.425994873046875,16.081974029541016,44.41883087158203,49.42689514160156,16.075143814086914,44.06272506713867,43.401405334472656,16.069164276123047
195.0,RUNNING,10,RETURN,0.603,0.9384,147.6801,10.517,True,NORMAL,MONITOR,False,{},"[""uav2"", ""uav1"", ""uav0""]",limited,False,{},NONE,NORMAL,SAFE,1.0,IDLE,0.0,0.0,0.0,,,0.0,False,avoidance not required,,{},,,,,,,,,,,0,safe,5.963,13.193,1.768,0,0,0.0,0.0,[],44.4691162109375,43.21495056152344,16.097272872924805,44.18764114379883,49.214866638183594,16.086902618408203,43.83109664916992,43.18842697143555,16.085718154907227
195.2,RUNNING,10,RETURN,0.603,0.9382,147.6481,10.517,True,NORMAL,MONITOR,False,{},"[""uav2"", ""uav1"", ""uav0""]",limited,False,{},NONE,NORMAL,SAFE,1.0,IDLE,0.0,0.0,0.0,,,0.0,False,avoidance not required,,{},,,,,,,,,,,0,safe,5.962,13.129,1.784,0,0,0.0,0.0,[],44.233253479003906,42.99468994140625,16.113698959350586,43.909141540527344,48.953948974609375,16.10627555847168,43.5982780456543,42.97592544555664,16.10062599182129
195.4,RUNNING,10,RETURN,0.604,0.9382,147.6481,10.517,True,NORMAL,MONITOR,False,{},"[""uav2"", ""uav1"", ""uav0""]",limited,False,{},NONE,NORMAL,SAFE,1.0,IDLE,0.0,0.0,0.0,,,0.0,False,avoidance not required,,{},,,,,,,,,,,0,safe,5.965,13.073,1.761,0,0,0.0,0.0,[],44.00279998779297,42.783485412597656,16.126588821411133,43.72107696533203,48.78251266479492,16.116485595703125,43.369632720947266,42.76157760620117,16.11588478088379
195.6,RUNNING,10,RETURN,0.605,0.9381,147.6161,10.517,True,NORMAL,MONITOR,False,{},"[""uav2"", ""uav1"", ""uav0""]",limited,False,{},NONE,NORMAL,SAFE,1.0,IDLE,0.0,0.0,0.0,,,0.0,False,avoidance not required,,{},,,,,,,,,,,0,safe,5.967,13.021,1.776,0,0,0.0,0.0,[],43.78044128417969,42.58155822753906,16.13731575012207,43.4899787902832,48.56593322753906,16.12970733642578,43.138465881347656,42.54804611206055,16.129240036010742
195.8,RUNNING,10,RETURN,0.606,0.9381,147.6161,10.517,True,NORMAL,MONITOR,False,{},"[""uav2"", ""uav1"", ""uav0""]",limited,False,{},NONE,NORMAL,SAFE,1.0,IDLE,0.0,0.0,0.0,,,0.0,False,avoidance not required,,{},,,,,,,,,,,0,safe,5.958,12.978,1.777,0,0,0.0,0.0,[],43.54676055908203,42.371768951416016,16.14922332763672,43.25579071044922,48.35228729248047,16.14162826538086,42.91257858276367,42.33573532104492,16.141571044921875
196.0,RUNNING,10,RETURN,0.606,0.9381,147.6161,10.517,True,NORMAL,MONITOR,False,{},"[""uav2"", ""uav1"", ""uav0""]",limited,False,{},NONE,NORMAL,SAFE,1.0,IDLE,0.0,0.0,0.0,,,0.0,False,avoidance not required,,{},,,,,,,,,,,0,safe,5.966,12.941,1.777,0,0,0.0,0.0,[],43.30990982055664,42.153682708740234,16.16758918762207,43.026939392089844,48.140594482421875,16.1517276763916,42.683170318603516,42.12413024902344,16.155506134033203
196.2,RUNNING,10,RETURN,0.607,0.9379,147.5841,10.517,True,NORMAL,MONITOR,False,{},"[""uav2"", ""uav1"", ""uav0""]",limited,False,{},NONE,NORMAL,SAFE,1.0,IDLE,0.0,0.0,0.0,,,0.0,False,avoidance not required,,{},,,,,,,,,,,0,safe,5.973,12.914,1.774,0,0,0.0,0.0,[],43.08855056762695,41.95195007324219,16.182329177856445,42.79488754272461,47.93104553222656,16.163204193115234,42.45696258544922,41.9127197265625,16.172195434570312
196.4,RUNNING,10,RETURN,0.608,0.9379,147.5841,10.517,True,NORMAL,MONITOR,False,{},"[""uav2"", ""uav1"", ""uav0""]",limited,False,{},NONE,NORMAL,SAFE,1.0,IDLE,0.0,0.0,0.0,,,0.0,False,avoidance not required,,{},,,,,,,,,,,0,safe,5.969,12.892,1.783,0,0,0.0,0.0,[],42.86192321777344,41.74276351928711,16.19512939453125,42.56554412841797,47.72005081176758,16.180421829223633,42.22679901123047,41.700889587402344,16.187335968017578
196.6,RUNNING,10,RETURN,0.609,0.9378,147.5522,10.517,True,NORMAL,MONITOR,False,{},"[""uav2"", ""uav1"", ""uav0""]",limited,False,{},NONE,NORMAL,SAFE,1.0,IDLE,0.0,0.0,0.0,,,0.0,False,avoidance not required,,{},,,,,,,,,,,0,safe,5.965,12.880,1.788,0,0,0.0,0.0,[],42.631591796875,41.53289794921875,16.208003997802734,42.337440490722656,47.50821304321289,16.200632095336914,41.99813461303711,41.486385345458984,16.203479766845703
196.8,RUNNING,10,RETURN,0.609,0.9378,147.5522,10.517,True,NORMAL,MONITOR,False,{},"[""uav2"", ""uav1"", ""uav0""]",limited,False,{},NONE,NORMAL,SAFE,1.0,IDLE,0.0,0.0,0.0,,,0.0,False,avoidance not required,,{},,,,,,,,,,,0,safe,6.011,12.873,1.734,0,0,0.0,0.0,[],42.36285400390625,41.279361724853516,16.224763870239258,42.105621337890625,47.29816818237305,16.215547561645508,41.766387939453125,41.27330780029297,16.218238830566406
197.0,RUNNING,10,RETURN,0.61,0.9378,147.5522,10.517,True,NORMAL,MONITOR,False,{},"[""uav2"", ""uav1"", ""uav0""]",limited,False,{},NONE,NORMAL,SAFE,1.0,IDLE,0.0,0.0,0.0,,,0.0,False,avoidance not required,,{},,,,,,,,,,,0,safe,6.004,12.876,1.734,0,0,0.0,0.0,[],42.1703987121582,41.10176467895508,16.233257293701172,41.876914978027344,47.08460998535156,16.232532501220703,41.53773880004883,41.06157302856445,16.233125686645508
197.2,RUNNING,10,RETURN,0.611,0.9376,147.5204,10.517,True,NORMAL,MONITOR,False,{},"[""uav2"", ""uav1"", ""uav0""]",limited,False,{},NONE,NORMAL,SAFE,1.0,IDLE,0.0,0.0,0.0,,,0.0,False,avoidance not required,,{},,,,,,,,,,,0,safe,5.967,12.886,1.786,0,0,0.0,0.0,[],41.94752502441406,40.89583206176758,16.2440185546875,41.64478302001953,46.87277603149414,16.243175506591797,41.30583953857422,40.85103988647461,16.243024826049805
197.4,RUNNING,10,RETURN,0.612,0.9376,147.5204,10.517,True,NORMAL,MONITOR,False,{},"[""uav2"", ""uav1"", ""uav0""]",limited,False,{},NONE,NORMAL,SAFE,1.0,IDLE,0.0,0.0,0.0,,,0.0,False,avoidance not required,,{},,,,,,,,,,,0,safe,5.958,12.907,1.796,0,0,0.0,0.0,[],41.72774124145508,40.69610595703125,16.253353118896484,41.416996002197266,46.666419982910156,16.250181198120117,41.077110290527344,40.6449089050293,16.252927780151367
197.6,RUNNING,10,RETURN,0.612,0.9374,147.4888,10.517,True,NORMAL,MONITOR,False,{},"[""uav2"", ""uav1"", ""uav0""]",limited,False,{},NONE,NORMAL,SAFE,1.0,IDLE,0.0,0.0,0.0,,,0.0,False,avoidance not required,,{},,,,,,,,,,,0,safe,5.950,12.936,1.813,0,0,0.0,0.0,[],41.49916458129883,40.482887268066406,16.263214111328125,41.176307678222656,46.45219039916992,16.256591796875,40.84516906738281,40.4368782043457,16.262407302856445
197.8,RUNNING,10,RETURN,0.613,0.9374,147.4888,10.517,True,NORMAL,MONITOR,False,{},"[""uav2"", ""uav1"", ""uav0""]",limited,False,{},NONE,NORMAL,SAFE,1.0,IDLE,0.0,0.0,0.0,,,0.0,False,avoidance not required,,{},,,,,,,,,,,0,safe,5.946,12.973,1.814,0,0,0.0,0.0,[],41.265804290771484,40.269195556640625,16.273286819458008,40.95248794555664,46.25278854370117,16.261388778686523,40.61610794067383,40.2253303527832,16.27617073059082
198.0,RUNNING,10,RETURN,0.614,0.9374,147.4888,10.517,True,NORMAL,MONITOR,False,{},"[""uav2"", ""uav1"", ""uav0""]",limited,False,{},NONE,NORMAL,SAFE,1.0,IDLE,0.0,0.0,0.0,,,0.0,False,avoidance not required,,{},,,,,,,,,,,0,safe,5.950,13.013,1.811,0,0,0.0,0.0,[],41.025028228759766,40.04485321044922,16.281145095825195,40.71712875366211,46.044517517089844,16.268657684326172,40.38361358642578,40.01200866699219,16.28643798828125
198.2,RUNNING,10,RETURN,0.615,0.9373,147.4573,10.517,True,NORMAL,MONITOR,False,{},"[""uav2"", ""uav1"", ""uav0""]",limited,False,{},NONE,NORMAL,SAFE,1.0,IDLE,0.0,0.0,0.0,,,0.0,False,avoidance not required,,{},,,,,,,,,,,0,safe,5.959,13.062,1.795,0,0,0.0,0.0,[],40.79918670654297,39.83865737915039,16.288129806518555,40.48097229003906,45.833824157714844,16.27369499206543,40.152462005615234,39.79094696044922,16.29521369934082
198.4,RUNNING,10,RETURN,0.615,0.9373,147.4573,10.517,True,NORMAL,MONITOR,False,{},"[""uav2"", ""uav1"", ""uav0""]",limited,False,{},NONE,NORMAL,SAFE,1.0,IDLE,0.0,0.0,0.0,,,0.0,False,avoidance not required,,{},,,,,,,,,,,0,safe,5.953,13.113,1.803,0,0,0.0,0.0,[],40.56777572631836,39.62478256225586,16.29742431640625,40.24393844604492,45.62300109863281,16.281869888305664,39.91838455200195,39.573951721191406,16.301820755004883
198.6,RUNNING,10,RETURN,0.616,0.9371,147.4258,10.517,True,NORMAL,MONITOR,False,{},"[""uav2"", ""uav1"", ""uav0""]",limited,False,{},NONE,NORMAL,SAFE,1.0,IDLE,0.0,0.0,0.0,,,0.0,False,avoidance not required,,{},,,,,,,,,,,0,safe,5.951,13.176,1.801,0,0,0.0,0.0,[],40.332984924316406,39.411582946777344,16.306108474731445,40.007347106933594,45.41019058227539,16.294147491455078,39.68574905395508,39.362342834472656,16.30967903137207
198.8,RUNNING,10,RETURN,0.617,0.9371,147.4258,10.517,True,NORMAL,MONITOR,False,{},"[""uav2"", ""uav1"", ""uav0""]",limited,False,{},NONE,NORMAL,SAFE,1.0,IDLE,0.0,0.0,0.0,,,0.0,False,avoidance not required,,{},,,,,,,,,,,0,safe,5.953,13.248,1.798,0,0,0.0,0.0,[],40.050697326660156,39.1510009765625,16.318693161010742,39.72445297241211,45.155555725097656,16.306543350219727,39.450443267822266,39.150794982910156,16.31731414794922
199.0,RUNNING,10,RETURN,0.618,0.9371,147.4258,10.517,True,NORMAL,MONITOR,False,{},"[""uav2"", ""uav1"", ""uav0""]",limited,False,{},NONE,NORMAL,SAFE,1.0,IDLE,0.0,0.0,0.0,,,0.0,False,avoidance not required,,{},,,,,,,,,,,0,safe,6.000,13.330,1.727,0,0,0.0,0.0,[],39.86098861694336,38.97890090942383,16.32518768310547,39.53266143798828,44.975215911865234,16.31589698791504,39.21297073364258,38.936092376708984,16.326702117919922
199.2,RUNNING,10,RETURN,0.618,0.937,147.3943,10.517,True,NORMAL,MONITOR,False,{},"[""uav2"", ""uav1"", ""uav0""]",limited,False,{},NONE,NORMAL,SAFE,1.0,IDLE,0.0,0.0,0.0,,,0.0,False,avoidance not required,,{},,,,,,,,,,,0,safe,5.952,13.419,1.784,0,0,0.0,0.0,[],39.62590789794922,38.758094787597656,16.337635040283203,39.311161041259766,44.770545959472656,16.324621200561523,38.9764289855957,38.72343826293945,16.33378028869629
199.4,RUNNING,10,RETURN,0.619,0.937,147.3943,10.517,True,NORMAL,MONITOR,False,{},"[""uav2"", ""uav1"", ""uav0""]",limited,False,{},NONE,NORMAL,SAFE,1.0,IDLE,0.0,0.0,0.0,,,0.0,False,avoidance not required,,{},,,,,,,,,,,0,safe,5.951,13.515,1.776,0,0,0.0,0.0,[],39.39571762084961,38.54637908935547,16.345924377441406,39.08328628540039,44.55384826660156,16.338886260986328,38.74892807006836,38.51336669921875,16.34132194519043
199.6,RUNNING,10,RETURN,0.62,0.9368,147.3629,10.517,True,NORMAL,MONITOR,False,{},"[""uav2"", ""uav1"", ""uav0""]",limited,False,{},NONE,NORMAL,SAFE,1.0,IDLE,0.0,0.0,0.0,,,0.0,False,avoidance not required,,{},,,,,,,,,,,0,safe,5.953,13.611,1.777,0,0,0.0,0.0,[],39.17327880859375,38.342811584472656,16.354337692260742,38.85319137573242,44.33929443359375,16.347919464111328,38.51802444458008,38.30316162109375,16.347387313842773
199.8,RUNNING,10,RETURN,0.621,0.9368,147.3629,10.517,True,NORMAL,MONITOR,False,{},"[""uav2"", ""uav1"", ""uav0""]",limited,False,{},NONE,NORMAL,SAFE,1.0,IDLE,0.0,0.0,0.0,,,0.0,False,avoidance not required,,{},,,,,,,,,,,0,safe,5.945,13.716,1.789,0,0,0.0,0.0,[],38.9428825378418,38.12861633300781,16.362476348876953,38.62712860107422,44.1273307800293,16.357961654663086,38.28382110595703,38.09278869628906,16.353221893310547
200.0,RUNNING,10,RETURN,0.621,0.9368,147.3629,10.517,True,NORMAL,MONITOR,False,{},"[""uav2"", ""uav1"", ""uav0""]",limited,False,{},NONE,NORMAL,SAFE,1.0,IDLE,0.0,0.0,0.0,,,0.0,False,avoidance not required,,{},,,,,,,,,,,0,safe,5.941,13.831,1.787,0,0,0.0,0.0,[],38.662776947021484,37.873294830322266,16.369131088256836,38.39799499511719,43.91619873046875,16.36673355102539,38.048973083496094,37.882083892822266,16.355863571166992
200.2,RUNNING,10,RETURN,0.622,0.9367,147.3315,10.517,True,NORMAL,MONITOR,False,{},"[""uav2"", ""uav1"", ""uav0""]",limited,False,{},NONE,NORMAL,SAFE,1.0,IDLE,0.0,0.0,0.0,,,0.0,False,avoidance not required,,{},,,,,,,,,,,0,safe,5.986,13.952,1.777,0,0,0.0,0.0,[],38.47553634643555,37.70328903198242,16.37381362915039,38.1668701171875,43.69866180419922,16.375871658325195,37.81439971923828,37.66958999633789,16.357532501220703
200.4,RUNNING,10,RETURN,0.623,0.9367,147.3315,10.517,True,NORMAL,MONITOR,False,{},"[""uav2"", ""uav1"", ""uav0""]",limited,False,{},NONE,NORMAL,SAFE,1.0,IDLE,0.0,0.0,0.0,,,0.0,False,avoidance not required,,{},,,,,,,,,,,0,safe,5.939,14.078,1.783,0,0,0.0,0.0,[],38.23052215576172,37.48323059082031,16.38022804260254,37.9338264465332,43.483673095703125,16.38126564025879,37.58020782470703,37.457515716552734,16.362895965576172
200.6,RUNNING,10,RETURN,0.624,0.9365,147.2999,10.517,True,NORMAL,MONITOR,False,{},"[""uav2"", ""uav1"", ""uav0""]",limited,False,{},NONE,NORMAL,SAFE,1.0,IDLE,0.0,0.0,0.0,,,0.0,False,avoidance not required,,{},,,,,,,,,,,0,safe,5.950,14.210,1.770,0,0,0.0,0.0,[],37.995269775390625,37.26996994018555,16.389204025268555,37.70127487182617,43.26970291137695,16.386348724365234,37.34857940673828,37.2439079284668,16.373214721679688
200.8,RUNNING,10,RETURN,0.624,0.9365,147.2999,10.517,True,NORMAL,MONITOR,False,{},"[""uav2"", ""uav1"", ""uav0""]",limited,False,{},NONE,NORMAL,SAFE,1.0,IDLE,0.0,0.0,0.0,,,0.0,False,avoidance not required,,{},,,,,,,,,,,0,safe,5.953,14.344,1.767,0,0,0.0,0.0,[],37.76904296875,37.06635284423828,16.395353317260742,37.46780014038086,43.05802536010742,16.392335891723633,37.11659240722656,37.03128433227539,16.381567001342773
201.0,RUNNING,10,RETURN,0.625,0.9365,147.2999,10.517,True,NORMAL,MONITOR,False,{},"[""uav2"", ""uav1"", ""uav0""]",limited,False,{},NONE,NORMAL,SAFE,1.0,IDLE,0.0,0.0,0.0,,,0.0,False,avoidance not required,,{},,,,,,,,,,,0,safe,5.948,14.055,1.772,0,0,0.0,0.0,[],37.52532958984375,36.842281341552734,16.40428352355957,37.2369384765625,42.84664535522461,16.39588737487793,36.885650634765625,36.81958770751953,16.38526725769043
201.2,RUNNING,10,RETURN,0.626,0.9363,147.2685,10.517,True,NORMAL,MONITOR,False,{},"[""uav2"", ""uav1"", ""uav0""]",limited,False,{},NONE,NORMAL,SAFE,1.0,IDLE,0.0,0.0,0.0,,,0.0,False,avoidance not required,,{},,,,,,,,,,,0,safe,5.960,13.730,1.754,0,0,0.0,0.0,[],37.300479888916016,36.637027740478516,16.410831451416016,37.00508499145508,42.635162353515625,16.397144317626953,36.65444564819336,36.608367919921875,16.39027214050293
201.4,RUNNING,10,RETURN,0.627,0.9363,147.2685,10.517,True,NORMAL,MONITOR,False,{},"[""uav2"", ""uav1"", ""uav0""]",limited,False,{},NONE,NORMAL,SAFE,1.0,IDLE,0.0,0.0,0.0,,,0.0,False,avoidance not required,,{},,,,,,,,,,,0,safe,5.954,13.432,1.762,0,0,0.0,0.0,[],37.0678825378418,36.420684814453125,16.41646385192871,36.77237319946289,42.425010681152344,16.39924430847168,36.42430877685547,36.39799499511719,16.396821975708008
201.6,RUNNING,10,RETURN,0.627,0.9362,147.2371,10.517,True,NORMAL,MONITOR,False,{},"[""uav2"", ""uav1"", ""uav0""]",limited,False,{},NONE,NORMAL,SAFE,1.0,IDLE,0.0,0.0,0.0,,,0.0,False,avoidance not required,,{},,,,,,,,,,,0,safe,5.957,13.121,1.764,0,0,0.0,0.0,[],36.83522415161133,36.206687927246094,16.419218063354492,36.54262161254883,42.21520233154297,16.402109146118164,36.193660736083984,36.18745422363281,16.402006149291992
201.8,RUNNING,10,RETURN,0.628,0.9362,147.2371,10.517,True,NORMAL,MONITOR,False,{},"[""uav2"", ""uav1"", ""uav0""]",limited,False,{},NONE,NORMAL,SAFE,1.0,IDLE,0.0,0.0,0.0,,,0.0,False,avoidance not required,,{},,,,,,,,,,,0,safe,5.958,12.811,1.766,0,0,0.0,0.0,[],36.60252380371094,35.99242401123047,16.420944213867188,36.31199645996094,42.00584030151367,16.405109405517578,35.961875915527344,35.977867126464844,16.407377243041992
202.0,RUNNING,10,RETURN,0.629,0.9362,147.2371,10.517,True,NORMAL,MONITOR,False,{},"[""uav2"", ""uav1"", ""uav0""]",limited,False,{},NONE,NORMAL,SAFE,1.0,IDLE,0.0,0.0,0.0,,,0.0,False,avoidance not required,,{},,,,,,,,,,,0,safe,5.959,12.501,1.767,0,0,0.0,0.0,[],36.37036895751953,35.780372619628906,16.42291259765625,36.0810546875,41.79374313354492,16.408580780029297,35.72981262207031,35.76759719848633,16.411773681640625
202.2,RUNNING,10,RETURN,0.63,0.936,147.2057,10.517,True,NORMAL,MONITOR,False,{},"[""uav2"", ""uav1"", ""uav0""]",limited,False,{},NONE,NORMAL,SAFE,1.0,IDLE,0.0,0.0,0.0,,,0.0,False,avoidance not required,,{},,,,,,,,,,,0,safe,5.959,12.193,1.767,0,0,0.0,0.0,[],36.089561462402344,35.5283203125,16.42488670349121,35.802555084228516,41.539764404296875,16.41420555114746,35.49502944946289,35.55951690673828,16.411623001098633
202.4,RUNNING,10,RETURN,0.63,0.936,147.2057,10.517,True,NORMAL,MONITOR,False,{},"[""uav2"", ""uav1"", ""uav0""]",limited,False,{},NONE,NORMAL,SAFE,1.0,IDLE,0.0,0.0,0.0,,,0.0,False,avoidance not required,,{},,,,,,,,,,,0,safe,5.968,11.873,1.766,0,0,0.0,0.0,[],35.90339660644531,35.36079406738281,16.426006317138672,35.60540771484375,41.36043930053711,16.418689727783203,35.26209259033203,35.35003662109375,16.41476821899414
202.6,RUNNING,10,RETURN,0.631,0.9359,147.1743,10.517,True,NORMAL,MONITOR,False,{},"[""uav2"", ""uav1"", ""uav0""]",limited,False,{},NONE,NORMAL,SAFE,1.0,IDLE,0.0,0.0,0.0,,,0.0,False,avoidance not required,,{},,,,,,,,,,,0,safe,5.959,11.580,1.749,0,0,0.0,0.0,[],35.6574592590332,35.1450080871582,16.427806854248047,35.380916595458984,41.1568489074707,16.422378540039062,35.032535552978516,35.143619537353516,16.418109893798828
202.8,RUNNING,10,RETURN,0.632,0.9359,147.1743,10.517,True,NORMAL,MONITOR,False,{},"[""uav2"", ""uav1"", ""uav0""]",limited,False,{},NONE,NORMAL,SAFE,1.0,IDLE,0.0,0.0,0.0,,,0.0,False,avoidance not required,,{},,,,,,,,,,,0,safe,5.975,11.260,1.759,0,0,0.0,0.0,[],35.43296813964844,34.94520950317383,16.429758071899414,35.14469528198242,40.94890213012695,16.425495147705078,34.8029670715332,34.934146881103516,16.421184539794922
203.0,RUNNING,10,RETURN,0.633,0.9359,147.1743,10.517,True,NORMAL,MONITOR,False,{},"[""uav2"", ""uav1"", ""uav0""]",limited,False,{},NONE,NORMAL,SAFE,1.0,IDLE,0.0,0.0,0.0,,,0.0,False,avoidance not required,,{},,,,,,,,,,,0,safe,5.970,10.967,1.758,0,0,0.0,0.0,[],35.19813537597656,34.73701095581055,16.430387496948242,34.90863037109375,40.736934661865234,16.425546646118164,34.57179260253906,34.722293853759766,16.427114486694336
203.2,RUNNING,10,RETURN,0.633,0.9357,147.1429,10.517,True,NORMAL,MONITOR,False,{},"[""uav2"", ""uav1"", ""uav0""]",limited,False,{},NONE,NORMAL,SAFE,1.0,IDLE,0.0,0.0,0.0,,,0.0,False,avoidance not required,,{},,,,,,,,,,,0,safe,5.974,10.662,1.753,0,0,0.0,0.0,[],34.965599060058594,34.52760696411133,16.432924270629883,34.6749382019043,40.52511978149414,16.428401947021484,34.34061050415039,34.50891876220703,16.433015823364258
203.4,RUNNING,10,RETURN,0.634,0.9357,147.1429,10.517,True,NORMAL,MONITOR,False,{},"[""uav2"", ""uav1"", ""uav0""]",limited,False,{},NONE,NORMAL,SAFE,1.0,IDLE,0.0,0.0,0.0,,,0.0,False,avoidance not required,,{},,,,,,,,,,,0,safe,5.975,10.358,1.751,0,0,0.0,0.0,[],34.72528076171875,34.31562805175781,16.432449340820312,34.439884185791016,40.31673049926758,16.43467140197754,34.104862213134766,34.29462432861328,16.439069747924805
203.6,RUNNING,10,RETURN,0.635,0.9356,147.1116,10.517,True,NORMAL,MONITOR,False,{},"[""uav2"", ""uav1"", ""uav0""]",limited,False,{},NONE,NORMAL,SAFE,1.0,IDLE,0.0,0.0,0.0,,,0.0,False,avoidance not required,,{},,,,,,,,,,,0,safe,5.980,10.047,1.750,0,0,0.0,0.0,[],34.504920959472656,34.11711502075195,16.435199737548828,34.2067756652832,40.107540130615234,16.4390811920166,33.87157440185547,34.08031463623047,16.443706512451172
203.8,RUNNING,10,RETURN,0.636,0.9356,147.1116,10.517,True,NORMAL,MONITOR,False,{},"[""uav2"", ""uav1"", ""uav0""]",limited,False,{},NONE,NORMAL,SAFE,1.0,IDLE,0.0,0.0,0.0,,,0.0,False,avoidance not required,,{},,,,,,,,,,,0,safe,5.967,9.760,1.755,0,0,0.0,0.0,[],34.27423858642578,33.918514251708984,16.44318389892578,33.97360610961914,39.902713775634766,16.440467834472656,33.640865325927734,33.86983871459961,16.448673248291016
204.0,RUNNING,10,RETURN,0.636,0.9356,147.1116,10.517,True,NORMAL,MONITOR,False,{},"[""uav2"", ""uav1"", ""uav0""]",limited,False,{},NONE,NORMAL,SAFE,1.0,IDLE,0.0,0.0,0.0,,,0.0,False,avoidance not required,,{},,,,,,,,,,,0,safe,5.967,9.468,1.763,0,0,0.0,0.0,[],34.044612884521484,33.714263916015625,16.449909210205078,33.74241638183594,39.695316314697266,16.44317626953125,33.410789489746094,33.6584587097168,16.45419692993164
204.2,RUNNING,10,RETURN,0.637,0.9354,147.0803,10.517,True,NORMAL,MONITOR,False,{},"[""uav2"", ""uav1"", ""uav0""]",limited,False,{},NONE,NORMAL,SAFE,1.0,IDLE,0.0,0.0,0.0,,,0.0,False,avoidance not required,,{},,,,,,,,,,,0,safe,6.011,9.115,1.755,0,0,0.0,0.0,[],33.81916809082031,33.513282775878906,16.45321273803711,33.510345458984375,39.488487243652344,16.45009994506836,33.17908477783203,33.45309829711914,16.45513916015625
204.4,RUNNING,10,RETURN,0.638,0.9354,147.0803,10.517,True,NORMAL,MONITOR,False,{},"[""uav2"", ""uav1"", ""uav0""]",limited,False,{},NONE,NORMAL,SAFE,1.0,IDLE,0.0,0.0,0.0,,,0.0,False,avoidance not required,,{},,,,,,,,,,,0,safe,5.960,8.883,1.780,0,0,0.0,0.0,[],33.58370590209961,33.29779052734375,16.45577621459961,33.27976608276367,39.27899169921875,16.4565372467041,32.94834518432617,33.2447395324707,16.4581298828125
204.6,RUNNING,10,RETURN,0.639,0.9352,147.049,10.517,True,NORMAL,MONITOR,False,{},"[""uav2"", ""uav1"", ""uav0""]",limited,False,{},NONE,NORMAL,SAFE,1.0,IDLE,0.0,0.0,0.0,,,0.0,False,avoidance not required,,{},,,,,,,,,,,0,safe,5.965,8.578,1.774,0,0,0.0,0.0,[],33.36231994628906,33.0982666015625,16.45899772644043,33.05320739746094,39.07267761230469,16.460651397705078,32.718387603759766,33.03962707519531,16.460521697998047
204.8,RUNNING,10,RETURN,0.639,0.9352,147.049,10.517,True,NORMAL,MONITOR,False,{},"[""uav2"", ""uav1"", ""uav0""]",limited,False,{},NONE,NORMAL,SAFE,1.0,IDLE,0.0,0.0,0.0,,,0.0,False,avoidance not required,,{},,,,,,,,,,,0,safe,5.956,8.294,1.789,0,0,0.0,0.0,[],33.08562469482422,32.84382247924805,16.463130950927734,32.82640838623047,38.863502502441406,16.46357536315918,32.488922119140625,32.83068084716797,16.464088439941406
205.0,RUNNING,10,RETURN,0.64,0.9352,147.049,10.517,True,NORMAL,MONITOR,False,{},"[""uav2"", ""uav1"", ""uav0""]",limited,False,{},NONE,NORMAL,SAFE,1.0,IDLE,0.0,0.0,0.0,,,0.0,False,avoidance not required,,{},,,,,,,,,,,0,safe,6.003,7.937,1.769,0,0,0.0,0.0,[],32.889625549316406,32.66868209838867,16.464479446411133,32.59475326538086,38.65773010253906,16.466449737548828,32.260372161865234,32.62321853637695,16.4708194732666
205.2,RUNNING,10,RETURN,0.641,0.9351,147.0177,10.517,True,NORMAL,MONITOR,False,{},"[""uav2"", ""uav1"", ""uav0""]",limited,False,{},NONE,NORMAL,SAFE,1.0,IDLE,0.0,0.0,0.0,,,0.0,False,avoidance not required,,{},,,,,,,,,,,0,safe,5.971,7.689,1.776,0,0,0.0,0.0,[],32.65808868408203,32.45524597167969,16.466197967529297,32.317588806152344,38.40660858154297,16.469507217407227,32.031131744384766,32.41218185424805,16.475826263427734
205.4,RUNNING,10,RETURN,0.642,0.9351,147.0177,10.517,True,NORMAL,MONITOR,False,{},"[""uav2"", ""uav1"", ""uav0""]",limited,False,{},NONE,NORMAL,SAFE,1.0,IDLE,0.0,0.0,0.0,,,0.0,False,avoidance not required,,{},,,,,,,,,,,0,safe,5.973,7.392,1.775,0,0,0.0,0.0,[],32.437721252441406,32.25409698486328,16.468774795532227,32.1226806640625,38.23271560668945,16.470483779907227,31.79861831665039,32.20139694213867,16.478086471557617
205.6,RUNNING,10,RETURN,0.642,0.9349,146.9864,10.517,True,NORMAL,MONITOR,False,{},"[""uav2"", ""uav1"", ""uav0""]",limited,False,{},NONE,NORMAL,SAFE,1.0,IDLE,0.0,0.0,0.0,,,0.0,False,avoidance not required,,{},,,,,,,,,,,0,safe,5.961,7.113,1.789,0,0,0.0,0.0,[],32.196197509765625,32.03633117675781,16.467222213745117,31.90155601501465,38.029930114746094,16.472164154052734,31.56670570373535,31.98758316040039,16.480127334594727
205.8,RUNNING,10,RETURN,0.643,0.9349,146.9864,10.517,True,NORMAL,MONITOR,False,{},"[""uav2"", ""uav1"", ""uav0""]",limited,False,{},NONE,NORMAL,SAFE,1.0,IDLE,0.0,0.0,0.0,,,0.0,False,avoidance not required,,{},,,,,,,,,,,0,safe,5.971,6.808,1.777,0,0,0.0,0.0,[],31.96479034423828,31.821510314941406,16.46744728088379,31.673439025878906,37.81893539428711,16.47478485107422,31.332151412963867,31.772796630859375,16.48296546936035
206.0,RUNNING,10,RETURN,0.644,0.9349,146.9864,10.517,True,NORMAL,MONITOR,False,{},"[""uav2"", ""uav1"", ""uav0""]",limited,False,{},NONE,NORMAL,SAFE,1.0,IDLE,0.0,0.0,0.0,,,0.0,False,avoidance not required,,{},,,,,,,,,,,0,safe,5.968,6.516,1.778,0,0,0.0,0.0,[],31.74431800842285,31.61654281616211,16.466176986694336,31.445470809936523,37.6048469543457,16.477664947509766,31.093305587768555,31.557743072509766,16.482742309570312
206.2,RUNNING,10,RETURN,0.645,0.9348,146.9551,10.517,True,NORMAL,MONITOR,False,{},"[""uav2"", ""uav1"", ""uav0""]",limited,False,{},NONE,NORMAL,SAFE,1.0,IDLE,0.0,0.0,0.0,,,0.0,False,avoidance not required,,{},,,,,,,,,,,0,safe,5.949,6.238,1.785,0,0,0.0,0.0,[],31.514841079711914,31.399517059326172,16.46577262878418,31.204267501831055,37.383087158203125,16.475582122802734,30.858074188232422,31.341785430908203,16.480976104736328
206.4,RUNNING,10,RETURN,0.645,0.9348,146.9551,10.517,True,NORMAL,MONITOR,False,{},"[""uav2"", ""uav1"", ""uav0""]",limited,False,{},NONE,NORMAL,SAFE,1.0,IDLE,0.0,0.0,0.0,,,0.0,False,avoidance not required,,{},,,,,,,,,,,0,safe,5.989,5.894,1.720,0,0,0.0,0.0,[],31.284029006958008,31.190868377685547,16.470308303833008,30.982101440429688,37.17633056640625,16.471952438354492,30.62180519104004,31.130239486694336,16.481691360473633
206.6,RUNNING,10,RETURN,0.646,0.9346,146.9238,10.517,True,NORMAL,MONITOR,False,{},"[""uav2"", ""uav1"", ""uav0""]",limited,False,{},NONE,NORMAL,SAFE,1.0,IDLE,0.0,0.0,0.0,,,0.0,False,avoidance not required,,{},,,,,,,,,,,0,safe,5.984,5.615,1.721,0,0,0.0,0.0,[],31.051755905151367,30.982206344604492,16.47219467163086,30.750125885009766,36.965274810791016,16.460830688476562,30.389270782470703,30.917322158813477,16.483657836914062
206.8,RUNNING,10,RETURN,0.647,0.9346,146.9238,10.517,True,NORMAL,MONITOR,False,{},"[""uav2"", ""uav1"", ""uav0""]",limited,False,{},NONE,NORMAL,SAFE,1.0,IDLE,0.0,0.0,0.0,,,0.0,False,avoidance not required,,{},,,,,,,,,,,0,safe,5.938,5.393,1.784,0,0,0.0,0.0,[],30.774904251098633,30.727075576782227,16.474105834960938,30.473106384277344,36.709964752197266,16.4577693939209,30.156476974487305,30.710750579833984,16.490034103393555
207.0,RUNNING,10,RETURN,0.648,0.9346,146.9238,10.517,True,NORMAL,MONITOR,False,{},"[""uav2"", ""uav1"", ""uav0""]",limited,False,{},NONE,NORMAL,SAFE,1.0,IDLE,0.0,0.0,0.0,,,0.0,False,avoidance not required,,{},,,,,,,,,,,0,safe,5.982,5.063,1.720,0,0,0.0,0.0,[],30.593395233154297,30.561281204223633,16.47445297241211,30.28921890258789,36.54567337036133,16.46428108215332,29.925569534301758,30.505266189575195,16.49321174621582
207.2,RUNNING,10,RETURN,0.648,0.9345,146.8926,10.517,True,NORMAL,MONITOR,False,{},"[""uav2"", ""uav1"", ""uav0""]",limited,False,{},NONE,NORMAL,SAFE,1.0,IDLE,0.0,0.0,0.0,,,0.0,False,avoidance not required,,{},,,,,,,,,,,0,safe,5.932,4.851,1.786,0,0,0.0,0.0,[],30.36511993408203,30.348922729492188,16.473682403564453,30.05933952331543,36.33555603027344,16.47068977355957,29.69685173034668,30.295467376708984,16.493581771850586
207.4,RUNNING,10,RETURN,0.649,0.9345,146.8926,10.517,True,NORMAL,MONITOR,False,{},"[""uav2"", ""uav1"", ""uav0""]",limited,False,{},NONE,NORMAL,SAFE,1.0,IDLE,0.0,0.0,0.0,,,0.0,False,avoidance not required,,{},,,,,,,,,,,0,safe,5.978,4.534,1.774,0,0,0.0,0.0,[],30.136240005493164,30.138795852661133,16.46924591064453,29.834970474243164,36.13114547729492,16.475067138671875,29.469789505004883,30.089853286743164,16.490943908691406
207.6,RUNNING,10,RETURN,0.65,0.9343,146.8615,10.517,True,NORMAL,MONITOR,False,{},"[""uav2"", ""uav1"", ""uav0""]",limited,False,{},NONE,NORMAL,SAFE,1.0,IDLE,0.0,0.0,0.0,,,0.0,False,avoidance not required,,{},,,,,,,,,,,0,safe,5.934,4.326,1.789,0,0,0.0,0.0,[],29.906478881835938,29.9244327545166,16.46894645690918,29.562923431396484,35.8801383972168,16.47612190246582,29.243019104003906,29.879343032836914,16.48819923400879
207.8,RUNNING,10,RETURN,0.651,0.9343,146.8615,10.517,True,NORMAL,MONITOR,False,{},"[""uav2"", ""uav1"", ""uav0""]",limited,False,{},NONE,NORMAL,SAFE,1.0,IDLE,0.0,0.0,0.0,,,0.0,False,avoidance not required,,{},,,,,,,,,,,0,safe,5.937,4.073,1.788,0,0,0.0,0.0,[],29.676258087158203,29.716812133789062,16.469188690185547,29.380373001098633,35.71465301513672,16.476417541503906,29.01461410522461,29.668357849121094,16.485694885253906
208.0,RUNNING,10,RETURN,0.651,0.9343,146.8615,10.517,True,NORMAL,MONITOR,False,{},"[""uav2"", ""uav1"", ""uav0""]",limited,False,{},NONE,NORMAL,SAFE,1.0,IDLE,0.0,0.0,0.0,,,0.0,False,avoidance not required,,{},,,,,,,,,,,0,safe,5.939,3.833,1.792,0,0,0.0,0.0,[],29.44533348083496,29.504409790039062,16.470937728881836,29.1505126953125,35.502830505371094,16.47860336303711,28.78620147705078,29.45386505126953,16.484277725219727
208.2,RUNNING,10,RETURN,0.652,0.9342,146.8302,10.517,True,NORMAL,MONITOR,False,{},"[""uav2"", ""uav1"", ""uav0""]",limited,False,{},NONE,NORMAL,SAFE,1.0,IDLE,0.0,0.0,0.0,,,0.0,False,avoidance not required,,{},,,,,,,,,,,0,safe,5.988,3.556,1.729,0,0,0.0,0.0,[],29.211454391479492,29.293561935424805,16.46783447265625,28.921483993530273,35.28959274291992,16.478599548339844,28.556167602539062,29.239641189575195,16.481672286987305
208.4,RUNNING,10,RETURN,0.653,0.9342,146.8302,10.517,True,NORMAL,MONITOR,False,{},"[""uav2"", ""uav1"", ""uav0""]",limited,False,{},NONE,NORMAL,SAFE,1.0,IDLE,0.0,0.0,0.0,,,0.0,False,avoidance not required,,{},,,,,,,,,,,0,safe,5.992,3.336,1.791,0,0,0.0,0.0,[],28.96841049194336,29.069936752319336,16.467792510986328,28.693702697753906,35.07720947265625,16.479801177978516,28.32541275024414,29.028316497802734,16.47614288330078
208.6,RUNNING,10,RETURN,0.654,0.934,146.7989,10.517,True,NORMAL,MONITOR,False,{},"[""uav2"", ""uav1"", ""uav0""]",limited,False,{},NONE,NORMAL,SAFE,1.0,IDLE,0.0,0.0,0.0,,,0.0,False,avoidance not required,,{},,,,,,,,,,,0,safe,5.957,3.165,1.792,0,0,0.0,0.0,[],28.747398376464844,28.867172241210938,16.471904754638672,28.463428497314453,34.86214828491211,16.48122215270996,28.09524154663086,28.815181732177734,16.474634170532227
208.8,RUNNING,10,RETURN,0.654,0.934,146.7989,10.517,True,NORMAL,MONITOR,False,{},"[""uav2"", ""uav1"", ""uav0""]",limited,False,{},NONE,NORMAL,SAFE,1.0,IDLE,0.0,0.0,0.0,,,0.0,False,avoidance not required,,{},,,,,,,,,,,0,safe,5.948,2.993,1.790,0,0,0.0,0.0,[],28.516504287719727,28.652183532714844,16.475990295410156,28.234981536865234,34.65428924560547,16.482831954956055,27.86705780029297,28.609336853027344,16.473142623901367
209.0,RUNNING,10,RETURN,0.655,0.934,146.7989,10.517,True,NORMAL,MONITOR,False,{},"[""uav2"", ""uav1"", ""uav0""]",limited,False,{},NONE,NORMAL,SAFE,1.0,IDLE,0.0,0.0,0.0,,,0.0,False,avoidance not required,,{},,,,,,,,,,,0,safe,5.951,2.835,1.793,0,0,0.0,0.0,[],28.28776741027832,28.447175979614258,16.477426528930664,28.00417709350586,34.442569732666016,16.484025955200195,27.63835906982422,28.398971557617188,16.474384307861328
209.2,RUNNING,10,RETURN,0.656,0.9338,146.7675,10.517,True,NORMAL,MONITOR,False,{},"[""uav2"", ""uav1"", ""uav0""]",limited,False,{},NONE,NORMAL,SAFE,1.0,IDLE,0.0,0.0,0.0,,,0.0,False,avoidance not required,,{},,,,,,,,,,,0,safe,5.951,2.704,1.793,0,0,0.0,0.0,[],28.010971069335938,28.19477653503418,16.479232788085938,27.773937225341797,34.23543167114258,16.48493766784668,27.410823822021484,28.189151763916016,16.47881507873535
209.4,RUNNING,10,RETURN,0.657,0.9338,146.7675,10.517,True,NORMAL,MONITOR,False,{},"[""uav2"", ""uav1"", ""uav0""]",limited,False,{},NONE,NORMAL,SAFE,1.0,IDLE,0.0,0.0,0.0,,,0.0,False,avoidance not required,,{},,,,,,,,,,,0,safe,6.000,2.587,1.796,0,0,0.0,0.0,[],27.815263748168945,28.017833709716797,16.477304458618164,27.541725158691406,34.024009704589844,16.48432159423828,27.182252883911133,27.976661682128906,16.48230743408203
209.6,RUNNING,10,RETURN,0.657,0.9337,146.7362,10.517,True,NORMAL,MONITOR,False,{},"[""uav2"", ""uav1"", ""uav0""]",limited,False,{},NONE,NORMAL,SAFE,1.0,IDLE,0.0,0.0,0.0,,,0.0,False,avoidance not required,,{},,,,,,,,,,,0,safe,5.967,2.530,1.794,0,0,0.0,0.0,[],27.59152603149414,27.812013626098633,16.47653579711914,27.3117618560791,33.815887451171875,16.482357025146484,26.958045959472656,27.77128028869629,16.48268699645996
209.8,RUNNING,10,RETURN,0.658,0.9337,146.7362,10.517,True,NORMAL,MONITOR,False,{},"[""uav2"", ""uav1"", ""uav0""]",limited,False,{},NONE,NORMAL,SAFE,1.0,IDLE,0.0,0.0,0.0,,,0.0,False,avoidance not required,,{},,,,,,,,,,,0,safe,5.967,2.494,1.797,0,0,0.0,0.0,[],27.357412338256836,27.591236114501953,16.486658096313477,27.079694747924805,33.60368728637695,16.481155395507812,26.73078727722168,27.561527252197266,16.48310661315918
210.0,RUNNING,10,RETURN,0.659,0.9337,146.7362,10.517,True,NORMAL,MONITOR,False,{},"[""uav2"", ""uav1"", ""uav0""]",limited,False,{},NONE,NORMAL,SAFE,1.0,IDLE,0.0,0.0,0.0,,,0.0,False,avoidance not required,,{},,,,,,,,,,,0,safe,5.973,2.487,1.795,0,0,0.0,0.0,[],27.129518508911133,27.37613868713379,16.491626739501953,26.84098243713379,33.38836669921875,16.482524871826172,26.503572463989258,27.355220794677734,16.48461151123047
210.2,RUNNING,10,RETURN,0.66,0.9335,146.7049,10.517,True,NORMAL,MONITOR,False,{},"[""uav2"", ""uav1"", ""uav0""]",limited,False,{},NONE,NORMAL,SAFE,1.0,IDLE,0.0,0.0,0.0,,,0.0,False,avoidance not required,,{},,,,,,,,,,,0,safe,5.974,2.492,1.786,0,0,0.0,0.0,[],26.91071128845215,27.173187255859375,16.494281768798828,26.61832046508789,33.18519973754883,16.48479461669922,26.273935317993164,27.144426345825195,16.486026763916016
210.4,RUNNING,10,RETURN,0.66,0.9335,146.7049,10.517,True,NORMAL,MONITOR,False,{},"[""uav2"", ""uav1"", ""uav0""]",limited,False,{},NONE,NORMAL,SAFE,1.0,IDLE,0.0,0.0,0.0,,,0.0,False,avoidance not required,,{},,,,,,,,,,,0,safe,5.963,2.494,1.797,0,0,0.0,0.0,[],26.68039894104004,26.95941734313965,16.495325088500977,26.388290405273438,32.97691345214844,16.48910140991211,26.048343658447266,26.936752319335938,16.489444732666016
210.6,RUNNING,10,RETURN,0.661,0.9334,146.6735,10.517,True,NORMAL,MONITOR,False,{},"[""uav2"", ""uav1"", ""uav0""]",limited,False,{},NONE,NORMAL,SAFE,1.0,IDLE,0.0,0.0,0.0,,,0.0,False,avoidance not required,,{},,,,,,,,,,,0,safe,5.968,2.495,1.799,0,0,0.0,0.0,[],26.454395294189453,26.749149322509766,16.49892807006836,26.15599250793457,32.76441955566406,16.490707397460938,25.818904876708984,26.72553062438965,16.492305755615234
210.8,RUNNING,10,RETURN,0.662,0.9334,146.6735,10.517,True,NORMAL,MONITOR,False,{},"[""uav2"", ""uav1"", ""uav0""]",limited,False,{},NONE,NORMAL,SAFE,1.0,IDLE,0.0,0.0,0.0,,,0.0,False,avoidance not required,,{},,,,,,,,,,,0,safe,5.965,2.499,1.797,0,0,0.0,0.0,[],26.224803924560547,26.5363826751709,16.49882698059082,25.88450813293457,32.51023483276367,16.492761611938477,25.58749008178711,26.517244338989258,16.498735427856445
211.0,RUNNING,10,RETURN,0.663,0.9334,146.6735,10.517,True,NORMAL,MONITOR,False,{},"[""uav2"", ""uav1"", ""uav0""]",limited,False,{},NONE,NORMAL,SAFE,1.0,IDLE,0.0,0.0,0.0,,,0.0,False,avoidance not required,,{},,,,,,,,,,,0,safe,5.963,2.499,1.800,0,0,0.0,0.0,[],25.99577522277832,26.32776641845703,16.49931526184082,25.700515747070312,32.33863830566406,16.492290496826172,25.354557037353516,26.3051815032959,16.499889373779297
211.2,RUNNING,10,RETURN,0.663,0.9332,146.642,10.517,True,NORMAL,MONITOR,False,{},"[""uav2"", ""uav1"", ""uav0""]",limited,False,{},NONE,NORMAL,SAFE,1.0,IDLE,0.0,0.0,0.0,,,0.0,False,avoidance not required,,{},,,,,,,,,,,0,safe,5.959,2.499,1.798,0,0,0.0,0.0,[],25.718259811401367,26.074209213256836,16.495033264160156,25.463909149169922,32.12123107910156,16.494836807250977,25.129369735717773,26.095901489257812,16.497385025024414
211.4,RUNNING,10,RETURN,0.664,0.9332,146.642,10.517,True,NORMAL,MONITOR,False,{},"[""uav2"", ""uav1"", ""uav0""]",limited,False,{},NONE,NORMAL,SAFE,1.0,IDLE,0.0,0.0,0.0,,,0.0,False,avoidance not required,,{},,,,,,,,,,,0,safe,5.965,2.495,1.789,0,0,0.0,0.0,[],25.5363712310791,25.905750274658203,16.496000289916992,25.24165153503418,31.917713165283203,16.49321174621582,24.902956008911133,25.886423110961914,16.496519088745117
211.6,RUNNING,10,RETURN,0.665,0.9331,146.6105,10.517,True,NORMAL,MONITOR,False,{},"[""uav2"", ""uav1"", ""uav0""]",limited,False,{},NONE,NORMAL,SAFE,1.0,IDLE,0.0,0.0,0.0,,,0.0,False,avoidance not required,,{},,,,,,,,,,,0,safe,5.967,2.496,1.800,0,0,0.0,0.0,[],25.305334091186523,25.693477630615234,16.494461059570312,25.010271072387695,31.705402374267578,16.493850708007812,24.672924041748047,25.673221588134766,16.4942684173584
211.8,RUNNING,10,RETURN,0.666,0.9331,146.6105,10.517,True,NORMAL,MONITOR,False,{},"[""uav2"", ""uav1"", ""uav0""]",limited,False,{},NONE,NORMAL,SAFE,1.0,IDLE,0.0,0.0,0.0,,,0.0,False,avoidance not required,,{},,,,,,,,,,,0,safe,5.968,2.494,1.798,0,0,0.0,0.0,[],25.076692581176758,25.485578536987305,16.497150421142578,24.776376724243164,31.491355895996094,16.491512298583984,24.444671630859375,25.4565372467041,16.49519157409668
212.0,RUNNING,10,RETURN,0.666,0.9331,146.6105,10.517,True,NORMAL,MONITOR,False,{},"[""uav2"", ""uav1"", ""uav0""]",limited,False,{},NONE,NORMAL,SAFE,1.0,IDLE,0.0,0.0,0.0,,,0.0,False,avoidance not required,,{},,,,,,,,,,,0,safe,5.968,2.497,1.793,0,0,0.0,0.0,[],24.83519744873047,25.26686668395996,16.49603843688965,24.537466049194336,31.264511108398438,16.492599487304688,24.212446212768555,25.239656448364258,16.49305534362793
212.2,RUNNING,10,RETURN,0.667,0.9329,146.579,10.517,True,NORMAL,MONITOR,False,{},"[""uav2"", ""uav1"", ""uav0""]",limited,False,{},NONE,NORMAL,SAFE,1.0,IDLE,0.0,0.0,0.0,,,0.0,False,avoidance not required,,{},,,,,,,,,,,0,safe,5.977,2.496,1.776,0,0,0.0,0.0,[],24.6146297454834,25.06824493408203,16.49820327758789,24.268098831176758,31.01249885559082,16.490293502807617,23.98346519470215,25.02470588684082,16.492219924926758
212.4,RUNNING,10,RETURN,0.668,0.9329,146.579,10.517,True,NORMAL,MONITOR,False,{},"[""uav2"", ""uav1"", ""uav0""]",limited,False,{},NONE,NORMAL,SAFE,1.0,IDLE,0.0,0.0,0.0,,,0.0,False,avoidance not required,,{},,,,,,,,,,,0,safe,5.969,2.498,1.792,0,0,0.0,0.0,[],24.385387420654297,24.857149124145508,16.498462677001953,24.087974548339844,30.839889526367188,16.495412826538086,23.75094223022461,24.81006622314453,16.489229202270508
212.6,RUNNING,10,RETURN,0.669,0.9327,146.5475,10.517,True,NORMAL,MONITOR,False,{},"[""uav2"", ""uav1"", ""uav0""]",limited,False,{},NONE,NORMAL,SAFE,1.0,IDLE,0.0,0.0,0.0,,,0.0,False,avoidance not required,,{},,,,,,,,,,,0,safe,6.012,2.498,1.783,0,0,0.0,0.0,[],24.152751922607422,24.64449691772461,16.49427032470703,23.857864379882812,30.625598907470703,16.49532127380371,23.524507522583008,24.597457885742188,16.489700317382812
212.8,RUNNING,10,RETURN,0.669,0.9327,146.5475,10.517,True,NORMAL,MONITOR,False,{},"[""uav2"", ""uav1"", ""uav0""]",limited,False,{},NONE,NORMAL,SAFE,1.0,IDLE,0.0,0.0,0.0,,,0.0,False,avoidance not required,,{},,,,,,,,,,,0,safe,5.972,2.494,1.790,0,0,0.0,0.0,[],23.878122329711914,24.383453369140625,16.489774703979492,23.63105583190918,30.412809371948242,16.49443244934082,23.296201705932617,24.3844051361084,16.49382972717285
213.0,RUNNING,10,RETURN,0.67,0.9327,146.5475,10.517,True,NORMAL,MONITOR,False,{},"[""uav2"", ""uav1"", ""uav0""]",limited,False,{},NONE,NORMAL,SAFE,1.0,IDLE,0.0,0.0,0.0,,,0.0,False,avoidance not required,,{},,,,,,,,,,,0,safe,6.018,2.490,1.782,0,0,0.0,0.0,[],23.692258834838867,24.210664749145508,16.48527717590332,23.399946212768555,30.20111083984375,16.49086570739746,23.063581466674805,24.1715087890625,16.49208641052246
213.2,RUNNING,10,RETURN,0.671,0.9326,146.516,10.517,True,NORMAL,MONITOR,False,{},"[""uav2"", ""uav1"", ""uav0""]",limited,False,{},NONE,NORMAL,SAFE,1.0,IDLE,0.0,0.0,0.0,,,0.0,False,avoidance not required,,{},,,,,,,,,,,0,safe,5.971,2.485,1.781,0,0,0.0,0.0,[],23.46274757385254,23.996719360351562,16.484350204467773,23.160810470581055,29.9779109954834,16.48784828186035,22.832582473754883,23.956750869750977,16.491107940673828
213.4,RUNNING,10,RETURN,0.672,0.9326,146.516,10.517,True,NORMAL,MONITOR,False,{},"[""uav2"", ""uav1"", ""uav0""]",limited,False,{},NONE,NORMAL,SAFE,1.0,IDLE,0.0,0.0,0.0,,,0.0,False,avoidance not required,,{},,,,,,,,,,,0,safe,5.968,2.481,1.777,0,0,0.0,0.0,[],23.1840763092041,23.739885330200195,16.48073387145996,22.889957427978516,29.731351852416992,16.480741500854492,22.597858428955078,23.743318557739258,16.488332748413086
213.6,RUNNING,10,RETURN,0.672,0.9324,146.4845,10.517,True,NORMAL,MONITOR,False,{},"[""uav2"", ""uav1"", ""uav0""]",limited,False,{},NONE,NORMAL,SAFE,1.0,IDLE,0.0,0.0,0.0,,,0.0,False,avoidance not required,,{},,,,,,,,,,,0,safe,5.968,2.481,1.777,0,0,0.0,0.0,[],23.002897262573242,23.562530517578125,16.47905158996582,22.7037296295166,29.561222076416016,16.480222702026367,22.36494255065918,23.52873420715332,16.48897361755371
213.8,RUNNING,10,RETURN,0.673,0.9324,146.4845,10.517,True,NORMAL,MONITOR,False,{},"[""uav2"", ""uav1"", ""uav0""]",limited,False,{},NONE,NORMAL,SAFE,1.0,IDLE,0.0,0.0,0.0,,,0.0,False,avoidance not required,,{},,,,,,,,,,,0,safe,5.962,2.479,1.772,0,0,0.0,0.0,[],22.771902084350586,23.345306396484375,16.47562599182129,22.46807861328125,29.35030174255371,16.47847557067871,22.130069732666016,23.315475463867188,16.48599624633789
214.0,RUNNING,10,RETURN,0.674,0.9324,146.4845,10.517,True,NORMAL,MONITOR,False,{},"[""uav2"", ""uav1"", ""uav0""]",limited,False,{},NONE,NORMAL,SAFE,1.0,IDLE,0.0,0.0,0.0,,,0.0,False,avoidance not required,,{},,,,,,,,,,,0,safe,5.958,2.476,1.768,0,0,0.0,0.0,[],22.54357147216797,23.130014419555664,16.47356605529785,22.238561630249023,29.134023666381836,16.479854583740234,21.90025520324707,23.099721908569336,16.488866806030273
214.2,RUNNING,10,RETURN,0.675,0.9323,146.4531,10.517,True,NORMAL,MONITOR,False,{},"[""uav2"", ""uav1"", ""uav0""]",limited,False,{},NONE,NORMAL,SAFE,1.0,IDLE,0.0,0.0,0.0,,,0.0,False,avoidance not required,,{},,,,,,,,,,,0,safe,6.003,2.473,1.765,0,0,0.0,0.0,[],22.311153411865234,22.918161392211914,16.47122573852539,22.0059871673584,28.92098045349121,16.477872848510742,21.66735076904297,22.887374877929688,16.48813819885254
214.4,RUNNING,10,RETURN,0.675,0.9323,146.4531,10.517,True,NORMAL,MONITOR,False,{},"[""uav2"", ""uav1"", ""uav0""]",limited,False,{},NONE,NORMAL,SAFE,1.0,IDLE,0.0,0.0,0.0,,,0.0,False,avoidance not required,,{},,,,,,,,,,,0,safe,5.956,2.471,1.764,0,0,0.0,0.0,[],22.08382797241211,22.708789825439453,16.47458267211914,21.774736404418945,28.70466423034668,16.476360321044922,21.437950134277344,22.67626190185547,16.489465713500977
214.6,RUNNING,10,RETURN,0.676,0.9321,146.4217,10.517,True,NORMAL,MONITOR,False,{},"[""uav2"", ""uav1"", ""uav0""]",limited,False,{},NONE,NORMAL,SAFE,1.0,IDLE,0.0,0.0,0.0,,,0.0,False,avoidance not required,,{},,,,,,,,,,,0,safe,5.954,2.475,1.768,0,0,0.0,0.0,[],21.842905044555664,22.492971420288086,16.473360061645508,21.540733337402344,28.492347717285156,16.472997665405273,21.205318450927734,22.466230392456055,16.487695693969727
214.8,RUNNING,10,RETURN,0.677,0.9321,146.4217,10.517,True,NORMAL,MONITOR,False,{},"[""uav2"", ""uav1"", ""uav0""]",limited,False,{},NONE,NORMAL,SAFE,1.0,IDLE,0.0,0.0,0.0,,,0.0,False,avoidance not required,,{},,,,,,,,,,,0,safe,5.962,2.473,1.756,0,0,0.0,0.0,[],21.580591201782227,22.248836517333984,16.47733497619629,21.262765884399414,28.235389709472656,16.47425651550293,20.97579002380371,22.250268936157227,16.48615264892578
215.0,RUNNING,10,RETURN,0.678,0.9321,146.4217,10.517,True,NORMAL,MONITOR,False,{},"[""uav2"", ""uav1"", ""uav0""]",limited,False,{},NONE,NORMAL,SAFE,1.0,IDLE,0.0,0.0,0.0,,,0.0,False,avoidance not required,,{},,,,,,,,,,,0,safe,5.995,2.477,1.710,0,0,0.0,0.0,[],21.395889282226562,22.082277297973633,16.475168228149414,21.07582664489746,28.067419052124023,16.47079086303711,20.74285316467285,22.037418365478516,16.481821060180664
215.2,RUNNING,10,RETURN,0.678,0.932,146.3904,10.517,True,NORMAL,MONITOR,False,{},"[""uav2"", ""uav1"", ""uav0""]",limited,False,{},NONE,NORMAL,SAFE,1.0,IDLE,0.0,0.0,0.0,,,0.0,False,avoidance not required,,{},,,,,,,,,,,0,safe,5.947,2.472,1.774,0,0,0.0,0.0,[],21.167274475097656,21.872657775878906,16.473560333251953,20.836566925048828,27.846040725708008,16.474334716796875,20.50968360900879,21.821130752563477,16.480710983276367
215.4,RUNNING,10,RETURN,0.679,0.932,146.3904,10.517,True,NORMAL,MONITOR,False,{},"[""uav2"", ""uav1"", ""uav0""]",limited,False,{},NONE,NORMAL,SAFE,1.0,IDLE,0.0,0.0,0.0,,,0.0,False,avoidance not required,,{},,,,,,,,,,,0,safe,5.943,2.474,1.776,0,0,0.0,0.0,[],20.938467025756836,21.660375595092773,16.48308563232422,20.60430908203125,27.637182235717773,16.473276138305664,20.278881072998047,21.606168746948242,16.483644485473633
215.6,RUNNING,10,RETURN,0.68,0.9318,146.3591,10.517,True,NORMAL,MONITOR,False,{},"[""uav2"", ""uav1"", ""uav0""]",limited,False,{},NONE,NORMAL,SAFE,1.0,IDLE,0.0,0.0,0.0,,,0.0,False,avoidance not required,,{},,,,,,,,,,,0,safe,5.941,2.473,1.777,0,0,0.0,0.0,[],20.705181121826172,21.45063018798828,16.48387908935547,20.38580322265625,27.43622398376465,16.477062225341797,20.045299530029297,21.39557456970215,16.48217010498047
215.8,RUNNING,10,RETURN,0.681,0.9318,146.3591,10.517,True,NORMAL,MONITOR,False,{},"[""uav2"", ""uav1"", ""uav0""]",limited,False,{},NONE,NORMAL,SAFE,1.0,IDLE,0.0,0.0,0.0,,,0.0,False,avoidance not required,,{},,,,,,,,,,,0,safe,5.940,2.477,1.775,0,0,0.0,0.0,[],20.472688674926758,21.238258361816406,16.48891258239746,20.159311294555664,27.223154067993164,16.481515884399414,19.80942153930664,21.18048858642578,16.484575271606445
216.0,RUNNING,10,RETURN,0.681,0.9318,146.3591,10.517,True,NORMAL,MONITOR,False,{},"[""uav2"", ""uav1"", ""uav0""]",limited,False,{},NONE,NORMAL,SAFE,1.0,IDLE,0.0,0.0,0.0,,,0.0,False,avoidance not required,,{},,,,,,,,,,,0,safe,5.937,2.482,1.772,0,0,0.0,0.0,[],20.237232208251953,21.02885627746582,16.48545265197754,19.928810119628906,27.013811111450195,16.47835922241211,19.573923110961914,20.969690322875977,16.480558395385742
216.2,RUNNING,10,RETURN,0.682,0.9316,146.3278,10.511,True,NORMAL,MONITOR,False,{},"[""uav2"", ""uav1"", ""uav0""]",limited,False,{},NONE,NORMAL,SAFE,1.0,IDLE,0.0,0.0,0.0,,,0.0,False,avoidance not required,,{},,,,,,,,,,,0,safe,5.937,2.478,1.769,0,0,0.0,0.0,[],20.003690719604492,20.813003540039062,16.4893856048584,19.698747634887695,26.804845809936523,16.48135757446289,19.341794967651367,20.754579544067383,16.474306106567383
216.4,RUNNING,10,RETURN,0.683,0.9316,146.3278,10.511,True,NORMAL,MONITOR,False,{},"[""uav2"", ""uav1"", ""uav0""]",limited,False,{},NONE,NORMAL,SAFE,1.0,IDLE,0.0,0.0,0.0,,,0.0,False,avoidance not required,,{},,,,,,,,,,,0,safe,5.938,2.481,1.764,0,0,0.0,0.0,[],19.767969131469727,20.60129165649414,16.48508071899414,19.46589469909668,26.598968505859375,16.476776123046875,19.108516693115234,20.54491424560547,16.465129852294922
216.6,RUNNING,10,RETURN,0.684,0.9315,146.2966,10.474,True,NORMAL,MONITOR,False,{},"[""uav2"", ""uav1"", ""uav0""]",limited,False,{},NONE,NORMAL,SAFE,1.0,IDLE,0.0,0.0,0.0,,,0.0,False,avoidance not required,,{},,,,,,,,,,,0,safe,5.988,2.477,1.756,0,0,0.0,0.0,[],19.532033920288086,20.386783599853516,16.48710060119629,19.224884033203125,26.378135681152344,16.480037689208984,18.87664031982422,20.33381462097168,16.46371841430664
216.8,RUNNING,10,RETURN,0.684,0.9315,146.2966,10.474,True,NORMAL,MONITOR,False,{},"[""uav2"", ""uav1"", ""uav0""]",limited,False,{},NONE,NORMAL,SAFE,1.0,IDLE,0.0,0.0,0.0,,,0.0,False,avoidance not required,,{},,,,,,,,,,,0,safe,5.945,2.480,1.753,0,0,0.0,0.0,[],19.29539680480957,20.176576614379883,16.480993270874023,18.99104118347168,26.16930389404297,16.47589874267578,18.64414405822754,20.12701416015625,16.46063995361328
217.0,RUNNING,10,RETURN,0.685,0.9315,146.2966,10.474,True,NORMAL,MONITOR,False,{},"[""uav2"", ""uav1"", ""uav0""]",limited,False,{},NONE,NORMAL,SAFE,1.0,IDLE,0.0,0.0,0.0,,,0.0,False,avoidance not required,,{},,,,,,,,,,,0,safe,5.949,2.476,1.748,0,0,0.0,0.0,[],19.0543270111084,19.959672927856445,16.47682762145996,18.770858764648438,25.96773338317871,16.47758674621582,18.415462493896484,19.91747283935547,16.464418411254883
217.2,RUNNING,10,RETURN,0.686,0.9313,146.2654,10.437,True,NORMAL,MONITOR,False,{},"[""uav2"", ""uav1"", ""uav0""]",limited,False,{},NONE,NORMAL,SAFE,1.0,IDLE,0.0,0.0,0.0,,,0.0,False,avoidance not required,,{},,,,,,,,,,,0,safe,5.999,2.477,1.692,0,0,0.0,0.0,[],18.829017639160156,19.75838851928711,16.477218627929688,18.538976669311523,25.760847091674805,16.473270416259766,18.184364318847656,19.71073341369629,16.46339225769043
217.4,RUNNING,10,RETURN,0.687,0.9313,146.2654,10.437,True,NORMAL,MONITOR,False,{},"[""uav2"", ""uav1"", ""uav0""]",limited,False,{},NONE,NORMAL,SAFE,1.0,IDLE,0.0,0.0,0.0,,,0.0,False,avoidance not required,,{},,,,,,,,,,,0,safe,5.960,2.469,1.756,0,0,0.0,0.0,[],18.593841552734375,19.551237106323242,16.46969985961914,18.262781143188477,25.509506225585938,16.467527389526367,17.953540802001953,19.501327514648438,16.464183807373047
217.6,RUNNING,10,RETURN,0.687,0.9312,146.2342,10.4,True,NORMAL,MONITOR,False,{},"[""uav2"", ""uav1"", ""uav0""]",limited,False,{},NONE,NORMAL,SAFE,1.0,IDLE,0.0,0.0,0.0,,,0.0,False,avoidance not required,,{},,,,,,,,,,,0,safe,5.960,2.469,1.756,0,0,0.0,0.0,[],18.312580108642578,19.29825210571289,16.463943481445312,18.029895782470703,25.30217170715332,16.460426330566406,17.72186851501465,19.295093536376953,16.459976196289062
217.8,RUNNING,10,RETURN,0.688,0.9312,146.2342,10.4,True,NORMAL,MONITOR,False,{},"[""uav2"", ""uav1"", ""uav0""]",limited,False,{},NONE,NORMAL,SAFE,1.0,IDLE,0.0,0.0,0.0,,,0.0,False,avoidance not required,,{},,,,,,,,,,,0,safe,5.978,2.456,1.753,0,0,0.0,0.0,[],18.078086853027344,19.089946746826172,16.4561710357666,17.79499053955078,25.090927124023438,16.45602798461914,17.493915557861328,19.087081909179688,16.465309143066406
218.0,RUNNING,10,RETURN,0.689,0.9312,146.2342,10.4,True,NORMAL,MONITOR,False,{},"[""uav2"", ""uav1"", ""uav0""]",limited,False,{},NONE,NORMAL,SAFE,1.0,IDLE,0.0,0.0,0.0,,,0.0,False,avoidance not required,,{},,,,,,,,,,,0,safe,5.978,2.456,1.753,0,0,0.0,0.0,[],17.84279441833496,18.882049560546875,16.454694747924805,17.60627555847168,24.92424964904785,16.44879722595215,17.263561248779297,18.881465911865234,16.46213722229004
218.2,RUNNING,10,RETURN,0.69,0.931,146.2029,10.363,True,NORMAL,MONITOR,False,{},"[""uav2"", ""uav1"", ""uav0""]",limited,False,{},NONE,NORMAL,SAFE,1.0,IDLE,0.0,0.0,0.0,,,0.0,False,avoidance not required,,{},,,,,,,,,,,0,safe,5.983,2.449,1.750,0,0,0.0,0.0,[],17.655733108520508,18.717119216918945,16.448423385620117,17.373554229736328,24.71483612060547,16.452510833740234,17.031755447387695,18.675500869750977,16.459592819213867
218.4,RUNNING,10,RETURN,0.69,0.931,146.2029,10.363,True,NORMAL,MONITOR,False,{},"[""uav2"", ""uav1"", ""uav0""]",limited,False,{},NONE,NORMAL,SAFE,1.0,IDLE,0.0,0.0,0.0,,,0.0,False,avoidance not required,,{},,,,,,,,,,,0,safe,6.023,2.448,1.692,0,0,0.0,0.0,[],17.422149658203125,18.50981903076172,16.449840545654297,17.140501022338867,24.507585525512695,16.455886840820312,16.795616149902344,18.469528198242188,16.45575523376465
218.6,RUNNING,10,RETURN,0.691,0.9309,146.1717,10.327,True,NORMAL,MONITOR,False,{},"[""uav2"", ""uav1"", ""uav0""]",limited,False,{},NONE,NORMAL,SAFE,1.0,IDLE,0.0,0.0,0.0,,,0.0,False,avoidance not required,,{},,,,,,,,,,,0,safe,6.020,2.449,1.691,0,0,0.0,0.0,[],17.1904239654541,18.30392074584961,16.444847106933594,16.90740966796875,24.30219841003418,16.450469970703125,16.560535430908203,18.264564514160156,16.44929313659668
218.8,RUNNING,10,RETURN,0.692,0.9309,146.1717,10.327,True,NORMAL,MONITOR,False,{},"[""uav2"", ""uav1"", ""uav0""]",limited,False,{},NONE,NORMAL,SAFE,1.0,IDLE,0.0,0.0,0.0,,,0.0,False,avoidance not required,,{},,,,,,,,,,,0,safe,5.970,2.446,1.750,0,0,0.0,0.0,[],16.908573150634766,18.05767822265625,16.44548797607422,16.626922607421875,24.052566528320312,16.45056915283203,16.325197219848633,18.057790756225586,16.45000648498535
219.0,RUNNING,10,RETURN,0.693,0.9309,146.1717,10.327,True,NORMAL,MONITOR,False,{},"[""uav2"", ""uav1"", ""uav0""]",limited,False,{},NONE,NORMAL,SAFE,1.0,IDLE,0.0,0.0,0.0,,,0.0,False,avoidance not required,,{},,,,,,,,,,,0,safe,5.970,2.446,1.750,0,0,0.0,0.0,[],16.7225399017334,17.893516540527344,16.439916610717773,16.430442810058594,23.877975463867188,16.448257446289062,16.09186363220215,17.851808547973633,16.444778442382812
219.2,RUNNING,10,RETURN,0.693,0.9307,146.1404,10.29,True,NORMAL,MONITOR,False,{},"[""uav2"", ""uav1"", ""uav0""]",limited,False,{},NONE,NORMAL,SAFE,1.0,IDLE,0.0,0.0,0.0,,,0.0,False,avoidance not required,,{},,,,,,,,,,,0,safe,5.969,2.441,1.741,0,0,0.0,0.0,[],16.489702224731445,17.686769485473633,16.440526962280273,16.20704460144043,23.679624557495117,16.440475463867188,15.860522270202637,17.64510726928711,16.444190979003906
219.4,RUNNING,10,RETURN,0.694,0.9307,146.1404,10.29,True,NORMAL,MONITOR,False,{},"[""uav2"", ""uav1"", ""uav0""]",limited,False,{},NONE,NORMAL,SAFE,1.0,IDLE,0.0,0.0,0.0,,,0.0,False,avoidance not required,,{},,,,,,,,,,,0,safe,5.971,2.440,1.750,0,0,0.0,0.0,[],16.21183204650879,17.43829345703125,16.433795928955078,15.927571296691895,23.43145751953125,16.44264030456543,15.62943172454834,17.43911361694336,16.437702178955078
219.6,RUNNING,10,RETURN,0.695,0.9305,146.1091,10.253,True,NORMAL,MONITOR,False,{},"[""uav2"", ""uav1"", ""uav0""]",limited,False,{},NONE,NORMAL,SAFE,1.0,IDLE,0.0,0.0,0.0,,,0.0,False,avoidance not required,,{},,,,,,,,,,,0,safe,5.970,2.443,1.751,0,0,0.0,0.0,[],16.021371841430664,17.273788452148438,16.43396759033203,15.742124557495117,23.26613426208496,16.437734603881836,15.39537525177002,17.23492431640625,16.43416976928711
219.8,RUNNING,10,RETURN,0.696,0.9305,146.1091,10.253,True,NORMAL,MONITOR,False,{},"[""uav2"", ""uav1"", ""uav0""]",limited,False,{},NONE,NORMAL,SAFE,1.0,IDLE,0.0,0.0,0.0,,,0.0,False,avoidance not required,,{},,,,,,,,,,,0,safe,5.974,2.438,1.753,0,0,0.0,0.0,[],15.787841796875,17.067562103271484,16.427391052246094,15.504273414611816,23.06049346923828,16.432964324951172,15.162782669067383,17.029277801513672,16.427581787109375
220.0,RUNNING,10,RETURN,0.696,0.9305,146.1091,10.253,True,NORMAL,MONITOR,False,{},"[""uav2"", ""uav1"", ""uav0""]",limited,False,{},NONE,NORMAL,SAFE,1.0,IDLE,0.0,0.0,0.0,,,0.0,False,avoidance not required,,{},,,,,,,,,,,0,safe,5.975,2.428,1.751,0,0,0.0,0.0,[],15.552467346191406,16.862930297851562,16.428611755371094,15.269570350646973,22.854427337646484,16.42426872253418,14.926409721374512,16.82110023498535,16.42885971069336
220.2,RUNNING,10,RETURN,0.697,0.9304,146.0779,10.235,True,NORMAL,MONITOR,False,{},"[""uav2"", ""uav1"", ""uav0""]",limited,False,{},NONE,NORMAL,SAFE,1.0,IDLE,0.0,0.0,0.0,,,0.0,False,avoidance not required,,{},,,,,,,,,,,0,safe,5.974,2.424,1.750,0,0,0.0,0.0,[],15.32138442993164,16.656536102294922,16.42424201965332,15.029080390930176,22.64525604248047,16.423925399780273,14.692407608032227,16.61224937438965,16.42510414123535
220.4,RUNNING,10,RETURN,0.698,0.9304,146.0779,10.235,True,NORMAL,MONITOR,False,{},"[""uav2"", ""uav1"", ""uav0""]",limited,False,{},NONE,NORMAL,SAFE,1.0,IDLE,0.0,0.0,0.0,,,0.0,False,avoidance not required,,{},,,,,,,,,,,0,safe,5.966,2.419,1.745,0,0,0.0,0.0,[],15.08827018737793,16.44793701171875,16.424039840698242,14.793272018432617,22.436513900756836,16.418804168701172,14.453983306884766,16.399293899536133,16.42345428466797
220.6,RUNNING,10,RETURN,0.699,0.9302,146.0466,10.198,True,NORMAL,MONITOR,False,{},"[""uav2"", ""uav1"", ""uav0""]",limited,False,{},NONE,NORMAL,SAFE,1.0,IDLE,0.0,0.0,0.0,,,0.0,False,avoidance not required,,{},,,,,,,,,,,0,safe,5.966,2.419,1.745,0,0,0.0,0.0,[],14.85861873626709,16.238525390625,16.41657829284668,14.552217483520508,22.222858428955078,16.41615104675293,14.220436096191406,16.18838882446289,16.41803550720215
220.8,RUNNING,10,RETURN,0.699,0.9302,146.0466,10.198,True,NORMAL,MONITOR,False,{},"[""uav2"", ""uav1"", ""uav0""]",limited,False,{},NONE,NORMAL,SAFE,1.0,IDLE,0.0,0.0,0.0,,,0.0,False,avoidance not required,,{},,,,,,,,,,,0,safe,5.962,2.416,1.746,0,0,0.0,0.0,[],14.625656127929688,16.02946662902832,16.414215087890625,14.309870719909668,22.011459350585938,16.416654586791992,13.987610816955566,15.979595184326172,16.420753479003906
221.0,RUNNING,10,RETURN,0.7,0.9302,146.0466,10.198,True,NORMAL,MONITOR,False,{},"[""uav2"", ""uav1"", ""uav0""]",limited,False,{},NONE,NORMAL,SAFE,1.0,IDLE,0.0,0.0,0.0,,,0.0,False,avoidance not required,,{},,,,,,,,,,,0,safe,5.962,2.417,1.746,0,0,0.0,0.0,[],14.396307945251465,15.819689750671387,16.40667152404785,14.074864387512207,21.801809310913086,16.409568786621094,13.757163047790527,15.770905494689941,16.416353225708008
221.2,RUNNING,10,RETURN,0.701,0.9301,146.0153,10.161,True,NORMAL,MONITOR,False,{},"[""uav2"", ""uav1"", ""uav0""]",limited,False,{},NONE,NORMAL,SAFE,1.0,IDLE,0.0,0.0,0.0,,,0.0,False,avoidance not required,,{},,,,,,,,,,,0,safe,5.961,2.410,1.747,0,0,0.0,0.0,[],14.16161060333252,15.608881950378418,16.406885147094727,13.83981704711914,21.589933395385742,16.410280227661133,13.523289680480957,15.562272071838379,16.410991668701172
221.4,RUNNING,10,RETURN,0.702,0.9301,146.0153,10.161,True,NORMAL,MONITOR,False,{},"[""uav2"", ""uav1"", ""uav0""]",limited,False,{},NONE,NORMAL,SAFE,1.0,IDLE,0.0,0.0,0.0,,,0.0,False,avoidance not required,,{},,,,,,,,,,,0,safe,5.962,2.410,1.743,0,0,0.0,0.0,[],13.921819686889648,15.38928508758545,16.397560119628906,13.610450744628906,21.379491806030273,16.404205322265625,13.292394638061523,15.353307723999023,16.40098762512207
221.6,RUNNING,10,RETURN,0.702,0.9299,145.9841,10.124,True,NORMAL,MONITOR,False,{},"[""uav2"", ""uav1"", ""uav0""]",limited,False,{},NONE,NORMAL,SAFE,1.0,IDLE,0.0,0.0,0.0,,,0.0,False,avoidance not required,,{},,,,,,,,,,,0,safe,5.971,2.401,1.730,0,0,0.0,0.0,[],13.69567584991455,15.181596755981445,16.395645141601562,13.37797737121582,21.167165756225586,16.402828216552734,13.054285049438477,15.142727851867676,16.39868927001953
221.8,RUNNING,10,RETURN,0.703,0.9299,145.9841,10.124,True,NORMAL,MONITOR,False,{},"[""uav2"", ""uav1"", ""uav0""]",limited,False,{},NONE,NORMAL,SAFE,1.0,IDLE,0.0,0.0,0.0,,,0.0,False,avoidance not required,,{},,,,,,,,,,,0,safe,5.959,2.399,1.735,0,0,0.0,0.0,[],13.46505069732666,14.966912269592285,16.389293670654297,13.149975776672363,20.95652961730957,16.39310646057129,12.820992469787598,14.931550025939941,16.391141891479492
222.0,RUNNING,10,RETURN,0.704,0.9299,145.9841,10.124,True,NORMAL,MONITOR,False,{},"[""uav2"", ""uav1"", ""uav0""]",limited,False,{},NONE,NORMAL,SAFE,1.0,IDLE,0.0,0.0,0.0,,,0.0,False,avoidance not required,,{},,,,,,,,,,,0,safe,5.956,2.391,1.732,0,0,0.0,0.0,[],13.233628273010254,14.75036907196045,16.387752532958984,12.917990684509277,20.74440574645996,16.386293411254883,12.58574390411377,14.715380668640137,16.38802146911621
222.2,RUNNING,10,RETURN,0.705,0.9298,145.9529,10.088,True,NORMAL,MONITOR,False,{},"[""uav2"", ""uav1"", ""uav0""]",limited,False,{},NONE,NORMAL,SAFE,1.0,IDLE,0.0,0.0,0.0,,,0.0,False,avoidance not required,,{},,,,,,,,,,,0,safe,5.952,2.388,1.727,0,0,0.0,0.0,[],13.0061616897583,14.536237716674805,16.379892349243164,12.690618515014648,20.53411102294922,16.377513885498047,12.354902267456055,14.501669883728027,16.382627487182617
222.4,RUNNING,10,RETURN,0.705,0.9298,145.9529,10.088,True,NORMAL,MONITOR,False,{},"[""uav2"", ""uav1"", ""uav0""]",limited,False,{},NONE,NORMAL,SAFE,1.0,IDLE,0.0,0.0,0.0,,,0.0,False,avoidance not required,,{},,,,,,,,,,,0,safe,5.949,2.383,1.725,0,0,0.0,0.0,[],12.76589584350586,14.315593719482422,16.374937057495117,12.460928916931152,20.318666458129883,16.37479591369629,12.120834350585938,14.288626670837402,16.381656646728516
222.6,RUNNING,10,RETURN,0.706,0.9296,145.9217,10.051,True,NORMAL,MONITOR,False,{},"[""uav2"", ""uav1"", ""uav0""]",limited,False,{},NONE,NORMAL,SAFE,1.0,IDLE,0.0,0.0,0.0,,,0.0,False,avoidance not required,,{},,,,,,,,,,,0,safe,5.955,2.382,1.711,0,0,0.0,0.0,[],12.547374725341797,14.113380432128906,16.365816116333008,12.235386848449707,20.106189727783203,16.366985321044922,11.891557693481445,14.076992988586426,16.372093200683594
222.8,RUNNING,10,RETURN,0.707,0.9296,145.9217,10.051,True,NORMAL,MONITOR,False,{},"[""uav2"", ""uav1"", ""uav0""]",limited,False,{},NONE,NORMAL,SAFE,1.0,IDLE,0.0,0.0,0.0,,,0.0,False,avoidance not required,,{},,,,,,,,,,,0,safe,5.944,2.372,1.725,0,0,0.0,0.0,[],12.314940452575684,13.905281066894531,16.360671997070312,12.000277519226074,19.88882064819336,16.358386993408203,11.660802841186523,13.863036155700684,16.36798667907715
223.0,RUNNING,10,RETURN,0.708,0.9296,145.9217,10.051,True,NORMAL,MONITOR,False,{},"[""uav2"", ""uav1"", ""uav0""]",limited,False,{},NONE,NORMAL,SAFE,1.0,IDLE,0.0,0.0,0.0,,,0.0,False,avoidance not required,,{},,,,,,,,,,,0,safe,5.946,2.368,1.724,0,0,0.0,0.0,[],12.085975646972656,13.696743965148926,16.350196838378906,11.785486221313477,19.689584732055664,16.348176956176758,11.434244155883789,13.651228904724121,16.358036041259766
223.2,RUNNING,10,RETURN,0.708,0.9295,145.8905,10.014,True,NORMAL,MONITOR,False,{},"[""uav2"", ""uav1"", ""uav0""]",limited,False,{},NONE,NORMAL,SAFE,1.0,IDLE,0.0,0.0,0.0,,,0.0,False,avoidance not required,,{},,,,,,,,,,,0,safe,5.948,2.358,1.726,0,0,0.0,0.0,[],11.854280471801758,13.491275787353516,16.339113235473633,11.556753158569336,19.48011016845703,16.34065818786621,11.205592155456543,13.439140319824219,16.352643966674805
223.4,RUNNING,10,RETURN,0.709,0.9295,145.8905,10.014,True,NORMAL,MONITOR,False,{},"[""uav2"", ""uav1"", ""uav0""]",limited,False,{},NONE,NORMAL,SAFE,1.0,IDLE,0.0,0.0,0.0,,,0.0,False,avoidance not required,,{},,,,,,,,,,,0,safe,5.952,2.353,1.727,0,0,0.0,0.0,[],11.579418182373047,13.24305534362793,16.326717376708984,11.330142974853516,19.271209716796875,16.33083152770996,10.979504585266113,13.229357719421387,16.343446731567383
223.6,RUNNING,10,RETURN,0.71,0.9293,145.8594,9.977,True,NORMAL,MONITOR,False,{},"[""uav2"", ""uav1"", ""uav0""]",limited,False,{},NONE,NORMAL,SAFE,1.0,IDLE,0.0,0.0,0.0,,,0.0,False,avoidance not required,,{},,,,,,,,,,,0,safe,6.000,2.343,1.724,0,0,0.0,0.0,[],11.392420768737793,13.07861042022705,16.32263946533203,11.05130672454834,19.02104949951172,16.319772720336914,10.748434066772461,13.02304458618164,16.342445373535156
223.8,RUNNING,10,RETURN,0.711,0.9293,145.8594,9.977,True,NORMAL,MONITOR,False,{},"[""uav2"", ""uav1"", ""uav0""]",limited,False,{},NONE,NORMAL,SAFE,1.0,IDLE,0.0,0.0,0.0,,,0.0,False,avoidance not required,,{},,,,,,,,,,,0,safe,6.002,2.342,1.669,0,0,0.0,0.0,[],11.162588119506836,12.87093448638916,16.316041946411133,10.86816120147705,18.854583740234375,16.312625885009766,10.520556449890137,12.816737174987793,16.335025787353516
224.0,RUNNING,10,RETURN,0.711,0.9293,145.8594,9.977,True,NORMAL,MONITOR,False,{},"[""uav2"", ""uav1"", ""uav0""]",limited,False,{},NONE,NORMAL,SAFE,1.0,IDLE,0.0,0.0,0.0,,,0.0,False,avoidance not required,,{},,,,,,,,,,,0,safe,5.964,2.332,1.731,0,0,0.0,0.0,[],10.881084442138672,12.622279167175293,16.317611694335938,10.633771896362305,18.651737213134766,16.310775756835938,10.291017532348633,12.611037254333496,16.331771850585938
224.2,RUNNING,10,RETURN,0.712,0.9291,145.8283,9.959,True,NORMAL,MONITOR,False,{},"[""uav2"", ""uav1"", ""uav0""]",limited,False,{},NONE,NORMAL,SAFE,1.0,IDLE,0.0,0.0,0.0,,,0.0,False,avoidance not required,,{},,,,,,,,,,,0,safe,5.964,2.332,1.731,0,0,0.0,0.0,[],10.696953773498535,12.455118179321289,16.31432342529297,10.403205871582031,18.447389602661133,16.307233810424805,10.063511848449707,12.404825210571289,16.324642181396484
224.4,RUNNING,10,RETURN,0.713,0.9291,145.8283,9.959,True,NORMAL,MONITOR,False,{},"[""uav2"", ""uav1"", ""uav0""]",limited,False,{},NONE,NORMAL,SAFE,1.0,IDLE,0.0,0.0,0.0,,,0.0,False,avoidance not required,,{},,,,,,,,,,,0,safe,6.013,2.329,1.731,0,0,0.0,0.0,[],10.467219352722168,12.252998352050781,16.31075668334961,10.165185928344727,18.238605499267578,16.31107521057129,9.83496379852295,12.201677322387695,16.32044792175293
224.6,RUNNING,10,RETURN,0.714,0.929,145.7971,9.922,True,NORMAL,MONITOR,False,{},"[""uav2"", ""uav1"", ""uav0""]",limited,False,{},NONE,NORMAL,SAFE,1.0,IDLE,0.0,0.0,0.0,,,0.0,False,avoidance not required,,{},,,,,,,,,,,0,safe,5.968,2.349,1.738,0,0,0.0,0.0,[],10.240262985229492,12.047266960144043,16.302587509155273,9.932330131530762,18.029254913330078,16.30941390991211,9.607022285461426,12.000150680541992,16.31524085998535
224.8,RUNNING,10,RETURN,0.714,0.929,145.7971,9.922,True,NORMAL,MONITOR,False,{},"[""uav2"", ""uav1"", ""uav0""]",limited,False,{},NONE,NORMAL,SAFE,1.0,IDLE,0.0,0.0,0.0,,,0.0,False,avoidance not required,,{},,,,,,,,,,,0,safe,6.012,2.390,1.686,0,0,0.0,0.0,[],10.016952514648438,11.84997272491455,16.29828643798828,9.697813987731934,17.82295799255371,16.307464599609375,9.379922866821289,11.79509449005127,16.30575942993164
225.0,RUNNING,10,RETURN,0.715,0.929,145.7971,9.922,True,NORMAL,MONITOR,False,{},"[""uav2"", ""uav1"", ""uav0""]",limited,False,{},NONE,NORMAL,SAFE,1.0,IDLE,0.0,0.0,0.0,,,0.0,False,avoidance not required,,{},,,,,,,,,,,0,safe,5.963,2.447,1.736,0,0,0.0,0.0,[],9.793715476989746,11.646756172180176,16.29016876220703,9.468043327331543,17.61542510986328,16.29945945739746,9.148782730102539,11.58872127532959,16.302072525024414
225.2,RUNNING,10,RETURN,0.716,0.9288,145.7659,9.885,True,NORMAL,MONITOR,False,{},"[""uav2"", ""uav1"", ""uav0""]",limited,False,{},NONE,NORMAL,SAFE,1.0,IDLE,0.0,0.0,0.0,,,0.0,False,avoidance not required,,{},,,,,,,,,,,0,safe,5.956,2.626,1.628,0,0,0.0,0.0,[],9.520215034484863,11.404583930969238,16.287466049194336,9.23607063293457,17.409637451171875,16.29843521118164,8.920965194702148,11.381299018859863,16.292970657348633
225.4,RUNNING,10,RETURN,0.717,0.9288,145.7659,9.885,True,NORMAL,MONITOR,False,{},"[""uav2"", ""uav1"", ""uav0""]",limited,False,{},NONE,NORMAL,SAFE,1.0,IDLE,0.0,0.0,0.0,,,0.0,False,avoidance not required,,{},,,,,,,,,,,0,safe,5.956,2.626,1.628,0,0,0.0,0.0,[],9.340984344482422,11.240639686584473,16.282987594604492,9.010885238647461,17.20458984375,16.29286766052246,8.696329116821289,11.178352355957031,16.288469314575195
225.6,RUNNING,10,RETURN,0.717,0.9287,145.735,9.849,True,NORMAL,MONITOR,False,{},"[""uav2"", ""uav1"", ""uav0""]",limited,False,{},NONE,NORMAL,SAFE,1.0,IDLE,0.0,0.0,0.0,,,0.0,False,avoidance not required,,{},,,,,,,,,,,0,safe,5.956,2.738,1.532,0,0,0.0,0.0,[],9.1200532913208,11.044548034667969,16.285476684570312,8.789589881896973,17.0073184967041,16.29341697692871,8.477660179138184,10.978514671325684,16.283706665039062
225.8,RUNNING,10,RETURN,0.718,0.9287,145.735,9.849,True,NORMAL,MONITOR,False,{},"[""uav2"", ""uav1"", ""uav0""]",limited,False,{},NONE,NORMAL,SAFE,1.0,IDLE,0.0,0.0,0.0,,,0.0,False,avoidance not required,,{},,,,,,,,,,,0,safe,5.958,2.860,1.421,0,0,0.0,0.0,[],8.906968116760254,10.850358009338379,16.28590202331543,8.5784273147583,16.81507110595703,16.29118537902832,8.26202392578125,10.788678169250488,16.28632926940918
226.0,RUNNING,10,RETURN,0.719,0.9287,145.735,9.849,True,NORMAL,MONITOR,False,{},"[""uav2"", ""uav1"", ""uav0""]",limited,False,{},NONE,NORMAL,SAFE,1.0,IDLE,0.0,0.0,0.0,,,0.0,False,avoidance not required,,{},,,,,,,,,,,0,safe,5.955,2.997,1.296,0,0,0.0,0.0,[],8.702370643615723,10.664225578308105,16.288301467895508,8.365708351135254,16.628999710083008,16.29448890686035,8.058168411254883,10.606228828430176,16.283302307128906
226.2,RUNNING,10,RETURN,0.72,0.9285,145.7048,9.812,True,NORMAL,MONITOR,False,{},"[""uav2"", ""uav1"", ""uav0""]",limited,False,{},NONE,NORMAL,SAFE,1.0,IDLE,0.0,0.0,0.0,,,0.0,False,avoidance not required,,{},,,,,,,,,,,0,safe,5.956,3.131,1.165,0,0,0.0,0.0,[],8.504583358764648,10.484599113464355,16.288835525512695,8.17575454711914,16.458019256591797,16.288171768188477,7.866666316986084,10.437334060668945,16.27436065673828
226.4,RUNNING,10,RETURN,0.72,0.9285,145.7048,9.812,True,NORMAL,MONITOR,False,{},"[""uav2"", ""uav1"", ""uav0""]",limited,False,{},NONE,NORMAL,SAFE,1.0,IDLE,0.0,0.0,0.0,,,0.0,False,avoidance not required,,{},,,,,,,,,,,0,safe,5.962,3.258,1.041,0,0,0.0,0.0,[],8.323075294494629,10.315023422241211,16.27313995361328,8.00709342956543,16.30849838256836,16.27753257751465,7.691372871398926,10.277302742004395,16.25655746459961
226.6,RUNNING,10,RETURN,0.721,0.9284,145.6754,9.775,True,NORMAL,MONITOR,False,{},"[""uav2"", ""uav1"", ""uav0""]",limited,False,{},NONE,NORMAL,SAFE,1.0,IDLE,0.0,0.0,0.0,,,0.0,False,avoidance not required,,{},,,,,,,,,,,0,safe,5.968,3.374,0.948,0,0,0.0,0.0,[],8.157112121582031,10.155536651611328,16.24530601501465,7.848477840423584,16.159605026245117,16.250244140625,7.532395362854004,10.128758430480957,16.232149124145508
226.8,RUNNING,10,RETURN,0.722,0.9284,145.6754,9.775,True,NORMAL,MONITOR,False,{},"[""uav2"", ""uav1"", ""uav0""]",limited,False,{},NONE,NORMAL,SAFE,1.0,IDLE,0.0,0.0,0.0,,,0.0,False,avoidance not required,,{},,,,,,,,,,,0,safe,5.975,3.478,0.901,0,0,0.0,0.0,[],8.00977897644043,10.005730628967285,16.20026969909668,7.707515239715576,16.024036407470703,16.21283531188965,7.389763832092285,9.98735523223877,16.188674926757812
227.0,RUNNING,10,RETURN,0.723,0.9284,145.6754,9.775,True,NORMAL,MONITOR,False,{},"[""uav2"", ""uav1"", ""uav0""]",limited,False,{},NONE,NORMAL,SAFE,1.0,IDLE,0.0,0.0,0.0,,,0.0,False,avoidance not required,,{},,,,,,,,,,,0,safe,5.980,3.562,0.924,0,0,0.0,0.0,[],7.878365993499756,9.867341041564941,16.148679733276367,7.582244396209717,15.89119815826416,16.154483795166016,7.257686614990234,9.8541898727417,16.135622024536133
227.2,RUNNING,10,RETURN,0.723,0.9282,145.6462,9.738,True,NORMAL,MONITOR,False,{},"[""uav2"", ""uav1"", ""uav0""]",limited,False,{},NONE,NORMAL,SAFE,1.0,IDLE,0.0,0.0,0.0,,,0.0,False,avoidance not required,,{},,,,,,,,,,,0,safe,5.979,3.639,0.984,0,0,0.0,0.0,[],7.762094974517822,9.731986999511719,16.07632827758789,7.465400218963623,15.765020370483398,16.08698272705078,7.141809940338135,9.721938133239746,16.061847686767578
227.4,RUNNING,10,RETURN,0.724,0.9282,145.6462,9.738,True,NORMAL,MONITOR,False,{},"[""uav2"", ""uav1"", ""uav0""]",limited,False,{},NONE,NORMAL,SAFE,1.0,IDLE,0.0,0.0,0.0,,,0.0,False,avoidance not required,,{},,,,,,,,,,,0,safe,5.980,3.699,1.082,0,0,0.0,0.0,[],7.659979820251465,9.603376388549805,15.996133804321289,7.360196113586426,15.633645057678223,16.0010986328125,7.038964748382568,9.593588829040527,15.9769868850708
227.6,RUNNING,10,RETURN,0.725,0.9281,145.6169,9.701,True,NORMAL,MONITOR,False,{},"[""uav2"", ""uav1"", ""uav0""]",limited,False,{},NONE,NORMAL,SAFE,1.0,IDLE,0.0,0.0,0.0,,,0.0,False,avoidance not required,,{},,,,,,,,,,,0,safe,5.979,3.750,1.196,0,0,0.0,0.0,[],7.560803413391113,9.462225914001465,15.89548110961914,7.265228271484375,15.503236770629883,15.906031608581543,6.943691730499268,9.457566261291504,15.876908302307129
227.8,RUNNING,10,RETURN,0.726,0.9281,145.6169,9.701,True,NORMAL,MONITOR,False,{},"[""uav2"", ""uav1"", ""uav0""]",limited,False,{},NONE,NORMAL,SAFE,1.0,IDLE,0.0,0.0,0.0,,,0.0,False,avoidance not required,,{},,,,,,,,,,,0,safe,5.983,3.797,1.316,0,0,0.0,0.0,[],7.454711437225342,9.29854679107666,15.772626876831055,7.172886848449707,15.359766006469727,15.795904159545898,6.85947322845459,9.321948051452637,15.773639678955078
228.0,RUNNING,10,RETURN,0.726,0.9281,145.6169,9.701,True,NORMAL,MONITOR,False,{},"[""uav2"", ""uav1"", ""uav0""]",limited,False,{},NONE,NORMAL,SAFE,1.0,IDLE,0.0,0.0,0.0,,,0.0,False,avoidance not required,,{},,,,,,,,,,,0,safe,6.005,3.842,1.421,0,0,0.0,0.0,[],7.365862846374512,9.149637222290039,15.656206130981445,7.074275493621826,15.184121131896973,15.659801483154297,6.769314765930176,9.165861129760742,15.65481948852539
228.2,RUNNING,10,RETURN,0.727,0.9279,145.5871,9.683,True,NORMAL,MONITOR,False,{},"[""uav2"", ""uav1"", ""uav0""]",limited,False,{},NONE,NORMAL,SAFE,1.0,IDLE,0.0,0.0,0.0,,,0.0,False,avoidance not required,,{},,,,,,,,,,,0,safe,6.003,3.899,1.485,0,0,0.0,0.0,[],7.2723917961120605,8.991515159606934,15.531291961669922,6.983485698699951,15.014188766479492,15.532793998718262,6.678576946258545,9.002769470214844,15.528480529785156
228.4,RUNNING,10,RETURN,0.728,0.9279,145.5871,9.683,True,NORMAL,MONITOR,False,{},"[""uav2"", ""uav1"", ""uav0""]",limited,False,{},NONE,NORMAL,SAFE,1.0,IDLE,0.0,0.0,0.0,,,0.0,False,avoidance not required,,{},,,,,,,,,,,0,safe,6.006,3.966,1.561,0,0,0.0,0.0,[],7.173868656158447,8.815354347229004,15.398801803588867,6.889499187469482,14.837848663330078,15.401666641235352,6.581570625305176,8.822348594665527,15.395339965820312
228.6,RUNNING,10,RETURN,0.729,0.9278,145.5564,9.646,True,NORMAL,MONITOR,False,{},"[""uav2"", ""uav1"", ""uav0""]",limited,False,{},NONE,NORMAL,SAFE,1.0,IDLE,0.0,0.0,0.0,,,0.0,False,avoidance not required,,{},,,,,,,,,,,0,safe,6.008,4.053,1.629,0,0,0.0,0.0,[],7.0703959465026855,8.6226167678833,15.25726318359375,6.787322998046875,14.643163681030273,15.26368236541748,6.484396934509277,8.6282320022583,15.255797386169434
228.8,RUNNING,10,RETURN,0.729,0.9278,145.5564,9.646,True,NORMAL,MONITOR,False,{},"[""uav2"", ""uav1"", ""uav0""]",limited,False,{},NONE,NORMAL,SAFE,1.0,IDLE,0.0,0.0,0.0,,,0.0,False,avoidance not required,,{},,,,,,,,,,,0,safe,6.014,4.155,1.676,0,0,0.0,0.0,[],6.967575550079346,8.428285598754883,15.125121116638184,6.68556022644043,14.43399715423584,15.118921279907227,6.380308151245117,8.424610137939453,15.118565559387207
229.0,RUNNING,10,RETURN,0.73,0.9278,145.5564,9.646,True,NORMAL,MONITOR,False,{},"[""uav2"", ""uav1"", ""uav0""]",limited,False,{},NONE,NORMAL,SAFE,1.0,IDLE,0.0,0.0,0.0,,,0.0,False,avoidance not required,,{},,,,,,,,,,,0,safe,6.013,4.281,1.710,0,0,0.0,0.0,[],6.861852645874023,8.216179847717285,14.989739418029785,6.5801801681518555,14.22619342803955,14.98409652709961,6.274076461791992,8.210241317749023,14.983692169189453
229.2,RUNNING,10,RETURN,0.731,0.9276,145.5248,9.609,True,NORMAL,MONITOR,False,{},"[""uav2"", ""uav1"", ""uav0""]",limited,False,{},NONE,NORMAL,SAFE,1.0,IDLE,0.0,0.0,0.0,,,0.0,False,avoidance not required,,{},,,,,,,,,,,0,safe,6.012,4.425,1.747,0,0,0.0,0.0,[],6.750923156738281,7.98614501953125,14.846219062805176,6.4614973068237305,13.991159439086914,14.83981990814209,6.166467189788818,7.995194435119629,14.85464096069336
229.4,RUNNING,10,RETURN,0.732,0.9276,145.5248,9.609,True,NORMAL,MONITOR,False,{},"[""uav2"", ""uav1"", ""uav0""]",limited,False,{},NONE,NORMAL,SAFE,1.0,IDLE,0.0,0.0,0.0,,,0.0,False,avoidance not required,,{},,,,,,,,,,,0,safe,6.016,4.585,1.765,0,0,0.0,0.0,[],6.636988162994385,7.763578414916992,14.710100173950195,6.338136672973633,13.755623817443848,14.698603630065918,6.044086456298828,7.762209415435791,14.713597297668457
229.6,RUNNING,10,RETURN,0.732,0.9275,145.4927,9.573,True,NORMAL,MONITOR,False,{},"[""uav2"", ""uav1"", ""uav0""]",limited,False,{},NONE,NORMAL,SAFE,1.0,IDLE,0.0,0.0,0.0,,,0.0,False,avoidance not required,,{},,,,,,,,,,,0,safe,6.007,4.774,1.772,0,0,0.0,0.0,[],6.513345241546631,7.525330543518066,14.568817138671875,6.220822334289551,13.526494979858398,14.562263488769531,5.921472549438477,7.52197790145874,14.575326919555664
229.8,RUNNING,10,RETURN,0.733,0.9275,145.4927,9.573,True,NORMAL,MONITOR,False,{},"[""uav2"", ""uav1"", ""uav0""]",limited,False,{},NONE,NORMAL,SAFE,1.0,IDLE,0.0,0.0,0.0,,,0.0,False,avoidance not required,,{},,,,,,,,,,,0,safe,6.008,4.978,1.775,0,0,0.0,0.0,[],6.380679130554199,7.281914710998535,14.424147605895996,6.091854095458984,13.285562515258789,14.41989517211914,5.794434070587158,7.28169059753418,14.430930137634277
230.0,RUNNING,10,RETURN,0.734,0.9275,145.4927,9.573,True,NORMAL,MONITOR,False,{},"[""uav2"", ""uav1"", ""uav0""]",limited,False,{},NONE,NORMAL,SAFE,1.0,IDLE,0.0,0.0,0.0,,,0.0,False,avoidance not required,,{},,,,,,,,,,,0,safe,6.014,5.195,1.773,0,0,0.0,0.0,[],6.245728969573975,7.034597396850586,14.278175354003906,5.954477787017822,13.04019832611084,14.274389266967773,5.6529083251953125,7.02846097946167,14.277052879333496
230.2,RUNNING,10,RETURN,0.735,0.9273,145.4603,9.536,True,NORMAL,MONITOR,False,{},"[""uav2"", ""uav1"", ""uav0""]",limited,False,{},NONE,NORMAL,SAFE,1.0,IDLE,0.0,0.0,0.0,,,0.0,False,avoidance not required,,{},,,,,,,,,,,0,safe,6.007,5.439,1.758,0,0,0.0,0.0,[],6.105539321899414,6.786937713623047,14.132205963134766,5.8153486251831055,12.78888988494873,14.127896308898926,5.522522449493408,6.796631813049316,14.13237476348877
230.4,RUNNING,10,RETURN,0.735,0.9273,145.4603,9.536,True,NORMAL,MONITOR,False,{},"[""uav2"", ""uav1"", ""uav0""]",limited,False,{},NONE,NORMAL,SAFE,1.0,IDLE,0.0,0.0,0.0,,,0.0,False,avoidance not required,,{},,,,,,,,,,,0,safe,6.017,5.671,1.751,0,0,0.0,0.0,[],5.970108985900879,6.541975498199463,13.984946250915527,5.67107629776001,12.539286613464355,13.982022285461426,5.3749470710754395,6.543364524841309,13.97787094116211
230.6,RUNNING,10,RETURN,0.736,0.9271,145.428,9.499,True,NORMAL,MONITOR,False,{},"[""uav2"", ""uav1"", ""uav0""]",limited,False,{},NONE,NORMAL,SAFE,1.0,IDLE,0.0,0.0,0.0,,,0.0,False,avoidance not required,,{},,,,,,,,,,,0,safe,6.005,5.935,1.723,0,0,0.0,0.0,[],5.82896614074707,6.296708106994629,13.838053703308105,5.527949333190918,12.299777030944824,13.835750579833984,5.238968372344971,6.308662414550781,13.83553409576416
230.8,RUNNING,10,RETURN,0.737,0.9271,145.428,9.499,True,NORMAL,MONITOR,False,{},"[""uav2"", ""uav1"", ""uav0""]",limited,False,{},NONE,NORMAL,SAFE,1.0,IDLE,0.0,0.0,0.0,,,0.0,False,avoidance not required,,{},,,,,,,,,,,0,safe,6.010,6.184,1.720,0,0,0.0,0.0,[],5.691409111022949,6.052055358886719,13.692899703979492,5.381836891174316,12.059109687805176,13.688698768615723,5.097007751464844,6.065717697143555,13.685867309570312
231.0,RUNNING,10,RETURN,0.738,0.9271,145.428,9.499,True,NORMAL,MONITOR,False,{},"[""uav2"", ""uav1"", ""uav0""]",limited,False,{},NONE,NORMAL,SAFE,1.0,IDLE,0.0,0.0,0.0,,,0.0,False,avoidance not required,,{},,,,,,,,,,,0,safe,6.006,6.444,1.705,0,0,0.0,0.0,[],5.5492730140686035,5.80994176864624,13.54763412475586,5.235678672790527,11.82197093963623,13.54110050201416,4.950926303863525,5.823770999908447,13.539092063903809
231.2,RUNNING,10,RETURN,0.738,0.927,145.3959,9.462,True,NORMAL,MONITOR,False,{},"[""uav2"", ""uav1"", ""uav0""]",limited,False,{},NONE,NORMAL,SAFE,1.0,IDLE,0.0,0.0,0.0,,,0.0,False,avoidance not required,,{},,,,,,,,,,,0,safe,6.002,6.708,1.690,0,0,0.0,0.0,[],5.414267539978027,5.576368808746338,13.40209674835205,5.088449478149414,11.58415699005127,13.395302772521973,4.806632041931152,5.585524559020996,13.39682674407959
231.4,RUNNING,10,RETURN,0.739,0.927,145.3959,9.462,True,NORMAL,MONITOR,False,{},"[""uav2"", ""uav1"", ""uav0""]",limited,False,{},NONE,NORMAL,SAFE,1.0,IDLE,0.0,0.0,0.0,,,0.0,False,avoidance not required,,{},,,,,,,,,,,0,safe,5.992,6.970,1.680,0,0,0.0,0.0,[],5.274062633514404,5.342596530914307,13.256832122802734,4.942555904388428,11.348998069763184,13.25379467010498,4.660404682159424,5.347828388214111,13.25500202178955
231.6,RUNNING,10,RETURN,0.74,0.9268,145.3639,9.426,True,NORMAL,MONITOR,False,{},"[""uav2"", ""uav1"", ""uav0""]",limited,False,{},NONE,NORMAL,SAFE,1.0,IDLE,0.0,0.0,0.0,,,0.0,False,avoidance not required,,{},,,,,,,,,,,0,safe,5.986,7.234,1.675,0,0,0.0,0.0,[],5.141107559204102,5.112363815307617,13.107361793518066,4.796977996826172,11.113285064697266,13.11152458190918,4.517158508300781,5.112226486206055,13.112553596496582
231.8,RUNNING,10,RETURN,0.741,0.9268,145.3639,9.426,True,NORMAL,MONITOR,False,{},"[""uav2"", ""uav1"", ""uav0""]",limited,False,{},NONE,NORMAL,SAFE,1.0,IDLE,0.0,0.0,0.0,,,0.0,False,avoidance not required,,{},,,,,,,,,,,0,safe,5.976,7.496,1.676,0,0,0.0,0.0,[],5.008505821228027,4.882104873657227,12.960884094238281,4.6537184715271,10.881242752075195,12.968867301940918,4.379795551300049,4.879690647125244,12.963251113891602
232.0,RUNNING,10,RETURN,0.741,0.9268,145.3639,9.426,True,NORMAL,MONITOR,False,{},"[""uav2"", ""uav1"", ""uav0""]",limited,False,{},NONE,NORMAL,SAFE,1.0,IDLE,0.0,0.0,0.0,,,0.0,False,avoidance not required,,{},,,,,,,,,,,0,safe,5.971,7.752,1.680,0,0,0.0,0.0,[],4.863889217376709,4.641544818878174,12.810433387756348,4.511297225952148,10.648577690124512,12.823488235473633,4.23940896987915,4.6472487449646,12.815401077270508
232.2,RUNNING,10,RETURN,0.742,0.9267,145.3321,9.407,True,NORMAL,MONITOR,False,{},"[""uav2"", ""uav1"", ""uav0""]",limited,False,{},NONE,NORMAL,SAFE,1.0,IDLE,0.0,0.0,0.0,,,0.0,False,avoidance not required,,{},,,,,,,,,,,0,safe,5.976,8.011,1.669,0,0,0.0,0.0,[],4.733569622039795,4.420340538024902,12.667095184326172,4.375884056091309,10.418692588806152,12.6747465133667,4.1047282218933105,4.414657115936279,12.674215316772461
232.4,RUNNING,10,RETURN,0.743,0.9267,145.3321,9.407,True,NORMAL,MONITOR,False,{},"[""uav2"", ""uav1"", ""uav0""]",limited,False,{},NONE,NORMAL,SAFE,1.0,IDLE,0.0,0.0,0.0,,,0.0,False,avoidance not required,,{},,,,,,,,,,,0,safe,5.971,8.267,1.685,0,0,0.0,0.0,[],4.591829299926758,4.188382625579834,12.520642280578613,4.238574028015137,10.187307357788086,12.527162551879883,3.965860366821289,4.182114124298096,12.529170989990234
232.6,RUNNING,10,RETURN,0.744,0.9265,145.3003,9.37,True,NORMAL,MONITOR,False,{},"[""uav2"", ""uav1"", ""uav0""]",limited,False,{},NONE,NORMAL,SAFE,1.0,IDLE,0.0,0.0,0.0,,,0.0,False,avoidance not required,,{},,,,,,,,,,,0,safe,5.974,8.527,1.687,0,0,0.0,0.0,[],4.444633960723877,3.94779634475708,12.36561107635498,4.107751369476318,9.958089828491211,12.371366500854492,3.826843738555908,3.951345920562744,12.380581855773926
232.8,RUNNING,10,RETURN,0.744,0.9265,145.3003,9.37,True,NORMAL,MONITOR,False,{},"[""uav2"", ""uav1"", ""uav0""]",limited,False,{},NONE,NORMAL,SAFE,1.0,IDLE,0.0,0.0,0.0,,,0.0,False,avoidance not required,,{},,,,,,,,,,,0,safe,5.982,8.787,1.681,0,0,0.0,0.0,[],4.3056135177612305,3.724740982055664,12.22411823272705,3.9730353355407715,9.726228713989258,12.221114158630371,3.688204288482666,3.7213308811187744,12.22313117980957
233.0,RUNNING,10,RETURN,0.745,0.9265,145.3003,9.37,True,NORMAL,MONITOR,False,{},"[""uav2"", ""uav1"", ""uav0""]",limited,False,{},NONE,NORMAL,SAFE,1.0,IDLE,0.0,0.0,0.0,,,0.0,False,avoidance not required,,{},,,,,,,,,,,0,safe,5.983,9.046,1.696,0,0,0.0,0.0,[],4.165863513946533,3.4980311393737793,12.08124828338623,3.8383116722106934,9.483538627624512,12.061600685119629,3.5468811988830566,3.489466667175293,12.070208549499512
233.2,RUNNING,10,RETURN,0.746,0.9263,145.2685,9.334,True,NORMAL,MONITOR,False,{},"[""uav2"", ""uav1"", ""uav0""]",limited,False,{},NONE,NORMAL,SAFE,1.0,IDLE,0.0,0.0,0.0,,,0.0,False,avoidance not required,,{},,,,,,,,,,,0,safe,5.981,9.309,1.710,0,0,0.0,0.0,[],4.0231170654296875,3.267517566680908,11.934539794921875,3.7087206840515137,9.25787353515625,11.91763687133789,3.408466100692749,3.24832820892334,11.915257453918457
233.4,RUNNING,10,RETURN,0.747,0.9263,145.2685,9.334,True,NORMAL,MONITOR,False,{},"[""uav2"", ""uav1"", ""uav0""]",limited,False,{},NONE,NORMAL,SAFE,1.0,IDLE,0.0,0.0,0.0,,,0.0,False,avoidance not required,,{},,,,,,,,,,,0,safe,5.983,9.838,1.730,0,0,0.0,0.0,[],3.888847589492798,3.03965425491333,11.78683853149414,3.5770998001098633,9.03116512298584,11.774179458618164,3.2716410160064697,3.0151431560516357,11.765620231628418
233.6,RUNNING,10,RETURN,0.747,0.9262,145.2367,9.297,True,NORMAL,MONITOR,False,{},"[""uav2"", ""uav1"", ""uav0""]",limited,False,{},NONE,NORMAL,SAFE,1.0,IDLE,0.0,0.0,0.0,,,0.0,False,avoidance not required,,{},,,,,,,,,,,0,safe,5.983,9.838,1.730,0,0,0.0,0.0,[],3.7486250400543213,2.807204246520996,11.635749816894531,3.440174102783203,8.799449920654297,11.627375602722168,3.1455655097961426,2.7948191165924072,11.618242263793945
233.8,RUNNING,10,RETURN,0.748,0.9262,145.2367,9.297,True,NORMAL,MONITOR,False,{},"[""uav2"", ""uav1"", ""uav0""]",limited,False,{},NONE,NORMAL,SAFE,1.0,IDLE,0.0,0.0,0.0,,,0.0,False,avoidance not required,,{},,,,,,,,,,,0,safe,5.997,10.084,1.733,0,0,0.0,0.0,[],3.6086554527282715,2.5768532752990723,11.480297088623047,3.3025588989257812,8.562166213989258,11.468140602111816,3.0081732273101807,2.5618579387664795,11.467147827148438
234.0,RUNNING,10,RETURN,0.749,0.9262,145.2367,9.297,True,NORMAL,MONITOR,False,{},"[""uav2"", ""uav1"", ""uav0""]",limited,False,{},NONE,NORMAL,SAFE,1.0,IDLE,0.0,0.0,0.0,,,0.0,False,avoidance not required,,{},,,,,,,,,,,0,safe,6.000,10.298,1.733,0,0,0.0,0.0,[],3.4651308059692383,2.3413643836975098,11.32557487487793,3.1699295043945312,8.337739944458008,11.322535514831543,2.8783273696899414,2.332583427429199,11.31626033782959
234.2,RUNNING,10,RETURN,0.75,0.926,145.2047,9.26,True,NORMAL,MONITOR,False,{},"[""uav2"", ""uav1"", ""uav0""]",limited,False,{},NONE,NORMAL,SAFE,1.0,IDLE,0.0,0.0,0.0,,,0.0,False,avoidance not required,,{},,,,,,,,,,,0,safe,6.013,10.463,1.726,0,0,0.0,0.0,[],3.3293216228485107,2.1084752082824707,11.17041301727295,3.037963390350342,8.107361793518066,11.17086410522461,2.740723133087158,2.098295211791992,11.165258407592773
234.4,RUNNING,10,RETURN,0.75,0.926,145.2047,9.26,True,NORMAL,MONITOR,False,{},"[""uav2"", ""uav1"", ""uav0""]",limited,False,{},NONE,NORMAL,SAFE,1.0,IDLE,0.0,0.0,0.0,,,0.0,False,avoidance not required,,{},,,,,,,,,,,0,safe,6.011,10.632,1.723,0,0,0.0,0.0,[],3.1891250610351562,1.866241693496704,11.010994911193848,2.899282455444336,7.871121883392334,11.019826889038086,2.6070032119750977,1.8664774894714355,11.002909660339355
234.6,RUNNING,10,RETURN,0.751,0.9259,145.1727,9.223,True,NORMAL,MONITOR,False,{},"[""uav2"", ""uav1"", ""uav0""]",limited,False,{},NONE,NORMAL,SAFE,1.0,IDLE,0.0,0.0,0.0,,,0.0,False,avoidance not required,,{},,,,,,,,,,,0,safe,6.018,10.812,1.710,0,0,0.0,0.0,[],3.0494651794433594,1.6286633014678955,10.862018585205078,2.762016534805298,7.635632038116455,10.865605354309082,2.472200393676758,1.632300853729248,10.841646194458008
234.8,RUNNING,10,RETURN,0.752,0.9259,145.1727,9.223,True,NORMAL,MONITOR,False,{},"[""uav2"", ""uav1"", ""uav0""]",limited,False,{},NONE,NORMAL,SAFE,1.0,IDLE,0.0,0.0,0.0,,,0.0,False,avoidance not required,,{},,,,,,,,,,,0,safe,6.023,10.995,1.692,0,0,0.0,0.0,[],2.9210057258605957,1.4009555578231812,10.718228340148926,2.619868755340576,7.397204875946045,10.715657234191895,2.331111192703247,1.3950774669647217,10.694997787475586
235.0,RUNNING,10,RETURN,0.753,0.9259,145.1727,9.223,True,NORMAL,MONITOR,False,{},"[""uav2"", ""uav1"", ""uav0""]",limited,False,{},NONE,NORMAL,SAFE,1.0,IDLE,0.0,0.0,0.0,,,0.0,False,avoidance not required,,{},,,,,,,,,,,0,safe,6.010,11.187,1.669,0,0,0.0,0.0,[],2.7776312828063965,1.1522778272628784,10.564898490905762,2.4807679653167725,7.164087295532227,10.567143440246582,2.195957899093628,1.1627380847930908,10.556461334228516
235.2,RUNNING,10,RETURN,0.753,0.9257,145.1408,9.187,True,NORMAL,MONITOR,False,{},"[""uav2"", ""uav1"", ""uav0""]",limited,False,{},NONE,NORMAL,SAFE,1.0,IDLE,0.0,0.0,0.0,,,0.0,False,avoidance not required,,{},,,,,,,,,,,0,safe,6.004,11.576,1.606,0,0,0.0,0.0,[],2.651664972305298,0.9241278767585754,10.42513656616211,2.338968276977539,6.9287848472595215,10.425058364868164,2.05600905418396,0.9283359050750732,10.418807983398438
235.4,RUNNING,10,RETURN,0.754,0.9257,145.1408,9.187,True,NORMAL,MONITOR,False,{},"[""uav2"", ""uav1"", ""uav0""]",limited,False,{},NONE,NORMAL,SAFE,1.0,IDLE,0.0,0.0,0.0,,,0.0,False,avoidance not required,,{},,,,,,,,,,,0,safe,6.004,11.576,1.606,0,0,0.0,0.0,[],2.5154049396514893,0.6874796748161316,10.281993865966797,2.2023935317993164,6.702667236328125,10.277896881103516,1.924707055091858,0.6983371376991272,10.281941413879395
235.6,RUNNING,10,RETURN,0.755,0.9255,145.1092,9.15,True,NORMAL,MONITOR,False,{},"[""uav2"", ""uav1"", ""uav0""]",limited,False,{},NONE,NORMAL,SAFE,1.0,IDLE,0.0,0.0,0.0,,,0.0,False,avoidance not required,,{},,,,,,,,,,,0,safe,6.009,11.769,1.573,0,0,0.0,0.0,[],2.3849337100982666,0.45713451504707336,10.13729476928711,2.0643057823181152,6.4741363525390625,10.137907981872559,1.782953143119812,0.459208607673645,10.140705108642578
235.8,RUNNING,10,RETURN,0.756,0.9255,145.1092,9.15,True,NORMAL,MONITOR,False,{},"[""uav2"", ""uav1"", ""uav0""]",limited,False,{},NONE,NORMAL,SAFE,1.0,IDLE,0.0,0.0,0.0,,,0.0,False,avoidance not required,,{},,,,,,,,,,,0,safe,5.998,11.967,1.520,0,0,0.0,0.0,[],2.2508544921875,0.22950543463230133,9.997442245483398,1.9284523725509644,6.24850606918335,9.995855331420898,1.6498594284057617,0.236678346991539,9.998547554016113
236.0,RUNNING,10,RETURN,0.756,0.9255,145.1092,9.15,True,NORMAL,MONITOR,False,{},"[""uav2"", ""uav1"", ""uav0""]",limited,False,{},NONE,NORMAL,SAFE,1.0,IDLE,0.0,0.0,0.0,,,0.0,False,avoidance not required,,{},,,,,,,,,,,0,safe,5.999,12.164,1.473,0,0,0.0,0.0,[],2.1206986904144287,0.015004352666437626,9.858377456665039,1.7936229705810547,6.024091720581055,9.861030578613281,1.520241618156433,0.02396094985306263,9.868675231933594
236.2,RUNNING,10,RETURN,0.757,0.9254,145.0779,9.131,True,NORMAL,MONITOR,False,{},"[""uav2"", ""uav1"", ""uav0""]",limited,False,{},NONE,NORMAL,SAFE,1.0,IDLE,0.0,0.0,0.0,,,0.0,False,avoidance not required,,{},,,,,,,,,,,0,safe,6.000,12.363,1.432,0,0,0.0,0.0,[],1.992629885673523,-0.19223305583000183,9.726480484008789,1.6685696840286255,5.810567855834961,9.72892951965332,1.3888052701950073,-0.18449054658412933,9.734966278076172
236.4,RUNNING,10,RETURN,0.758,0.9254,145.0779,9.131,True,NORMAL,MONITOR,False,{},"[""uav2"", ""uav1"", ""uav0""]",limited,False,{},NONE,NORMAL,SAFE,1.0,IDLE,0.0,0.0,0.0,,,0.0,False,avoidance not required,,{},,,,,,,,,,,0,safe,5.996,12.551,1.383,0,0,0.0,0.0,[],1.8591649532318115,-0.4071601629257202,9.598413467407227,1.5437999963760376,5.598572731018066,9.604084014892578,1.2626549005508423,-0.38270094990730286,9.609258651733398
236.6,RUNNING,10,RETURN,0.759,0.9252,145.0473,9.095,True,NORMAL,MONITOR,False,{},"[""uav2"", ""uav1"", ""uav0""]",limited,False,{},NONE,NORMAL,SAFE,1.0,IDLE,0.0,0.0,0.0,,,0.0,False,avoidance not required,,{},,,,,,,,,,,0,safe,6.004,12.741,1.339,0,0,0.0,0.0,[],1.7421767711639404,-0.5952119827270508,9.48523998260498,1.423740267753601,5.402677536010742,9.48376750946045,1.1367591619491577,-0.5833174586296082,9.49116039276123
236.8,RUNNING,10,RETURN,0.759,0.9252,145.0473,9.095,True,NORMAL,MONITOR,False,{},"[""uav2"", ""uav1"", ""uav0""]",limited,False,{},NONE,NORMAL,SAFE,1.0,IDLE,0.0,0.0,0.0,,,0.0,False,avoidance not required,,{},,,,,,,,,,,0,safe,5.995,12.922,1.286,0,0,0.0,0.0,[],1.6207207441329956,-0.7902823090553284,9.368966102600098,1.3047847747802734,5.20651912689209,9.369709014892578,1.0152734518051147,-0.7746301889419556,9.372503280639648
237.0,RUNNING,10,RETURN,0.76,0.9252,145.0473,9.095,True,NORMAL,MONITOR,False,{},"[""uav2"", ""uav1"", ""uav0""]",limited,False,{},NONE,NORMAL,SAFE,1.0,IDLE,0.0,0.0,0.0,,,0.0,False,avoidance not required,,{},,,,,,,,,,,0,safe,5.995,13.103,1.232,0,0,0.0,0.0,[],1.50412118434906,-0.970389187335968,9.24886703491211,1.1889821290969849,5.02410888671875,9.25394344329834,0.8963412046432495,-0.9653949737548828,9.259668350219727
237.2,RUNNING,10,RETURN,0.761,0.9251,145.0172,9.058,True,NORMAL,MONITOR,False,{},"[""uav2"", ""uav1"", ""uav0""]",limited,False,{},NONE,NORMAL,SAFE,1.0,IDLE,0.0,0.0,0.0,,,0.0,False,avoidance not required,,{},,,,,,,,,,,0,safe,5.992,13.279,1.174,0,0,0.0,0.0,[],1.3895690441131592,-1.1509487628936768,9.136215209960938,1.0766764879226685,4.84177827835083,9.14419174194336,0.7786030769348145,-1.1505430936813354,9.144489288330078
237.4,RUNNING,10,RETURN,0.762,0.9251,145.0172,9.058,True,NORMAL,MONITOR,False,{},"[""uav2"", ""uav1"", ""uav0""]",limited,False,{},NONE,NORMAL,SAFE,1.0,IDLE,0.0,0.0,0.0,,,0.0,False,avoidance not required,,{},,,,,,,,,,,0,safe,5.989,13.452,1.109,0,0,0.0,0.0,[],1.2795085906982422,-1.3210071325302124,9.029573440551758,0.9741443395614624,4.6806721687316895,9.033926963806152,0.6734225749969482,-1.3208434581756592,9.04386043548584
237.6,RUNNING,10,RETURN,0.762,0.9249,144.9879,9.021,True,NORMAL,MONITOR,False,{},"[""uav2"", ""uav1"", ""uav0""]",limited,False,{},NONE,NORMAL,SAFE,1.0,IDLE,0.0,0.0,0.0,,,0.0,False,avoidance not required,,{},,,,,,,,,,,0,safe,5.994,13.609,1.056,0,0,0.0,0.0,[],1.1734086275100708,-1.4900262355804443,8.929574966430664,0.8738071322441101,4.516566276550293,8.932221412658691,0.572256863117218,-1.4813863039016724,8.935535430908203
237.8,RUNNING,10,RETURN,0.763,0.9249,144.9879,9.021,True,NORMAL,MONITOR,False,{},"[""uav2"", ""uav1"", ""uav0""]",limited,False,{},NONE,NORMAL,SAFE,1.0,IDLE,0.0,0.0,0.0,,,0.0,False,avoidance not required,,{},,,,,,,,,,,0,safe,5.999,13.765,0.999,0,0,0.0,0.0,[],1.0753177404403687,-1.6459282636642456,8.827068328857422,0.7767770886421204,4.361720085144043,8.824406623840332,0.47427114844322205,-1.6424078941345215,8.838102340698242
238.0,RUNNING,10,RETURN,0.764,0.9249,144.9879,9.021,True,NORMAL,MONITOR,False,{},"[""uav2"", ""uav1"", ""uav0""]",limited,False,{},NONE,NORMAL,SAFE,1.0,IDLE,0.0,0.0,0.0,,,0.0,False,avoidance not required,,{},,,,,,,,,,,0,safe,5.999,13.917,0.936,0,0,0.0,0.0,[],0.981321394443512,-1.8000123500823975,8.73318099975586,0.6893558502197266,4.216215133666992,8.736452102661133,0.38563114404678345,-1.7877039909362793,8.74063777923584
238.2,RUNNING,10,RETURN,0.765,0.9248,144.9592,8.984,True,NORMAL,MONITOR,False,{},"[""uav2"", ""uav1"", ""uav0""]",limited,False,{},NONE,NORMAL,SAFE,1.0,IDLE,0.0,0.0,0.0,,,0.0,False,avoidance not required,,{},,,,,,,,,,,0,safe,6.004,14.056,0.881,0,0,0.0,0.0,[],0.8915704488754272,-1.9421087503433228,8.637316703796387,0.6061052680015564,4.081120014190674,8.644193649291992,0.29998940229415894,-1.9326157569885254,8.65426254272461
238.4,RUNNING,10,RETURN,0.765,0.9248,144.9592,8.984,True,NORMAL,MONITOR,False,{},"[""uav2"", ""uav1"", ""uav0""]",limited,False,{},NONE,NORMAL,SAFE,1.0,IDLE,0.0,0.0,0.0,,,0.0,False,avoidance not required,,{},,,,,,,,,,,0,safe,6.008,14.188,0.825,0,0,0.0,0.0,[],0.812130868434906,-2.068314790725708,8.550321578979492,0.5252441763877869,3.943739414215088,8.56357192993164,0.2236326038837433,-2.0609424114227295,8.575018882751465
238.6,RUNNING,10,RETURN,0.766,0.9247,144.9312,8.947,True,NORMAL,MONITOR,False,{},"[""uav2"", ""uav1"", ""uav0""]",limited,False,{},NONE,NORMAL,SAFE,1.0,IDLE,0.0,0.0,0.0,,,0.0,False,avoidance not required,,{},,,,,,,,,,,0,safe,6.012,14.319,0.762,0,0,0.0,0.0,[],0.7395544052124023,-2.189957618713379,8.477599143981934,0.45361754298210144,3.8248517513275146,8.486289024353027,0.1492186039686203,-2.18979811668396,8.503459930419922
238.8,RUNNING,10,RETURN,0.767,0.9247,144.9312,8.947,True,NORMAL,MONITOR,False,{},"[""uav2"", ""uav1"", ""uav0""]",limited,False,{},NONE,NORMAL,SAFE,1.0,IDLE,0.0,0.0,0.0,,,0.0,False,avoidance not required,,{},,,,,,,,,,,0,safe,6.010,14.434,0.705,0,0,0.0,0.0,[],0.671964704990387,-2.304842233657837,8.397666931152344,0.3839050531387329,3.7040462493896484,8.419565200805664,0.08033834397792816,-2.307983160018921,8.429855346679688
239.0,RUNNING,10,RETURN,0.768,0.9247,144.9312,8.947,True,NORMAL,MONITOR,False,{},"[""uav2"", ""uav1"", ""uav0""]",limited,False,{},NONE,NORMAL,SAFE,1.0,IDLE,0.0,0.0,0.0,,,0.0,False,avoidance not required,,{},,,,,,,,,,,0,safe,6.008,14.549,0.640,0,0,0.0,0.0,[],0.6073401570320129,-2.418320417404175,8.333088874816895,0.31843888759613037,3.597954034805298,8.348620414733887,0.01846497692167759,-2.416457414627075,8.368654251098633
239.2,RUNNING,10,RETURN,0.768,0.9245,144.9039,8.911,True,NORMAL,MONITOR,False,{},"[""uav2"", ""uav1"", ""uav0""]",limited,False,{},NONE,NORMAL,SAFE,1.0,IDLE,0.0,0.0,0.0,,,0.0,False,avoidance not required,,{},,,,,,,,,,,0,safe,6.011,14.654,0.574,0,0,0.0,0.0,[],0.5497448444366455,-2.5191683769226074,8.268714904785156,0.2602975368499756,3.498269557952881,8.293339729309082,-0.040457770228385925,-2.509622573852539,8.307229042053223
239.4,RUNNING,10,RETURN,0.769,0.9245,144.9039,8.911,True,NORMAL,MONITOR,False,{},"[""uav2"", ""uav1"", ""uav0""]",limited,False,{},NONE,NORMAL,SAFE,1.0,IDLE,0.0,0.0,0.0,,,0.0,False,avoidance not required,,{},,,,,,,,,,,0,safe,6.010,14.750,0.511,0,0,0.0,0.0,[],0.4927765727043152,-2.6207122802734375,8.21593189239502,0.20096959173679352,3.409348249435425,8.23755931854248,-0.09629952907562256,-2.603731393814087,8.25496768951416
239.6,RUNNING,10,RETURN,0.77,0.9244,144.8771,8.874,True,NORMAL,MONITOR,False,{},"[""uav2"", ""uav1"", ""uav0""]",limited,False,{},NONE,NORMAL,SAFE,1.0,IDLE,0.0,0.0,0.0,,,0.0,False,avoidance not required,,{},,,,,,,,,,,0,safe,6.011,14.843,0.442,0,0,0.0,0.0,[],0.44137078523635864,-2.706313133239746,8.168516159057617,0.1507238894701004,3.3256661891937256,8.195618629455566,-0.1432650238275528,-2.682025671005249,8.19956111907959
239.8,RUNNING,10,RETURN,0.771,0.9244,144.8771,8.874,True,NORMAL,MONITOR,False,{},"[""uav2"", ""uav1"", ""uav0""]",limited,False,{},NONE,NORMAL,SAFE,1.0,IDLE,0.0,0.0,0.0,,,0.0,False,avoidance not required,,{},,,,,,,,,,,0,safe,6.015,14.925,0.374,0,0,0.0,0.0,[],0.39729738235473633,-2.7846834659576416,8.132367134094238,0.10916854441165924,3.2567453384399414,8.148411750793457,-0.18921324610710144,-2.7625911235809326,8.154627799987793
240.0,RUNNING,10,RETURN,0.771,0.9244,144.8771,8.874,True,NORMAL,MONITOR,False,{},"[""uav2"", ""uav1"", ""uav0""]",limited,False,{},NONE,NORMAL,SAFE,1.0,IDLE,0.0,0.0,0.0,,,0.0,False,avoidance not required,,{},,,,,,,,,,,0,safe,6.014,14.993,0.306,0,0,0.0,0.0,[],0.36266106367111206,-2.8597888946533203,8.09250259399414,0.06966529041528702,3.184831142425537,8.112634658813477,-0.22331461310386658,-2.824492931365967,8.112861633300781
240.2,RUNNING,11,HOME_FORMATION,0.772,0.9243,144.8509,8.856,True,NORMAL,MONITOR,False,{},"[""uav2"", ""uav1"", ""uav0""]",limited,False,{},NONE,NORMAL,SAFE,1.0,IDLE,0.0,0.0,0.0,,,0.0,False,avoidance not required,,{},,,,,,,,,,,0,safe,6.014,15.061,0.227,0,0,0.0,0.0,[],0.3341232240200043,-2.921365737915039,8.067048072814941,0.044625330716371536,3.1350650787353516,8.08021354675293,-0.254381388425827,-2.8827245235443115,8.08441162109375
240.4,RUNNING,11,HOME_FORMATION,0.773,0.9243,144.8509,8.856,True,NORMAL,MONITOR,False,{},"[""uav2"", ""uav1"", ""uav0""]",limited,False,{},NONE,NORMAL,SAFE,1.0,IDLE,0.0,0.0,0.0,,,0.0,False,avoidance not required,,{},,,,,,,,,,,0,safe,6.012,15.105,0.165,0,0,0.0,0.0,[],0.31488215923309326,-2.967693567276001,8.040000915527344,0.019421538338065147,3.0820436477661133,8.0573091506958,-0.2798013985157013,-2.9263792037963867,8.051429748535156
240.6,RUNNING,11,HOME_FORMATION,0.774,0.9241,144.825,8.819,True,NORMAL,MONITOR,False,{},"[""uav2"", ""uav1"", ""uav0""]",limited,False,{},NONE,NORMAL,SAFE,1.0,IDLE,0.0,0.0,0.0,,,0.0,False,avoidance not required,,{},,,,,,,,,,,0,safe,6.005,15.152,0.112,0,0,0.0,0.0,[],0.29626139998435974,-3.008357286453247,8.023752212524414,0.00566914863884449,3.0507559776306152,8.038105964660645,-0.2948278486728668,-2.961550235748291,8.03077507019043
240.8,RUNNING,11,HOME_FORMATION,0.774,0.9241,144.825,8.819,True,NORMAL,MONITOR,False,{},"[""uav2"", ""uav1"", ""uav0""]",limited,False,{},NONE,NORMAL,SAFE,1.0,IDLE,0.0,0.0,0.0,,,0.0,False,avoidance not required,,{},,,,,,,,,,,0,safe,6.009,15.179,0.088,0,0,0.0,0.0,[],0.282948762178421,-3.032818555831909,8.008459091186523,-0.00806671753525734,3.0171899795532227,8.027442932128906,-0.30917438864707947,-2.9934189319610596,8.020069122314453
241.0,RUNNING,11,HOME_FORMATION,0.775,0.9241,144.825,8.819,True,NORMAL,MONITOR,False,{},"[""uav2"", ""uav1"", ""uav0""]",limited,False,{},NONE,NORMAL,SAFE,1.0,IDLE,0.0,0.0,0.0,,,0.0,False,avoidance not required,,{},,,,,,,,,,,0,safe,6.008,15.206,0.085,0,0,0.0,0.0,[],0.27081406116485596,-3.0514440536499023,8.000487327575684,-0.011643837206065655,2.9999217987060547,8.006585121154785,-0.3188548684120178,-3.0116634368896484,8.007328033447266
241.2,RUNNING,11,HOME_FORMATION,0.776,0.924,144.7993,8.782,True,NORMAL,MONITOR,False,{},"[""uav2"", ""uav1"", ""uav0""]",limited,False,{},NONE,NORMAL,SAFE,1.0,IDLE,0.0,0.0,0.0,,,0.0,False,avoidance not required,,{},,,,,,,,,,,0,safe,6.010,15.217,0.133,0,0,0.0,0.0,[],0.2627003788948059,-3.0517044067382812,7.9869256019592285,-0.016705987975001335,2.9781951904296875,7.996581554412842,-0.32737988233566284,-3.025527000427246,8.00033950805664
241.4,RUNNING,11,HOME_FORMATION,0.777,0.924,144.7993,8.782,True,NORMAL,MONITOR,False,{},"[""uav2"", ""uav1"", ""uav0""]",limited,False,{},NONE,NORMAL,SAFE,1.0,IDLE,0.0,0.0,0.0,,,0.0,False,avoidance not required,,{},,,,,,,,,,,0,safe,6.010,15.232,0.168,0,0,0.0,0.0,[],0.25613802671432495,-3.0482399463653564,7.979194641113281,-0.009840982034802437,2.9710259437561035,7.986852645874023,-0.3306303024291992,-3.0238287448883057,7.987905502319336
241.6,RUNNING,11,HOME_FORMATION,0.777,0.9239,144.7735,8.745,True,NORMAL,MONITOR,False,{},"[""uav2"", ""uav1"", ""uav0""]",limited,False,{},NONE,NORMAL,SAFE,1.0,IDLE,0.0,0.0,0.0,,,0.0,False,avoidance not required,,{},,,,,,,,,,,0,safe,6.013,15.229,0.205,0,0,0.0,0.0,[],0.25097742676734924,-3.0313668251037598,7.965567111968994,-0.008134895004332066,2.9555180072784424,7.981099605560303,-0.3334185779094696,-3.019357681274414,7.98103141784668
241.8,RUNNING,11,HOME_FORMATION,0.778,0.9239,144.7735,8.745,True,NORMAL,MONITOR,False,{},"[""uav2"", ""uav1"", ""uav0""]",limited,False,{},NONE,NORMAL,SAFE,1.0,IDLE,0.0,0.0,0.0,,,0.0,False,avoidance not required,,{},,,,,,,,,,,0,safe,6.016,15.235,0.235,0,0,0.0,0.0,[],0.24678339064121246,-3.0110013484954834,7.960892677307129,-0.005925416946411133,2.947697401046753,7.967970371246338,-0.33015361428260803,-3.0042808055877686,7.965960502624512
242.0,RUNNING,11,HOME_FORMATION,0.779,0.9239,144.7735,8.745,True,NORMAL,MONITOR,False,{},"[""uav2"", ""uav1"", ""uav0""]",limited,False,{},NONE,NORMAL,SAFE,1.0,IDLE,0.0,0.0,0.0,,,0.0,False,avoidance not required,,{},,,,,,,,,,,0,safe,6.023,15.236,0.264,0,0,0.0,0.0,[],0.24672886729240417,-2.9815962314605713,7.955143928527832,-0.007374584209173918,2.9274520874023438,7.9629597663879395,-0.3280300199985504,-2.9855799674987793,7.960536956787109
242.2,RUNNING,11,HOME_FORMATION,0.78,0.9237,144.7415,8.708,True,NORMAL,MONITOR,False,{},"[""uav2"", ""uav1"", ""uav0""]",limited,False,{},NONE,NORMAL,SAFE,1.0,IDLE,0.0,0.0,0.0,,,0.0,False,avoidance not required,,{},,,,,,,,,,,0,safe,6.025,15.247,0.298,0,0,0.0,0.0,[],0.24593572318553925,-2.9514992237091064,7.952777862548828,-0.006859226152300835,2.911268949508667,7.95667028427124,-0.32428812980651855,-2.9536077976226807,7.946410655975342
242.4,RUNNING,11,HOME_FORMATION,0.78,0.9237,144.7415,8.708,True,NORMAL,MONITOR,False,{},"[""uav2"", ""uav1"", ""uav0""]",limited,False,{},NONE,NORMAL,SAFE,1.0,IDLE,0.0,0.0,0.0,,,0.0,False,avoidance not required,,{},,,,,,,,,,,0,safe,6.030,15.254,0.327,0,0,0.0,0.0,[],0.25045913457870483,-2.9081575870513916,7.940381050109863,-0.008948616683483124,2.8812294006347656,7.9556989669799805,-0.3210579454898834,-2.91963267326355,7.941947937011719
242.6,RUNNING,11,HOME_FORMATION,0.781,0.9236,144.7151,8.672,True,NORMAL,MONITOR,False,{},"[""uav2"", ""uav1"", ""uav0""]",limited,False,{},NONE,NORMAL,SAFE,1.0,IDLE,0.0,0.0,0.0,,,0.0,False,avoidance not required,,{},,,,,,,,,,,0,safe,6.028,15.270,0.356,0,0,0.0,0.0,[],0.2593652904033661,-2.859714984893799,7.923620223999023,-0.0031710444018244743,2.858595848083496,7.938699722290039,-0.30904421210289,-2.8736937046051025,7.935904026031494
242.8,RUNNING,11,HOME_FORMATION,0.782,0.9236,144.7151,8.672,True,NORMAL,MONITOR,False,{},"[""uav2"", ""uav1"", ""uav0""]",limited,False,{},NONE,NORMAL,SAFE,1.0,IDLE,0.0,0.0,0.0,,,0.0,False,avoidance not required,,{},,,,,,,,,,,0,safe,6.032,15.275,0.377,0,0,0.0,0.0,[],0.26328015327453613,-2.8101608753204346,7.920221328735352,-0.0018457967089489102,2.8198354244232178,7.934188365936279,-0.3007022440433502,-2.8266563415527344,7.936977386474609
243.0,RUNNING,11,HOME_FORMATION,0.783,0.9236,144.7151,8.672,True,NORMAL,MONITOR,False,{},"[""uav2"", ""uav1"", ""uav0""]",limited,False,{},NONE,NORMAL,SAFE,1.0,IDLE,0.0,0.0,0.0,,,0.0,False,avoidance not required,,{},,,,,,,,,,,0,safe,6.036,15.292,0.399,0,0,0.0,0.0,[],0.2674928307533264,-2.763866662979126,7.915669918060303,0.0068653179332613945,2.779096841812134,7.9239182472229,-0.2891201972961426,-2.771416425704956,7.927109718322754
243.2,RUNNING,11,HOME_FORMATION,0.783,0.9234,144.6888,8.635,True,NORMAL,MONITOR,False,{},"[""uav2"", ""uav1"", ""uav0""]",limited,False,{},NONE,NORMAL,SAFE,1.0,IDLE,0.0,0.0,0.0,,,0.0,False,avoidance not required,,{},,,,,,,,,,,0,safe,6.043,15.304,0.423,0,0,0.0,0.0,[],0.26667463779449463,-2.7114503383636475,7.918030261993408,0.00973378587514162,2.724135637283325,7.924084663391113,-0.2806359529495239,-2.7148730754852295,7.927083492279053
243.4,RUNNING,11,HOME_FORMATION,0.784,0.9234,144.6888,8.635,True,NORMAL,MONITOR,False,{},"[""uav2"", ""uav1"", ""uav0""]",limited,False,{},NONE,NORMAL,SAFE,1.0,IDLE,0.0,0.0,0.0,,,0.0,False,avoidance not required,,{},,,,,,,,,,,0,safe,6.053,15.327,0.444,0,0,0.0,0.0,[],0.2691660225391388,-2.646477460861206,7.910964488983154,0.020740224048495293,2.660656452178955,7.9180521965026855,-0.26750287413597107,-2.6495654582977295,7.919510841369629
243.6,RUNNING,11,HOME_FORMATION,0.785,0.9233,144.6623,8.598,True,NORMAL,MONITOR,False,{},"[""uav2"", ""uav1"", ""uav0""]",limited,False,{},NONE,NORMAL,SAFE,1.0,IDLE,0.0,0.0,0.0,,,0.0,False,avoidance not required,,{},,,,,,,,,,,0,safe,6.063,15.348,0.461,0,0,0.0,0.0,[],0.27077358961105347,-2.5738329887390137,7.900598526000977,0.02391429990530014,2.5894386768341064,7.919149398803711,-0.25286412239074707,-2.5760579109191895,7.904123306274414
243.8,RUNNING,11,HOME_FORMATION,0.786,0.9233,144.6623,8.598,True,NORMAL,MONITOR,False,{},"[""uav2"", ""uav1"", ""uav0""]",limited,False,{},NONE,NORMAL,SAFE,1.0,IDLE,0.0,0.0,0.0,,,0.0,False,avoidance not required,,{},,,,,,,,,,,0,safe,5.985,15.379,0.471,0,0,0.0,0.0,[],0.2659606337547302,-2.5021145343780518,7.902307510375977,0.03327508643269539,2.5218582153320312,7.910051345825195,-0.24334971606731415,-2.5014219284057617,7.902939796447754
244.0,RUNNING,11,HOME_FORMATION,0.786,0.9233,144.6623,8.598,True,NORMAL,MONITOR,False,{},"[""uav2"", ""uav1"", ""uav0""]",limited,False,{},NONE,NORMAL,SAFE,1.0,IDLE,0.0,0.0,0.0,,,0.0,False,avoidance not required,,{},,,,,,,,,,,0,safe,5.863,15.404,0.489,0,0,0.0,0.0,[],0.25991159677505493,-2.4258534908294678,7.901109218597412,0.03437455743551254,2.4459078311920166,7.910928726196289,-0.23495225608348846,-2.4283676147460938,7.900648593902588
244.2,RUNNING,11,HOME_FORMATION,0.787,0.9232,144.6356,8.58,True,NORMAL,MONITOR,False,{},"[""uav2"", ""uav1"", ""uav0""]",limited,False,{},NONE,NORMAL,SAFE,1.0,IDLE,0.0,0.0,0.0,,,0.0,False,avoidance not required,,{},,,,,,,,,,,0,safe,5.740,15.440,0.499,0,0,0.0,0.0,[],0.2502112090587616,-2.349904775619507,7.906705379486084,0.03785334527492523,2.3686015605926514,7.908033847808838,-0.2288719117641449,-2.352815866470337,7.903374671936035
244.4,RUNNING,11,HOME_FORMATION,0.788,0.9232,144.6356,8.58,True,NORMAL,MONITOR,False,{},"[""uav2"", ""uav1"", ""uav0""]",limited,False,{},NONE,NORMAL,SAFE,1.0,IDLE,0.0,0.0,0.0,,,0.0,False,avoidance not required,,{},,,,,,,,,,,0,safe,5.484,15.519,0.513,0,0,0.0,0.0,[],0.24570277333259583,-2.2700109481811523,7.905245780944824,0.03488177806138992,2.285275936126709,7.909327983856201,-0.21514055132865906,-2.27268385887146,7.897259712219238
244.6,RUNNING,11,HOME_FORMATION,0.789,0.923,144.6089,8.543,True,NORMAL,MONITOR,False,{},"[""uav2"", ""uav1"", ""uav0""]",limited,False,{},NONE,NORMAL,SAFE,1.0,IDLE,0.0,0.0,0.0,,,0.0,False,avoidance not required,,{},,,,,,,,,,,0,safe,5.484,15.519,0.513,0,0,0.0,0.0,[],0.23648841679096222,-2.1905105113983154,7.908965110778809,0.0382242277264595,2.202404260635376,7.900920391082764,-0.19854579865932465,-2.1860058307647705,7.890071868896484
244.8,RUNNING,11,HOME_FORMATION,0.789,0.923,144.6089,8.543,True,NORMAL,MONITOR,False,{},"[""uav2"", ""uav1"", ""uav0""]",limited,False,{},NONE,NORMAL,SAFE,1.0,IDLE,0.0,0.0,0.0,,,0.0,False,avoidance not required,,{},,,,,,,,,,,0,safe,5.220,15.603,0.522,0,0,0.0,0.0,[],0.2281648814678192,-2.1041524410247803,7.905261993408203,0.035341259092092514,2.1150717735290527,7.904257774353027,-0.18803605437278748,-2.1018755435943604,7.893820285797119
245.0,RUNNING,11,HOME_FORMATION,0.79,0.923,144.6089,8.543,True,NORMAL,MONITOR,False,{},"[""uav2"", ""uav1"", ""uav0""]",limited,False,{},NONE,NORMAL,SAFE,1.0,IDLE,0.0,0.0,0.0,,,0.0,False,avoidance not required,,{},,,,,,,,,,,0,safe,5.220,15.603,0.522,0,0,0.0,0.0,[],0.21780461072921753,-2.0244529247283936,7.908507347106934,0.037744928151369095,2.0275933742523193,7.901748180389404,-0.17511792480945587,-2.0167789459228516,7.890818119049072
245.2,RUNNING,11,HOME_FORMATION,0.791,0.9229,144.5821,8.506,True,NORMAL,MONITOR,False,{},"[""uav2"", ""uav1"", ""uav0""]",limited,False,{},NONE,NORMAL,SAFE,1.0,IDLE,0.0,0.0,0.0,,,0.0,False,avoidance not required,,{},,,,,,,,,,,0,safe,5.088,15.646,0.525,0,0,0.0,0.0,[],0.21503937244415283,-1.9398751258850098,7.9036478996276855,0.03479837626218796,1.9365992546081543,7.904814720153809,-0.16708478331565857,-1.932539463043213,7.894690990447998
245.4,RUNNING,11,HOME_FORMATION,0.792,0.9229,144.5821,8.506,True,NORMAL,MONITOR,False,{},"[""uav2"", ""uav1"", ""uav0""]",limited,False,{},NONE,NORMAL,SAFE,1.0,IDLE,0.0,0.0,0.0,,,0.0,False,avoidance not required,,{},,,,,,,,,,,0,safe,4.957,15.695,0.531,0,0,0.0,0.0,[],0.20666657388210297,-1.8545578718185425,7.906167984008789,0.04352029785513878,1.8441067934036255,7.898484706878662,-0.1548004001379013,-1.8464792966842651,7.89149808883667
245.6,RUNNING,11,HOME_FORMATION,0.792,0.9228,144.5553,8.469,True,NORMAL,MONITOR,False,{},"[""uav2"", ""uav1"", ""uav0""]",limited,False,{},NONE,NORMAL,SAFE,1.0,IDLE,0.0,0.0,0.0,,,0.0,False,avoidance not required,,{},,,,,,,,,,,0,safe,4.821,15.734,0.535,0,0,0.0,0.0,[],0.19878911972045898,-1.767878770828247,7.903648853302002,0.04407811164855957,1.7502046823501587,7.900216579437256,-0.1476619988679886,-1.7605150938034058,7.897076606750488
245.8,RUNNING,11,HOME_FORMATION,0.793,0.9228,144.5553,8.469,True,NORMAL,MONITOR,False,{},"[""uav2"", ""uav1"", ""uav0""]",limited,False,{},NONE,NORMAL,SAFE,1.0,IDLE,0.0,0.0,0.0,,,0.0,False,avoidance not required,,{},,,,,,,,,,,0,safe,4.689,15.665,0.538,0,0,0.0,0.0,[],0.1881372481584549,-1.6800580024719238,7.907533168792725,0.050207145512104034,1.6518231630325317,7.895174980163574,-0.13371029496192932,-1.6713813543319702,7.897496223449707
246.0,RUNNING,11,HOME_FORMATION,0.794,0.9228,144.5553,8.469,True,NORMAL,MONITOR,False,{},"[""uav2"", ""uav1"", ""uav0""]",limited,False,{},NONE,NORMAL,SAFE,1.0,IDLE,0.0,0.0,0.0,,,0.0,False,avoidance not required,,{},,,,,,,,,,,0,safe,4.556,15.589,0.537,0,0,0.0,0.0,[],0.18603438138961792,-1.5871776342391968,7.905073165893555,0.049072571098804474,1.5574562549591064,7.898358345031738,-0.12042868882417679,-1.5785948038101196,7.893937110900879
246.2,RUNNING,11,HOME_FORMATION,0.795,0.9226,144.5285,8.433,True,NORMAL,MONITOR,False,{},"[""uav2"", ""uav1"", ""uav0""]",limited,False,{},NONE,NORMAL,SAFE,1.0,IDLE,0.0,0.0,0.0,,,0.0,False,avoidance not required,,{},,,,,,,,,,,0,safe,4.431,15.510,0.533,0,0,0.0,0.0,[],0.1786104142665863,-1.5010986328125,7.910284519195557,0.05240023508667946,1.4651439189910889,7.893954753875732,-0.11315657943487167,-1.4874153137207031,7.899727821350098
246.4,RUNNING,11,HOME_FORMATION,0.795,0.9226,144.5285,8.433,True,NORMAL,MONITOR,False,{},"[""uav2"", ""uav1"", ""uav0""]",limited,False,{},NONE,NORMAL,SAFE,1.0,IDLE,0.0,0.0,0.0,,,0.0,False,avoidance not required,,{},,,,,,,,,,,0,safe,4.306,15.438,0.532,0,0,0.0,0.0,[],0.17426921427249908,-1.4101976156234741,7.911999702453613,0.04921131208539009,1.3764938116073608,7.89800500869751,-0.10817750543355942,-1.3955352306365967,7.901225566864014
246.6,RUNNING,11,HOME_FORMATION,0.796,0.9225,144.5018,8.396,True,NORMAL,MONITOR,False,{},"[""uav2"", ""uav1"", ""uav0""]",limited,False,{},NONE,NORMAL,SAFE,1.0,IDLE,0.0,0.0,0.0,,,0.0,False,avoidance not required,,{},,,,,,,,,,,0,safe,4.190,15.366,0.526,0,0,0.0,0.0,[],0.1646655797958374,-1.3191397190093994,7.917751312255859,0.04668327048420906,1.281921148300171,7.896121978759766,-0.10568296909332275,-1.3055226802825928,7.9086408615112305
246.8,RUNNING,11,HOME_FORMATION,0.797,0.9225,144.5018,8.396,True,NORMAL,MONITOR,False,{},"[""uav2"", ""uav1"", ""uav0""]",limited,False,{},NONE,NORMAL,SAFE,1.0,IDLE,0.0,0.0,0.0,,,0.0,False,avoidance not required,,{},,,,,,,,,,,0,safe,4.075,15.298,0.516,0,0,0.0,0.0,[],0.15733860433101654,-1.2228773832321167,7.915763854980469,0.040168363600969315,1.1893548965454102,7.901669502258301,-0.09578590840101242,-1.216066598892212,7.909505844116211
247.0,RUNNING,11,HOME_FORMATION,0.798,0.9225,144.5018,8.396,True,NORMAL,MONITOR,False,{},"[""uav2"", ""uav1"", ""uav0""]",limited,False,{},NONE,NORMAL,SAFE,1.0,IDLE,0.0,0.0,0.0,,,0.0,False,avoidance not required,,{},,,,,,,,,,,0,safe,3.975,15.225,0.501,0,0,0.0,0.0,[],0.14622333645820618,-1.1357433795928955,7.920212745666504,0.04129839688539505,1.0951906442642212,7.900838375091553,-0.0898081362247467,-1.1280524730682373,7.915526866912842
247.2,RUNNING,11,HOME_FORMATION,0.798,0.9224,144.4752,8.359,True,NORMAL,MONITOR,False,{},"[""uav2"", ""uav1"", ""uav0""]",limited,False,{},NONE,NORMAL,SAFE,1.0,IDLE,0.0,0.0,0.0,,,0.0,False,avoidance not required,,{},,,,,,,,,,,0,safe,3.871,15.156,0.490,0,0,0.0,0.0,[],0.13551044464111328,-1.0444449186325073,7.9237060546875,0.037271320819854736,1.0049304962158203,7.906123161315918,-0.0768982321023941,-1.041571855545044,7.91421365737915
247.4,RUNNING,11,HOME_FORMATION,0.799,0.9224,144.4752,8.359,True,NORMAL,MONITOR,False,{},"[""uav2"", ""uav1"", ""uav0""]",limited,False,{},NONE,NORMAL,SAFE,1.0,IDLE,0.0,0.0,0.0,,,0.0,False,avoidance not required,,{},,,,,,,,,,,0,safe,3.787,15.084,0.473,0,0,0.0,0.0,[],0.12219078838825226,-0.9612153172492981,7.927188396453857,0.0366683229804039,0.9161030650138855,7.9037909507751465,-0.06875523179769516,-0.9567916989326477,7.9194746017456055
247.6,RUNNING,11,HOME_FORMATION,0.8,0.9222,144.4488,8.322,True,NORMAL,MONITOR,False,{},"[""uav2"", ""uav1"", ""uav0""]",limited,False,{},NONE,NORMAL,SAFE,1.0,IDLE,0.0,0.0,0.0,,,0.0,False,avoidance not required,,{},,,,,,,,,,,0,safe,3.703,15.017,0.460,0,0,0.0,0.0,[],0.10718245059251785,-0.873047947883606,7.922917366027832,0.03235218673944473,0.8309618234634399,7.909692287445068,-0.052180349826812744,-0.8740993142127991,7.917886734008789
247.8,RUNNING,11,HOME_FORMATION,0.801,0.9222,144.4488,8.322,True,NORMAL,MONITOR,False,{},"[""uav2"", ""uav1"", ""uav0""]",limited,False,{},NONE,NORMAL,SAFE,1.0,IDLE,0.0,0.0,0.0,,,0.0,False,avoidance not required,,{},,,,,,,,,,,0,safe,3.640,14.945,0.439,0,0,0.0,0.0,[],0.09296558052301407,-0.7906988263130188,7.924123287200928,0.03499825671315193,0.7427481412887573,7.909629821777344,-0.04270601645112038,-0.7928552627563477,7.921691417694092
248.0,RUNNING,11,HOME_FORMATION,0.801,0.9222,144.4488,8.322,True,NORMAL,MONITOR,False,{},"[""uav2"", ""uav1"", ""uav0""]",limited,False,{},NONE,NORMAL,SAFE,1.0,IDLE,0.0,0.0,0.0,,,0.0,False,avoidance not required,,{},,,,,,,,,,,0,safe,3.570,14.879,0.421,0,0,0.0,0.0,[],0.08675248175859451,-0.7136055827140808,7.921372890472412,0.032739587128162384,0.6627185940742493,7.9142069816589355,-0.029599357396364212,-0.7138867378234863,7.925174236297607
248.2,RUNNING,11,HOME_FORMATION,0.802,0.9221,144.4224,8.304,True,NORMAL,MONITOR,False,{},"[""uav2"", ""uav1"", ""uav0""]",limited,False,{},NONE,NORMAL,SAFE,1.0,IDLE,0.0,0.0,0.0,,,0.0,False,avoidance not required,,{},,,,,,,,,,,0,safe,3.518,14.813,0.405,0,0,0.0,0.0,[],0.07838784158229828,-0.6357202529907227,7.9222564697265625,0.03312485292553902,0.5849589109420776,7.918278694152832,-0.022553756833076477,-0.6370627284049988,7.931064128875732
248.4,RUNNING,11,HOME_FORMATION,0.803,0.9221,144.4224,8.304,True,NORMAL,MONITOR,False,{},"[""uav2"", ""uav1"", ""uav0""]",limited,False,{},NONE,NORMAL,SAFE,1.0,IDLE,0.0,0.0,0.0,,,0.0,False,avoidance not required,,{},,,,,,,,,,,0,safe,3.467,14.753,0.383,0,0,0.0,0.0,[],0.07960031181573868,-0.562907874584198,7.921886444091797,0.030130630359053612,0.5147192478179932,7.924415111541748,-0.010143917985260487,-0.561928391456604,7.926516056060791
248.6,RUNNING,11,HOME_FORMATION,0.804,0.922,144.3961,8.267,True,NORMAL,MONITOR,False,{},"[""uav2"", ""uav1"", ""uav0""]",limited,False,{},NONE,NORMAL,SAFE,1.0,IDLE,0.0,0.0,0.0,,,0.0,False,avoidance not required,,{},,,,,,,,,,,0,safe,3.425,14.690,0.363,0,0,0.0,0.0,[],0.07487642765045166,-0.49184736609458923,7.925059795379639,0.03211857005953789,0.44593364000320435,7.922136306762695,-0.005134689621627331,-0.48941275477409363,7.929107189178467
248.8,RUNNING,11,HOME_FORMATION,0.804,0.922,144.3961,8.267,True,NORMAL,MONITOR,False,{},"[""uav2"", ""uav1"", ""uav0""]",limited,False,{},NONE,NORMAL,SAFE,1.0,IDLE,0.0,0.0,0.0,,,0.0,False,avoidance not required,,{},,,,,,,,,,,0,safe,3.390,14.635,0.339,0,0,0.0,0.0,[],0.06959576904773712,-0.4228578507900238,7.922030925750732,0.0290118008852005,0.3813649117946625,7.925849437713623,0.0003490378148853779,-0.41469109058380127,7.9266276359558105
249.0,RUNNING,11,HOME_FORMATION,0.805,0.922,144.3961,8.267,True,NORMAL,MONITOR,False,{},"[""uav2"", ""uav1"", ""uav0""]",limited,False,{},NONE,NORMAL,SAFE,1.0,IDLE,0.0,0.0,0.0,,,0.0,False,avoidance not required,,{},,,,,,,,,,,0,safe,3.357,14.577,0.314,0,0,0.0,0.0,[],0.06142539158463478,-0.35730063915252686,7.924560070037842,0.025558888912200928,0.3177594542503357,7.926303386688232,0.0012329048477113247,-0.3505920171737671,7.927726745605469
249.2,RUNNING,11,HOME_FORMATION,0.806,0.9218,144.3698,8.23,True,NORMAL,MONITOR,False,{},"[""uav2"", ""uav1"", ""uav0""]",limited,False,{},NONE,NORMAL,SAFE,1.0,IDLE,0.0,0.0,0.0,,,0.0,False,avoidance not required,,{},,,,,,,,,,,0,safe,3.333,14.531,0.285,0,0,0.0,0.0,[],0.06047089025378227,-0.29382064938545227,7.923198223114014,0.02002430520951748,0.25947776436805725,7.929352760314941,0.009880765341222286,-0.28828662633895874,7.923188209533691
249.4,RUNNING,11,HOME_FORMATION,0.807,0.9218,144.3698,8.23,True,NORMAL,MONITOR,False,{},"[""uav2"", ""uav1"", ""uav0""]",limited,False,{},NONE,NORMAL,SAFE,1.0,IDLE,0.0,0.0,0.0,,,0.0,False,avoidance not required,,{},,,,,,,,,,,0,safe,3.306,14.481,0.254,0,0,0.0,0.0,[],0.05495584383606911,-0.23550650477409363,7.925549507141113,0.02134588360786438,0.20789891481399536,7.927089214324951,0.013214821927249432,-0.234726682305336,7.9251227378845215
249.6,RUNNING,11,HOME_FORMATION,0.807,0.9217,144.3436,8.194,True,NORMAL,MONITOR,False,{},"[""uav2"", ""uav1"", ""uav0""]",limited,False,{},NONE,NORMAL,SAFE,1.0,IDLE,0.0,0.0,0.0,,,0.0,False,avoidance not required,,{},,,,,,,,,,,0,safe,3.296,14.440,0.221,0,0,0.0,0.0,[],0.05460691452026367,-0.18113647401332855,7.922794342041016,0.01943868026137352,0.16079555451869965,7.929343223571777,0.018698163330554962,-0.18200954794883728,7.91863489151001
249.8,RUNNING,11,HOME_FORMATION,0.808,0.9217,144.3436,8.194,True,NORMAL,MONITOR,False,{},"[""uav2"", ""uav1"", ""uav0""]",limited,False,{},NONE,NORMAL,SAFE,1.0,IDLE,0.0,0.0,0.0,,,0.0,False,avoidance not required,,{},,,,,,,,,,,0,safe,3.283,14.399,0.190,0,0,0.0,0.0,[],0.04915764182806015,-0.1326138824224472,7.923644065856934,0.019215473905205727,0.11867664009332657,7.9248456954956055,0.020000897347927094,-0.13812802731990814,7.91854190826416
250.0,RUNNING,11,HOME_FORMATION,0.809,0.9217,144.3436,8.194,True,NORMAL,MONITOR,False,{},"[""uav2"", ""uav1"", ""uav0""]",limited,False,{},NONE,NORMAL,SAFE,1.0,IDLE,0.0,0.0,0.0,,,0.0,False,avoidance not required,,{},,,,,,,,,,,0,safe,3.280,14.367,0.158,0,0,0.0,0.0,[],0.04348686710000038,-0.09029240906238556,7.9189019203186035,0.016448376700282097,0.08066727966070175,7.924837112426758,0.025174811482429504,-0.09564905613660812,7.916490077972412
250.2,RUNNING,12,HOME_DESCENT,0.81,0.9216,144.3173,8.157,True,NORMAL,MONITOR,False,{},"[""uav2"", ""uav1"", ""uav0""]",limited,True,{},NONE,NORMAL,SAFE,1.0,IDLE,0.0,0.0,0.0,,,0.0,False,avoidance not required,,{},,,,,,,,,,,0,safe,3.277,14.333,0.129,0,0,0.0,0.0,[],0.03514322265982628,-0.05443562567234039,7.921381950378418,0.013764899224042892,0.049135006964206696,7.919633388519287,0.02555624209344387,-0.06152631714940071,7.920738220214844
250.4,RUNNING,12,HOME_DESCENT,0.81,0.9216,144.3173,8.157,True,NORMAL,MONITOR,False,{},"[""uav2"", ""uav1"", ""uav0""]",limited,True,{},NONE,NORMAL,SAFE,1.0,IDLE,0.0,0.0,0.0,,,0.0,False,avoidance not required,,{},,,,,,,,,,,0,safe,3.280,14.309,0.103,0,0,0.0,0.0,[],0.026723021641373634,-0.024405134841799736,7.922429084777832,0.009736987762153149,0.02167252078652382,7.9207072257995605,0.03057919070124626,-0.029286080971360207,7.9202446937561035
250.6,RUNNING,12,HOME_DESCENT,0.811,0.9215,144.2909,8.12,True,NORMAL,MONITOR,False,{},"[""uav2"", ""uav1"", ""uav0""]",limited,True,{},NONE,NORMAL,SAFE,1.0,IDLE,0.0,0.0,0.0,,,0.0,False,avoidance not required,,{},,,,,,,,,,,0,safe,3.283,14.283,0.089,0,0,0.0,0.0,[],0.018262146040797234,-0.0006521400064229965,7.9271440505981445,0.006727778818458319,0.0054784840904176235,7.917961120605469,0.03154510632157326,-0.0035036185290664434,7.924168109893799
250.8,RUNNING,12,HOME_DESCENT,0.812,0.9215,144.2909,8.12,True,NORMAL,MONITOR,False,{},"[""uav2"", ""uav1"", ""uav0""]",limited,True,{},NONE,NORMAL,SAFE,1.0,IDLE,0.0,0.0,0.0,,,0.0,False,avoidance not required,,{},,,,,,,,,,,0,safe,3.288,14.264,0.082,0,0,0.0,0.0,[],0.018601328134536743,0.01739770732820034,7.928293704986572,0.0030045395251363516,-0.008773719891905785,7.921639442443848,0.03753874823451042,0.011797904968261719,7.920890808105469
251.0,RUNNING,12,HOME_DESCENT,0.813,0.9215,144.2909,8.12,True,NORMAL,MONITOR,False,{},"[""uav2"", ""uav1"", ""uav0""]",limited,True,{},NONE,NORMAL,SAFE,1.0,IDLE,0.0,0.0,0.0,,,0.0,False,avoidance not required,,{},,,,,,,,,,,0,safe,3.285,14.249,0.083,0,0,0.0,0.0,[],0.01631336659193039,0.03041025809943676,7.931026935577393,0.0032728114165365696,-0.018709968775510788,7.916180610656738,0.03783658891916275,0.02353421412408352,7.923604488372803
251.2,RUNNING,12,HOME_DESCENT,0.813,0.9213,144.2641,8.083,True,NORMAL,MONITOR,False,{},"[""uav2"", ""uav1"", ""uav0""]",limited,True,{},NONE,NORMAL,SAFE,1.0,IDLE,0.0,0.0,0.0,,,0.0,False,avoidance not required,,{},,,,,,,,,,,0,safe,3.287,14.241,0.086,0,0,0.0,0.0,[],0.018404578790068626,0.04033227264881134,7.927469730377197,0.004180521704256535,-0.023111937567591667,7.914286136627197,0.04650013893842697,0.03550814837217331,7.923149585723877
251.4,RUNNING,12,HOME_DESCENT,0.814,0.9213,144.2641,8.083,True,NORMAL,MONITOR,False,{},"[""uav2"", ""uav1"", ""uav0""]",limited,True,{},NONE,NORMAL,SAFE,1.0,IDLE,0.0,0.0,0.0,,,0.0,False,avoidance not required,,{},,,,,,,,,,,0,safe,3.286,14.226,0.089,0,0,0.0,0.0,[],0.017080891877412796,0.045614056289196014,7.930294990539551,0.0032310867682099342,-0.026191340759396553,7.918340682983398,0.04754142463207245,0.04290894791483879,7.924925804138184
251.6,RUNNING,12,HOME_DESCENT,0.815,0.9212,144.2384,8.046,True,NORMAL,MONITOR,False,{},"[""uav2"", ""uav1"", ""uav0""]",limited,True,{},NONE,NORMAL,SAFE,1.0,IDLE,0.0,0.0,0.0,,,0.0,False,avoidance not required,,{},,,,,,,,,,,0,safe,3.287,14.220,0.086,0,0,0.0,0.0,[],0.019143646582961082,0.049381282180547714,7.927762508392334,0.003229483962059021,-0.023334162309765816,7.918074131011963,0.05085097253322601,0.04934762790799141,7.9218950271606445
251.8,RUNNING,12,HOME_DESCENT,0.816,0.9212,144.2384,8.046,True,NORMAL,MONITOR,False,{},"[""uav2"", ""uav1"", ""uav0""]",limited,True,{},NONE,NORMAL,SAFE,1.0,IDLE,0.0,0.0,0.0,,,0.0,False,avoidance not required,,{},,,,,,,,,,,0,safe,3.285,14.213,0.090,0,0,0.0,0.0,[],0.01841633953154087,0.04980872571468353,7.929689884185791,0.0014944039285182953,-0.021785112097859383,7.924295902252197,0.04836248233914375,0.05166156217455864,7.921877384185791
252.0,RUNNING,12,HOME_DESCENT,0.816,0.9212,144.2384,8.046,True,NORMAL,MONITOR,False,{},"[""uav2"", ""uav1"", ""uav0""]",limited,True,{},NONE,NORMAL,SAFE,1.0,IDLE,0.0,0.0,0.0,,,0.0,False,avoidance not required,,{},,,,,,,,,,,0,safe,3.284,14.214,0.088,0,0,0.0,0.0,[],0.02395627833902836,0.05003025010228157,7.927412986755371,-0.0016247075982391834,-0.017502961680293083,7.923000812530518,0.05275836959481239,0.05472492799162865,7.921489238739014
252.2,RUNNING,12,HOME_DESCENT,0.817,0.9211,144.2128,8.028,True,NORMAL,MONITOR,False,{},"[""uav2"", ""uav1"", ""uav0""]",limited,True,{},NONE,NORMAL,SAFE,1.0,IDLE,0.0,0.0,0.0,,,0.0,False,avoidance not required,,{},,,,,,,,,,,0,safe,3.275,14.208,0.091,0,0,0.0,0.0,[],0.025012198835611343,0.047703951597213745,7.932912826538086,-0.004522944334894419,-0.014633786864578724,7.926669597625732,0.05120884254574776,0.053608763962984085,7.92323112487793
252.4,RUNNING,12,HOME_DESCENT,0.818,0.9211,144.2128,8.028,True,NORMAL,MONITOR,False,{},"[""uav2"", ""uav1"", ""uav0""]",limited,True,{},NONE,NORMAL,SAFE,1.0,IDLE,0.0,0.0,0.0,,,0.0,False,avoidance not required,,{},,,,,,,,,,,0,safe,3.271,14.210,0.086,0,0,0.0,0.0,[],0.026400849223136902,0.04679203778505325,7.939662933349609,-0.0028817097190767527,-0.011237725615501404,7.926462173461914,0.05392880737781525,0.04974352568387985,7.9246931076049805
252.6,RUNNING,12,HOME_DESCENT,0.819,0.9209,144.1838,7.991,True,NORMAL,MONITOR,False,{},"[""uav2"", ""uav1"", ""uav0""]",limited,True,{},NONE,NORMAL,SAFE,1.0,IDLE,0.0,0.0,0.0,,,0.0,False,avoidance not required,,{},,,,,,,,,,,0,safe,3.271,14.211,0.081,0,0,0.0,0.0,[],0.024826139211654663,0.04414376989006996,7.946453094482422,-0.002591747557744384,-0.009403949603438377,7.9329118728637695,0.05073798820376396,0.04424228146672249,7.923985958099365
252.8,RUNNING,12,HOME_DESCENT,0.819,0.9209,144.1838,7.991,True,NORMAL,MONITOR,False,{},"[""uav2"", ""uav1"", ""uav0""]",limited,True,{},NONE,NORMAL,SAFE,1.0,IDLE,0.0,0.0,0.0,,,0.0,False,avoidance not required,,{},,,,,,,,,,,0,safe,3.273,14.217,0.074,0,0,0.0,0.0,[],0.028578873723745346,0.04558955132961273,7.949812412261963,-0.0021015265956521034,-0.0026601620484143496,7.9371137619018555,0.051268868148326874,0.04204002767801285,7.920446395874023
253.0,RUNNING,12,HOME_DESCENT,0.82,0.9209,144.1838,7.991,True,NORMAL,MONITOR,False,{},"[""uav2"", ""uav1"", ""uav0""]",limited,True,{},NONE,NORMAL,SAFE,1.0,IDLE,0.0,0.0,0.0,,,0.0,False,avoidance not required,,{},,,,,,,,,,,0,safe,3.270,14.218,0.074,0,0,0.0,0.0,[],0.031879037618637085,0.04861251637339592,7.954514026641846,-0.0026678654830902815,0.0010858734603971243,7.942899227142334,0.046621039509773254,0.03797423467040062,7.917011260986328
253.2,RUNNING,12,HOME_DESCENT,0.821,0.9208,144.1587,7.954,True,NORMAL,MONITOR,False,{},"[""uav2"", ""uav1"", ""uav0""]",limited,True,{},NONE,NORMAL,SAFE,1.0,IDLE,0.0,0.0,0.0,,,0.0,False,avoidance not required,,{},,,,,,,,,,,0,safe,3.266,14.224,0.074,0,0,0.0,0.0,[],0.030618028715252876,0.04730680584907532,7.960635662078857,-0.00011845488916151226,0.008217483758926392,7.943620681762695,0.0437125600874424,0.03646250069141388,7.915452480316162
253.4,RUNNING,12,HOME_DESCENT,0.822,0.9208,144.1587,7.954,True,NORMAL,MONITOR,False,{},"[""uav2"", ""uav1"", ""uav0""]",limited,True,{},NONE,NORMAL,SAFE,1.0,IDLE,0.0,0.0,0.0,,,0.0,False,avoidance not required,,{},,,,,,,,,,,0,safe,3.270,14.228,0.069,0,0,0.0,0.0,[],0.030781997367739677,0.04352753236889839,7.966639041900635,0.0010726514738053083,0.011236118152737617,7.9479193687438965,0.04497800022363663,0.03719831258058548,7.9119791984558105
253.6,RUNNING,12,HOME_DESCENT,0.822,0.9207,144.1334,7.918,True,NORMAL,MONITOR,False,{},"[""uav2"", ""uav1"", ""uav0""]",limited,True,{},NONE,NORMAL,SAFE,1.0,IDLE,0.0,0.0,0.0,,,0.0,False,avoidance not required,,{},,,,,,,,,,,0,safe,3.271,14.226,0.064,0,0,0.0,0.0,[],0.02809201553463936,0.03899684175848961,7.9697418212890625,0.010740120895206928,0.016604630276560783,7.95434045791626,0.0412915013730526,0.035212378948926926,7.903895378112793
253.8,RUNNING,12,HOME_DESCENT,0.823,0.9207,144.1334,7.918,True,NORMAL,MONITOR,False,{},"[""uav2"", ""uav1"", ""uav0""]",limited,True,{},NONE,NORMAL,SAFE,1.0,IDLE,0.0,0.0,0.0,,,0.0,False,avoidance not required,,{},,,,,,,,,,,0,safe,3.283,14.230,0.063,0,0,0.0,0.0,[],0.02817685157060623,0.038390349596738815,7.967874050140381,0.015402272343635559,0.01798868365585804,7.956994533538818,0.040272802114486694,0.03510903939604759,7.893501281738281
254.0,RUNNING,12,HOME_DESCENT,0.824,0.9207,144.1334,7.918,True,NORMAL,MONITOR,False,{},"[""uav2"", ""uav1"", ""uav0""]",limited,True,{},NONE,NORMAL,SAFE,1.0,IDLE,0.0,0.0,0.0,,,0.0,False,avoidance not required,,{},,,,,,,,,,,0,safe,3.287,14.231,0.065,0,0,0.0,0.0,[],0.025466643273830414,0.03559429571032524,7.96595573425293,0.022559883072972298,0.021888894960284233,7.957082271575928,0.035947054624557495,0.033223796635866165,7.881256580352783
254.2,RUNNING,12,HOME_DESCENT,0.825,0.9205,144.1083,7.881,True,NORMAL,MONITOR,False,{},"[""uav2"", ""uav1"", ""uav0""]",limited,True,{},NONE,NORMAL,SAFE,1.0,IDLE,0.0,0.0,0.0,,,0.0,False,avoidance not required,,{},,,,,,,,,,,0,safe,3.297,14.235,0.063,0,0,0.0,0.0,[],0.024786831811070442,0.03475760668516159,7.964855670928955,0.02445482276380062,0.022159818559885025,7.9551849365234375,0.0359669104218483,0.03267557919025421,7.868927478790283
254.4,RUNNING,12,HOME_DESCENT,0.825,0.9205,144.1083,7.881,True,NORMAL,MONITOR,False,{},"[""uav2"", ""uav1"", ""uav0""]",limited,True,{},NONE,NORMAL,SAFE,1.0,IDLE,0.0,0.0,0.0,,,0.0,False,avoidance not required,,{},,,,,,,,,,,0,safe,3.300,14.236,0.065,0,0,0.0,0.0,[],0.021875977516174316,0.03149281069636345,7.967876434326172,0.025977294892072678,0.02190573699772358,7.948577404022217,0.03248139098286629,0.030296199023723602,7.854786396026611
254.6,RUNNING,12,HOME_DESCENT,0.826,0.9204,144.0831,7.844,True,NORMAL,MONITOR,False,{},"[""uav2"", ""uav1"", ""uav0""]",limited,True,{},NONE,NORMAL,SAFE,1.0,IDLE,0.0,0.0,0.0,,,0.0,False,avoidance not required,,{},,,,,,,,,,,0,safe,3.304,14.240,0.064,0,0,0.0,0.0,[],0.021000061184167862,0.024644605815410614,7.974355220794678,0.024487869814038277,0.01943906955420971,7.941657066345215,0.027837498113512993,0.02802090160548687,7.841942310333252
254.8,RUNNING,12,HOME_DESCENT,0.827,0.9204,144.0831,7.844,True,NORMAL,MONITOR,False,{},"[""uav2"", ""uav1"", ""uav0""]",limited,True,{},NONE,NORMAL,SAFE,1.0,IDLE,0.0,0.0,0.0,,,0.0,False,avoidance not required,,{},,,,,,,,,,,0,safe,3.304,14.245,0.064,0,0,0.0,0.0,[],0.017712611705064774,0.02012503892183304,7.979712963104248,0.025746727362275124,0.017748434096574783,7.937526226043701,0.022386465221643448,0.02145206183195114,7.833881378173828
255.0,RUNNING,12,HOME_DESCENT,0.828,0.9204,144.0831,7.844,True,NORMAL,MONITOR,False,{},"[""uav2"", ""uav1"", ""uav0""]",limited,True,{},NONE,NORMAL,SAFE,1.0,IDLE,0.0,0.0,0.0,,,0.0,False,avoidance not required,,{},,,,,,,,,,,0,safe,3.298,14.253,0.068,0,0,0.0,0.0,[],0.013478152453899384,0.01632549799978733,7.982458114624023,0.023887136951088905,0.015040861442685127,7.933087348937988,0.016026724129915237,0.016166923567652702,7.820943355560303
255.2,RUNNING,12,HOME_DESCENT,0.828,0.9203,144.0579,7.807,True,NORMAL,MONITOR,False,{},"[""uav2"", ""uav1"", ""uav0""]",limited,True,{},NONE,NORMAL,SAFE,1.0,IDLE,0.0,0.0,0.0,,,0.0,False,avoidance not required,,{},,,,,,,,,,,0,safe,3.294,14.261,0.070,0,0,0.0,0.0,[],0.012064269743859768,0.015035058371722698,7.981860160827637,0.025365496054291725,0.01649269461631775,7.93406343460083,0.00891226064413786,0.014554173685610294,7.8113813400268555
255.4,RUNNING,12,HOME_DESCENT,0.829,0.9203,144.0579,7.807,True,NORMAL,MONITOR,False,{},"[""uav2"", ""uav1"", ""uav0""]",limited,True,{},NONE,NORMAL,SAFE,1.0,IDLE,0.0,0.0,0.0,,,0.0,False,avoidance not required,,{},,,,,,,,,,,0,safe,3.286,14.268,0.077,0,0,0.0,0.0,[],0.009633969515562057,0.013307441957294941,7.981106281280518,0.023723179474473,0.015819204971194267,7.929760932922363,0.0025794869288802147,0.012532121501863003,7.796823978424072
255.6,RUNNING,12,HOME_DESCENT,0.83,0.9202,144.0326,7.771,True,NORMAL,MONITOR,False,{},"[""uav2"", ""uav1"", ""uav0""]",limited,True,{},NONE,NORMAL,SAFE,1.0,IDLE,0.0,0.0,0.0,,,0.0,False,avoidance not required,,{},,,,,,,,,,,0,safe,3.282,14.274,0.082,0,0,0.0,0.0,[],0.010514962486922741,0.013702942989766598,7.9853668212890625,0.025791410356760025,0.0135798966512084,7.920533657073975,0.0006291778408922255,0.012115157209336758,7.782729625701904
255.8,RUNNING,12,HOME_DESCENT,0.831,0.9202,144.0326,7.771,True,NORMAL,MONITOR,False,{},"[""uav2"", ""uav1"", ""uav0""]",limited,True,{},NONE,NORMAL,SAFE,1.0,IDLE,0.0,0.0,0.0,,,0.0,False,avoidance not required,,{},,,,,,,,,,,0,safe,3.278,14.275,0.088,0,0,0.0,0.0,[],0.009528286755084991,0.013003409840166569,7.986652374267578,0.024372033774852753,0.010715758427977562,7.91139030456543,-0.0018459886778146029,0.013496325351297855,7.771735668182373
256.0,RUNNING,12,HOME_DESCENT,0.831,0.9202,144.0326,7.771,True,NORMAL,MONITOR,False,{},"[""uav2"", ""uav1"", ""uav0""]",limited,True,{},NONE,NORMAL,SAFE,1.0,IDLE,0.0,0.0,0.0,,,0.0,False,avoidance not required,,{},,,,,,,,,,,0,safe,3.277,14.276,0.098,0,0,0.0,0.0,[],0.008684962056577206,0.012060662731528282,7.989407539367676,0.026356151327490807,0.011125605553388596,7.907871246337891,-0.004254220984876156,0.013886676169931889,7.7565083503723145
256.2,RUNNING,12,HOME_DESCENT,0.832,0.92,144.0072,7.752,True,NORMAL,MONITOR,False,{},"[""uav2"", ""uav1"", ""uav0""]",limited,True,{},NONE,NORMAL,SAFE,1.0,IDLE,0.0,0.0,0.0,,,0.0,False,avoidance not required,,{},,,,,,,,,,,0,safe,3.273,14.278,0.105,0,0,0.0,0.0,[],0.006871076300740242,0.010773159563541412,7.9890971183776855,0.024911271408200264,0.009805147536098957,7.899819374084473,-0.005740348715335131,0.016332238912582397,7.744204521179199
256.4,RUNNING,12,HOME_DESCENT,0.833,0.92,144.0072,7.752,True,NORMAL,MONITOR,False,{},"[""uav2"", ""uav1"", ""uav0""]",limited,True,{},NONE,NORMAL,SAFE,1.0,IDLE,0.0,0.0,0.0,,,0.0,False,avoidance not required,,{},,,,,,,,,,,0,safe,3.273,14.277,0.116,0,0,0.0,0.0,[],0.007131258491426706,0.013019840233027935,7.986825466156006,0.02729365974664688,0.004871571436524391,7.894432067871094,-0.0062034716829657555,0.01567232608795166,7.7276811599731445
256.6,RUNNING,12,HOME_DESCENT,0.834,0.9199,143.9818,7.715,True,NORMAL,MONITOR,False,{},"[""uav2"", ""uav1"", ""uav0""]",limited,True,{},NONE,NORMAL,SAFE,1.0,IDLE,0.0,0.0,0.0,,,0.0,False,avoidance not required,,{},,,,,,,,,,,0,safe,3.271,14.278,0.122,0,0,0.0,0.0,[],0.006294822786003351,0.013459655456244946,7.982110023498535,0.025960054248571396,0.00042704286170192063,7.884246826171875,-0.0069075836800038815,0.0139969727024436,7.704866409301758
256.8,RUNNING,12,HOME_DESCENT,0.834,0.9199,143.9818,7.715,True,NORMAL,MONITOR,False,{},"[""uav2"", ""uav1"", ""uav0""]",limited,True,{},NONE,NORMAL,SAFE,1.0,IDLE,0.0,0.0,0.0,,,0.0,False,avoidance not required,,{},,,,,,,,,,,0,safe,3.272,14.279,0.123,0,0,0.0,0.0,[],0.006771471817046404,0.01467173546552658,7.984220027923584,0.02804800495505333,-0.005359824281185865,7.879223823547363,-0.007089547347277403,0.01441545132547617,7.684838771820068
257.0,RUNNING,12,HOME_DESCENT,0.835,0.9199,143.9818,7.715,True,NORMAL,MONITOR,False,{},"[""uav2"", ""uav1"", ""uav0""]",limited,True,{},NONE,NORMAL,SAFE,1.0,IDLE,0.0,0.0,0.0,,,0.0,False,avoidance not required,,{},,,,,,,,,,,0,safe,3.271,14.279,0.127,0,0,0.0,0.0,[],0.004473388660699129,0.015643248334527016,7.98580265045166,0.026568951085209846,-0.009521484375,7.865523815155029,-0.0075151617638766766,0.013656817376613617,7.664059638977051
257.2,RUNNING,12,HOME_DESCENT,0.836,0.9198,143.9564,7.679,True,NORMAL,MONITOR,False,{},"[""uav2"", ""uav1"", ""uav0""]",limited,True,{},NONE,NORMAL,SAFE,1.0,IDLE,0.0,0.0,0.0,,,0.0,False,avoidance not required,,{},,,,,,,,,,,0,safe,3.272,14.280,0.132,0,0,0.0,0.0,[],0.00245076441206038,0.014770250767469406,7.978682518005371,0.03043222986161709,-0.013396915048360825,7.855823040008545,-0.008329004049301147,0.016199976205825806,7.650524139404297
257.4,RUNNING,12,HOME_DESCENT,0.837,0.9198,143.9564,7.679,True,NORMAL,MONITOR,False,{},"[""uav2"", ""uav1"", ""uav0""]",limited,True,{},NONE,NORMAL,SAFE,1.0,IDLE,0.0,0.0,0.0,,,0.0,False,avoidance not required,,{},,,,,,,,,,,0,safe,3.268,14.279,0.144,0,0,0.0,0.0,[],0.003948525991290808,0.014625083655118942,7.971692085266113,0.029719948768615723,-0.015627363696694374,7.838634967803955,-0.008771326392889023,0.016193203628063202,7.629641532897949
257.6,RUNNING,12,HOME_DESCENT,0.837,0.9197,143.931,7.642,True,NORMAL,MONITOR,False,{},"[""uav2"", ""uav1"", ""uav0""]",limited,True,{},NONE,NORMAL,SAFE,1.0,IDLE,0.0,0.0,0.0,,,0.0,False,avoidance not required,,{},,,,,,,,,,,0,safe,3.268,14.279,0.149,0,0,0.0,0.0,[],0.0038978501688688993,0.012887660413980484,7.961005210876465,0.03229434788227081,-0.015704672783613205,7.824073314666748,-0.012773766182363033,0.017753170803189278,7.610947608947754
257.8,RUNNING,12,HOME_DESCENT,0.838,0.9197,143.931,7.642,True,NORMAL,MONITOR,False,{},"[""uav2"", ""uav1"", ""uav0""]",limited,True,{},NONE,NORMAL,SAFE,1.0,IDLE,0.0,0.0,0.0,,,0.0,False,avoidance not required,,{},,,,,,,,,,,0,safe,3.262,14.281,0.158,0,0,0.0,0.0,[],0.0025396973360329866,0.010533508844673634,7.954803943634033,0.030685752630233765,-0.01555469911545515,7.803760528564453,-0.016844473779201508,0.018498964607715607,7.590686321258545
258.0,RUNNING,12,HOME_DESCENT,0.839,0.9197,143.931,7.642,True,NORMAL,MONITOR,False,{},"[""uav2"", ""uav1"", ""uav0""]",limited,True,{},NONE,NORMAL,SAFE,1.0,IDLE,0.0,0.0,0.0,,,0.0,False,avoidance not required,,{},,,,,,,,,,,0,safe,3.260,14.283,0.165,0,0,0.0,0.0,[],0.0005275564035400748,0.008098697289824486,7.943620681762695,0.028499610722064972,-0.013124549761414528,7.789169788360596,-0.018750526010990143,0.016857916489243507,7.563049793243408
258.2,RUNNING,12,HOME_DESCENT,0.84,0.9195,143.9054,7.605,True,NORMAL,MONITOR,False,{},"[""uav2"", ""uav1"", ""uav0""]",limited,True,{},NONE,NORMAL,SAFE,1.0,IDLE,0.0,0.0,0.0,,,0.0,False,avoidance not required,,{},,,,,,,,,,,0,safe,3.261,14.286,0.165,0,0,0.0,0.0,[],-0.00656132074072957,0.012347429059445858,7.934293270111084,0.024048389866948128,-0.011619528755545616,7.767226219177246,-0.02256973460316658,0.016221214085817337,7.5354509353637695
258.4,RUNNING,12,HOME_DESCENT,0.84,0.9195,143.9054,7.605,True,NORMAL,MONITOR,False,{},"[""uav2"", ""uav1"", ""uav0""]",limited,True,{},NONE,NORMAL,SAFE,1.0,IDLE,0.0,0.0,0.0,,,0.0,False,avoidance not required,,{},,,,,,,,,,,0,safe,3.262,14.289,0.167,0,0,0.0,0.0,[],-0.010947239585220814,0.014040330424904823,7.920478343963623,0.01975823938846588,-0.012365847826004028,7.746050834655762,-0.023516038432717323,0.01399454940110445,7.507043838500977
258.6,RUNNING,12,HOME_DESCENT,0.841,0.9194,143.88,7.568,True,NORMAL,MONITOR,False,{},"[""uav2"", ""uav1"", ""uav0""]",limited,True,{},NONE,NORMAL,SAFE,1.0,IDLE,0.0,0.0,0.0,,,0.0,False,avoidance not required,,{},,,,,,,,,,,0,safe,3.266,14.291,0.167,0,0,0.0,0.0,[],-0.013166422955691814,0.019483361393213272,7.914149761199951,0.014823973178863525,-0.012927049770951271,7.7216081619262695,-0.025028260424733162,0.015406695194542408,7.4860076904296875
258.8,RUNNING,12,HOME_DESCENT,0.842,0.9194,143.88,7.568,True,NORMAL,MONITOR,False,{},"[""uav2"", ""uav1"", ""uav0""]",limited,True,{},NONE,NORMAL,SAFE,1.0,IDLE,0.0,0.0,0.0,,,0.0,False,avoidance not required,,{},,,,,,,,,,,0,safe,3.269,14.291,0.176,0,0,0.0,0.0,[],-0.014038643799722195,0.02137068100273609,7.901042461395264,0.012341502122581005,-0.01225228514522314,7.702705383300781,-0.024127410724759102,0.014702767133712769,7.46095085144043
259.0,RUNNING,12,HOME_DESCENT,0.843,0.9194,143.88,7.568,True,NORMAL,MONITOR,False,{},"[""uav2"", ""uav1"", ""uav0""]",limited,True,{},NONE,NORMAL,SAFE,1.0,IDLE,0.0,0.0,0.0,,,0.0,False,avoidance not required,,{},,,,,,,,,,,0,safe,3.273,14.291,0.181,0,0,0.0,0.0,[],-0.015315976925194263,0.028161639347672462,7.888645648956299,0.009440973401069641,-0.011669677682220936,7.682118892669678,-0.022307952865958214,0.020411167293787003,7.442139148712158
259.2,RUNNING,12,HOME_DESCENT,0.843,0.9193,143.8544,7.532,True,NORMAL,MONITOR,False,{},"[""uav2"", ""uav1"", ""uav0""]",limited,True,{},NONE,NORMAL,SAFE,1.0,IDLE,0.0,0.0,0.0,,,0.0,False,avoidance not required,,{},,,,,,,,,,,0,safe,3.277,14.286,0.193,0,0,0.0,0.0,[],-0.015059604309499264,0.030388815328478813,7.8714494705200195,0.011018810793757439,-0.009164626710116863,7.671037673950195,-0.01938011683523655,0.021815964952111244,7.414050579071045
259.4,RUNNING,12,HOME_DESCENT,0.844,0.9193,143.8544,7.532,True,NORMAL,MONITOR,False,{},"[""uav2"", ""uav1"", ""uav0""]",limited,True,{},NONE,NORMAL,SAFE,1.0,IDLE,0.0,0.0,0.0,,,0.0,False,avoidance not required,,{},,,,,,,,,,,0,safe,3.280,14.283,0.196,0,0,0.0,0.0,[],-0.016446279361844063,0.03595234081149101,7.856242656707764,0.01072968915104866,-0.007476902101188898,7.649509906768799,-0.01838327758014202,0.02866233140230179,7.388183116912842
259.6,RUNNING,12,HOME_DESCENT,0.845,0.9191,143.8288,7.495,True,NORMAL,MONITOR,False,{},"[""uav2"", ""uav1"", ""uav0""]",limited,True,{},NONE,NORMAL,SAFE,1.0,IDLE,0.0,0.0,0.0,,,0.0,False,avoidance not required,,{},,,,,,,,,,,0,safe,3.282,14.277,0.202,0,0,0.0,0.0,[],-0.01613522507250309,0.03663630783557892,7.836574554443359,0.010833121836185455,0.0029461958911269903,7.628006935119629,-0.016082564368844032,0.030318021774291992,7.356525421142578
259.8,RUNNING,12,HOME_DESCENT,0.846,0.9191,143.8288,7.495,True,NORMAL,MONITOR,False,{},"[""uav2"", ""uav1"", ""uav0""]",limited,True,{},NONE,NORMAL,SAFE,1.0,IDLE,0.0,0.0,0.0,,,0.0,False,avoidance not required,,{},,,,,,,,,,,0,safe,3.284,14.275,0.203,0,0,0.0,0.0,[],-0.01689104735851288,0.04117368906736374,7.817755222320557,0.009721853770315647,0.008793140761554241,7.601282119750977,-0.016599809750914574,0.03952885791659355,7.324218273162842
260.0,RUNNING,12,HOME_DESCENT,0.846,0.9191,143.8288,7.495,True,NORMAL,MONITOR,False,{},"[""uav2"", ""uav1"", ""uav0""]",limited,True,{},NONE,NORMAL,SAFE,1.0,IDLE,0.0,0.0,0.0,,,0.0,False,avoidance not required,,{},,,,,,,,,,,0,safe,3.287,14.263,0.212,0,0,0.0,0.0,[],-0.019156867638230324,0.04638097807765007,7.800088405609131,0.006934615317732096,0.01653813011944294,7.574769020080566,-0.017895638942718506,0.04927029460668564,7.295613765716553
260.2,RUNNING,12,HOME_DESCENT,0.847,0.919,143.8032,7.476,True,NORMAL,MONITOR,False,{},"[""uav2"", ""uav1"", ""uav0""]",limited,True,{},NONE,NORMAL,SAFE,1.0,IDLE,0.0,0.0,0.0,,,0.0,False,avoidance not required,,{},,,,,,,,,,,0,safe,3.287,14.263,0.212,0,0,0.0,0.0,[],-0.019403163343667984,0.04567964747548103,7.779929161071777,0.00675825634971261,0.021577144041657448,7.5468902587890625,-0.017084840685129166,0.05212128162384033,7.261073589324951
260.4,RUNNING,12,HOME_DESCENT,0.848,0.919,143.8032,7.476,True,NORMAL,MONITOR,False,{},"[""uav2"", ""uav1"", ""uav0""]",limited,True,{},NONE,NORMAL,SAFE,1.0,IDLE,0.0,0.0,0.0,,,0.0,False,avoidance not required,,{},,,,,,,,,,,0,safe,3.289,14.260,0.211,0,0,0.0,0.0,[],-0.0232444629073143,0.045028265565633774,7.762691020965576,0.005971318110823631,0.022725598886609077,7.517718315124512,-0.01755707897245884,0.060030337423086166,7.227051734924316
260.6,RUNNING,12,HOME_DESCENT,0.849,0.9189,143.7776,7.44,True,NORMAL,MONITOR,False,{},"[""uav2"", ""uav1"", ""uav0""]",limited,True,{},NONE,NORMAL,SAFE,1.0,IDLE,0.0,0.0,0.0,,,0.0,False,avoidance not required,,{},,,,,,,,,,,0,safe,3.290,14.255,0.214,0,0,0.0,0.0,[],-0.023919664323329926,0.041296426206827164,7.737936973571777,0.002963881939649582,0.027096526697278023,7.4940361976623535,-0.018437016755342484,0.06661752611398697,7.192440032958984
260.8,RUNNING,12,HOME_DESCENT,0.849,0.9189,143.7776,7.44,True,NORMAL,MONITOR,False,{},"[""uav2"", ""uav1"", ""uav0""]",limited,True,{},NONE,NORMAL,SAFE,1.0,IDLE,0.0,0.0,0.0,,,0.0,False,avoidance not required,,{},,,,,,,,,,,0,safe,3.293,14.251,0.216,0,0,0.0,0.0,[],-0.024755574762821198,0.04215105250477791,7.712270259857178,0.00028559891507029533,0.027229292318224907,7.466010570526123,-0.01724734902381897,0.06554585695266724,7.154149532318115
261.0,RUNNING,12,HOME_DESCENT,0.85,0.9189,143.7776,7.44,True,NORMAL,MONITOR,False,{},"[""uav2"", ""uav1"", ""uav0""]",limited,True,{},NONE,NORMAL,SAFE,1.0,IDLE,0.0,0.0,0.0,,,0.0,False,avoidance not required,,{},,,,,,,,,,,0,safe,3.297,14.251,0.212,0,0,0.0,0.0,[],-0.024063952267169952,0.039260394871234894,7.686117649078369,-0.00664162402972579,0.027923917397856712,7.435758113861084,-0.0190560482442379,0.06706558167934418,7.1185078620910645
261.2,RUNNING,12,HOME_DESCENT,0.851,0.9188,143.752,7.403,True,NORMAL,MONITOR,False,{},"[""uav2"", ""uav1"", ""uav0""]",limited,True,{},NONE,NORMAL,SAFE,1.0,IDLE,0.0,0.0,0.0,,,0.0,False,avoidance not required,,{},,,,,,,,,,,0,safe,3.303,14.251,0.213,0,0,0.0,0.0,[],-0.030146067962050438,0.039112210273742676,7.661101818084717,-0.010871190577745438,0.026009157299995422,7.403275012969971,-0.01914861798286438,0.06275495141744614,7.081859111785889
261.4,RUNNING,12,HOME_DESCENT,0.852,0.9188,143.752,7.403,True,NORMAL,MONITOR,False,{},"[""uav2"", ""uav1"", ""uav0""]",limited,True,{},NONE,NORMAL,SAFE,1.0,IDLE,0.0,0.0,0.0,,,0.0,False,avoidance not required,,{},,,,,,,,,,,0,safe,3.308,14.254,0.211,0,0,0.0,0.0,[],-0.032035667449235916,0.035979438573122025,7.637141227722168,-0.01680442877113819,0.024616846814751625,7.372628688812256,-0.02491741068661213,0.06081885099411011,7.052696704864502
261.6,RUNNING,12,HOME_DESCENT,0.852,0.9186,143.7236,7.366,True,NORMAL,MONITOR,False,{},"[""uav2"", ""uav1"", ""uav0""]",limited,True,{},NONE,NORMAL,SAFE,1.0,IDLE,0.0,0.0,0.0,,,0.0,False,avoidance not required,,{},,,,,,,,,,,0,safe,3.308,14.260,0.218,0,0,0.0,0.0,[],-0.03687772899866104,0.035893622785806656,7.615496635437012,-0.021720614284276962,0.02508707344532013,7.342096328735352,-0.028344159945845604,0.058330900967121124,7.021243572235107
261.8,RUNNING,12,HOME_DESCENT,0.853,0.9186,143.7236,7.366,True,NORMAL,MONITOR,False,{},"[""uav2"", ""uav1"", ""uav0""]",limited,True,{},NONE,NORMAL,SAFE,1.0,IDLE,0.0,0.0,0.0,,,0.0,False,avoidance not required,,{},,,,,,,,,,,0,safe,3.309,14.264,0.223,0,0,0.0,0.0,[],-0.03727727383375168,0.032954148948192596,7.5895209312438965,-0.02383504994213581,0.022998474538326263,7.310712814331055,-0.028396647423505783,0.05167096480727196,6.984487533569336
262.0,RUNNING,12,HOME_DESCENT,0.854,0.9186,143.7236,7.366,True,NORMAL,MONITOR,False,{},"[""uav2"", ""uav1"", ""uav0""]",limited,True,{},NONE,NORMAL,SAFE,1.0,IDLE,0.0,0.0,0.0,,,0.0,False,avoidance not required,,{},,,,,,,,,,,0,safe,3.312,14.268,0.222,0,0,0.0,0.0,[],-0.03610578924417496,0.034968480467796326,7.566091060638428,-0.026925768703222275,0.018446199595928192,7.283621311187744,-0.03054898791015148,0.051516883075237274,6.950193881988525
262.2,RUNNING,12,HOME_DESCENT,0.855,0.9185,143.6977,7.329,True,NORMAL,MONITOR,False,{},"[""uav2"", ""uav1"", ""uav0""]",limited,True,{},NONE,NORMAL,SAFE,1.0,IDLE,0.0,0.0,0.0,,,0.0,False,avoidance not required,,{},,,,,,,,,,,0,safe,3.313,14.270,0.226,0,0,0.0,0.0,[],-0.032810062170028687,0.033606238663196564,7.537079334259033,-0.027345502749085426,0.013387505896389484,7.2526774406433105,-0.02960296720266342,0.04700964689254761,6.908514022827148
262.4,RUNNING,12,HOME_DESCENT,0.855,0.9185,143.6977,7.329,True,NORMAL,MONITOR,False,{},"[""uav2"", ""uav1"", ""uav0""]",limited,True,{},NONE,NORMAL,SAFE,1.0,IDLE,0.0,0.0,0.0,,,0.0,False,avoidance not required,,{},,,,,,,,,,,0,safe,3.316,14.273,0.221,0,0,0.0,0.0,[],-0.0349566787481308,0.038179729133844376,7.506828784942627,-0.025071322917938232,0.013160099275410175,7.221044540405273,-0.031187953427433968,0.04635598883032799,6.866737365722656
262.6,RUNNING,12,HOME_DESCENT,0.856,0.9184,143.6721,7.292,True,NORMAL,MONITOR,False,{},"[""uav2"", ""uav1"", ""uav0""]",limited,True,{},NONE,NORMAL,SAFE,1.0,IDLE,0.0,0.0,0.0,,,0.0,False,avoidance not required,,{},,,,,,,,,,,0,safe,3.313,14.274,0.218,0,0,0.0,0.0,[],-0.033720385283231735,0.03773633763194084,7.476199626922607,-0.0215272419154644,0.011397935450077057,7.1856279373168945,-0.029751189053058624,0.041961055248975754,6.826304912567139
262.8,RUNNING,12,HOME_DESCENT,0.857,0.9184,143.6721,7.292,True,NORMAL,MONITOR,False,{},"[""uav2"", ""uav1"", ""uav0""]",limited,True,{},NONE,NORMAL,SAFE,1.0,IDLE,0.0,0.0,0.0,,,0.0,False,avoidance not required,,{},,,,,,,,,,,0,safe,3.311,14.276,0.216,0,0,0.0,0.0,[],-0.034398436546325684,0.03787364810705185,7.444726943969727,-0.01598230190575123,0.012602456845343113,7.149643421173096,-0.03024650178849697,0.04279021918773651,6.785815715789795
263.0,RUNNING,12,HOME_DESCENT,0.858,0.9184,143.6721,7.292,True,NORMAL,MONITOR,False,{},"[""uav2"", ""uav1"", ""uav0""]",limited,True,{},NONE,NORMAL,SAFE,1.0,IDLE,0.0,0.0,0.0,,,0.0,False,avoidance not required,,{},,,,,,,,,,,0,safe,3.306,14.276,0.215,0,0,0.0,0.0,[],-0.032252199947834015,0.03509606420993805,7.41241979598999,-0.011260953731834888,0.011808057315647602,7.113248348236084,-0.027924980968236923,0.03924855589866638,6.745626449584961
263.2,RUNNING,12,HOME_DESCENT,0.858,0.9182,143.6465,7.256,True,NORMAL,MONITOR,False,{},"[""uav2"", ""uav1"", ""uav0""]",limited,True,{},NONE,NORMAL,SAFE,1.0,IDLE,0.0,0.0,0.0,,,0.0,False,avoidance not required,,{},,,,,,,,,,,0,safe,3.304,14.277,0.214,0,0,0.0,0.0,[],-0.03257404640316963,0.036126233637332916,7.3735857009887695,-0.010721540078520775,0.010507872328162193,7.075547695159912,-0.028565755113959312,0.03689401224255562,6.705950736999512
263.4,RUNNING,12,HOME_DESCENT,0.859,0.9182,143.6465,7.256,True,NORMAL,MONITOR,False,{},"[""uav2"", ""uav1"", ""uav0""]",limited,True,{},NONE,NORMAL,SAFE,1.0,IDLE,0.0,0.0,0.0,,,0.0,False,avoidance not required,,{},,,,,,,,,,,0,safe,3.303,14.279,0.214,0,0,0.0,0.0,[],-0.02992798015475273,0.03396621719002724,7.338593482971191,-0.009518603794276714,0.008600134402513504,7.037788391113281,-0.026267729699611664,0.03160949423909187,6.66501522064209
263.6,RUNNING,12,HOME_DESCENT,0.86,0.9181,143.621,7.219,True,NORMAL,MONITOR,False,{},"[""uav2"", ""uav1"", ""uav0""]",limited,True,{},NONE,NORMAL,SAFE,1.0,IDLE,0.0,0.0,0.0,,,0.0,False,avoidance not required,,{},,,,,,,,,,,0,safe,3.304,14.281,0.212,0,0,0.0,0.0,[],-0.030362015590071678,0.03589135408401489,7.301286697387695,-0.008306862786412239,0.008502262644469738,6.9972357749938965,-0.02680937573313713,0.028387952595949173,6.619269847869873
263.8,RUNNING,12,HOME_DESCENT,0.861,0.9181,143.621,7.219,True,NORMAL,MONITOR,False,{},"[""uav2"", ""uav1"", ""uav0""]",limited,True,{},NONE,NORMAL,SAFE,1.0,IDLE,0.0,0.0,0.0,,,0.0,False,avoidance not required,,{},,,,,,,,,,,0,safe,3.303,14.284,0.207,0,0,0.0,0.0,[],-0.027953308075666428,0.03434324637055397,7.266586780548096,-0.006497379392385483,0.007461012341082096,6.958127498626709,-0.024277249351143837,0.02346266433596611,6.576306343078613
264.0,RUNNING,12,HOME_DESCENT,0.861,0.9181,143.621,7.219,True,NORMAL,MONITOR,False,{},"[""uav2"", ""uav1"", ""uav0""]",limited,True,{},NONE,NORMAL,SAFE,1.0,IDLE,0.0,0.0,0.0,,,0.0,False,avoidance not required,,{},,,,,,,,,,,0,safe,3.304,14.285,0.205,0,0,0.0,0.0,[],-0.02853313460946083,0.03788449615240097,7.2267165184021,-0.008540283888578415,0.008810512721538544,6.915272235870361,-0.02478877082467079,0.018538905307650566,6.529373645782471
264.2,RUNNING,12,HOME_DESCENT,0.862,0.918,143.5954,7.201,True,NORMAL,MONITOR,False,{},"[""uav2"", ""uav1"", ""uav0""]",limited,True,{},NONE,NORMAL,SAFE,1.0,IDLE,0.0,0.0,0.0,,,0.0,False,avoidance not required,,{},,,,,,,,,,,0,safe,3.306,14.289,0.199,0,0,0.0,0.0,[],-0.025888297706842422,0.037204962223768234,7.1915693283081055,-0.008849762380123138,0.008612601086497307,6.87414026260376,-0.022120272740721703,0.013333288952708244,6.488506317138672
264.4,RUNNING,12,HOME_DESCENT,0.863,0.918,143.5954,7.201,True,NORMAL,MONITOR,False,{},"[""uav2"", ""uav1"", ""uav0""]",limited,True,{},NONE,NORMAL,SAFE,1.0,IDLE,0.0,0.0,0.0,,,0.0,False,avoidance not required,,{},,,,,,,,,,,0,safe,3.309,14.291,0.199,0,0,0.0,0.0,[],-0.024634268134832382,0.038310933858156204,7.1569342613220215,-0.01167359296232462,0.010870740748941898,6.824734687805176,-0.02060534805059433,0.010072745382785797,6.4420599937438965
264.6,RUNNING,12,HOME_DESCENT,0.864,0.9178,143.5698,7.164,True,NORMAL,MONITOR,False,{},"[""uav2"", ""uav1"", ""uav0""]",limited,True,{},NONE,NORMAL,SAFE,1.0,IDLE,0.0,0.0,0.0,,,0.0,False,avoidance not required,,{},,,,,,,,,,,0,safe,3.313,14.292,0.195,0,0,0.0,0.0,[],-0.021654553711414337,0.035788897424936295,7.126524925231934,-0.011859522201120853,0.011090381070971489,6.785905361175537,-0.017247909680008888,0.006651389878243208,6.401332378387451
264.8,RUNNING,12,HOME_DESCENT,0.864,0.9178,143.5698,7.164,True,NORMAL,MONITOR,False,{},"[""uav2"", ""uav1"", ""uav0""]",limited,True,{},NONE,NORMAL,SAFE,1.0,IDLE,0.0,0.0,0.0,,,0.0,False,avoidance not required,,{},,,,,,,,,,,0,safe,3.317,14.292,0.196,0,0,0.0,0.0,[],-0.022310437634587288,0.03281959518790245,7.088265419006348,-0.015188770368695259,0.011649700812995434,6.748164653778076,-0.017834067344665527,0.007283467333763838,6.350781440734863
265.0,RUNNING,12,HOME_DESCENT,0.865,0.9178,143.5698,7.164,True,NORMAL,MONITOR,False,{},"[""uav2"", ""uav1"", ""uav0""]",limited,True,{},NONE,NORMAL,SAFE,1.0,IDLE,0.0,0.0,0.0,,,0.0,False,avoidance not required,,{},,,,,,,,,,,0,safe,3.323,14.291,0.187,0,0,0.0,0.0,[],-0.02026662416756153,0.028562458232045174,7.057468891143799,-0.01580551452934742,0.010567435063421726,6.709225654602051,-0.015830757096409798,0.006215440109372139,6.3057541847229
265.2,RUNNING,12,HOME_DESCENT,0.866,0.9177,143.5443,7.127,True,NORMAL,MONITOR,False,{},"[""uav2"", ""uav1"", ""uav0""]",limited,True,{},NONE,NORMAL,SAFE,1.0,IDLE,0.0,0.0,0.0,,,0.0,False,avoidance not required,,{},,,,,,,,,,,0,safe,3.323,14.291,0.187,0,0,0.0,0.0,[],-0.01935909129679203,0.029253017157316208,7.018316745758057,-0.017026346176862717,0.007038550917059183,6.66261625289917,-0.016832685098052025,0.007357757538557053,6.2592902183532715
265.4,RUNNING,12,HOME_DESCENT,0.867,0.9177,143.5443,7.127,True,NORMAL,MONITOR,False,{},"[""uav2"", ""uav1"", ""uav0""]",limited,True,{},NONE,NORMAL,SAFE,1.0,IDLE,0.0,0.0,0.0,,,0.0,False,avoidance not required,,{},,,,,,,,,,,0,safe,3.322,14.291,0.184,0,0,0.0,0.0,[],-0.016257863491773605,0.02776303142309189,6.982284069061279,-0.015988899394869804,0.003910434897989035,6.62412166595459,-0.01546403020620346,0.007306977640837431,6.217082500457764
265.6,RUNNING,12,HOME_DESCENT,0.867,0.9176,143.5188,7.09,True,NORMAL,MONITOR,False,{},"[""uav2"", ""uav1"", ""uav0""]",limited,True,{},NONE,NORMAL,SAFE,1.0,IDLE,0.0,0.0,0.0,,,0.0,False,avoidance not required,,{},,,,,,,,,,,0,safe,3.320,14.290,0.186,0,0,0.0,0.0,[],-0.014042219147086143,0.028316035866737366,6.938697338104248,-0.017215192317962646,0.00020740521722473204,6.577622413635254,-0.019004615023732185,0.008708222769200802,6.166625022888184
265.8,RUNNING,12,HOME_DESCENT,0.868,0.9176,143.5188,7.09,True,NORMAL,MONITOR,False,{},"[""uav2"", ""uav1"", ""uav0""]",limited,True,{},NONE,NORMAL,SAFE,1.0,IDLE,0.0,0.0,0.0,,,0.0,False,avoidance not required,,{},,,,,,,,,,,0,safe,3.317,14.292,0.180,0,0,0.0,0.0,[],-0.014604863710701466,0.026093190535902977,6.894206523895264,-0.015964776277542114,-0.0019012510310858488,6.535693168640137,-0.021996568888425827,0.010024434886872768,6.114919662475586
266.0,RUNNING,12,HOME_DESCENT,0.869,0.9176,143.5188,7.09,True,NORMAL,MONITOR,False,{},"[""uav2"", ""uav1"", ""uav0""]",limited,True,{},NONE,NORMAL,SAFE,1.0,IDLE,0.0,0.0,0.0,,,0.0,False,avoidance not required,,{},,,,,,,,,,,0,safe,3.318,14.293,0.173,0,0,0.0,0.0,[],-0.012874417006969452,0.022694271057844162,6.857651710510254,-0.015908706933259964,-0.0016430102987214923,6.489142894744873,-0.0211397185921669,0.009921406395733356,6.07232666015625
266.2,RUNNING,12,HOME_DESCENT,0.87,0.9175,143.4933,7.053,True,NORMAL,MONITOR,False,{},"[""uav2"", ""uav1"", ""uav0""]",limited,True,{},NONE,NORMAL,SAFE,1.0,IDLE,0.0,0.0,0.0,,,0.0,False,avoidance not required,,{},,,,,,,,,,,0,safe,3.318,14.292,0.175,0,0,0.0,0.0,[],-0.013725914992392063,0.01990477740764618,6.820018291473389,-0.014368448406457901,-0.0016235734801739454,6.44636344909668,-0.021468179300427437,0.010208495892584324,6.023416519165039
266.4,RUNNING,12,HOME_DESCENT,0.87,0.9175,143.4933,7.053,True,NORMAL,MONITOR,False,{},"[""uav2"", ""uav1"", ""uav0""]",limited,True,{},NONE,NORMAL,SAFE,1.0,IDLE,0.0,0.0,0.0,,,0.0,False,avoidance not required,,{},,,,,,,,,,,0,safe,3.320,14.292,0.171,0,0,0.0,0.0,[],-0.012515624985098839,0.01641797088086605,6.785855770111084,-0.019434574991464615,-0.004452709574252367,6.397441864013672,-0.0191103033721447,0.009729480370879173,5.984326362609863
266.6,RUNNING,12,HOME_DESCENT,0.871,0.9173,143.4678,7.017,True,NORMAL,MONITOR,False,{},"[""uav2"", ""uav1"", ""uav0""]",limited,True,{},NONE,NORMAL,SAFE,1.0,IDLE,0.0,0.0,0.0,,,0.0,False,avoidance not required,,{},,,,,,,,,,,0,safe,3.316,14.291,0.177,0,0,0.0,0.0,[],-0.014173900708556175,0.0120692178606987,6.742654800415039,-0.02053746022284031,-0.005773760844022036,6.356049537658691,-0.023470090702176094,0.009773251600563526,5.935199737548828
266.8,RUNNING,12,HOME_DESCENT,0.872,0.9173,143.4678,7.017,True,NORMAL,MONITOR,False,{},"[""uav2"", ""uav1"", ""uav0""]",limited,True,{},NONE,NORMAL,SAFE,1.0,IDLE,0.0,0.0,0.0,,,0.0,False,avoidance not required,,{},,,,,,,,,,,0,safe,3.316,14.294,0.174,0,0,0.0,0.0,[],-0.014260749332606792,0.007748899981379509,6.702676296234131,-0.025411225855350494,-0.005730196833610535,6.304636478424072,-0.023685412481427193,0.009112097322940826,5.891704082489014
267.0,RUNNING,12,HOME_DESCENT,0.873,0.9173,143.4678,7.017,True,NORMAL,MONITOR,False,{},"[""uav2"", ""uav1"", ""uav0""]",limited,True,{},NONE,NORMAL,SAFE,1.0,IDLE,0.0,0.0,0.0,,,0.0,False,avoidance not required,,{},,,,,,,,,,,0,safe,3.313,14.295,0.177,0,0,0.0,0.0,[],-0.01945461332798004,0.004862929694354534,6.658054351806641,-0.02606646530330181,-0.004995567724108696,6.262444496154785,-0.02593246102333069,0.008926384150981903,5.843741416931152
267.2,RUNNING,12,HOME_DESCENT,0.873,0.9172,143.4423,6.98,True,NORMAL,MONITOR,False,{},"[""uav2"", ""uav1"", ""uav0""]",limited,True,{},NONE,NORMAL,SAFE,1.0,IDLE,0.0,0.0,0.0,,,0.0,False,avoidance not required,,{},,,,,,,,,,,0,safe,3.317,14.297,0.175,0,0,0.0,0.0,[],-0.021012958139181137,0.0022764266468584538,6.6217546463012695,-0.03153626248240471,-0.004810674116015434,6.216908931732178,-0.024618256837129593,0.00804841984063387,5.799695014953613
267.4,RUNNING,12,HOME_DESCENT,0.874,0.9172,143.4423,6.98,True,NORMAL,MONITOR,False,{},"[""uav2"", ""uav1"", ""uav0""]",limited,True,{},NONE,NORMAL,SAFE,1.0,IDLE,0.0,0.0,0.0,,,0.0,False,avoidance not required,,{},,,,,,,,,,,0,safe,3.314,14.296,0.177,0,0,0.0,0.0,[],-0.027285953983664513,-0.0028085072990506887,6.5789289474487305,-0.032001543790102005,-0.004125656094402075,6.180813789367676,-0.023946154862642288,0.006083708722144365,5.746130466461182
267.6,RUNNING,12,HOME_DESCENT,0.875,0.9171,143.4169,6.943,True,NORMAL,MONITOR,False,{},"[""uav2"", ""uav1"", ""uav0""]",limited,True,{},NONE,NORMAL,SAFE,1.0,IDLE,0.0,0.0,0.0,,,0.0,False,avoidance not required,,{},,,,,,,,,,,0,safe,3.319,14.297,0.170,0,0,0.0,0.0,[],-0.028671564534306526,-0.006110125686973333,6.546502590179443,-0.036559589207172394,-0.004376268479973078,6.135395526885986,-0.027249429374933243,0.004948922898620367,5.691044807434082
267.8,RUNNING,12,HOME_DESCENT,0.876,0.9171,143.4169,6.943,True,NORMAL,MONITOR,False,{},"[""uav2"", ""uav1"", ""uav0""]",limited,True,{},NONE,NORMAL,SAFE,1.0,IDLE,0.0,0.0,0.0,,,0.0,False,avoidance not required,,{},,,,,,,,,,,0,safe,3.318,14.300,0.162,0,0,0.0,0.0,[],-0.0317574068903923,-0.011198773980140686,6.5058064460754395,-0.03614436462521553,-0.003983733244240284,6.097161293029785,-0.026695195585489273,0.0037753120996057987,5.648061275482178
268.0,RUNNING,12,HOME_DESCENT,0.876,0.9171,143.4169,6.943,True,NORMAL,MONITOR,False,{},"[""uav2"", ""uav1"", ""uav0""]",limited,True,{},NONE,NORMAL,SAFE,1.0,IDLE,0.0,0.0,0.0,,,0.0,False,avoidance not required,,{},,,,,,,,,,,0,safe,3.321,14.301,0.166,0,0,0.0,0.0,[],-0.03448774293065071,-0.012417171150445938,6.454708099365234,-0.03897442668676376,-0.004551750607788563,6.04794454574585,-0.026301873847842216,0.0020418292842805386,5.601836204528809
268.2,RUNNING,12,HOME_DESCENT,0.877,0.917,143.3914,6.925,True,NORMAL,MONITOR,False,{},"[""uav2"", ""uav1"", ""uav0""]",limited,True,{},NONE,NORMAL,SAFE,1.0,IDLE,0.0,0.0,0.0,,,0.0,False,avoidance not required,,{},,,,,,,,,,,0,safe,3.321,14.302,0.167,0,0,0.0,0.0,[],-0.03297128900885582,-0.012628576718270779,6.413918495178223,-0.03722883015871048,-0.003938108216971159,6.005044460296631,-0.022987214848399162,0.0006590142147615552,5.559208393096924
268.4,RUNNING,12,HOME_DESCENT,0.878,0.917,143.3914,6.925,True,NORMAL,MONITOR,False,{},"[""uav2"", ""uav1"", ""uav0""]",limited,True,{},NONE,NORMAL,SAFE,1.0,IDLE,0.0,0.0,0.0,,,0.0,False,avoidance not required,,{},,,,,,,,,,,0,safe,3.321,14.300,0.171,0,0,0.0,0.0,[],-0.033747926354408264,-0.016104908660054207,6.369222164154053,-0.03769703581929207,-0.00031354898237623274,5.947347640991211,-0.020194491371512413,-0.0010253437794744968,5.505699157714844
268.6,RUNNING,12,HOME_DESCENT,0.879,0.9168,143.366,6.888,True,NORMAL,MONITOR,False,{},"[""uav2"", ""uav1"", ""uav0""]",limited,True,{},NONE,NORMAL,SAFE,1.0,IDLE,0.0,0.0,0.0,,,0.0,False,avoidance not required,,{},,,,,,,,,,,0,safe,3.323,14.299,0.165,0,0,0.0,0.0,[],-0.031024469062685966,-0.017747273668646812,6.331181049346924,-0.03420652821660042,0.0025611729361116886,5.902155876159668,-0.01592731662094593,-0.001675616716966033,5.456073760986328
268.8,RUNNING,12,HOME_DESCENT,0.879,0.9168,143.366,6.888,True,NORMAL,MONITOR,False,{},"[""uav2"", ""uav1"", ""uav0""]",limited,True,{},NONE,NORMAL,SAFE,1.0,IDLE,0.0,0.0,0.0,,,0.0,False,avoidance not required,,{},,,,,,,,,,,0,safe,3.325,14.297,0.162,0,0,0.0,0.0,[],-0.02907671593129635,-0.02355550229549408,6.28059720993042,-0.03265446424484253,0.0024811886250972748,5.849109649658203,-0.015191679820418358,-0.001798044191673398,5.396442413330078
269.0,RUNNING,12,HOME_DESCENT,0.88,0.9168,143.366,6.888,True,NORMAL,MONITOR,False,{},"[""uav2"", ""uav1"", ""uav0""]",limited,True,{},NONE,NORMAL,SAFE,1.0,IDLE,0.0,0.0,0.0,,,0.0,False,avoidance not required,,{},,,,,,,,,,,0,safe,3.325,14.296,0.151,0,0,0.0,0.0,[],-0.028765084221959114,-0.027907483279705048,6.2292280197143555,-0.028402656316757202,0.002437003655359149,5.806626319885254,-0.012654506601393223,-0.002032103016972542,5.349671840667725
269.2,RUNNING,12,HOME_DESCENT,0.881,0.9167,143.3405,6.851,True,NORMAL,MONITOR,False,{},"[""uav2"", ""uav1"", ""uav0""]",limited,True,{},NONE,NORMAL,SAFE,1.0,IDLE,0.0,0.0,0.0,,,0.0,False,avoidance not required,,{},,,,,,,,,,,0,safe,3.328,14.299,0.141,0,0,0.0,0.0,[],-0.02632954902946949,-0.028702683746814728,6.189413547515869,-0.026907552033662796,-0.004327140282839537,5.7565507888793945,-0.014782832004129887,-0.005827403627336025,5.290093421936035
269.4,RUNNING,12,HOME_DESCENT,0.882,0.9167,143.3405,6.851,True,NORMAL,MONITOR,False,{},"[""uav2"", ""uav1"", ""uav0""]",limited,True,{},NONE,NORMAL,SAFE,1.0,IDLE,0.0,0.0,0.0,,,0.0,False,avoidance not required,,{},,,,,,,,,,,0,safe,3.328,14.299,0.141,0,0,0.0,0.0,[],-0.028698699548840523,-0.025927439332008362,6.137953281402588,-0.02327691949903965,-0.007881668396294117,5.714450359344482,-0.017778096720576286,-0.006251055747270584,5.2324018478393555
269.6,RUNNING,12,HOME_DESCENT,0.882,0.9166,143.3151,6.814,True,NORMAL,MONITOR,False,{},"[""uav2"", ""uav1"", ""uav0""]",limited,True,{},NONE,NORMAL,SAFE,1.0,IDLE,0.0,0.0,0.0,,,0.0,False,avoidance not required,,{},,,,,,,,,,,0,safe,3.332,14.301,0.139,0,0,0.0,0.0,[],-0.027411209419369698,-0.021562427282333374,6.097668647766113,-0.025412801653146744,-0.00929788127541542,5.667636871337891,-0.017898665741086006,-0.0060447282157838345,5.186945915222168
269.8,RUNNING,12,HOME_DESCENT,0.883,0.9166,143.3151,6.814,True,NORMAL,MONITOR,False,{},"[""uav2"", ""uav1"", ""uav0""]",limited,True,{},NONE,NORMAL,SAFE,1.0,IDLE,0.0,0.0,0.0,,,0.0,False,avoidance not required,,{},,,,,,,,,,,0,safe,3.330,14.301,0.139,0,0,0.0,0.0,[],-0.025049977004528046,-0.014734042808413506,6.053866386413574,-0.024409931153059006,-0.009152116253972054,5.626031875610352,-0.01885291561484337,-0.005790772382169962,5.134308338165283
270.0,RUNNING,12,HOME_DESCENT,0.884,0.9166,143.3151,6.814,True,NORMAL,MONITOR,False,{},"[""uav2"", ""uav1"", ""uav0""]",limited,True,{},NONE,NORMAL,SAFE,1.0,IDLE,0.0,0.0,0.0,,,0.0,False,avoidance not required,,{},,,,,,,,,,,0,safe,3.328,14.302,0.144,0,0,0.0,0.0,[],-0.02056492306292057,-0.008524464443325996,6.0143208503723145,-0.024381401017308235,-0.009628597646951675,5.568813800811768,-0.017161671072244644,-0.004974663723260164,5.091390132904053
270.2,RUNNING,12,HOME_DESCENT,0.885,0.9164,143.2898,6.778,True,NORMAL,MONITOR,False,{},"[""uav2"", ""uav1"", ""uav0""]",limited,True,{},NONE,NORMAL,SAFE,1.0,IDLE,0.0,0.0,0.0,,,0.0,False,avoidance not required,,{},,,,,,,,,,,0,safe,3.326,14.300,0.137,0,0,0.0,0.0,[],-0.017673183232545853,-0.0030469209887087345,5.968090057373047,-0.02159552276134491,-0.008665807545185089,5.522309303283691,-0.019669711589813232,-0.004667340312153101,5.046751022338867
270.4,RUNNING,12,HOME_DESCENT,0.885,0.9164,143.2898,6.778,True,NORMAL,MONITOR,False,{},"[""uav2"", ""uav1"", ""uav0""]",limited,True,{},NONE,NORMAL,SAFE,1.0,IDLE,0.0,0.0,0.0,,,0.0,False,avoidance not required,,{},,,,,,,,,,,0,safe,3.326,14.302,0.141,0,0,0.0,0.0,[],-0.013332732021808624,0.001574195921421051,5.928902626037598,-0.022710490971803665,-0.009663480333983898,5.474915504455566,-0.018817080184817314,-0.0038595832884311676,5.005993843078613
270.6,RUNNING,12,HOME_DESCENT,0.886,0.9163,143.2643,6.741,True,NORMAL,MONITOR,False,{},"[""uav2"", ""uav1"", ""uav0""]",limited,True,{},NONE,NORMAL,SAFE,1.0,IDLE,0.0,0.0,0.0,,,0.0,False,avoidance not required,,{},,,,,,,,,,,0,safe,3.322,14.300,0.149,0,0,0.0,0.0,[],-0.009096058085560799,0.007691098377108574,5.8844780921936035,-0.020805638283491135,-0.008957973681390285,5.432206630706787,-0.0182973463088274,-0.002021255437284708,4.956075668334961
270.8,RUNNING,12,HOME_DESCENT,0.887,0.9163,143.2643,6.741,True,NORMAL,MONITOR,False,{},"[""uav2"", ""uav1"", ""uav0""]",limited,True,{},NONE,NORMAL,SAFE,1.0,IDLE,0.0,0.0,0.0,,,0.0,False,avoidance not required,,{},,,,,,,,,,,0,safe,3.318,14.296,0.153,0,0,0.0,0.0,[],-0.004762796685099602,0.011541735380887985,5.846598148345947,-0.01986406370997429,-0.008252904750406742,5.381104469299316,-0.015586398541927338,-0.0006571197882294655,4.911342620849609
271.0,RUNNING,12,HOME_DESCENT,0.888,0.9163,143.2643,6.741,True,NORMAL,MONITOR,False,{},"[""uav2"", ""uav1"", ""uav0""]",limited,True,{},NONE,NORMAL,SAFE,1.0,IDLE,0.0,0.0,0.0,,,0.0,False,avoidance not required,,{},,,,,,,,,,,0,safe,3.318,14.296,0.153,0,0,0.0,0.0,[],-0.004418807569891214,0.012866819277405739,5.7992401123046875,-0.016801385208964348,-0.006534133572131395,5.336665630340576,-0.012463516555726528,-0.0004901345819234848,4.862185478210449
271.2,RUNNING,12,HOME_DESCENT,0.888,0.9162,143.2389,6.704,True,NORMAL,MONITOR,False,{},"[""uav2"", ""uav1"", ""uav0""]",limited,True,{},NONE,NORMAL,SAFE,1.0,IDLE,0.0,0.0,0.0,,,0.0,False,avoidance not required,,{},,,,,,,,,,,0,safe,3.320,14.294,0.153,0,0,0.0,0.0,[],-0.0032096095383167267,0.013528379611670971,5.755191326141357,-0.013380210846662521,-0.004050140734761953,5.277125835418701,-0.009058661758899689,-6.626218964811414e-05,4.815821647644043
271.4,RUNNING,12,HOME_DESCENT,0.889,0.9162,143.2389,6.704,True,NORMAL,MONITOR,False,{},"[""uav2"", ""uav1"", ""uav0""]",limited,True,{},NONE,NORMAL,SAFE,1.0,IDLE,0.0,0.0,0.0,,,0.0,False,avoidance not required,,{},,,,,,,,,,,0,safe,3.329,14.290,0.144,0,0,0.0,0.0,[],-0.004873724188655615,0.013881777413189411,5.6993184089660645,-0.009708239696919918,-0.0015395404770970345,5.228519439697266,-0.009791480377316475,0.0024054269306361675,4.754981517791748
271.6,RUNNING,12,HOME_DESCENT,0.89,0.9161,143.2135,6.667,True,NORMAL,MONITOR,False,{},"[""uav2"", ""uav1"", ""uav0""]",limited,True,{},NONE,NORMAL,SAFE,1.0,IDLE,0.0,0.0,0.0,,,0.0,False,avoidance not required,,{},,,,,,,,,,,0,safe,3.329,14.290,0.144,0,0,0.0,0.0,[],-0.004765668418258429,0.013358958065509796,5.656286716461182,-0.007819241844117641,-0.0018110881792381406,5.176292896270752,-0.009833235293626785,0.004192442633211613,4.693480968475342
271.8,RUNNING,12,HOME_DESCENT,0.891,0.9161,143.2135,6.667,True,NORMAL,MONITOR,False,{},"[""uav2"", ""uav1"", ""uav0""]",limited,True,{},NONE,NORMAL,SAFE,1.0,IDLE,0.0,0.0,0.0,,,0.0,False,avoidance not required,,{},,,,,,,,,,,0,safe,3.332,14.288,0.133,0,0,0.0,0.0,[],-0.0040750931948423386,0.012437324039638042,5.608696937561035,-0.005122768227010965,-0.0012101872125640512,5.132772445678711,-0.008220894262194633,0.005254538729786873,4.647731304168701
272.0,RUNNING,12,HOME_DESCENT,0.891,0.9161,143.2135,6.667,True,NORMAL,MONITOR,False,{},"[""uav2"", ""uav1"", ""uav0""]",limited,True,{},NONE,NORMAL,SAFE,1.0,IDLE,0.0,0.0,0.0,,,0.0,False,avoidance not required,,{},,,,,,,,,,,0,safe,3.332,14.286,0.137,0,0,0.0,0.0,[],-0.0024349140003323555,0.01123044267296791,5.568689823150635,-0.0011512204073369503,-0.0024122789036482573,5.088030815124512,-0.004731141030788422,0.011414908803999424,4.595381259918213
272.2,RUNNING,12,HOME_DESCENT,0.892,0.9159,143.1881,6.649,True,NORMAL,MONITOR,False,{},"[""uav2"", ""uav1"", ""uav0""]",limited,True,{},NONE,NORMAL,SAFE,1.0,IDLE,0.0,0.0,0.0,,,0.0,False,avoidance not required,,{},,,,,,,,,,,0,safe,3.333,14.280,0.134,0,0,0.0,0.0,[],-0.0032728302758187056,0.009988967329263687,5.5197248458862305,0.0022453581914305687,-0.002276212675496936,5.048770427703857,-0.0014267528895288706,0.014552269130945206,4.555247783660889
272.4,RUNNING,12,HOME_DESCENT,0.893,0.9159,143.1881,6.649,True,NORMAL,MONITOR,False,{},"[""uav2"", ""uav1"", ""uav0""]",limited,True,{},NONE,NORMAL,SAFE,1.0,IDLE,0.0,0.0,0.0,,,0.0,False,avoidance not required,,{},,,,,,,,,,,0,safe,3.333,14.275,0.144,0,0,0.0,0.0,[],-0.003309007268399,0.008780401200056076,5.476114749908447,0.003478575497865677,-0.003235264215618372,4.996315956115723,-0.0030609779059886932,0.017708957195281982,4.505520343780518
272.6,RUNNING,12,HOME_DESCENT,0.894,0.9158,143.1627,6.612,True,NORMAL,MONITOR,False,{},"[""uav2"", ""uav1"", ""uav0""]",limited,True,{},NONE,NORMAL,SAFE,1.0,IDLE,0.0,0.0,0.0,,,0.0,False,avoidance not required,,{},,,,,,,,,,,0,safe,3.330,14.274,0.145,0,0,0.0,0.0,[],-0.007652187719941139,0.010321518406271935,5.42633581161499,0.004895585589110851,-0.003280933480709791,4.950032711029053,-0.003155352547764778,0.018332887440919876,4.460534572601318
272.8,RUNNING,12,HOME_DESCENT,0.894,0.9158,143.1627,6.612,True,NORMAL,MONITOR,False,{},"[""uav2"", ""uav1"", ""uav0""]",limited,True,{},NONE,NORMAL,SAFE,1.0,IDLE,0.0,0.0,0.0,,,0.0,False,avoidance not required,,{},,,,,,,,,,,0,safe,3.328,14.274,0.150,0,0,0.0,0.0,[],-0.00923042930662632,0.010504159145057201,5.3849711418151855,0.009196583181619644,-0.004162910394370556,4.896899223327637,-0.003366031451150775,0.017255963757634163,4.407243728637695
273.0,RUNNING,12,HOME_DESCENT,0.895,0.9158,143.1627,6.612,True,NORMAL,MONITOR,False,{},"[""uav2"", ""uav1"", ""uav0""]",limited,True,{},NONE,NORMAL,SAFE,1.0,IDLE,0.0,0.0,0.0,,,0.0,False,avoidance not required,,{},,,,,,,,,,,0,safe,3.324,14.275,0.146,0,0,0.0,0.0,[],-0.010607060976326466,0.010790655389428139,5.334627151489258,0.012253273278474808,-0.004018863663077354,4.851819038391113,-0.0025099865160882473,0.015051948837935925,4.365413188934326
273.2,RUNNING,12,HOME_DESCENT,0.896,0.9157,143.1373,6.575,True,NORMAL,MONITOR,False,{},"[""uav2"", ""uav1"", ""uav0""]",limited,True,{},NONE,NORMAL,SAFE,1.0,IDLE,0.0,0.0,0.0,,,0.0,False,avoidance not required,,{},,,,,,,,,,,0,safe,3.321,14.276,0.154,0,0,0.0,0.0,[],-0.009894552640616894,0.009951290674507618,5.292926788330078,0.014974182471632957,-0.0012510009109973907,4.800769805908203,-0.0027995307464152575,0.010972952470183372,4.313260555267334
273.4,RUNNING,12,HOME_DESCENT,0.897,0.9157,143.1373,6.575,True,NORMAL,MONITOR,False,{},"[""uav2"", ""uav1"", ""uav0""]",limited,True,{},NONE,NORMAL,SAFE,1.0,IDLE,0.0,0.0,0.0,,,0.0,False,avoidance not required,,{},,,,,,,,,,,0,safe,3.318,14.279,0.151,0,0,0.0,0.0,[],-0.005907017271965742,0.008443387225270271,5.24461030960083,0.01643979549407959,0.0008674384444020689,4.756205081939697,-0.0017786952666938305,0.00815456360578537,4.269495964050293
273.6,RUNNING,12,HOME_DESCENT,0.897,0.9156,143.1119,6.539,True,NORMAL,MONITOR,False,{},"[""uav2"", ""uav1"", ""uav0""]",limited,True,{},NONE,NORMAL,SAFE,1.0,IDLE,0.0,0.0,0.0,,,0.0,False,avoidance not required,,{},,,,,,,,,,,0,safe,3.318,14.280,0.157,0,0,0.0,0.0,[],-0.002413503360003233,0.006878713611513376,5.203428268432617,0.022486187517642975,0.00036802602699026465,4.702289581298828,0.004095512442290783,0.013227324932813644,4.2149553298950195
273.8,RUNNING,12,HOME_DESCENT,0.898,0.9156,143.1119,6.539,True,NORMAL,MONITOR,False,{},"[""uav2"", ""uav1"", ""uav0""]",limited,True,{},NONE,NORMAL,SAFE,1.0,IDLE,0.0,0.0,0.0,,,0.0,False,avoidance not required,,{},,,,,,,,,,,0,safe,3.318,14.272,0.153,0,0,0.0,0.0,[],-0.0026379115879535675,0.007630874402821064,5.157478332519531,0.025854676961898804,0.00040073951822705567,4.6557722091674805,0.008343949913978577,0.015406975522637367,4.168558597564697
274.0,RUNNING,12,HOME_DESCENT,0.899,0.9156,143.1119,6.539,True,NORMAL,MONITOR,False,{},"[""uav2"", ""uav1"", ""uav0""]",limited,True,{},NONE,NORMAL,SAFE,1.0,IDLE,0.0,0.0,0.0,,,0.0,False,avoidance not required,,{},,,,,,,,,,,0,safe,3.318,14.268,0.157,0,0,0.0,0.0,[],-0.0039165387861430645,0.015042051672935486,5.101454734802246,0.028515050187706947,0.0011230180971324444,4.601639270782471,0.0082653583958745,0.01804894022643566,4.1145734786987305
274.2,RUNNING,12,HOME_DESCENT,0.9,0.9154,143.0864,6.502,True,NORMAL,MONITOR,False,{},"[""uav2"", ""uav1"", ""uav0""]",limited,True,{},NONE,NORMAL,SAFE,1.0,IDLE,0.0,0.0,0.0,,,0.0,False,avoidance not required,,{},,,,,,,,,,,0,safe,3.316,14.266,0.154,0,0,0.0,0.0,[],-0.0039464011788368225,0.018814316019415855,5.053337097167969,0.028480861335992813,0.0003577975439839065,4.553860187530518,0.007894285023212433,0.018257785588502884,4.066239833831787
274.4,RUNNING,12,HOME_DESCENT,0.9,0.9154,143.0864,6.502,True,NORMAL,MONITOR,False,{},"[""uav2"", ""uav1"", ""uav0""]",limited,True,{},NONE,NORMAL,SAFE,1.0,IDLE,0.0,0.0,0.0,,,0.0,False,avoidance not required,,{},,,,,,,,,,,0,safe,3.318,14.265,0.155,0,0,0.0,0.0,[],-0.004215479828417301,0.022844480350613594,5.009073257446289,0.026499882340431213,0.00011959426774410531,4.510770797729492,0.00710592046380043,0.020281078293919563,4.015639305114746
274.6,RUNNING,12,HOME_DESCENT,0.901,0.9153,143.061,6.465,True,NORMAL,MONITOR,False,{},"[""uav2"", ""uav1"", ""uav0""]",limited,True,{},NONE,NORMAL,SAFE,1.0,IDLE,0.0,0.0,0.0,,,0.0,False,avoidance not required,,{},,,,,,,,,,,0,safe,3.318,14.265,0.155,0,0,0.0,0.0,[],-0.0037000365555286407,0.023692097514867783,4.967268943786621,0.020524602383375168,0.0021406651940196753,4.462301254272461,0.006661286577582359,0.0199421476572752,3.9690985679626465
274.8,RUNNING,12,HOME_DESCENT,0.902,0.9153,143.061,6.465,True,NORMAL,MONITOR,False,{},"[""uav2"", ""uav1"", ""uav0""]",limited,True,{},NONE,NORMAL,SAFE,1.0,IDLE,0.0,0.0,0.0,,,0.0,False,avoidance not required,,{},,,,,,,,,,,0,safe,3.323,14.266,0.160,0,0,0.0,0.0,[],-0.0034682960249483585,0.025039169937372208,4.916778087615967,0.01551071647554636,0.0033967106137424707,4.417868137359619,0.0036930805072188377,0.028327610343694687,3.920980453491211
275.0,RUNNING,12,HOME_DESCENT,0.903,0.9153,143.061,6.465,True,NORMAL,MONITOR,False,{},"[""uav2"", ""uav1"", ""uav0""]",limited,True,{},NONE,NORMAL,SAFE,1.0,IDLE,0.0,0.0,0.0,,,0.0,False,avoidance not required,,{},,,,,,,,,,,0,safe,3.326,14.262,0.161,0,0,0.0,0.0,[],-0.002512906212359667,0.023778606206178665,4.873760223388672,0.009029106236994267,0.0060015455819666386,4.36882209777832,0.0019945374224334955,0.03142993524670601,3.872565746307373
275.2,RUNNING,12,HOME_DESCENT,0.903,0.9152,143.0356,6.428,True,NORMAL,MONITOR,False,{},"[""uav2"", ""uav1"", ""uav0""]",limited,True,{},NONE,NORMAL,SAFE,1.0,IDLE,0.0,0.0,0.0,,,0.0,False,avoidance not required,,{},,,,,,,,,,,0,safe,3.335,14.259,0.167,0,0,0.0,0.0,[],-0.0025079676415771246,0.023502301424741745,4.8254523277282715,0.004412510897964239,0.007027104031294584,4.321964263916016,0.0010551240993663669,0.035277463495731354,3.820032835006714
275.4,RUNNING,12,HOME_DESCENT,0.904,0.9152,143.0356,6.428,True,NORMAL,MONITOR,False,{},"[""uav2"", ""uav1"", ""uav0""]",limited,True,{},NONE,NORMAL,SAFE,1.0,IDLE,0.0,0.0,0.0,,,0.0,False,avoidance not required,,{},,,,,,,,,,,0,safe,3.335,14.259,0.167,0,0,0.0,0.0,[],-0.002909475937485695,0.024430222809314728,4.776115894317627,0.00042368529830127954,0.008410938084125519,4.270139694213867,-0.0025867209769785404,0.0392778143286705,3.7666871547698975
275.6,RUNNING,12,HOME_DESCENT,0.905,0.9151,143.0101,6.391,True,NORMAL,MONITOR,False,{},"[""uav2"", ""uav1"", ""uav0""]",limited,True,{},NONE,NORMAL,SAFE,1.0,IDLE,0.0,0.0,0.0,,,0.0,False,avoidance not required,,{},,,,,,,,,,,0,safe,3.335,14.260,0.170,0,0,0.0,0.0,[],-0.0026308472733944654,0.022902078926563263,4.730047702789307,-0.00204597320407629,0.008358693681657314,4.223036766052246,-0.004394805058836937,0.038624778389930725,3.72448468208313
275.8,RUNNING,12,HOME_DESCENT,0.906,0.9151,143.0101,6.391,True,NORMAL,MONITOR,False,{},"[""uav2"", ""uav1"", ""uav0""]",limited,True,{},NONE,NORMAL,SAFE,1.0,IDLE,0.0,0.0,0.0,,,0.0,False,avoidance not required,,{},,,,,,,,,,,0,safe,3.335,14.260,0.170,0,0,0.0,0.0,[],-0.002075865864753723,0.0250895656645298,4.6781907081604,-0.004386172164231539,0.00979926623404026,4.170613765716553,-0.005133879836648703,0.040489573031663895,3.6773111820220947
276.0,RUNNING,12,HOME_DESCENT,0.906,0.9151,143.0101,6.391,True,NORMAL,MONITOR,False,{},"[""uav2"", ""uav1"", ""uav0""]",limited,True,{},NONE,NORMAL,SAFE,1.0,IDLE,0.0,0.0,0.0,,,0.0,False,avoidance not required,,{},,,,,,,,,,,0,safe,3.336,14.260,0.169,0,0,0.0,0.0,[],-0.0009434090461581945,0.024330822750926018,4.6309943199157715,-0.005496352445334196,0.009692092426121235,4.123579502105713,-0.004767731297761202,0.03837597370147705,3.6349544525146484
276.2,RUNNING,12,HOME_DESCENT,0.907,0.9149,142.9847,6.373,True,NORMAL,MONITOR,False,{},"[""uav2"", ""uav1"", ""uav0""]",limited,True,{},NONE,NORMAL,SAFE,1.0,IDLE,0.0,0.0,0.0,,,0.0,False,avoidance not required,,{},,,,,,,,,,,0,safe,3.334,14.261,0.175,0,0,0.0,0.0,[],0.00303839729167521,0.026540296152234077,4.578335285186768,-0.005431165918707848,0.009577873162925243,4.072506427764893,-0.0027662934735417366,0.04054265841841698,3.5835981369018555
276.4,RUNNING,12,HOME_DESCENT,0.908,0.9149,142.9847,6.373,True,NORMAL,MONITOR,False,{},"[""uav2"", ""uav1"", ""uav0""]",limited,True,{},NONE,NORMAL,SAFE,1.0,IDLE,0.0,0.0,0.0,,,0.0,False,avoidance not required,,{},,,,,,,,,,,0,safe,3.330,14.258,0.173,0,0,0.0,0.0,[],0.005966874770820141,0.025750741362571716,4.533198356628418,-0.004910028539597988,0.008615265600383282,4.025300025939941,-0.0011090461630374193,0.03842457756400108,3.536909580230713
276.6,RUNNING,12,HOME_DESCENT,0.909,0.9148,142.9592,6.336,True,NORMAL,MONITOR,False,{},"[""uav2"", ""uav1"", ""uav0""]",limited,True,{},NONE,NORMAL,SAFE,1.0,IDLE,0.0,0.0,0.0,,,0.0,False,avoidance not required,,{},,,,,,,,,,,0,safe,3.328,14.258,0.175,0,0,0.0,0.0,[],0.010265901684761047,0.026997774839401245,4.483653545379639,-0.004989675246179104,0.010444827377796173,3.973182439804077,0.001007093582302332,0.04346990957856178,3.4845800399780273
276.8,RUNNING,12,HOME_DESCENT,0.909,0.9148,142.9592,6.336,True,NORMAL,MONITOR,False,{},"[""uav2"", ""uav1"", ""uav0""]",limited,True,{},NONE,NORMAL,SAFE,1.0,IDLE,0.0,0.0,0.0,,,0.0,False,avoidance not required,,{},,,,,,,,,,,0,safe,3.324,14.253,0.174,0,0,0.0,0.0,[],0.012265481986105442,0.025988485664129257,4.4386725425720215,-0.00481497123837471,0.010827479884028435,3.9250500202178955,0.0019523004302754998,0.04349411651492119,3.437622308731079
277.0,RUNNING,12,HOME_DESCENT,0.91,0.9148,142.9592,6.336,True,NORMAL,MONITOR,False,{},"[""uav2"", ""uav1"", ""uav0""]",limited,True,{},NONE,NORMAL,SAFE,1.0,IDLE,0.0,0.0,0.0,,,0.0,False,avoidance not required,,{},,,,,,,,,,,0,safe,3.323,14.252,0.179,0,0,0.0,0.0,[],0.014686433598399162,0.030995473265647888,4.381940841674805,-0.00654919259250164,0.011805780231952667,3.8730738162994385,0.000451391824753955,0.04872181639075279,3.3772964477539062
277.2,RUNNING,12,HOME_DESCENT,0.911,0.9147,142.9337,6.299,True,NORMAL,MONITOR,False,{},"[""uav2"", ""uav1"", ""uav0""]",limited,True,{},NONE,NORMAL,SAFE,1.0,IDLE,0.0,0.0,0.0,,,0.0,False,avoidance not required,,{},,,,,,,,,,,0,safe,3.318,14.250,0.173,0,0,0.0,0.0,[],0.015345397405326366,0.03170742094516754,4.334826469421387,-0.007641206029802561,0.011814462020993233,3.8259079456329346,-0.0006948689697310328,0.04830784723162651,3.328784942626953
277.4,RUNNING,12,HOME_DESCENT,0.912,0.9147,142.9337,6.299,True,NORMAL,MONITOR,False,{},"[""uav2"", ""uav1"", ""uav0""]",limited,True,{},NONE,NORMAL,SAFE,1.0,IDLE,0.0,0.0,0.0,,,0.0,False,avoidance not required,,{},,,,,,,,,,,0,safe,3.316,14.251,0.176,0,0,0.0,0.0,[],0.018954560160636902,0.031412310898303986,4.284733772277832,-0.006292630452662706,0.01828373782336712,3.7686655521392822,0.002353177173063159,0.051816947758197784,3.2803871631622314
277.6,RUNNING,12,HOME_DESCENT,0.912,0.9145,142.9083,6.263,True,NORMAL,MONITOR,False,{},"[""uav2"", ""uav1"", ""uav0""]",limited,True,{},NONE,NORMAL,SAFE,1.0,IDLE,0.0,0.0,0.0,,,0.0,False,avoidance not required,,{},,,,,,,,,,,0,safe,3.315,14.246,0.176,0,0,0.0,0.0,[],0.020106272771954536,0.0294856708496809,4.238602638244629,-0.00513269891962409,0.021399514749646187,3.7161221504211426,0.003990838769823313,0.049917224794626236,3.2370781898498535
277.8,RUNNING,12,HOME_DESCENT,0.913,0.9145,142.9083,6.263,True,NORMAL,MONITOR,False,{},"[""uav2"", ""uav1"", ""uav0""]",limited,True,{},NONE,NORMAL,SAFE,1.0,IDLE,0.0,0.0,0.0,,,0.0,False,avoidance not required,,{},,,,,,,,,,,0,safe,3.316,14.246,0.180,0,0,0.0,0.0,[],0.024151945486664772,0.030313363298773766,4.18341588973999,-0.0030167968943715096,0.022228814661502838,3.66396427154541,0.008049662224948406,0.053432755172252655,3.18794846534729
278.0,RUNNING,12,HOME_DESCENT,0.914,0.9145,142.9083,6.263,True,NORMAL,MONITOR,False,{},"[""uav2"", ""uav1"", ""uav0""]",limited,True,{},NONE,NORMAL,SAFE,1.0,IDLE,0.0,0.0,0.0,,,0.0,False,avoidance not required,,{},,,,,,,,,,,0,safe,3.314,14.241,0.175,0,0,0.0,0.0,[],0.025014037266373634,0.028901515528559685,4.137951850891113,-0.0014922175323590636,0.021761959418654442,3.6188201904296875,0.009495721198618412,0.05175989493727684,3.1438393592834473
278.2,RUNNING,12,HOME_DESCENT,0.915,0.9144,142.8828,6.226,True,NORMAL,MONITOR,False,{},"[""uav2"", ""uav1"", ""uav0""]",limited,True,{},NONE,NORMAL,SAFE,1.0,IDLE,0.0,0.0,0.0,,,0.0,False,avoidance not required,,{},,,,,,,,,,,0,safe,3.317,14.241,0.175,0,0,0.0,0.0,[],0.029236983507871628,0.028235502541065216,4.082800388336182,0.006576061714440584,0.020071102306246758,3.5708229541778564,0.01070171408355236,0.05138372257351875,3.095219850540161
278.4,RUNNING,12,HOME_DESCENT,0.915,0.9144,142.8828,6.226,True,NORMAL,MONITOR,False,{},"[""uav2"", ""uav1"", ""uav0""]",limited,True,{},NONE,NORMAL,SAFE,1.0,IDLE,0.0,0.0,0.0,,,0.0,False,avoidance not required,,{},,,,,,,,,,,0,safe,3.317,14.241,0.175,0,0,0.0,0.0,[],0.029499253258109093,0.026185771450400352,4.032963752746582,0.010907484218478203,0.017971526831388474,3.5261268615722656,0.010661068372428417,0.04709478095173836,3.0510878562927246
278.6,RUNNING,12,HOME_DESCENT,0.916,0.9143,142.8573,6.189,True,NORMAL,MONITOR,False,{},"[""uav2"", ""uav1"", ""uav0""]",limited,True,{},NONE,NORMAL,SAFE,1.0,IDLE,0.0,0.0,0.0,,,0.0,False,avoidance not required,,{},,,,,,,,,,,0,safe,3.320,14.244,0.178,0,0,0.0,0.0,[],0.030257433652877808,0.029155604541301727,3.9775259494781494,0.016359003260731697,0.0162047129124403,3.4702539443969727,0.017146503552794456,0.04523671418428421,2.996756076812744
278.8,RUNNING,12,HOME_DESCENT,0.917,0.9143,142.8573,6.189,True,NORMAL,MONITOR,False,{},"[""uav2"", ""uav1"", ""uav0""]",limited,True,{},NONE,NORMAL,SAFE,1.0,IDLE,0.0,0.0,0.0,,,0.0,False,avoidance not required,,{},,,,,,,,,,,0,safe,3.325,14.240,0.171,0,0,0.0,0.0,[],0.028438040986657143,0.028862394392490387,3.92795729637146,0.018611667677760124,0.016227349638938904,3.4103305339813232,0.023973671719431877,0.047311682254076004,2.937380313873291
279.0,RUNNING,12,HOME_DESCENT,0.918,0.9143,142.8573,6.189,True,NORMAL,MONITOR,False,{},"[""uav2"", ""uav1"", ""uav0""]",limited,True,{},NONE,NORMAL,SAFE,1.0,IDLE,0.0,0.0,0.0,,,0.0,False,avoidance not required,,{},,,,,,,,,,,0,safe,3.331,14.234,0.170,0,0,0.0,0.0,[],0.028927048668265343,0.027261849492788315,3.8763411045074463,0.018515383824706078,0.015389928594231606,3.358894109725952,0.02630525268614292,0.044653479009866714,2.890139579772949
279.2,RUNNING,12,HOME_DESCENT,0.918,0.9142,142.8319,6.152,True,NORMAL,MONITOR,False,{},"[""uav2"", ""uav1"", ""uav0""]",limited,True,{},NONE,NORMAL,SAFE,1.0,IDLE,0.0,0.0,0.0,,,0.0,False,avoidance not required,,{},,,,,,,,,,,0,safe,3.330,14.234,0.168,0,0,0.0,0.0,[],0.026918234303593636,0.025030918419361115,3.8272619247436523,0.022848285734653473,0.014213962480425835,3.3053526878356934,0.028862223029136658,0.039565276354551315,2.8449180126190186
279.4,RUNNING,12,HOME_DESCENT,0.919,0.9142,142.8319,6.152,True,NORMAL,MONITOR,False,{},"[""uav2"", ""uav1"", ""uav0""]",limited,True,{},NONE,NORMAL,SAFE,1.0,IDLE,0.0,0.0,0.0,,,0.0,False,avoidance not required,,{},,,,,,,,,,,0,safe,3.337,14.236,0.168,0,0,0.0,0.0,[],0.02801644057035446,0.026214685291051865,3.769035816192627,0.02399820275604725,0.012798363342881203,3.2602434158325195,0.028205644339323044,0.033417925238609314,2.8008105754852295
279.6,RUNNING,12,HOME_DESCENT,0.92,0.914,142.8064,6.116,True,NORMAL,MONITOR,False,{},"[""uav2"", ""uav1"", ""uav0""]",limited,True,{},NONE,NORMAL,SAFE,1.0,IDLE,0.0,0.0,0.0,,,0.0,False,avoidance not required,,{},,,,,,,,,,,0,safe,3.335,14.241,0.163,0,0,0.0,0.0,[],0.026328593492507935,0.025289906188845634,3.720273733139038,0.031114481389522552,0.010178783908486366,3.2078070640563965,0.03101971186697483,0.028532203286886215,2.7456979751586914
279.8,RUNNING,12,HOME_DESCENT,0.921,0.914,142.8064,6.116,True,NORMAL,MONITOR,False,{},"[""uav2"", ""uav1"", ""uav0""]",limited,True,{},NONE,NORMAL,SAFE,1.0,IDLE,0.0,0.0,0.0,,,0.0,False,avoidance not required,,{},,,,,,,,,,,0,safe,3.332,14.242,0.161,0,0,0.0,0.0,[],0.02754180133342743,0.025429556146264076,3.662968635559082,0.03333654627203941,0.008649701252579689,3.1624999046325684,0.029985813423991203,0.022801239043474197,2.7004754543304443
280.0,RUNNING,12,HOME_DESCENT,0.921,0.914,142.8064,6.116,True,NORMAL,MONITOR,False,{},"[""uav2"", ""uav1"", ""uav0""]",limited,True,{},NONE,NORMAL,SAFE,1.0,IDLE,0.0,0.0,0.0,,,0.0,False,avoidance not required,,{},,,,,,,,,,,0,safe,3.329,14.247,0.155,0,0,0.0,0.0,[],0.026346245780587196,0.023582007735967636,3.6136820316314697,0.040237076580524445,0.008988221175968647,3.106926918029785,0.029865143820643425,0.013726639561355114,2.6436939239501953
280.2,RUNNING,12,HOME_DESCENT,0.922,0.9139,142.781,6.097,True,NORMAL,MONITOR,False,{},"[""uav2"", ""uav1"", ""uav0""]",limited,True,{},NONE,NORMAL,SAFE,1.0,IDLE,0.0,0.0,0.0,,,0.0,False,avoidance not required,,{},,,,,,,,,,,0,safe,3.322,14.253,0.153,0,0,0.0,0.0,[],0.02926601842045784,0.017657814547419548,3.558034896850586,0.04181534796953201,0.008672691881656647,3.0622973442077637,0.027391113340854645,0.007374877575784922,2.5994961261749268
280.4,RUNNING,12,HOME_DESCENT,0.923,0.9139,142.781,6.097,True,NORMAL,MONITOR,False,{},"[""uav2"", ""uav1"", ""uav0""]",limited,True,{},NONE,NORMAL,SAFE,1.0,IDLE,0.0,0.0,0.0,,,0.0,False,avoidance not required,,{},,,,,,,,,,,0,safe,3.318,14.260,0.147,0,0,0.0,0.0,[],0.02897576242685318,0.013117663562297821,3.5162181854248047,0.04550294950604439,0.0038860784843564034,3.0080294609069824,0.02883646823465824,0.005396153777837753,2.549696207046509
280.6,RUNNING,12,HOME_DESCENT,0.924,0.9138,142.7556,6.06,True,NORMAL,MONITOR,False,{},"[""uav2"", ""uav1"", ""uav0""]",limited,True,{},NONE,NORMAL,SAFE,1.0,IDLE,0.0,0.0,0.0,,,0.0,False,avoidance not required,,{},,,,,,,,,,,0,safe,3.315,14.260,0.154,0,0,0.0,0.0,[],0.032022763043642044,0.006568192038685083,3.4648287296295166,0.04424361512064934,0.0012731865281239152,2.9663150310516357,0.027309846132993698,0.0036511241924017668,2.5094926357269287
280.8,RUNNING,12,HOME_DESCENT,0.924,0.9138,142.7556,6.06,True,NORMAL,MONITOR,False,{},"[""uav2"", ""uav1"", ""uav0""]",limited,True,{},NONE,NORMAL,SAFE,1.0,IDLE,0.0,0.0,0.0,,,0.0,False,avoidance not required,,{},,,,,,,,,,,0,safe,3.315,14.262,0.152,0,0,0.0,0.0,[],0.03171207383275032,0.0015376766677945852,3.4170289039611816,0.04589664563536644,0.0008995051612146199,2.9239909648895264,0.030238769948482513,-0.0052654920145869255,2.4603419303894043
281.0,RUNNING,12,HOME_DESCENT,0.925,0.9138,142.7556,6.06,True,NORMAL,MONITOR,False,{},"[""uav2"", ""uav1"", ""uav0""]",limited,True,{},NONE,NORMAL,SAFE,1.0,IDLE,0.0,0.0,0.0,,,0.0,False,avoidance not required,,{},,,,,,,,,,,0,safe,3.317,14.266,0.153,0,0,0.0,0.0,[],0.0326007679104805,-0.004805940669029951,3.3625011444091797,0.04335285723209381,0.0013307722983881831,2.8851006031036377,0.03711258992552757,-0.013174115680158138,2.403731346130371
281.2,RUNNING,12,HOME_DESCENT,0.926,0.9137,142.7302,6.024,True,NORMAL,MONITOR,False,{},"[""uav2"", ""uav1"", ""uav0""]",limited,True,{},NONE,NORMAL,SAFE,1.0,IDLE,0.0,0.0,0.0,,,0.0,False,avoidance not required,,{},,,,,,,,,,,0,safe,3.329,14.267,0.154,0,0,0.0,0.0,[],0.030929917469620705,-0.009686756879091263,3.3108444213867188,0.044715408235788345,0.0014307162491604686,2.829807996749878,0.038822248578071594,-0.017266644164919853,2.3585104942321777
281.4,RUNNING,12,HOME_DESCENT,0.927,0.9137,142.7302,6.024,True,NORMAL,MONITOR,False,{},"[""uav2"", ""uav1"", ""uav0""]",limited,True,{},NONE,NORMAL,SAFE,1.0,IDLE,0.0,0.0,0.0,,,0.0,False,avoidance not required,,{},,,,,,,,,,,0,safe,3.328,14.269,0.146,0,0,0.0,0.0,[],0.03171645104885101,-0.017589470371603966,3.2569167613983154,0.04208986833691597,0.002071995288133621,2.7831881046295166,0.040515776723623276,-0.019721342250704765,2.3058085441589355
281.6,RUNNING,12,HOME_DESCENT,0.927,0.9135,142.7049,5.987,True,NORMAL,MONITOR,False,{},"[""uav2"", ""uav1"", ""uav0""]",limited,True,{},NONE,NORMAL,SAFE,1.0,IDLE,0.0,0.0,0.0,,,0.0,False,avoidance not required,,{},,,,,,,,,,,0,safe,3.333,14.269,0.146,0,0,0.0,0.0,[],0.030197620391845703,-0.02148030512034893,3.2108097076416016,0.04205413907766342,0.0033041185233742,2.7248339653015137,0.03874897584319115,-0.019940011203289032,2.268730640411377
281.8,RUNNING,12,HOME_DESCENT,0.928,0.9135,142.7049,5.987,True,NORMAL,MONITOR,False,{},"[""uav2"", ""uav1"", ""uav0""]",limited,True,{},NONE,NORMAL,SAFE,1.0,IDLE,0.0,0.0,0.0,,,0.0,False,avoidance not required,,{},,,,,,,,,,,0,safe,3.328,14.271,0.143,0,0,0.0,0.0,[],0.029427718371152878,-0.022681664675474167,3.1577529907226562,0.04304973781108856,-0.0018952133832499385,2.667302370071411,0.04016074910759926,-0.021820390596985817,2.2183167934417725
282.0,RUNNING,12,HOME_DESCENT,0.929,0.9135,142.7049,5.987,True,NORMAL,MONITOR,False,{},"[""uav2"", ""uav1"", ""uav0""]",limited,True,{},NONE,NORMAL,SAFE,1.0,IDLE,0.0,0.0,0.0,,,0.0,False,avoidance not required,,{},,,,,,,,,,,0,safe,3.328,14.271,0.138,0,0,0.0,0.0,[],0.026950057595968246,-0.02222037874162197,3.113027334213257,0.0406157523393631,-0.004544537980109453,2.6239728927612305,0.03872028738260269,-0.02157786674797535,2.1781139373779297
282.2,RUNNING,12,HOME_DESCENT,0.93,0.9134,142.6795,5.95,True,NORMAL,MONITOR,False,{},"[""uav2"", ""uav1"", ""uav0""]",limited,True,{},NONE,NORMAL,SAFE,1.0,IDLE,0.0,0.0,0.0,,,0.0,False,avoidance not required,,{},,,,,,,,,,,0,safe,3.328,14.272,0.141,0,0,0.0,0.0,[],0.02537093497812748,-0.025921618565917015,3.058760404586792,0.039895154535770416,-0.005719843320548534,2.575401782989502,0.04007084667682648,-0.023820888251066208,2.133254289627075
282.4,RUNNING,12,HOME_DESCENT,0.93,0.9134,142.6795,5.95,True,NORMAL,MONITOR,False,{},"[""uav2"", ""uav1"", ""uav0""]",limited,True,{},NONE,NORMAL,SAFE,1.0,IDLE,0.0,0.0,0.0,,,0.0,False,avoidance not required,,{},,,,,,,,,,,0,safe,3.330,14.272,0.136,0,0,0.0,0.0,[],0.022595101967453957,-0.02671876735985279,3.014467239379883,0.036555513739585876,-0.005958592519164085,2.536318778991699,0.03811235353350639,-0.023348601534962654,2.0951781272888184
282.6,RUNNING,12,HOME_DESCENT,0.931,0.9133,142.6542,5.913,True,NORMAL,MONITOR,False,{},"[""uav2"", ""uav1"", ""uav0""]",limited,True,{},NONE,NORMAL,SAFE,1.0,IDLE,0.0,0.0,0.0,,,0.0,False,avoidance not required,,{},,,,,,,,,,,0,safe,3.331,14.273,0.139,0,0,0.0,0.0,[],0.021377889439463615,-0.02911226637661457,2.961754083633423,0.034774284809827805,-0.01277688704431057,2.4888741970062256,0.03914929926395416,-0.02602224051952362,2.0446419715881348
282.8,RUNNING,12,HOME_DESCENT,0.932,0.9133,142.6542,5.913,True,NORMAL,MONITOR,False,{},"[""uav2"", ""uav1"", ""uav0""]",limited,True,{},NONE,NORMAL,SAFE,1.0,IDLE,0.0,0.0,0.0,,,0.0,False,avoidance not required,,{},,,,,,,,,,,0,safe,3.334,14.275,0.134,0,0,0.0,0.0,[],0.019217731431126595,-0.027935940772294998,2.918013572692871,0.0309635940939188,-0.016032438725233078,2.449808359146118,0.036803048104047775,-0.025812650099396706,2.0042145252227783
283.0,RUNNING,12,HOME_DESCENT,0.933,0.9133,142.6542,5.913,True,NORMAL,MONITOR,False,{},"[""uav2"", ""uav1"", ""uav0""]",limited,True,{},NONE,NORMAL,SAFE,1.0,IDLE,0.0,0.0,0.0,,,0.0,False,avoidance not required,,{},,,,,,,,,,,0,safe,3.336,14.276,0.137,0,0,0.0,0.0,[],0.019190099090337753,-0.02533198893070221,2.8620035648345947,0.02750389277935028,-0.017201656475663185,2.3954155445098877,0.03194024786353111,-0.02621443010866642,1.961989402770996
283.2,RUNNING,12,HOME_DESCENT,0.933,0.9131,142.6289,5.877,True,NORMAL,MONITOR,False,{},"[""uav2"", ""uav1"", ""uav0""]",limited,True,{},NONE,NORMAL,SAFE,1.0,IDLE,0.0,0.0,0.0,,,0.0,False,avoidance not required,,{},,,,,,,,,,,0,safe,3.333,14.280,0.128,0,0,0.0,0.0,[],0.01753709465265274,-0.021627292037010193,2.817812919616699,0.02297048270702362,-0.015999652445316315,2.354247570037842,0.02613985352218151,-0.02391682378947735,1.9254921674728394
283.4,RUNNING,12,HOME_DESCENT,0.934,0.9131,142.6289,5.877,True,NORMAL,MONITOR,False,{},"[""uav2"", ""uav1"", ""uav0""]",limited,True,{},NONE,NORMAL,SAFE,1.0,IDLE,0.0,0.0,0.0,,,0.0,False,avoidance not required,,{},,,,,,,,,,,0,safe,3.331,14.287,0.129,0,0,0.0,0.0,[],0.012085005640983582,-0.022558629512786865,2.7701451778411865,0.015577823854982853,-0.0158487930893898,2.306389331817627,0.018379049375653267,-0.022704368457198143,1.8765169382095337
283.6,RUNNING,12,HOME_DESCENT,0.935,0.913,142.6036,5.84,True,NORMAL,MONITOR,False,{},"[""uav2"", ""uav1"", ""uav0""]",limited,True,{},NONE,NORMAL,SAFE,1.0,IDLE,0.0,0.0,0.0,,,0.0,False,avoidance not required,,{},,,,,,,,,,,0,safe,3.331,14.287,0.129,0,0,0.0,0.0,[],0.007695420179516077,-0.021144066005945206,2.73055362701416,0.009480648674070835,-0.014232019893825054,2.267550468444824,0.012412667274475098,-0.02006755769252777,1.8366020917892456
283.8,RUNNING,12,HOME_DESCENT,0.936,0.913,142.6036,5.84,True,NORMAL,MONITOR,False,{},"[""uav2"", ""uav1"", ""uav0""]",limited,True,{},NONE,NORMAL,SAFE,1.0,IDLE,0.0,0.0,0.0,,,0.0,False,avoidance not required,,{},,,,,,,,,,,0,safe,3.331,14.289,0.136,0,0,0.0,0.0,[],0.0010879375040531158,-0.0225365050137043,2.6816253662109375,0.0030631725676357746,-0.018746644258499146,2.2192234992980957,0.00902975257486105,-0.01987195387482643,1.791427731513977
284.0,RUNNING,12,HOME_DESCENT,0.936,0.913,142.6036,5.84,True,NORMAL,MONITOR,False,{},"[""uav2"", ""uav1"", ""uav0""]",limited,True,{},NONE,NORMAL,SAFE,1.0,IDLE,0.0,0.0,0.0,,,0.0,False,avoidance not required,,{},,,,,,,,,,,0,safe,3.334,14.292,0.133,0,0,0.0,0.0,[],-0.004198604263365269,-0.024600161239504814,2.6301486492156982,-0.0008883920963853598,-0.01959698460996151,2.182413339614868,0.0039323982782661915,-0.02123321034014225,1.74397873878479
284.2,RUNNING,12,HOME_DESCENT,0.937,0.9129,142.5782,5.821,True,NORMAL,MONITOR,False,{},"[""uav2"", ""uav1"", ""uav0""]",limited,True,{},NONE,NORMAL,SAFE,1.0,IDLE,0.0,0.0,0.0,,,0.0,False,avoidance not required,,{},,,,,,,,,,,0,safe,3.334,14.296,0.129,0,0,0.0,0.0,[],-0.006956860888749361,-0.023696228861808777,2.5912349224090576,-0.006851111073046923,-0.02263166941702366,2.1364855766296387,0.0005994054954499006,-0.02001442201435566,1.708986759185791
284.4,RUNNING,12,HOME_DESCENT,0.938,0.9129,142.5782,5.821,True,NORMAL,MONITOR,False,{},"[""uav2"", ""uav1"", ""uav0""]",limited,True,{},NONE,NORMAL,SAFE,1.0,IDLE,0.0,0.0,0.0,,,0.0,False,avoidance not required,,{},,,,,,,,,,,0,safe,3.331,14.298,0.135,0,0,0.0,0.0,[],-0.009913823567330837,-0.024054499343037605,2.546501874923706,-0.010079401545226574,-0.02225651405751705,2.0979063510894775,-0.0032968390733003616,-0.02436375431716442,1.6640658378601074
284.6,RUNNING,12,HOME_DESCENT,0.939,0.9128,142.5529,5.785,True,NORMAL,MONITOR,False,{},"[""uav2"", ""uav1"", ""uav0""]",limited,True,{},NONE,NORMAL,SAFE,1.0,IDLE,0.0,0.0,0.0,,,0.0,False,avoidance not required,,{},,,,,,,,,,,0,safe,3.330,14.304,0.137,0,0,0.0,0.0,[],-0.011080438271164894,-0.02162526175379753,2.505098342895508,-0.01087124552577734,-0.02339821122586727,2.051175832748413,-0.005701970309019089,-0.024522308260202408,1.62844979763031
284.8,RUNNING,12,HOME_DESCENT,0.939,0.9128,142.5529,5.785,True,NORMAL,MONITOR,False,{},"[""uav2"", ""uav1"", ""uav0""]",limited,True,{},NONE,NORMAL,SAFE,1.0,IDLE,0.0,0.0,0.0,,,0.0,False,avoidance not required,,{},,,,,,,,,,,0,safe,3.331,14.306,0.141,0,0,0.0,0.0,[],-0.011493713594973087,-0.020486177876591682,2.4571855068206787,-0.010814334265887737,-0.021446887403726578,2.012483835220337,-0.009647686034440994,-0.02878539450466633,1.5805341005325317
285.0,RUNNING,12,HOME_DESCENT,0.94,0.9128,142.5529,5.785,True,NORMAL,MONITOR,False,{},"[""uav2"", ""uav1"", ""uav0""]",limited,True,{},NONE,NORMAL,SAFE,1.0,IDLE,0.0,0.0,0.0,,,0.0,False,avoidance not required,,{},,,,,,,,,,,0,safe,3.329,14.311,0.138,0,0,0.0,0.0,[],-0.01083756797015667,-0.01772317849099636,2.416473150253296,-0.013405059464275837,-0.020403923466801643,1.9617807865142822,-0.011330627836287022,-0.02865653485059738,1.54335355758667
285.2,RUNNING,12,HOME_DESCENT,0.941,0.9126,142.5276,5.748,True,NORMAL,MONITOR,False,{},"[""uav2"", ""uav1"", ""uav0""]",limited,True,{},NONE,NORMAL,SAFE,1.0,IDLE,0.0,0.0,0.0,,,0.0,False,avoidance not required,,{},,,,,,,,,,,0,safe,3.328,14.312,0.142,0,0,0.0,0.0,[],-0.010928514413535595,-0.019201507791876793,2.3664743900299072,-0.013853128999471664,-0.017360350117087364,1.9212031364440918,-0.012156309559941292,-0.03016173467040062,1.5030460357666016
285.4,RUNNING,12,HOME_DESCENT,0.942,0.9126,142.5276,5.748,True,NORMAL,MONITOR,False,{},"[""uav2"", ""uav1"", ""uav0""]",limited,True,{},NONE,NORMAL,SAFE,1.0,IDLE,0.0,0.0,0.0,,,0.0,False,avoidance not required,,{},,,,,,,,,,,0,safe,3.327,14.314,0.137,0,0,0.0,0.0,[],-0.010139165446162224,-0.018175601959228516,2.323212146759033,-0.015100902877748013,-0.018461687490344048,1.8748337030410767,-0.011396319605410099,-0.028126411139965057,1.4689316749572754
285.6,RUNNING,12,HOME_DESCENT,0.942,0.9125,142.5024,5.711,True,NORMAL,MONITOR,False,{},"[""uav2"", ""uav1"", ""uav0""]",limited,True,{},NONE,NORMAL,SAFE,1.0,IDLE,0.0,0.0,0.0,,,0.0,False,avoidance not required,,{},,,,,,,,,,,0,safe,3.325,14.312,0.138,0,0,0.0,0.0,[],-0.012863023206591606,-0.01967081055045128,2.271749973297119,-0.01426098495721817,-0.016906872391700745,1.837456226348877,-0.011689071543514729,-0.029359113425016403,1.4299577474594116
285.8,RUNNING,12,HOME_DESCENT,0.943,0.9125,142.5024,5.711,True,NORMAL,MONITOR,False,{},"[""uav2"", ""uav1"", ""uav0""]",limited,True,{},NONE,NORMAL,SAFE,1.0,IDLE,0.0,0.0,0.0,,,0.0,False,avoidance not required,,{},,,,,,,,,,,0,safe,3.327,14.313,0.131,0,0,0.0,0.0,[],-0.013345357961952686,-0.0185200534760952,2.2310075759887695,-0.013445504941046238,-0.01749013364315033,1.791616439819336,-0.010855206288397312,-0.02761263959109783,1.3956613540649414
286.0,RUNNING,12,HOME_DESCENT,0.944,0.9125,142.5024,5.711,True,NORMAL,MONITOR,False,{},"[""uav2"", ""uav1"", ""uav0""]",limited,True,{},NONE,NORMAL,SAFE,1.0,IDLE,0.0,0.0,0.0,,,0.0,False,avoidance not required,,{},,,,,,,,,,,0,safe,3.326,14.311,0.134,0,0,0.0,0.0,[],-0.014738541096448898,-0.020456939935684204,2.180616855621338,-0.011439540423452854,-0.015902431681752205,1.7531980276107788,-0.013217756524682045,-0.028582630679011345,1.3588298559188843
286.2,RUNNING,12,HOME_DESCENT,0.945,0.9124,142.4771,5.674,True,NORMAL,MONITOR,False,{},"[""uav2"", ""uav1"", ""uav0""]",limited,True,{},NONE,NORMAL,SAFE,1.0,IDLE,0.0,0.0,0.0,,,0.0,False,avoidance not required,,{},,,,,,,,,,,0,safe,3.321,14.312,0.130,0,0,0.0,0.0,[],-0.014310117810964584,-0.01997585967183113,2.1401634216308594,-0.01264654379338026,-0.01791348122060299,1.7120758295059204,-0.0134237390011549,-0.026512132957577705,1.3281301259994507
286.4,RUNNING,12,HOME_DESCENT,0.945,0.9124,142.4771,5.674,True,NORMAL,MONITOR,False,{},"[""uav2"", ""uav1"", ""uav0""]",limited,True,{},NONE,NORMAL,SAFE,1.0,IDLE,0.0,0.0,0.0,,,0.0,False,avoidance not required,,{},,,,,,,,,,,0,safe,3.321,14.312,0.130,0,0,0.0,0.0,[],-0.01549835316836834,-0.025648733600974083,2.0959694385528564,-0.011944856494665146,-0.01706928387284279,1.6776518821716309,-0.014488400891423225,-0.027334149926900864,1.2853437662124634
286.6,RUNNING,12,HOME_DESCENT,0.946,0.9123,142.4518,5.637,True,NORMAL,MONITOR,False,{},"[""uav2"", ""uav1"", ""uav0""]",limited,True,{},NONE,NORMAL,SAFE,1.0,IDLE,0.0,0.0,0.0,,,0.0,False,avoidance not required,,{},,,,,,,,,,,0,safe,3.321,14.314,0.130,0,0,0.0,0.0,[],-0.014936372637748718,-0.026809273287653923,2.057399272918701,-0.011935151182115078,-0.019770922139286995,1.6383590698242188,-0.01362078171223402,-0.02553490176796913,1.250077724456787
286.8,RUNNING,12,HOME_DESCENT,0.947,0.9123,142.4518,5.637,True,NORMAL,MONITOR,False,{},"[""uav2"", ""uav1"", ""uav0""]",limited,True,{},NONE,NORMAL,SAFE,1.0,IDLE,0.0,0.0,0.0,,,0.0,False,avoidance not required,,{},,,,,,,,,,,0,safe,3.321,14.312,0.134,0,0,0.0,0.0,[],-0.015787573531270027,-0.025308825075626373,2.0163984298706055,-0.013577624224126339,-0.026541151106357574,1.5960942506790161,-0.010764719918370247,-0.029148558154702187,1.211211085319519
287.0,RUNNING,12,HOME_DESCENT,0.948,0.9123,142.4518,5.637,True,NORMAL,MONITOR,False,{},"[""uav2"", ""uav1"", ""uav0""]",limited,True,{},NONE,NORMAL,SAFE,1.0,IDLE,0.0,0.0,0.0,,,0.0,False,avoidance not required,,{},,,,,,,,,,,0,safe,3.325,14.312,0.135,0,0,0.0,0.0,[],-0.014704955741763115,-0.022568238899111748,1.9772828817367554,-0.013247229158878326,-0.02832930162549019,1.5607796907424927,-0.008084604516625404,-0.028494160622358322,1.1824737787246704
287.2,RUNNING,12,HOME_DESCENT,0.948,0.9121,142.4266,5.601,True,NORMAL,MONITOR,False,{},"[""uav2"", ""uav1"", ""uav0""]",limited,True,{},NONE,NORMAL,SAFE,1.0,IDLE,0.0,0.0,0.0,,,0.0,False,avoidance not required,,{},,,,,,,,,,,0,safe,3.327,14.310,0.137,0,0,0.0,0.0,[],-0.01220407523214817,-0.02717096358537674,1.9325295686721802,-0.014644759707152843,-0.028480160981416702,1.522336721420288,-0.00874648243188858,-0.026008950546383858,1.1472759246826172
287.4,RUNNING,12,HOME_DESCENT,0.949,0.9121,142.4266,5.601,True,NORMAL,MONITOR,False,{},"[""uav2"", ""uav1"", ""uav0""]",limited,True,{},NONE,NORMAL,SAFE,1.0,IDLE,0.0,0.0,0.0,,,0.0,False,avoidance not required,,{},,,,,,,,,,,0,safe,3.323,14.309,0.135,0,0,0.0,0.0,[],-0.009469144977629185,-0.027490530163049698,1.894383430480957,-0.014138229191303253,-0.025686590000987053,1.4878284931182861,-0.008379621431231499,-0.021922482177615166,1.1169308423995972
287.6,RUNNING,12,HOME_DESCENT,0.95,0.912,142.4013,5.564,True,NORMAL,MONITOR,False,{},"[""uav2"", ""uav1"", ""uav0""]",limited,True,{},NONE,NORMAL,SAFE,1.0,IDLE,0.0,0.0,0.0,,,0.0,False,avoidance not required,,{},,,,,,,,,,,0,safe,3.320,14.306,0.138,0,0,0.0,0.0,[],-0.008337811566889286,-0.024893729016184807,1.8524727821350098,-0.015562755987048149,-0.02224220335483551,1.4533331394195557,-0.007828348316252232,-0.018213585019111633,1.0837043523788452
287.8,RUNNING,12,HOME_DESCENT,0.951,0.912,142.4013,5.564,True,NORMAL,MONITOR,False,{},"[""uav2"", ""uav1"", ""uav0""]",limited,True,{},NONE,NORMAL,SAFE,1.0,IDLE,0.0,0.0,0.0,,,0.0,False,avoidance not required,,{},,,,,,,,,,,0,safe,3.317,14.303,0.136,0,0,0.0,0.0,[],-0.0066811759024858475,-0.020969873294234276,1.8162200450897217,-0.015065422281622887,-0.017807675525546074,1.4221550226211548,-0.006676679477095604,-0.013722417876124382,1.056593894958496
288.0,RUNNING,12,HOME_DESCENT,0.951,0.912,142.4013,5.564,True,NORMAL,MONITOR,False,{},"[""uav2"", ""uav1"", ""uav0""]",limited,True,{},NONE,NORMAL,SAFE,1.0,IDLE,0.0,0.0,0.0,,,0.0,False,avoidance not required,,{},,,,,,,,,,,0,safe,3.315,14.299,0.140,0,0,0.0,0.0,[],-0.005160423461347818,-0.02167852781713009,1.7797214984893799,-0.014074607752263546,-0.018575021997094154,1.3869969844818115,-0.007423823233693838,-0.014060488902032375,1.0269945859909058
288.2,RUNNING,12,HOME_DESCENT,0.952,0.9119,142.376,5.546,True,NORMAL,MONITOR,False,{},"[""uav2"", ""uav1"", ""uav0""]",limited,True,{},NONE,NORMAL,SAFE,1.0,IDLE,0.0,0.0,0.0,,,0.0,False,avoidance not required,,{},,,,,,,,,,,0,safe,3.314,14.299,0.143,0,0,0.0,0.0,[],-0.0031588266137987375,-0.020007304847240448,1.7430177927017212,-0.012249328196048737,-0.016911068931221962,1.356606125831604,-0.006897343322634697,-0.01265885028988123,0.9981921911239624
288.4,RUNNING,12,HOME_DESCENT,0.953,0.9119,142.376,5.546,True,NORMAL,MONITOR,False,{},"[""uav2"", ""uav1"", ""uav0""]",limited,True,{},NONE,NORMAL,SAFE,1.0,IDLE,0.0,0.0,0.0,,,0.0,False,avoidance not required,,{},,,,,,,,,,,0,safe,3.314,14.298,0.146,0,0,0.0,0.0,[],-0.0003773322096094489,-0.01909559965133667,1.7090157270431519,-0.010631024837493896,-0.019386237487196922,1.323049783706665,-0.001873035216704011,-0.009490336291491985,0.9631139039993286
288.6,RUNNING,12,HOME_DESCENT,0.954,0.9118,142.3507,5.509,True,NORMAL,MONITOR,False,{},"[""uav2"", ""uav1"", ""uav0""]",limited,True,{},NONE,NORMAL,SAFE,1.0,IDLE,0.0,0.0,0.0,,,0.0,False,avoidance not required,,{},,,,,,,,,,,0,safe,3.312,14.292,0.151,0,0,0.0,0.0,[],0.0019556479528546333,-0.016388623043894768,1.6722168922424316,-0.008539251983165741,-0.018837539479136467,1.289133906364441,0.0017824475653469563,-0.005730549339205027,0.9336564540863037
288.8,RUNNING,12,HOME_DESCENT,0.954,0.9118,142.3507,5.509,True,NORMAL,MONITOR,False,{},"[""uav2"", ""uav1"", ""uav0""]",limited,True,{},NONE,NORMAL,SAFE,1.0,IDLE,0.0,0.0,0.0,,,0.0,False,avoidance not required,,{},,,,,,,,,,,0,safe,3.312,14.287,0.153,0,0,0.0,0.0,[],0.007373792119324207,-0.017132297158241272,1.6288713216781616,-0.006887975614517927,-0.02064374089241028,1.2522412538528442,0.007064961828291416,-0.0038079428486526012,0.9037836194038391
289.0,RUNNING,12,HOME_DESCENT,0.955,0.9118,142.3507,5.509,True,NORMAL,MONITOR,False,{},"[""uav2"", ""uav1"", ""uav0""]",limited,True,{},NONE,NORMAL,SAFE,1.0,IDLE,0.0,0.0,0.0,,,0.0,False,avoidance not required,,{},,,,,,,,,,,0,safe,3.307,14.282,0.149,0,0,0.0,0.0,[],0.010321519337594509,-0.015573952347040176,1.5894784927368164,-0.005110044963657856,-0.01902620866894722,1.2191963195800781,0.009839224629104137,-0.0018564887577667832,0.8761085271835327
289.2,RUNNING,12,HOME_DESCENT,0.956,0.9116,142.3255,5.472,True,NORMAL,MONITOR,False,{},"[""uav2"", ""uav1"", ""uav0""]",limited,True,{},NONE,NORMAL,SAFE,1.0,IDLE,0.0,0.0,0.0,,,0.0,False,avoidance not required,,{},,,,,,,,,,,0,safe,3.305,14.279,0.147,0,0,0.0,0.0,[],0.012083854526281357,-0.010415825992822647,1.5502524375915527,0.004061869345605373,-0.015246477909386158,1.1829733848571777,0.012904985807836056,-0.0024158551823347807,0.8424844145774841
289.4,RUNNING,12,HOME_DESCENT,0.957,0.9116,142.3255,5.472,True,NORMAL,MONITOR,False,{},"[""uav2"", ""uav1"", ""uav0""]",limited,True,{},NONE,NORMAL,SAFE,1.0,IDLE,0.0,0.0,0.0,,,0.0,False,avoidance not required,,{},,,,,,,,,,,0,safe,3.312,14.277,0.146,0,0,0.0,0.0,[],0.01301206462085247,-0.005269044078886509,1.5117158889770508,0.009672547690570354,-0.011131348088383675,1.1486377716064453,0.014112327247858047,-0.001782914507202804,0.813812792301178
289.6,RUNNING,12,HOME_DESCENT,0.957,0.9115,142.3002,5.435,True,NORMAL,MONITOR,False,{},"[""uav2"", ""uav1"", ""uav0""]",limited,True,{},NONE,NORMAL,SAFE,1.0,IDLE,0.0,0.0,0.0,,,0.0,False,avoidance not required,,{},,,,,,,,,,,0,safe,3.317,14.275,0.144,0,0,0.0,0.0,[],0.018275603652000427,-0.002559882355853915,1.476218819618225,0.01428860891610384,-0.010330574586987495,1.112521767616272,0.017036672681570053,-6.282296817516908e-05,0.7854729294776917
289.8,RUNNING,12,HOME_DESCENT,0.958,0.9115,142.3002,5.435,True,NORMAL,MONITOR,False,{},"[""uav2"", ""uav1"", ""uav0""]",limited,True,{},NONE,NORMAL,SAFE,1.0,IDLE,0.0,0.0,0.0,,,0.0,False,avoidance not required,,{},,,,,,,,,,,0,safe,3.316,14.272,0.146,0,0,0.0,0.0,[],0.02098715864121914,0.0005569997010752559,1.4424844980239868,0.0163098257035017,-0.007988754659891129,1.0792611837387085,0.01753021404147148,0.002377591095864773,0.7614191174507141
290.0,RUNNING,12,HOME_DESCENT,0.959,0.9115,142.3002,5.435,True,NORMAL,MONITOR,False,{},"[""uav2"", ""uav1"", ""uav0""]",limited,True,{},NONE,NORMAL,SAFE,1.0,IDLE,0.0,0.0,0.0,,,0.0,False,avoidance not required,,{},,,,,,,,,,,0,safe,3.315,14.270,0.149,0,0,0.0,0.0,[],0.02777671441435814,0.00292132212780416,1.4064998626708984,0.02415618859231472,-0.008973530493676662,1.0461355447769165,0.01741846650838852,0.006602432578802109,0.7369619011878967
290.2,RUNNING,12,HOME_DESCENT,0.96,0.9114,142.2749,5.398,True,NORMAL,MONITOR,False,{},"[""uav2"", ""uav1"", ""uav0""]",limited,True,{},NONE,NORMAL,SAFE,1.0,IDLE,0.0,0.0,0.0,,,0.0,False,avoidance not required,,{},,,,,,,,,,,0,safe,3.308,14.267,0.150,0,0,0.0,0.0,[],0.029797980561852455,0.005345216020941734,1.3748093843460083,0.027547014877200127,-0.00781023595482111,1.0167827606201172,0.01593864895403385,0.010122470557689667,0.7149381637573242
290.4,RUNNING,12,HOME_DESCENT,0.96,0.9114,142.2749,5.398,True,NORMAL,MONITOR,False,{},"[""uav2"", ""uav1"", ""uav0""]",limited,True,{},NONE,NORMAL,SAFE,1.0,IDLE,0.0,0.0,0.0,,,0.0,False,avoidance not required,,{},,,,,,,,,,,0,safe,3.302,14.266,0.155,0,0,0.0,0.0,[],0.034248366951942444,0.009067333303391933,1.3414524793624878,0.034440070390701294,-0.009274800308048725,0.9855937957763672,0.02153601683676243,0.01405792310833931,0.695156455039978
290.6,RUNNING,12,HOME_DESCENT,0.961,0.9112,142.2497,5.362,True,NORMAL,MONITOR,False,{},"[""uav2"", ""uav1"", ""uav0""]",limited,True,{},NONE,NORMAL,SAFE,1.0,IDLE,0.0,0.0,0.0,,,0.0,False,avoidance not required,,{},,,,,,,,,,,0,safe,3.300,14.259,0.157,0,0,0.0,0.0,[],0.034565940499305725,0.0115077905356884,1.30789053440094,0.03592599183320999,-0.008293133229017258,0.9566192030906677,0.029043374583125114,0.01478501781821251,0.6740846037864685
290.8,RUNNING,12,HOME_DESCENT,0.962,0.9112,142.2497,5.362,True,NORMAL,MONITOR,False,{},"[""uav2"", ""uav1"", ""uav0""]",limited,True,{},NONE,NORMAL,SAFE,1.0,IDLE,0.0,0.0,0.0,,,0.0,False,avoidance not required,,{},,,,,,,,,,,0,safe,3.305,14.253,0.159,0,0,0.0,0.0,[],0.03681686893105507,0.011508427560329437,1.273453712463379,0.03913182020187378,-0.0060547590255737305,0.9239848256111145,0.03132987394928932,0.014785943552851677,0.6512792110443115
291.0,RUNNING,12,HOME_DESCENT,0.963,0.9112,142.2497,5.362,True,NORMAL,MONITOR,False,{},"[""uav2"", ""uav1"", ""uav0""]",limited,True,{},NONE,NORMAL,SAFE,1.0,IDLE,0.0,0.0,0.0,,,0.0,False,avoidance not required,,{},,,,,,,,,,,0,safe,3.304,14.252,0.159,0,0,0.0,0.0,[],0.03562329709529877,0.011671680025756359,1.2401114702224731,0.03807474672794342,-0.003327953163534403,0.8951271772384644,0.03318123519420624,0.010874432511627674,0.6248536705970764
291.2,RUNNING,12,HOME_DESCENT,0.963,0.9111,142.2243,5.325,True,NORMAL,MONITOR,False,{},"[""uav2"", ""uav1"", ""uav0""]",limited,True,{},NONE,NORMAL,SAFE,1.0,IDLE,0.0,0.0,0.0,,,0.0,False,avoidance not required,,{},,,,,,,,,,,0,safe,3.306,14.253,0.159,0,0,0.0,0.0,[],0.04249734431505203,0.012872539460659027,1.2107839584350586,0.042792949825525284,-0.0044511244632303715,0.8693049550056458,0.031008457764983177,0.008268517442047596,0.6009833216667175
291.4,RUNNING,12,HOME_DESCENT,0.964,0.9111,142.2243,5.325,True,NORMAL,MONITOR,False,{},"[""uav2"", ""uav1"", ""uav0""]",limited,True,{},NONE,NORMAL,SAFE,1.0,IDLE,0.0,0.0,0.0,,,0.0,False,avoidance not required,,{},,,,,,,,,,,0,safe,3.299,14.256,0.164,0,0,0.0,0.0,[],0.04323941096663475,0.013376133516430855,1.1782499551773071,0.04191351309418678,-0.0040597692131996155,0.8440781235694885,0.029882892966270447,0.005862265359610319,0.5794911980628967
291.6,RUNNING,12,HOME_DESCENT,0.965,0.911,142.1991,5.288,True,NORMAL,MONITOR,False,{},"[""uav2"", ""uav1"", ""uav0""]",limited,True,{},NONE,NORMAL,SAFE,1.0,IDLE,0.0,0.0,0.0,,,0.0,False,avoidance not required,,{},,,,,,,,,,,0,safe,3.290,14.263,0.163,0,0,0.0,0.0,[],0.04846527427434921,0.01138119213283062,1.1424185037612915,0.04651778191328049,-0.007641216274350882,0.826291024684906,0.02581622265279293,0.004414420574903488,0.5576931834220886
291.8,RUNNING,12,HOME_DESCENT,0.966,0.911,142.1991,5.288,True,NORMAL,MONITOR,False,{},"[""uav2"", ""uav1"", ""uav0""]",limited,True,{},NONE,NORMAL,SAFE,1.0,IDLE,0.0,0.0,0.0,,,0.0,False,avoidance not required,,{},,,,,,,,,,,0,safe,3.290,14.263,0.163,0,0,0.0,0.0,[],0.04744445160031319,0.010004261508584023,1.1073704957962036,0.04489707201719284,-0.008601379580795765,0.8018454313278198,0.030067143961787224,0.0005492746131494641,0.535405158996582
292.0,RUNNING,12,HOME_DESCENT,0.966,0.911,142.1991,5.288,True,NORMAL,MONITOR,False,{},"[""uav2"", ""uav1"", ""uav0""]",limited,True,{},NONE,NORMAL,SAFE,1.0,IDLE,0.0,0.0,0.0,,,0.0,False,avoidance not required,,{},,,,,,,,,,,0,safe,3.296,14.262,0.159,0,0,0.0,0.0,[],0.05149878188967705,0.009420283138751984,1.0714343786239624,0.05171355977654457,-0.012291713617742062,0.7705504298210144,0.03541787341237068,-0.0002719383919611573,0.5144678950309753
292.2,RUNNING,12,HOME_DESCENT,0.967,0.9109,142.1738,5.27,True,NORMAL,MONITOR,False,{},"[""uav2"", ""uav1"", ""uav0""]",limited,True,{},NONE,NORMAL,SAFE,1.0,IDLE,0.0,0.0,0.0,,,0.0,False,avoidance not required,,{},,,,,,,,,,,0,safe,3.294,14.259,0.156,0,0,0.0,0.0,[],0.05013200268149376,0.009029499255120754,1.0389742851257324,0.05669866129755974,-0.014449696987867355,0.7423892617225647,0.035105131566524506,-0.0004706568142864853,0.4946764409542084
292.4,RUNNING,12,HOME_DESCENT,0.968,0.9109,142.1738,5.27,True,NORMAL,MONITOR,False,{},"[""uav2"", ""uav1"", ""uav0""]",limited,True,{},NONE,NORMAL,SAFE,1.0,IDLE,0.0,0.0,0.0,,,0.0,False,avoidance not required,,{},,,,,,,,,,,0,safe,3.288,14.260,0.153,0,0,0.0,0.0,[],0.060124874114990234,0.011088240891695023,1.0141899585723877,0.05469977855682373,-0.014369368553161621,0.7138127088546753,0.04169391840696335,-0.00038511448656208813,0.48042041063308716
292.6,RUNNING,12,HOME_DESCENT,0.969,0.9107,142.1485,5.233,True,NORMAL,MONITOR,False,{},"[""uav2"", ""uav1"", ""uav0""]",limited,True,{},NONE,NORMAL,SAFE,1.0,IDLE,0.0,0.0,0.0,,,0.0,False,avoidance not required,,{},,,,,,,,,,,0,safe,3.295,14.255,0.162,0,0,0.0,0.0,[],0.06144986301660538,0.01189339067786932,0.988498330116272,0.05896127596497536,-0.014932375401258469,0.6847861409187317,0.04135512560606003,0.00013508443953469396,0.4630299508571625
292.8,RUNNING,12,HOME_DESCENT,0.969,0.9107,142.1485,5.233,True,NORMAL,MONITOR,False,{},"[""uav2"", ""uav1"", ""uav0""]",limited,True,{},NONE,NORMAL,SAFE,1.0,IDLE,0.0,0.0,0.0,,,0.0,False,avoidance not required,,{},,,,,,,,,,,0,safe,3.290,14.255,0.166,0,0,0.0,0.0,[],0.07027880102396011,0.012156865559518337,0.962709367275238,0.0694199725985527,-0.012150689959526062,0.6646363139152527,0.045715004205703735,0.0008632589597254992,0.4458863437175751
293.0,RUNNING,12,HOME_DESCENT,0.97,0.9107,142.1485,5.233,True,NORMAL,MONITOR,False,{},"[""uav2"", ""uav1"", ""uav0""]",limited,True,{},NONE,NORMAL,SAFE,1.0,IDLE,0.0,0.0,0.0,,,0.0,False,avoidance not required,,{},,,,,,,,,,,0,safe,3.284,14.251,0.172,0,0,0.0,0.0,[],0.07024512439966202,0.011829528026282787,0.9337903261184692,0.0698012113571167,-0.008914407342672348,0.6425756216049194,0.04466015100479126,0.0020664511248469353,0.42739975452423096
293.2,RUNNING,12,HOME_DESCENT,0.971,0.9106,142.1233,5.196,True,NORMAL,MONITOR,False,{},"[""uav2"", ""uav1"", ""uav0""]",limited,True,{},NONE,NORMAL,SAFE,1.0,IDLE,0.0,0.0,0.0,,,0.0,False,avoidance not required,,{},,,,,,,,,,,0,safe,3.282,14.251,0.172,0,0,0.0,0.0,[],0.0821906328201294,0.010017964988946915,0.9027912020683289,0.07655033469200134,-0.006736306939274073,0.6195029020309448,0.05467640608549118,0.0076575083658099174,0.4091982841491699
293.4,RUNNING,12,HOME_DESCENT,0.972,0.9106,142.1233,5.196,True,NORMAL,MONITOR,False,{},"[""uav2"", ""uav1"", ""uav0""]",limited,True,{},NONE,NORMAL,SAFE,1.0,IDLE,0.0,0.0,0.0,,,0.0,False,avoidance not required,,{},,,,,,,,,,,0,safe,3.285,14.240,0.174,0,0,0.0,0.0,[],0.09305992722511292,0.009178477339446545,0.875139594078064,0.07380598783493042,-0.003737002843990922,0.5942627787590027,0.06987352669239044,0.010613254271447659,0.39187705516815186
293.6,RUNNING,12,HOME_DESCENT,0.972,0.9105,142.098,5.159,True,NORMAL,MONITOR,False,{},"[""uav2"", ""uav1"", ""uav0""]",limited,True,{},NONE,NORMAL,SAFE,1.0,IDLE,0.0,0.0,0.0,,,0.0,False,avoidance not required,,{},,,,,,,,,,,0,safe,3.293,14.227,0.179,0,0,0.0,0.0,[],0.09271175414323807,0.008262024261057377,0.8464397192001343,0.07514075189828873,0.0012298023793846369,0.5727404952049255,0.07279343903064728,0.011871709488332272,0.3755018711090088
293.8,RUNNING,12,HOME_DESCENT,0.973,0.9105,142.098,5.159,True,NORMAL,MONITOR,False,{},"[""uav2"", ""uav1"", ""uav0""]",limited,True,{},NONE,NORMAL,SAFE,1.0,IDLE,0.0,0.0,0.0,,,0.0,False,avoidance not required,,{},,,,,,,,,,,0,safe,3.294,14.224,0.177,0,0,0.0,0.0,[],0.09706597775220871,0.00831847358494997,0.8242049813270569,0.06894248723983765,0.0053175934590399265,0.5491154193878174,0.08567418158054352,0.013929366134107113,0.36334139108657837
294.0,RUNNING,12,HOME_DESCENT,0.974,0.9105,142.098,5.159,True,NORMAL,MONITOR,False,{},"[""uav2"", ""uav1"", ""uav0""]",limited,True,{},NONE,NORMAL,SAFE,1.0,IDLE,0.0,0.0,0.0,,,0.0,False,avoidance not required,,{},,,,,,,,,,,0,safe,3.283,14.213,0.183,0,0,0.0,0.0,[],0.09193196892738342,0.008358968421816826,0.798132598400116,0.07152000814676285,0.012471150606870651,0.5304901003837585,0.08645589649677277,0.014690934680402279,0.3502269983291626
294.2,RUNNING,12,HOME_DESCENT,0.975,0.9103,142.0686,5.123,True,NORMAL,MONITOR,False,{},"[""uav2"", ""uav1"", ""uav0""]",limited,True,{},NONE,NORMAL,SAFE,1.0,IDLE,0.0,0.0,0.0,,,0.0,False,avoidance not required,,{},,,,,,,,,,,0,safe,3.290,14.212,0.180,0,0,0.0,0.0,[],0.09256623685359955,0.01178018283098936,0.7733262777328491,0.07522741705179214,0.014682343229651451,0.5184375047683716,0.09592221677303314,0.018413741141557693,0.3362174332141876
294.4,RUNNING,12,HOME_DESCENT,0.975,0.9103,142.0686,5.123,True,NORMAL,MONITOR,False,{},"[""uav2"", ""uav1"", ""uav0""]",limited,True,{},NONE,NORMAL,SAFE,1.0,IDLE,0.0,0.0,0.0,,,0.0,False,avoidance not required,,{},,,,,,,,,,,0,safe,3.293,14.203,0.180,0,0,0.0,0.0,[],0.08514136075973511,0.0134337292984128,0.7472230195999146,0.07023124396800995,0.015646126121282578,0.5005905628204346,0.09377095103263855,0.01962626911699772,0.3241008520126343
294.6,RUNNING,12,HOME_DESCENT,0.976,0.9102,142.0433,5.086,True,NORMAL,MONITOR,False,{},"[""uav2"", ""uav1"", ""uav0""]",limited,True,{},NONE,NORMAL,SAFE,1.0,IDLE,0.0,0.0,0.0,,,0.0,False,avoidance not required,,{},,,,,,,,,,,0,safe,3.294,14.204,0.175,0,0,0.0,0.0,[],0.08486859500408173,0.013984834775328636,0.7229037284851074,0.0735270157456398,0.0171780027449131,0.48372209072113037,0.09619665145874023,0.02086295560002327,0.31630024313926697
294.8,RUNNING,12,HOME_DESCENT,0.977,0.9102,142.0433,5.086,True,NORMAL,MONITOR,False,{},"[""uav2"", ""uav1"", ""uav0""]",limited,True,{},NONE,NORMAL,SAFE,1.0,IDLE,0.0,0.0,0.0,,,0.0,False,avoidance not required,,{},,,,,,,,,,,0,safe,3.297,14.201,0.175,0,0,0.0,0.0,[],0.07747990638017654,0.013965567573904991,0.6967576742172241,0.06865561008453369,0.01752978190779686,0.46531543135643005,0.08951733261346817,0.02068370394408703,0.30544573068618774
295.0,RUNNING,12,HOME_DESCENT,0.978,0.9102,142.0433,5.086,True,NORMAL,MONITOR,False,{},"[""uav2"", ""uav1"", ""uav0""]",limited,True,{},NONE,NORMAL,SAFE,1.0,IDLE,0.0,0.0,0.0,,,0.0,False,avoidance not required,,{},,,,,,,,,,,0,safe,3.299,14.206,0.169,0,0,0.0,0.0,[],0.07724346220493317,0.016752395778894424,0.6682683825492859,0.07331439107656479,0.01873297430574894,0.44505399465560913,0.09270388633012772,0.02406947687268257,0.2978169918060303
295.2,RUNNING,12,HOME_DESCENT,0.978,0.9101,142.018,5.049,True,NORMAL,MONITOR,False,{},"[""uav2"", ""uav1"", ""uav0""]",limited,True,{},NONE,NORMAL,SAFE,1.0,IDLE,0.0,0.0,0.0,,,0.0,False,avoidance not required,,{},,,,,,,,,,,0,safe,3.304,14.201,0.163,0,0,0.0,0.0,[],0.07065211981534958,0.017640354111790657,0.6423502564430237,0.06939208507537842,0.018861955031752586,0.4252955913543701,0.08623573184013367,0.024364793673157692,0.2884361743927002
295.4,RUNNING,12,HOME_DESCENT,0.979,0.9101,142.018,5.049,True,NORMAL,MONITOR,False,{},"[""uav2"", ""uav1"", ""uav0""]",limited,True,{},NONE,NORMAL,SAFE,1.0,IDLE,0.0,0.0,0.0,,,0.0,False,avoidance not required,,{},,,,,,,,,,,0,safe,3.306,14.206,0.157,0,0,0.0,0.0,[],0.07159121334552765,0.019864371046423912,0.6198775172233582,0.07283481955528259,0.021952781826257706,0.4029110074043274,0.09000258147716522,0.021117834374308586,0.2851533889770508
295.6,RUNNING,12,HOME_DESCENT,0.98,0.91,141.9925,5.012,True,NORMAL,MONITOR,False,{},"[""uav2"", ""uav1"", ""uav0""]",limited,True,{},NONE,NORMAL,SAFE,1.0,IDLE,0.0,0.0,0.0,,,0.0,False,avoidance not required,,{},,,,,,,,,,,0,safe,3.308,14.205,0.156,0,0,0.0,0.0,[],0.06588432937860489,0.020168546587228775,0.5968742966651917,0.0685095265507698,0.022780761122703552,0.3819179832935333,0.08425512909889221,0.0174974724650383,0.2764663100242615
295.8,RUNNING,12,HOME_DESCENT,0.981,0.91,141.9925,5.012,True,NORMAL,MONITOR,False,{},"[""uav2"", ""uav1"", ""uav0""]",limited,True,{},NONE,NORMAL,SAFE,1.0,IDLE,0.0,0.0,0.0,,,0.0,False,avoidance not required,,{},,,,,,,,,,,0,safe,3.313,14.214,0.157,0,0,0.0,0.0,[],0.06565341353416443,0.022052345797419548,0.582678496837616,0.07268161326646805,0.02297854982316494,0.3680349588394165,0.08386404812335968,0.015324358828365803,0.27183306217193604
296.0,RUNNING,12,HOME_DESCENT,0.981,0.91,141.9925,5.012,True,NORMAL,MONITOR,False,{},"[""uav2"", ""uav1"", ""uav0""]",limited,True,{},NONE,NORMAL,SAFE,1.0,IDLE,0.0,0.0,0.0,,,0.0,False,avoidance not required,,{},,,,,,,,,,,0,safe,3.310,14.209,0.160,0,0,0.0,0.0,[],0.06542602181434631,0.02154059335589409,0.566789984703064,0.06883145123720169,0.02155325934290886,0.3532315790653229,0.09014055132865906,0.016262879595160484,0.27120503783226013
296.2,RUNNING,12,HOME_DESCENT,0.982,0.9098,141.9673,4.994,True,NORMAL,MONITOR,False,{},"[""uav2"", ""uav1"", ""uav0""]",limited,True,{},NONE,NORMAL,SAFE,1.0,IDLE,0.0,0.0,0.0,,,0.0,False,avoidance not required,,{},,,,,,,,,,,0,safe,3.310,14.209,0.160,0,0,0.0,0.0,[],0.05983353033661842,0.019702477380633354,0.5434487462043762,0.07179583609104156,0.021597113460302353,0.3462865650653839,0.08578590303659439,0.015596983954310417,0.26281434297561646
296.4,RUNNING,12,HOME_DESCENT,0.983,0.9098,141.9673,4.994,True,NORMAL,MONITOR,False,{},"[""uav2"", ""uav1"", ""uav0""]",limited,True,{},NONE,NORMAL,SAFE,1.0,IDLE,0.0,0.0,0.0,,,0.0,False,avoidance not required,,{},,,,,,,,,,,0,safe,3.315,14.212,0.153,0,0,0.0,0.0,[],0.06091240048408508,0.019124522805213928,0.5225667357444763,0.0756383016705513,0.02207932248711586,0.3372975289821625,0.0832599326968193,0.015056150034070015,0.25637903809547424
296.6,RUNNING,12,HOME_DESCENT,0.984,0.9097,141.942,4.957,True,NORMAL,MONITOR,False,{},"[""uav2"", ""uav1"", ""uav0""]",limited,True,{},NONE,NORMAL,SAFE,1.0,IDLE,0.0,0.0,0.0,,,0.0,False,avoidance not required,,{},,,,,,,,,,,0,safe,3.309,14.214,0.151,0,0,0.0,0.0,[],0.05618509277701378,0.01753154583275318,0.49961259961128235,0.07112247496843338,0.020836832001805305,0.32283368706703186,0.07373567670583725,0.01342292781919241,0.24508869647979736
296.8,RUNNING,12,HOME_DESCENT,0.984,0.9097,141.942,4.957,True,NORMAL,MONITOR,False,{},"[""uav2"", ""uav1"", ""uav0""]",limited,True,{},NONE,NORMAL,SAFE,1.0,IDLE,0.0,0.0,0.0,,,0.0,False,avoidance not required,,{},,,,,,,,,,,0,safe,3.304,14.222,0.143,0,0,0.0,0.0,[],0.05547545105218887,0.020540600642561913,0.47856786847114563,0.07386089116334915,0.01995551772415638,0.30878007411956787,0.06821267306804657,0.015260131098330021,0.2354269176721573
297.0,RUNNING,12,HOME_DESCENT,0.985,0.9097,141.942,4.957,True,NORMAL,MONITOR,False,{},"[""uav2"", ""uav1"", ""uav0""]",limited,True,{},NONE,NORMAL,SAFE,1.0,IDLE,0.0,0.0,0.0,,,0.0,False,avoidance not required,,{},,,,,,,,,,,0,safe,3.295,14.225,0.139,0,0,0.0,0.0,[],0.0499875433743,0.02068767324090004,0.4584232270717621,0.0686296671628952,0.01777941733598709,0.2942320704460144,0.05818900093436241,0.015288518741726875,0.2259661704301834
297.2,RUNNING,12,HOME_DESCENT,0.986,0.9096,141.9167,4.92,True,NORMAL,MONITOR,False,{},"[""uav2"", ""uav1"", ""uav0""]",limited,True,{},NONE,NORMAL,SAFE,1.0,IDLE,0.0,0.0,0.0,,,0.0,False,avoidance not required,,{},,,,,,,,,,,0,safe,3.290,14.232,0.133,0,0,0.0,0.0,[],0.04893369972705841,0.017811700701713562,0.4385111927986145,0.06424038857221603,0.01684240810573101,0.2840711176395416,0.05303734168410301,0.01615322381258011,0.22470571100711823
297.4,RUNNING,12,HOME_DESCENT,0.987,0.9096,141.9167,4.92,True,NORMAL,MONITOR,False,{},"[""uav2"", ""uav1"", ""uav0""]",limited,True,{},NONE,NORMAL,SAFE,1.0,IDLE,0.0,0.0,0.0,,,0.0,False,avoidance not required,,{},,,,,,,,,,,0,safe,3.289,14.235,0.128,0,0,0.0,0.0,[],0.04343179240822792,0.014775547198951244,0.41989666223526,0.05508424714207649,0.015044714324176311,0.27291983366012573,0.04407484456896782,0.015631387010216713,0.22059795260429382
297.6,RUNNING,12,HOME_DESCENT,0.987,0.9095,141.8915,4.884,True,NORMAL,MONITOR,False,{},"[""uav2"", ""uav1"", ""uav0""]",limited,True,{},NONE,NORMAL,SAFE,1.0,IDLE,0.0,0.0,0.0,,,0.0,False,avoidance not required,,{},,,,,,,,,,,0,safe,3.289,14.242,0.121,0,0,0.0,0.0,[],0.04100416228175163,0.014003450982272625,0.40374159812927246,0.05307779088616371,0.012533443979918957,0.2612174153327942,0.04074763134121895,0.01778544671833515,0.2179393768310547
297.8,RUNNING,12,HOME_DESCENT,0.988,0.9095,141.8915,4.884,True,NORMAL,MONITOR,False,{},"[""uav2"", ""uav1"", ""uav0""]",limited,True,{},NONE,NORMAL,SAFE,1.0,IDLE,0.0,0.0,0.0,,,0.0,False,avoidance not required,,{},,,,,,,,,,,0,safe,3.288,14.243,0.118,0,0,0.0,0.0,[],0.03543589636683464,0.01236001867800951,0.38754406571388245,0.04616094008088112,0.009857095777988434,0.25014734268188477,0.03372558578848839,0.017733445391058922,0.21328213810920715
298.0,RUNNING,12,HOME_DESCENT,0.989,0.9095,141.8915,4.884,True,NORMAL,MONITOR,False,{},"[""uav2"", ""uav1"", ""uav0""]",limited,True,{},NONE,NORMAL,SAFE,1.0,IDLE,0.0,0.0,0.0,,,0.0,False,avoidance not required,,{},,,,,,,,,,,0,safe,3.288,14.248,0.113,0,0,0.0,0.0,[],0.03657899051904678,0.012350129894912243,0.37758001685142517,0.04326643422245979,0.008509577251970768,0.24397633969783783,0.03638957440853119,0.018136030063033104,0.20756907761096954
298.2,RUNNING,12,HOME_DESCENT,0.99,0.9093,141.8663,4.847,True,NORMAL,MONITOR,False,{},"[""uav2"", ""uav1"", ""uav0""]",limited,True,{},NONE,NORMAL,SAFE,1.0,IDLE,0.0,0.0,0.0,,,0.0,False,avoidance not required,,{},,,,,,,,,,,0,safe,3.293,14.246,0.115,0,0,0.0,0.0,[],0.033009424805641174,0.01092530321329832,0.36247923970222473,0.03637627884745598,0.006725896615535021,0.23696386814117432,0.03420969843864441,0.017040947452187538,0.20468834042549133
298.4,RUNNING,12,HOME_DESCENT,0.99,0.9093,141.8663,4.847,True,NORMAL,MONITOR,False,{},"[""uav2"", ""uav1"", ""uav0""]",limited,True,{},NONE,NORMAL,SAFE,1.0,IDLE,0.0,0.0,0.0,,,0.0,False,avoidance not required,,{},,,,,,,,,,,0,safe,3.298,14.248,0.111,0,0,0.0,0.0,[],0.029974227771162987,0.01132561918348074,0.3525974452495575,0.034781768918037415,0.005690437741577625,0.23597678542137146,0.0409860834479332,0.018643107265233994,0.2129235416650772
298.6,RUNNING,12,HOME_DESCENT,0.991,0.9092,141.8412,4.81,True,NORMAL,MONITOR,False,{},"[""uav2"", ""uav1"", ""uav0""]",limited,True,{},NONE,NORMAL,SAFE,1.0,IDLE,0.0,0.0,0.0,,,0.0,False,avoidance not required,,{},,,,,,,,,,,0,safe,3.306,14.242,0.111,0,0,0.0,0.0,[],0.024404508993029594,0.00982759241014719,0.33910295367240906,0.029644183814525604,0.003964811097830534,0.23066385090351105,0.041095223277807236,0.018253909423947334,0.21489956974983215
298.8,RUNNING,12,HOME_DESCENT,0.992,0.9092,141.8412,4.81,True,NORMAL,MONITOR,False,{},"[""uav2"", ""uav1"", ""uav0""]",limited,True,{},NONE,NORMAL,SAFE,1.0,IDLE,0.0,0.0,0.0,,,0.0,False,avoidance not required,,{},,,,,,,,,,,0,safe,3.307,14.242,0.106,0,0,0.0,0.0,[],0.027264412492513657,0.006223298609256744,0.3266754746437073,0.030032094568014145,0.0008539120899513364,0.22883571684360504,0.04394984617829323,0.018601063638925552,0.21696385741233826
299.0,RUNNING,12,HOME_DESCENT,0.993,0.9092,141.8412,4.81,True,NORMAL,MONITOR,False,{},"[""uav2"", ""uav1"", ""uav0""]",limited,True,{},NONE,NORMAL,SAFE,1.0,IDLE,0.0,0.0,0.0,,,0.0,False,avoidance not required,,{},,,,,,,,,,,0,safe,3.304,14.240,0.103,0,0,0.0,0.0,[],0.02637552283704281,0.003555581672117114,0.3113064765930176,0.02985764853656292,-0.003091423539444804,0.2281724065542221,0.04078763350844383,0.01711244508624077,0.21713945269584656
299.2,RUNNING,12,HOME_DESCENT,0.993,0.9091,141.8161,4.773,True,NORMAL,MONITOR,False,{},"[""uav2"", ""uav1"", ""uav0""]",limited,True,{},NONE,NORMAL,SAFE,1.0,IDLE,0.0,0.0,0.0,,,0.0,False,avoidance not required,,{},,,,,,,,,,,0,safe,3.305,14.243,0.096,0,0,0.0,0.0,[],0.030581548810005188,0.0039309789426624775,0.2946077287197113,0.025701291859149933,-0.00539040332660079,0.2254151999950409,0.04268093779683113,0.016258036717772484,0.21646244823932648
299.4,RUNNING,12,HOME_DESCENT,0.994,0.9091,141.8161,4.773,True,NORMAL,MONITOR,False,{},"[""uav2"", ""uav1"", ""uav0""]",limited,True,{},NONE,NORMAL,SAFE,1.0,IDLE,0.0,0.0,0.0,,,0.0,False,avoidance not required,,{},,,,,,,,,,,0,safe,3.296,14.242,0.088,0,0,0.0,0.0,[],0.030308160930871964,0.0033896355889737606,0.2790307104587555,0.023353422060608864,-0.005677286069840193,0.22206315398216248,0.039436958730220795,0.014452076517045498,0.21354393661022186
299.6,RUNNING,12,HOME_DESCENT,0.995,0.909,141.791,4.736,True,NORMAL,MONITOR,False,{},"[""uav2"", ""uav1"", ""uav0""]",limited,True,{},NONE,NORMAL,SAFE,1.0,IDLE,0.0,0.0,0.0,,,0.0,False,avoidance not required,,{},,,,,,,,,,,0,safe,3.294,14.246,0.080,0,0,0.0,0.0,[],0.036510784178972244,0.000844378606416285,0.2693058252334595,0.018441397696733475,-0.005432439036667347,0.21703197062015533,0.045079901814460754,0.013151426799595356,0.21394747495651245
299.8,RUNNING,12,HOME_DESCENT,0.996,0.909,141.791,4.736,True,NORMAL,MONITOR,False,{},"[""uav2"", ""uav1"", ""uav0""]",limited,True,{},NONE,NORMAL,SAFE,1.0,IDLE,0.0,0.0,0.0,,,0.0,False,avoidance not required,,{},,,,,,,,,,,0,safe,3.282,14.243,0.079,0,0,0.0,0.0,[],0.03637592867016792,-0.00019017403246834874,0.2613844871520996,0.016113217920064926,-0.0054951622150838375,0.21652136743068695,0.043463658541440964,0.011294955387711525,0.21335873007774353
300.0,RUNNING,12,HOME_DESCENT,0.996,0.909,141.791,4.736,True,NORMAL,MONITOR,False,{},"[""uav2"", ""uav1"", ""uav0""]",limited,True,{},NONE,NORMAL,SAFE,1.0,IDLE,0.0,0.0,0.0,,,0.0,False,avoidance not required,,{},,,,,,,,,,,0,safe,3.280,14.245,0.077,0,0,0.0,0.0,[],0.037710923701524734,0.004142849240452051,0.257892370223999,0.012107553891837597,-0.004502560012042522,0.21471884846687317,0.04219217970967293,0.012471763417124748,0.21722552180290222
300.2,RUNNING,12,HOME_DESCENT,0.997,0.9088,141.7659,4.718,True,NORMAL,MONITOR,False,{},"[""uav2"", ""uav1"", ""uav0""]",limited,True,{},NONE,NORMAL,SAFE,1.0,IDLE,0.0,0.0,0.0,,,0.0,False,avoidance not required,,{},,,,,,,,,,,0,safe,3.275,14.245,0.078,0,0,0.0,0.0,[],0.03482518345117569,0.007243701256811619,0.2538568079471588,0.015069104731082916,0.002088880632072687,0.2161756306886673,0.037440359592437744,0.012747279368340969,0.21857835352420807
300.4,RUNNING,12,HOME_DESCENT,0.998,0.9088,141.7659,4.718,True,NORMAL,MONITOR,False,{},"[""uav2"", ""uav1"", ""uav0""]",limited,True,{},NONE,NORMAL,SAFE,1.0,IDLE,0.0,0.0,0.0,,,0.0,False,avoidance not required,,{},,,,,,,,,,,0,safe,3.280,14.249,0.077,0,0,0.0,0.0,[],0.0376441515982151,0.011475573293864727,0.2550979256629944,0.015047787688672543,0.006780220195651054,0.2149067521095276,0.038746427744627,0.013820847496390343,0.22544196248054504
300.6,RUNNING,12,HOME_DESCENT,0.999,0.9087,141.7407,4.681,True,NORMAL,MONITOR,False,{},"[""uav2"", ""uav1"", ""uav0""]",limited,True,{},NONE,NORMAL,SAFE,1.0,IDLE,0.0,0.0,0.0,,,0.0,False,avoidance not required,,{},,,,,,,,,,,0,safe,3.278,14.247,0.082,0,0,0.0,0.0,[],0.03618082031607628,0.01324552670121193,0.25182753801345825,0.018948916345834732,0.006843317300081253,0.2159266620874405,0.035593535751104355,0.013881821185350418,0.2266729325056076
300.8,RUNNING,12,HOME_DESCENT,0.999,0.9087,141.7407,4.681,True,NORMAL,MONITOR,False,{},"[""uav2"", ""uav1"", ""uav0""]",limited,True,{},NONE,NORMAL,SAFE,1.0,IDLE,0.0,0.0,0.0,,,0.0,False,avoidance not required,,{},,,,,,,,,,,0,safe,3.283,14.249,0.080,0,0,0.0,0.0,[],0.04306529462337494,0.007461098954081535,0.24236802756786346,0.019262203946709633,0.006951979361474514,0.21465039253234863,0.04042193666100502,0.010478540323674679,0.22934593260288239
301.0,RUNNING,12,HOME_DESCENT,1.0,0.9087,141.7407,4.681,True,NORMAL,MONITOR,False,{},"[""uav2"", ""uav1"", ""uav0""]",limited,True,{},NONE,NORMAL,SAFE,1.0,IDLE,0.0,0.0,0.0,,,0.0,False,avoidance not required,,{},,,,,,,,,,,0,safe,3.276,14.248,0.076,0,0,0.0,0.0,[],0.0438399538397789,0.0039027156308293343,0.23406115174293518,0.025207623839378357,0.003768486436456442,0.21657277643680573,0.04010242223739624,0.00786188431084156,0.22808758914470673
301.2,RUNNING,12,HOME_DESCENT,1.0,0.9086,141.7155,0.0,True,NORMAL,MONITOR,False,{},"[""uav2"", ""uav1"", ""uav0""]",limited,True,{},NONE,NORMAL,SAFE,1.0,IDLE,0.0,0.0,0.0,,,0.0,False,avoidance not required,,{},,,,,,,,,,,0,safe,3.281,14.250,0.070,0,0,0.0,0.0,[],0.04874187335371971,0.001012251479551196,0.23529937863349915,0.02697429619729519,0.0016865169163793325,0.21576571464538574,0.042373593896627426,0.007238189689815044,0.23070116341114044
301.4,RUNNING,12,HOME_DESCENT,1.0,0.9086,141.7155,0.0,True,NORMAL,MONITOR,False,{},"[""uav2"", ""uav1"", ""uav0""]",limited,True,{},NONE,NORMAL,SAFE,1.0,IDLE,0.0,0.0,0.0,,,0.0,False,avoidance not required,,{},,,,,,,,,,,0,safe,3.278,14.249,0.074,0,0,0.0,0.0,[],0.04773460701107979,-0.0004434223519638181,0.23170410096645355,0.03227292373776436,-0.0010947143891826272,0.21630503237247467,0.039672959595918655,0.006846538279205561,0.22778421640396118
301.6,RUNNING,12,HOME_DESCENT,1.0,0.9085,141.6904,0.0,True,NORMAL,MONITOR,False,{},"[""uav2"", ""uav1"", ""uav0""]",limited,True,{},NONE,NORMAL,SAFE,1.0,IDLE,0.0,0.0,0.0,,,0.0,False,avoidance not required,,{},,,,,,,,,,,0,safe,3.285,14.251,0.070,0,0,0.0,0.0,[],0.050972722470760345,-0.002825450850650668,0.23071473836898804,0.03272084519267082,-0.002099696546792984,0.21415948867797852,0.042327530682086945,0.001980195287615061,0.22552387416362762
301.8,COMPLETE,12,HOME_DESCENT,1.0,0.9085,141.6904,0.0,True,NORMAL,MONITOR,False,{},"[""uav2"", ""uav1"", ""uav0""]",limited,True,{},NONE,NORMAL,SAFE,1.0,IDLE,0.0,0.0,0.0,,,0.0,False,avoidance not required,,{},,,,,,,,,,,0,safe,3.282,14.253,0.072,0,0,0.0,0.0,[],0.049730055034160614,-0.004334489814937115,0.22922948002815247,0.03413357213139534,-0.0036837647203356028,0.21442916989326477,0.04604537785053253,-0.0033449805341660976,0.2250300645828247
302.0,COMPLETE,12,HOME_DESCENT,1.0,0.9085,141.6904,0.0,True,NORMAL,MONITOR,False,{},"[""uav2"", ""uav1"", ""uav0""]",limited,True,{},NONE,NORMAL,SAFE,1.0,IDLE,0.0,0.0,0.0,,,0.0,False,avoidance not required,,{},,,,,,,,,,,0,safe,3.284,14.254,0.070,0,0,0.0,0.0,[],0.05231134966015816,-0.009630762040615082,0.22826141119003296,0.032308630645275116,-0.003904513083398342,0.2134494185447693,0.04468502849340439,-0.006056469865143299,0.22097265720367432
302.2,COMPLETE,12,HOME_DESCENT,1.0,0.9083,141.665,0.0,True,NORMAL,MONITOR,False,{},"[""uav2"", ""uav1"", ""uav0""]",limited,True,{},NONE,NORMAL,SAFE,1.0,IDLE,0.0,0.0,0.0,,,0.0,False,avoidance not required,,{},,,,,,,,,,,0,safe,3.280,14.257,0.072,0,0,0.0,0.0,[],0.05142125487327576,-0.012187390588223934,0.19020086526870728,0.03401455655694008,-0.007000376470386982,0.18549534678459167,0.04682415351271629,-0.01119743101298809,0.18790283799171448
302.4,COMPLETE,12,HOME_DESCENT,1.0,0.9083,141.665,0.0,True,NORMAL,MONITOR,False,{},"[""uav2"", ""uav1"", ""uav0""]",limited,True,{},NONE,NORMAL,SAFE,1.0,IDLE,0.0,0.0,0.0,,,0.0,False,avoidance not required,,{},,,,,,,,,,,0,safe,3.283,14.259,0.054,0,0,0.0,0.0,[],0.05498089641332626,-0.022014519199728966,0.08831772953271866,0.033038802444934845,-0.0078818304464221,0.08793267607688904,0.04620039090514183,-0.013559038750827312,0.0830753892660141
302.6,COMPLETE,12,HOME_DESCENT,1.0,0.9082,141.6354,0.0,True,NORMAL,MONITOR,False,{},"[""uav2"", ""uav1"", ""uav0""]",limited,True,{},NONE,NORMAL,SAFE,1.0,IDLE,0.0,0.0,0.0,,,0.0,False,avoidance not required,,{},,,,,,,,,,,3,fleet initializing,3.278,14.261,0.109,0,0,0.0,0.0,[],0.05525551736354828,-0.027114056050777435,-0.051979076117277145,0.03336072713136673,-0.013202364556491375,-0.05034908279776573,0.05015047267079353,-0.021336983889341354,-0.04799104109406471
302.8,COMPLETE,12,HOME_DESCENT,1.0,0.9082,141.6354,0.0,True,NORMAL,MONITOR,False,{},"[""uav2"", ""uav1"", ""uav0""]",limited,True,{},NONE,NORMAL,SAFE,1.0,IDLE,0.0,0.0,0.0,,,0.0,False,avoidance not required,,{},,,,,,,,,,,3,fleet initializing,3.278,14.263,0.240,0,0,0.0,0.0,[],0.06139759719371796,-0.02795424871146679,-0.04146778956055641,0.035709213465452194,-0.019189869984984398,-0.23261244595050812,0.05551422759890556,-0.024925272911787033,-0.04121291637420654
303.0,COMPLETE,12,HOME_DESCENT,1.0,0.9082,141.6354,0.0,True,NORMAL,MONITOR,False,{},"[""uav2"", ""uav1"", ""uav0""]",limited,True,{},NONE,NORMAL,SAFE,1.0,IDLE,0.0,0.0,0.0,,,0.0,False,avoidance not required,,{},,,,,,,,,,,3,fleet initializing,3.280,14.262,0.415,0,0,0.0,0.0,[],0.06262128055095673,-0.02542247623205185,-0.03610910475254059,0.03802318125963211,-0.02188846655189991,-0.33894017338752747,0.05645337700843811,-0.02470577135682106,-0.03581956401467323
303.2,COMPLETE,12,HOME_DESCENT,1.0,0.908,141.6078,0.0,True,NORMAL,MONITOR,False,{},"[""uav2"", ""uav1"", ""uav0""]",limited,True,{},NONE,NORMAL,SAFE,1.0,IDLE,0.0,0.0,0.0,,,0.0,False,avoidance not required,,{},,,,,,,,,,,3,fleet initializing,3.289,14.261,0.521,0,0,0.0,0.0,[],0.06371760368347168,-0.026743005961179733,-0.02709026448428631,0.0427699089050293,-0.028364798054099083,0.2845969796180725,0.05495148152112961,-0.02733604796230793,-0.032240789383649826
303.4,RUNNING,12,HOME_DESCENT,1.0,0.908,141.6078,0.0,True,NORMAL,MONITOR,False,{},"[""uav2"", ""uav1"", ""uav0""]",limited,True,{},NONE,NORMAL,SAFE,1.0,IDLE,0.0,0.0,0.0,,,0.0,False,avoidance not required,,{},,,,,,,,,,,3,fleet initializing,3.294,14.264,0.221,0,0,0.0,0.0,[],0.06171266362071037,-0.024646393954753876,-0.019519533962011337,0.04390612989664078,-0.03132271394133568,0.3880969285964966,0.050795778632164,-0.026926487684249878,-0.02797871083021164
303.6,RUNNING,12,HOME_DESCENT,1.0,0.9079,141.5826,0.0,True,NORMAL,MONITOR,False,{},"[""uav2"", ""uav1"", ""uav0""]",limited,True,{},NONE,NORMAL,SAFE,1.0,IDLE,0.0,0.0,0.0,,,0.0,False,avoidance not required,,{},,,,,,,,,,,3,fleet initializing,3.307,14.267,0.216,0,0,0.0,0.0,[],0.06174655631184578,-0.026506783440709114,-0.011353769339621067,0.045879002660512924,-0.04292328655719757,0.425175279378891,0.054139573127031326,-0.029511671513319016,-0.02372935228049755
303.8,RUNNING,12,HOME_DESCENT,1.0,0.9079,141.5826,0.0,True,NORMAL,MONITOR,False,{},"[""uav2"", ""uav1"", ""uav0""]",limited,True,{},NONE,NORMAL,SAFE,1.0,IDLE,0.0,0.0,0.0,,,0.0,False,avoidance not required,,{},,,,,,,,,,,3,fleet initializing,3.313,14.266,0.253,0,0,0.0,0.0,[],0.058273762464523315,-0.025453999638557434,-0.004635521210730076,0.04528714343905449,-0.04796874523162842,0.36876195669174194,0.05293131619691849,-0.030217550694942474,-0.019962569698691368
304.0,RUNNING,12,HOME_DESCENT,1.0,0.9079,141.5826,0.0,True,NORMAL,MONITOR,False,{},"[""uav2"", ""uav1"", ""uav0""]",limited,True,{},NONE,NORMAL,SAFE,1.0,IDLE,0.0,0.0,0.0,,,0.0,False,avoidance not required,,{},,,,,,,,,,,3,fleet initializing,3.308,14.268,0.209,0,0,0.0,0.0,[],0.05533900484442711,-0.02912301756441593,0.0017851023003458977,0.04341084882616997,-0.05861194059252739,0.24611978232860565,0.05333809554576874,-0.03549857437610626,-0.014175952412188053
304.2,RUNNING,12,HOME_DESCENT,1.0,0.9078,141.5575,0.0,True,NORMAL,MONITOR,False,{},"[""uav2"", ""uav1"", ""uav0""]",limited,True,{},NONE,NORMAL,SAFE,1.0,IDLE,0.0,0.0,0.0,,,0.0,False,avoidance not required,,{},,,,,,,,,,,3,fleet initializing,3.297,14.271,0.204,0,0,0.0,0.0,[],0.05087071657180786,-0.02962181717157364,0.005335071589797735,0.04023401066660881,-0.0626366063952446,0.11026311665773392,0.05015808343887329,-0.039067164063453674,-0.010050574317574501
304.4,RUNNING,12,HOME_DESCENT,1.0,0.9078,141.5575,0.0,True,NORMAL,MONITOR,False,{},"[""uav2"", ""uav1"", ""uav0""]",limited,True,{},NONE,NORMAL,SAFE,1.0,IDLE,0.0,0.0,0.0,,,0.0,False,avoidance not required,,{},,,,,,,,,,,3,fleet initializing,3.291,14.276,0.200,0,0,0.0,0.0,[],0.054795943200588226,-0.03306656330823898,0.0054552373476326466,0.04150504991412163,-0.06754601001739502,0.023896705359220505,0.05221495404839516,-0.04177691787481308,-0.00806727260351181
304.6,RUNNING,12,HOME_DESCENT,1.0,0.9077,141.5325,0.0,True,NORMAL,MONITOR,False,{},"[""uav2"", ""uav1"", ""uav0""]",limited,True,{},NONE,NORMAL,SAFE,1.0,IDLE,0.0,0.0,0.0,,,0.0,False,avoidance not required,,{},,,,,,,,,,,3,fleet initializing,3.287,14.276,0.200,0,0,0.0,0.0,[],0.0552237331867218,-0.03402838855981827,0.0045973509550094604,0.03953814134001732,-0.06863988190889359,0.02813485823571682,0.05648689344525337,-0.04368221014738083,-0.011689504608511925
304.8,COMPLETE,12,HOME_DESCENT,1.0,0.9077,141.5325,0.0,True,NORMAL,MONITOR,False,{},"[""uav2"", ""uav1"", ""uav0""]",limited,True,{},NONE,NORMAL,SAFE,1.0,IDLE,0.0,0.0,0.0,,,0.0,False,avoidance not required,,{},,,,,,,,,,,3,fleet initializing,3.285,14.275,0.205,0,0,0.0,0.0,[],0.06059325858950615,-0.03491540998220444,0.004821457900106907,0.043081920593976974,-0.07333829998970032,0.029423076659440994,0.05751574784517288,-0.04562965780496597,-0.014493954367935658
305.0,COMPLETE,12,HOME_DESCENT,1.0,0.9077,141.5325,0.0,True,NORMAL,MONITOR,False,{},"[""uav2"", ""uav1"", ""uav0""]",limited,True,{},NONE,NORMAL,SAFE,1.0,IDLE,0.0,0.0,0.0,,,0.0,False,avoidance not required,,{},,,,,,,,,,,3,fleet initializing,3.283,14.275,0.208,0,0,0.0,0.0,[],0.0625370517373085,-0.034888628870248795,0.004432009533047676,0.04373617842793465,-0.07717401534318924,0.030616519972682,0.0612315908074379,-0.04654658958315849,-0.015189163386821747
305.2,COMPLETE,12,HOME_DESCENT,1.0,0.9075,141.5074,0.0,True,NORMAL,MONITOR,False,{},"[""uav2"", ""uav1"", ""uav0""]",limited,True,{},NONE,NORMAL,SAFE,1.0,IDLE,0.0,0.0,0.0,,,0.0,False,avoidance not required,,{},,,,,,,,,,,3,fleet initializing,3.282,14.273,0.210,0,0,0.0,0.0,[],0.06412433087825775,-0.03658294677734375,0.00256507215090096,0.04939534142613411,-0.08050346374511719,0.03137541189789772,0.062219537794589996,-0.0482449047267437,-0.01537699531763792
305.4,COMPLETE,12,HOME_DESCENT,1.0,0.9075,141.5074,0.0,True,NORMAL,MONITOR,False,{},"[""uav2"", ""uav1"", ""uav0""]",limited,True,{},NONE,NORMAL,SAFE,1.0,IDLE,0.0,0.0,0.0,,,0.0,False,avoidance not required,,{},,,,,,,,,,,3,fleet initializing,3.286,14.274,0.211,0,0,0.0,0.0,[],0.06613320857286453,-0.03658277913928032,-0.001084777875803411,0.05472797527909279,-0.08272133022546768,0.03161701560020447,0.06137057766318321,-0.04873659834265709,-0.01652468368411064
305.6,COMPLETE,12,HOME_DESCENT,1.0,0.9074,141.4824,0.0,True,NORMAL,MONITOR,False,{},"[""uav2"", ""uav1"", ""uav0""]",limited,True,{},NONE,NORMAL,SAFE,1.0,IDLE,0.0,0.0,0.0,,,0.0,False,avoidance not required,,{},,,,,,,,,,,3,fleet initializing,3.289,14.275,0.212,0,0,0.0,0.0,[],0.06626560539007187,-0.03601862117648125,-0.003957967273890972,0.056903764605522156,-0.08648882806301117,0.03198204189538956,0.059196773916482925,-0.05009336769580841,-0.01789315603673458
305.8,COMPLETE,12,HOME_DESCENT,1.0,0.9074,141.4824,0.0,True,NORMAL,MONITOR,False,{},"[""uav2"", ""uav1"", ""uav0""]",limited,True,{},NONE,NORMAL,SAFE,1.0,IDLE,0.0,0.0,0.0,,,0.0,False,avoidance not required,,{},,,,,,,,,,,3,fleet initializing,3.291,14.277,0.213,0,0,0.0,0.0,[],0.06763525307178497,-0.034907735884189606,-0.004221075214445591,0.05917132645845413,-0.08685816824436188,0.030145570635795593,0.05959112197160721,-0.05217518284916878,-0.023274503648281097
306.0,COMPLETE,12,HOME_DESCENT,1.0,0.9074,141.4824,0.0,True,NORMAL,MONITOR,False,{},"[""uav2"", ""uav1"", ""uav0""]",limited,True,{},NONE,NORMAL,SAFE,1.0,IDLE,0.0,0.0,0.0,,,0.0,False,avoidance not required,,{},,,,,,,,,,,3,fleet initializing,3.292,14.278,0.218,0,0,0.0,0.0,[],0.06802090257406235,-0.03378545865416527,-0.004820533562451601,0.06140318512916565,-0.08768036961555481,0.024026604369282722,0.058972086757421494,-0.054598286747932434,-0.0252603217959404
306.2,COMPLETE,12,HOME_DESCENT,1.0,0.9073,141.4574,0.0,True,NORMAL,MONITOR,False,{},"[""uav2"", ""uav1"", ""uav0""]",limited,True,{},NONE,NORMAL,SAFE,1.0,IDLE,0.0,0.0,0.0,,,0.0,False,avoidance not required,,{},,,,,,,,,,,3,fleet initializing,3.294,14.281,0.220,0,0,0.0,0.0,[],0.06883139163255692,-0.035014934837818146,-0.004439301323145628,0.06236732378602028,-0.09132323414087296,0.02059452049434185,0.059870265424251556,-0.05116278678178787,-0.025306712836027145
306.4,COMPLETE,12,HOME_DESCENT,1.0,0.9073,141.4574,0.0,True,NORMAL,MONITOR,False,{},"[""uav2"", ""uav1"", ""uav0""]",limited,True,{},NONE,NORMAL,SAFE,1.0,IDLE,0.0,0.0,0.0,,,0.0,False,avoidance not required,,{},,,,,,,,,,,3,fleet initializing,3.294,14.278,0.220,0,0,0.0,0.0,[],0.06932982802391052,-0.036859165877103806,-0.006808752194046974,0.061890412122011185,-0.09052444994449615,0.017657358199357986,0.06004158407449722,-0.04879036918282509,-0.023980166763067245
306.6,COMPLETE,12,HOME_DESCENT,1.0,0.9072,141.4323,0.0,True,NORMAL,MONITOR,False,{},"[""uav2"", ""uav1"", ""uav0""]",limited,True,{},NONE,NORMAL,SAFE,1.0,IDLE,0.0,0.0,0.0,,,0.0,False,avoidance not required,,{},,,,,,,,,,,3,fleet initializing,3.293,14.276,0.218,0,0,0.0,0.0,[],0.06905356049537659,-0.03797336295247078,-0.008229407481849194,0.06114596500992775,-0.09282225370407104,0.016107389703392982,0.059352416545152664,-0.048291102051734924,-0.02205260656774044
306.8,COMPLETE,12,HOME_DESCENT,1.0,0.9072,141.4323,0.0,True,NORMAL,MONITOR,False,{},"[""uav2"", ""uav1"", ""uav0""]",limited,True,{},NONE,NORMAL,SAFE,1.0,IDLE,0.0,0.0,0.0,,,0.0,False,avoidance not required,,{},,,,,,,,,,,3,fleet initializing,3.293,14.276,0.216,0,0,0.0,0.0,[],0.06927978992462158,-0.04167987033724785,-0.008111448958516121,0.0606875866651535,-0.09046192467212677,0.015441058203577995,0.05871358886361122,-0.04971393197774887,-0.018232950940728188
307.0,COMPLETE,12,HOME_DESCENT,1.0,0.9072,141.4323,0.0,True,NORMAL,MONITOR,False,{},"[""uav2"", ""uav1"", ""uav0""]",limited,True,{},NONE,NORMAL,SAFE,1.0,IDLE,0.0,0.0,0.0,,,0.0,False,avoidance not required,,{},,,,,,,,,,,3,fleet initializing,3.292,14.277,0.213,0,0,0.0,0.0,[],0.06873394548892975,-0.044334545731544495,-0.00854805950075388,0.06093136593699455,-0.08882665634155273,0.016920052468776703,0.05783099681138992,-0.05185762047767639,-0.01642392762005329
307.2,COMPLETE,12,HOME_DESCENT,1.0,0.907,141.4073,0.0,True,NORMAL,MONITOR,False,{},"[""uav2"", ""uav1"", ""uav0""]",limited,True,{},NONE,NORMAL,SAFE,1.0,IDLE,0.0,0.0,0.0,,,0.0,False,avoidance not required,,{},,,,,,,,,,,3,fleet initializing,3.293,14.279,0.211,0,0,0.0,0.0,[],0.06889394670724869,-0.047491248697042465,-0.0067764632403850555,0.06048773229122162,-0.09077201038599014,0.017328651621937752,0.0655364841222763,-0.05012063309550285,-0.015683984383940697
307.4,COMPLETE,12,HOME_DESCENT,1.0,0.907,141.4073,0.0,True,NORMAL,MONITOR,False,{},"[""uav2"", ""uav1"", ""uav0""]",limited,True,{},NONE,NORMAL,SAFE,1.0,IDLE,0.0,0.0,0.0,,,0.0,False,avoidance not required,,{},,,,,,,,,,,3,fleet initializing,3.292,14.273,0.212,0,0,0.0,0.0,[],0.06834541261196136,-0.04993925988674164,-0.006826591212302446,0.0608045794069767,-0.08718463033437729,0.01698288694024086,0.07025550305843353,-0.050241295248270035,-0.015390941873192787
307.6,COMPLETE,12,HOME_DESCENT,1.0,0.9069,141.3822,0.0,True,NORMAL,MONITOR,False,{},"[""uav2"", ""uav1"", ""uav0""]",limited,True,{},NONE,NORMAL,SAFE,1.0,IDLE,0.0,0.0,0.0,,,0.0,False,avoidance not required,,{},,,,,,,,,,,3,fleet initializing,3.293,14.270,0.214,0,0,0.0,0.0,[],0.06845461577177048,-0.05007018893957138,-0.004124095663428307,0.060679469257593155,-0.08753848075866699,0.01615002378821373,0.07059600204229355,-0.05076465755701065,-0.016058441251516342
307.8,COMPLETE,12,HOME_DESCENT,1.0,0.9069,141.3822,0.0,True,NORMAL,MONITOR,False,{},"[""uav2"", ""uav1"", ""uav0""]",limited,True,{},NONE,NORMAL,SAFE,1.0,IDLE,0.0,0.0,0.0,,,0.0,False,avoidance not required,,{},,,,,,,,,,,3,fleet initializing,3.293,14.270,0.214,0,0,0.0,0.0,[],0.06831371039152145,-0.05073662847280502,-0.004234996158629656,0.061052024364471436,-0.08489888906478882,0.012234787456691265,0.06938517093658447,-0.050534334033727646,-0.013103639706969261
308.0,COMPLETE,12,HOME_DESCENT,1.0,0.9069,141.3822,0.0,True,NORMAL,MONITOR,False,{},"[""uav2"", ""uav1"", ""uav0""]",limited,True,{},NONE,NORMAL,SAFE,1.0,IDLE,0.0,0.0,0.0,,,0.0,False,avoidance not required,,{},,,,,,,,,,,3,fleet initializing,3.293,14.270,0.211,0,0,0.0,0.0,[],0.07082497328519821,-0.05078219994902611,-0.006874916609376669,0.06072288006544113,-0.08546407520771027,0.0090833380818367,0.06861687451601028,-0.05142572894692421,-0.013190302066504955
308.2,COMPLETE,12,HOME_DESCENT,1.0,0.9068,141.3572,0.0,True,NORMAL,MONITOR,False,{},"[""uav2"", ""uav1"", ""uav0""]",limited,True,{},NONE,NORMAL,SAFE,1.0,IDLE,0.0,0.0,0.0,,,0.0,False,avoidance not required,,{},,,,,,,,,,,3,fleet initializing,3.290,14.272,0.211,0,0,0.0,0.0,[],0.07183954864740372,-0.05185995250940323,-0.009015978313982487,0.05699442699551582,-0.0833733081817627,0.005019516684114933,0.0692608654499054,-0.05140845477581024,-0.015833115205168724
308.4,COMPLETE,12,HOME_DESCENT,1.0,0.9068,141.3572,0.0,True,NORMAL,MONITOR,False,{},"[""uav2"", ""uav1"", ""uav0""]",limited,True,{},NONE,NORMAL,SAFE,1.0,IDLE,0.0,0.0,0.0,,,0.0,False,avoidance not required,,{},,,,,,,,,,,3,fleet initializing,3.285,14.271,0.214,0,0,0.0,0.0,[],0.07166260480880737,-0.051408350467681885,-0.008466900326311588,0.05399024114012718,-0.08476021140813828,0.0014056945219635963,0.06932380050420761,-0.05286993458867073,-0.017489366233348846
308.6,COMPLETE,12,HOME_DESCENT,1.0,0.9067,141.3321,0.0,True,NORMAL,MONITOR,False,{},"[""uav2"", ""uav1"", ""uav0""]",limited,True,{},NONE,NORMAL,SAFE,1.0,IDLE,0.0,0.0,0.0,,,0.0,False,avoidance not required,,{},,,,,,,,,,,3,fleet initializing,3.283,14.272,0.216,0,0,0.0,0.0,[],0.0706854909658432,-0.052396975457668304,-0.009617982432246208,0.053590450435876846,-0.08296632021665573,-0.000607435533311218,0.06746614724397659,-0.054376114159822464,-0.0165543295443058
308.8,COMPLETE,12,HOME_DESCENT,1.0,0.9067,141.3321,0.0,True,NORMAL,MONITOR,False,{},"[""uav2"", ""uav1"", ""uav0""]",limited,True,{},NONE,NORMAL,SAFE,1.0,IDLE,0.0,0.0,0.0,,,0.0,False,avoidance not required,,{},,,,,,,,,,,3,fleet initializing,3.283,14.274,0.215,0,0,0.0,0.0,[],0.07213719189167023,-0.05219423770904541,-0.011200631968677044,0.05200577899813652,-0.08437130600214005,-0.0033913797233253717,0.06541667133569717,-0.05682776868343353,-0.016548845916986465
309.0,COMPLETE,12,HOME_DESCENT,1.0,0.9067,141.3321,0.0,True,NORMAL,MONITOR,False,{},"[""uav2"", ""uav1"", ""uav0""]",limited,True,{},NONE,NORMAL,SAFE,1.0,IDLE,0.0,0.0,0.0,,,0.0,False,avoidance not required,,{},,,,,,,,,,,3,fleet initializing,3.280,14.278,0.215,0,0,0.0,0.0,[],0.07212862372398376,-0.05329612269997597,-0.013888789340853691,0.05045420303940773,-0.08039823174476624,-0.0067237322218716145,0.06375184655189514,-0.05513935536146164,-0.015313118696212769
309.2,COMPLETE,12,HOME_DESCENT,1.0,0.9065,141.307,0.0,True,NORMAL,MONITOR,False,{},"[""uav2"", ""uav1"", ""uav0""]",limited,True,{},NONE,NORMAL,SAFE,1.0,IDLE,0.0,0.0,0.0,,,0.0,False,avoidance not required,,{},,,,,,,,,,,3,fleet initializing,3.278,14.278,0.214,0,0,0.0,0.0,[],0.07279659062623978,-0.05323006212711334,-0.01502933632582426,0.04754867032170296,-0.08018742501735687,-0.011238466948270798,0.06179409474134445,-0.05564292147755623,-0.016547678038477898
309.4,COMPLETE,12,HOME_DESCENT,1.0,0.9065,141.307,0.0,True,NORMAL,MONITOR,False,{},"[""uav2"", ""uav1"", ""uav0""]",limited,True,{},NONE,NORMAL,SAFE,1.0,IDLE,0.0,0.0,0.0,,,0.0,False,avoidance not required,,{},,,,,,,,,,,3,fleet initializing,3.275,14.279,0.215,0,0,0.0,0.0,[],0.07219197601079941,-0.054683566093444824,-0.01606196165084839,0.044827137142419815,-0.07870376110076904,-0.016487326472997665,0.05943094938993454,-0.05479728430509567,-0.01650116592645645
309.6,COMPLETE,12,HOME_DESCENT,1.0,0.9064,141.282,0.0,True,NORMAL,MONITOR,False,{},"[""uav2"", ""uav1"", ""uav0""]",limited,True,{},NONE,NORMAL,SAFE,1.0,IDLE,0.0,0.0,0.0,,,0.0,False,avoidance not required,,{},,,,,,,,,,,3,fleet initializing,3.273,14.280,0.216,0,0,0.0,0.0,[],0.07453510910272598,-0.05436129868030548,-0.01955483853816986,0.04135019704699516,-0.08008955419063568,-0.02137104794383049,0.05788027122616768,-0.051974792033433914,-0.01434137299656868
309.8,COMPLETE,12,HOME_DESCENT,1.0,0.9064,141.282,0.0,True,NORMAL,MONITOR,False,{},"[""uav2"", ""uav1"", ""uav0""]",limited,True,{},NONE,NORMAL,SAFE,1.0,IDLE,0.0,0.0,0.0,,,0.0,False,avoidance not required,,{},,,,,,,,,,,3,fleet initializing,3.267,14.280,0.221,0,0,0.0,0.0,[],0.07509718835353851,-0.0560297928750515,-0.023938750848174095,0.04308541864156723,-0.07868146896362305,-0.02101876586675644,0.055875107645988464,-0.05199592560529709,-0.013561542145907879
310.0,COMPLETE,12,HOME_DESCENT,1.0,0.9064,141.282,0.0,True,NORMAL,MONITOR,False,{},"[""uav2"", ""uav1"", ""uav0""]",limited,True,{},NONE,NORMAL,SAFE,1.0,IDLE,0.0,0.0,0.0,,,0.0,False,avoidance not required,,{},,,,,,,,,,,3,fleet initializing,3.268,14.281,0.224,0,0,0.0,0.0,[],0.0754895880818367,-0.057558950036764145,-0.02905191294848919,0.042178645730018616,-0.07995738089084625,-0.021716173738241196,0.05676126852631569,-0.051631342619657516,-0.017855655401945114
310.2,COMPLETE,12,HOME_DESCENT,1.0,0.9063,141.2569,0.0,True,NORMAL,MONITOR,False,{},"[""uav2"", ""uav1"", ""uav0""]",limited,True,{},NONE,NORMAL,SAFE,1.0,IDLE,0.0,0.0,0.0,,,0.0,False,avoidance not required,,{},,,,,,,,,,,3,fleet initializing,3.267,14.280,0.230,0,0,0.0,0.0,[],0.07469514012336731,-0.06010455638170242,-0.03119080327451229,0.04546361044049263,-0.07887972146272659,-0.023293228819966316,0.0562763512134552,-0.05326548218727112,-0.02072913572192192
310.4,COMPLETE,12,HOME_DESCENT,1.0,0.9063,141.2569,0.0,True,NORMAL,MONITOR,False,{},"[""uav2"", ""uav1"", ""uav0""]",limited,True,{},NONE,NORMAL,SAFE,1.0,IDLE,0.0,0.0,0.0,,,0.0,False,avoidance not required,,{},,,,,,,,,,,3,fleet initializing,3.271,14.282,0.232,0,0,0.0,0.0,[],0.07443910092115402,-0.0595976822078228,-0.027992192655801773,0.05110738426446915,-0.08132881671190262,-0.02518773265182972,0.056166984140872955,-0.053196199238300323,-0.020474383607506752
310.6,COMPLETE,12,HOME_DESCENT,1.0,0.9062,141.2319,0.0,True,NORMAL,MONITOR,False,{},"[""uav2"", ""uav1"", ""uav0""]",limited,True,{},NONE,NORMAL,SAFE,1.0,IDLE,0.0,0.0,0.0,,,0.0,False,avoidance not required,,{},,,,,,,,,,,3,fleet initializing,3.277,14.282,0.229,0,0,0.0,0.0,[],0.0732070729136467,-0.061496276408433914,-0.028368422761559486,0.05286937579512596,-0.08489669114351273,-0.026698840782046318,0.05489961802959442,-0.05470045655965805,-0.022949500009417534
310.8,COMPLETE,12,HOME_DESCENT,1.0,0.9062,141.2319,0.0,True,NORMAL,MONITOR,False,{},"[""uav2"", ""uav1"", ""uav0""]",limited,True,{},NONE,NORMAL,SAFE,1.0,IDLE,0.0,0.0,0.0,,,0.0,False,avoidance not required,,{},,,,,,,,,,,3,fleet initializing,3.280,14.284,0.230,0,0,0.0,0.0,[],0.07357922941446304,-0.06571247428655624,-0.030428709462285042,0.05542588233947754,-0.08279429376125336,-0.02843042090535164,0.05244900658726692,-0.054522592574357986,-0.020484525710344315
311.0,COMPLETE,12,HOME_DESCENT,1.0,0.9062,141.2319,0.0,True,NORMAL,MONITOR,False,{},"[""uav2"", ""uav1"", ""uav0""]",limited,True,{},NONE,NORMAL,SAFE,1.0,IDLE,0.0,0.0,0.0,,,0.0,False,avoidance not required,,{},,,,,,,,,,,3,fleet initializing,3.282,14.285,0.232,0,0,0.0,0.0,[],0.07686270773410797,-0.06609901785850525,-0.033049967139959335,0.0555068664252758,-0.0839887484908104,-0.032045695930719376,0.04989176616072655,-0.05589700862765312,-0.021372521296143532
311.2,COMPLETE,12,HOME_DESCENT,1.0,0.906,141.2068,0.0,True,NORMAL,MONITOR,False,{},"[""uav2"", ""uav1"", ""uav0""]",limited,True,{},NONE,NORMAL,SAFE,1.0,IDLE,0.0,0.0,0.0,,,0.0,False,avoidance not required,,{},,,,,,,,,,,3,fleet initializing,3.279,14.288,0.236,0,0,0.0,0.0,[],0.07814886420965195,-0.06810248643159866,-0.03691999614238739,0.056948982179164886,-0.08864911645650864,-0.03577925264835358,0.05337287858128548,-0.055329155176877975,-0.0235211830586195
311.4,COMPLETE,12,HOME_DESCENT,1.0,0.906,141.2068,0.0,True,NORMAL,MONITOR,False,{},"[""uav2"", ""uav1"", ""uav0""]",limited,True,{},NONE,NORMAL,SAFE,1.0,IDLE,0.0,0.0,0.0,,,0.0,False,avoidance not required,,{},,,,,,,,,,,3,fleet initializing,3.279,14.285,0.240,0,0,0.0,0.0,[],0.07858046144247055,-0.07195188850164413,-0.03838105872273445,0.05665510520339012,-0.0933498740196228,-0.041019804775714874,0.05516544356942177,-0.05544319376349449,-0.026310065761208534
311.6,COMPLETE,12,HOME_DESCENT,1.0,0.9059,141.1817,0.0,True,NORMAL,MONITOR,False,{},"[""uav2"", ""uav1"", ""uav0""]",limited,True,{},NONE,NORMAL,SAFE,1.0,IDLE,0.0,0.0,0.0,,,0.0,False,avoidance not required,,{},,,,,,,,,,,3,fleet initializing,3.278,14.284,0.247,0,0,0.0,0.0,[],0.07831347733736038,-0.07530096918344498,-0.04041974991559982,0.057857003062963486,-0.09346048533916473,-0.03941265866160393,0.0611826628446579,-0.0530092753469944,-0.026479139924049377
311.8,COMPLETE,12,HOME_DESCENT,1.0,0.9059,141.1817,0.0,True,NORMAL,MONITOR,False,{},"[""uav2"", ""uav1"", ""uav0""]",limited,True,{},NONE,NORMAL,SAFE,1.0,IDLE,0.0,0.0,0.0,,,0.0,False,avoidance not required,,{},,,,,,,,,,,3,fleet initializing,3.280,14.278,0.246,0,0,0.0,0.0,[],0.07791696488857269,-0.07454604655504227,-0.03933654725551605,0.057753317058086395,-0.09468726068735123,-0.0405309796333313,0.06423626840114594,-0.05223369225859642,-0.02862454392015934
312.0,COMPLETE,12,HOME_DESCENT,1.0,0.9059,141.1817,0.0,True,NORMAL,MONITOR,False,{},"[""uav2"", ""uav1"", ""uav0""]",limited,True,{},NONE,NORMAL,SAFE,1.0,IDLE,0.0,0.0,0.0,,,0.0,False,avoidance not required,,{},,,,,,,,,,,3,fleet initializing,3.280,14.275,0.247,0,0,0.0,0.0,[],0.0770016685128212,-0.07511822134256363,-0.04095316678285599,0.0633259192109108,-0.0912306010723114,-0.04330311715602875,0.06501021236181259,-0.05169243365526199,-0.033287372440099716
312.2,COMPLETE,12,HOME_DESCENT,1.0,0.9058,141.1566,0.0,True,NORMAL,MONITOR,False,{},"[""uav2"", ""uav1"", ""uav0""]",limited,True,{},NONE,NORMAL,SAFE,1.0,IDLE,0.0,0.0,0.0,,,0.0,False,avoidance not required,,{},,,,,,,,,,,3,fleet initializing,3.286,14.274,0.249,0,0,0.0,0.0,[],0.07482556998729706,-0.07391124218702316,-0.04567345604300499,0.06568387150764465,-0.0906628668308258,-0.04649350792169571,0.06487707048654556,-0.05191326513886452,-0.0366634726524353
312.4,COMPLETE,12,HOME_DESCENT,1.0,0.9058,141.1566,0.0,True,NORMAL,MONITOR,False,{},"[""uav2"", ""uav1"", ""uav0""]",limited,True,{},NONE,NORMAL,SAFE,1.0,IDLE,0.0,0.0,0.0,,,0.0,False,avoidance not required,,{},,,,,,,,,,,3,fleet initializing,3.291,14.275,0.253,0,0,0.0,0.0,[],0.07299945503473282,-0.07462266832590103,-0.049136124551296234,0.06757462024688721,-0.08839911967515945,-0.04638270288705826,0.06083233281970024,-0.05202976614236832,-0.035803817212581635
312.6,COMPLETE,12,HOME_DESCENT,1.0,0.9057,141.1315,0.0,True,NORMAL,MONITOR,False,{},"[""uav2"", ""uav1"", ""uav0""]",limited,True,{},NONE,NORMAL,SAFE,1.0,IDLE,0.0,0.0,0.0,,,0.0,False,avoidance not required,,{},,,,,,,,,,,3,fleet initializing,3.293,14.277,0.252,0,0,0.0,0.0,[],0.07227109372615814,-0.07260631769895554,-0.04589163139462471,0.06800056248903275,-0.08831148594617844,-0.04889148473739624,0.05766899883747101,-0.05304206162691116,-0.036990974098443985
312.8,COMPLETE,12,HOME_DESCENT,1.0,0.9057,141.1315,0.0,True,NORMAL,MONITOR,False,{},"[""uav2"", ""uav1"", ""uav0""]",limited,True,{},NONE,NORMAL,SAFE,1.0,IDLE,0.0,0.0,0.0,,,0.0,False,avoidance not required,,{},,,,,,,,,,,3,fleet initializing,3.290,14.280,0.255,0,0,0.0,0.0,[],0.0714869424700737,-0.07257316261529922,-0.04555957019329071,0.06516949087381363,-0.08722510188817978,-0.04711012914776802,0.05445706099271774,-0.05334595963358879,-0.03981425240635872
313.0,COMPLETE,12,HOME_DESCENT,1.0,0.9057,141.1315,0.0,True,NORMAL,MONITOR,False,{},"[""uav2"", ""uav1"", ""uav0""]",limited,True,{},NONE,NORMAL,SAFE,1.0,IDLE,0.0,0.0,0.0,,,0.0,False,avoidance not required,,{},,,,,,,,,,,3,fleet initializing,3.289,14.283,0.252,0,0,0.0,0.0,[],0.073060542345047,-0.07041359692811966,-0.04656364396214485,0.06282168626785278,-0.08843210339546204,-0.04754709452390671,0.0512680746614933,-0.054115332663059235,-0.03985803574323654
313.2,COMPLETE,12,HOME_DESCENT,1.0,0.9055,141.1064,0.0,True,NORMAL,MONITOR,False,{},"[""uav2"", ""uav1"", ""uav0""]",limited,True,{},NONE,NORMAL,SAFE,1.0,IDLE,0.0,0.0,0.0,,,0.0,False,avoidance not required,,{},,,,,,,,,,,3,fleet initializing,3.289,14.286,0.252,0,0,0.0,0.0,[],0.07340974360704422,-0.0701729878783226,-0.04987692832946777,0.06396114081144333,-0.0926658883690834,-0.04808864742517471,0.04845244809985161,-0.05559021234512329,-0.04258726164698601
313.4,COMPLETE,12,HOME_DESCENT,1.0,0.9055,141.1064,0.0,True,NORMAL,MONITOR,False,{},"[""uav2"", ""uav1"", ""uav0""]",limited,True,{},NONE,NORMAL,SAFE,1.0,IDLE,0.0,0.0,0.0,,,0.0,False,avoidance not required,,{},,,,,,,,,,,3,fleet initializing,3.285,14.289,0.254,0,0,0.0,0.0,[],0.07322736084461212,-0.06762326508760452,-0.04874812439084053,0.06381800770759583,-0.0962262824177742,-0.05198528990149498,0.04615102708339691,-0.05906040966510773,-0.04206867888569832
313.6,COMPLETE,12,HOME_DESCENT,1.0,0.9054,141.0813,0.0,True,NORMAL,MONITOR,False,{},"[""uav2"", ""uav1"", ""uav0""]",limited,True,{},NONE,NORMAL,SAFE,1.0,IDLE,0.0,0.0,0.0,,,0.0,False,avoidance not required,,{},,,,,,,,,,,3,fleet initializing,3.283,14.293,0.259,0,0,0.0,0.0,[],0.07249615341424942,-0.06697478890419006,-0.05041153356432915,0.06266632676124573,-0.09221599251031876,-0.056897614151239395,0.043811995536088943,-0.06163758039474487,-0.04455646872520447
313.8,COMPLETE,12,HOME_DESCENT,1.0,0.9054,141.0813,0.0,True,NORMAL,MONITOR,False,{},"[""uav2"", ""uav1"", ""uav0""]",limited,True,{},NONE,NORMAL,SAFE,1.0,IDLE,0.0,0.0,0.0,,,0.0,False,avoidance not required,,{},,,,,,,,,,,3,fleet initializing,3.281,14.296,0.262,0,0,0.0,0.0,[],0.07357969135046005,-0.06540320068597794,-0.048831239342689514,0.061129458248615265,-0.09061115235090256,-0.0626399889588356,0.044815801084041595,-0.06461307406425476,-0.044039785861968994
314.0,COMPLETE,12,HOME_DESCENT,1.0,0.9054,141.0813,0.0,True,NORMAL,MONITOR,False,{},"[""uav2"", ""uav1"", ""uav0""]",limited,True,{},NONE,NORMAL,SAFE,1.0,IDLE,0.0,0.0,0.0,,,0.0,False,avoidance not required,,{},,,,,,,,,,,3,fleet initializing,3.284,14.298,0.266,0,0,0.0,0.0,[],0.07361417263746262,-0.06488674879074097,-0.0492769293487072,0.06303098797798157,-0.08642210811376572,-0.06446360051631927,0.04457760974764824,-0.06698893755674362,-0.045257631689310074
314.2,COMPLETE,12,HOME_DESCENT,1.0,0.9053,141.0562,0.0,True,NORMAL,MONITOR,False,{},"[""uav2"", ""uav1"", ""uav0""]",limited,True,{},NONE,NORMAL,SAFE,1.0,IDLE,0.0,0.0,0.0,,,0.0,False,avoidance not required,,{},,,,,,,,,,,3,fleet initializing,3.282,14.300,0.267,0,0,0.0,0.0,[],0.07745972275733948,-0.0624086931347847,-0.04215076565742493,0.06305550038814545,-0.08438432216644287,-0.06790641695261002,0.04738599434494972,-0.06755916029214859,-0.04018006846308708
314.4,COMPLETE,12,HOME_DESCENT,1.0,0.9053,141.0562,0.0,True,NORMAL,MONITOR,False,{},"[""uav2"", ""uav1"", ""uav0""]",limited,True,{},NONE,NORMAL,SAFE,1.0,IDLE,0.0,0.0,0.0,,,0.0,False,avoidance not required,,{},,,,,,,,,,,3,fleet initializing,3.284,14.298,0.269,0,0,0.0,0.0,[],0.0795908197760582,-0.0584222786128521,-0.0376896969974041,0.06373417377471924,-0.08062630891799927,-0.06665373593568802,0.05223409831523895,-0.0667128786444664,-0.03247564658522606
314.6,COMPLETE,12,HOME_DESCENT,1.0,0.9052,141.031,0.0,True,NORMAL,MONITOR,False,{},"[""uav2"", ""uav1"", ""uav0""]",limited,True,{},NONE,NORMAL,SAFE,1.0,IDLE,0.0,0.0,0.0,,,0.0,False,avoidance not required,,{},,,,,,,,,,,3,fleet initializing,3.284,14.294,0.267,0,0,0.0,0.0,[],0.08053918182849884,-0.055926498025655746,-0.036580052226781845,0.06345584988594055,-0.0784694030880928,-0.0672684833407402,0.054655589163303375,-0.06633520871400833,-0.03113320656120777
314.8,COMPLETE,12,HOME_DESCENT,1.0,0.9052,141.031,0.0,True,NORMAL,MONITOR,False,{},"[""uav2"", ""uav1"", ""uav0""]",limited,True,{},NONE,NORMAL,SAFE,1.0,IDLE,0.0,0.0,0.0,,,0.0,False,avoidance not required,,{},,,,,,,,,,,3,fleet initializing,3.283,14.292,0.267,0,0,0.0,0.0,[],0.08073899149894714,-0.05411910638213158,-0.030929289758205414,0.06426101177930832,-0.07901350408792496,-0.06297582387924194,0.05455046892166138,-0.06496094167232513,-0.03301813080906868
315.0,COMPLETE,12,HOME_DESCENT,1.0,0.9052,141.031,0.0,True,NORMAL,MONITOR,False,{},"[""uav2"", ""uav1"", ""uav0""]",limited,True,{},NONE,NORMAL,SAFE,1.0,IDLE,0.0,0.0,0.0,,,0.0,False,avoidance not required,,{},,,,,,,,,,,3,fleet initializing,3.284,14.291,0.263,0,0,0.0,0.0,[],0.08030983805656433,-0.05317915230989456,-0.027577096596360207,0.06415626406669617,-0.07896622270345688,-0.06182326003909111,0.054512493312358856,-0.06169438362121582,-0.033508650958538055
315.2,COMPLETE,12,HOME_DESCENT,1.0,0.905,141.0059,0.0,True,NORMAL,MONITOR,False,{},"[""uav2"", ""uav1"", ""uav0""]",limited,True,{},NONE,NORMAL,SAFE,1.0,IDLE,0.0,0.0,0.0,,,0.0,False,avoidance not required,,{},,,,,,,,,,,3,fleet initializing,3.284,14.289,0.262,0,0,0.0,0.0,[],0.08021567761898041,-0.05244956538081169,-0.02736743912100792,0.06465008854866028,-0.07900978624820709,-0.05460359901189804,0.053993482142686844,-0.0595739521086216,-0.03630690276622772
315.4,COMPLETE,12,HOME_DESCENT,1.0,0.905,141.0059,0.0,True,NORMAL,MONITOR,False,{},"[""uav2"", ""uav1"", ""uav0""]",limited,True,{},NONE,NORMAL,SAFE,1.0,IDLE,0.0,0.0,0.0,,,0.0,False,avoidance not required,,{},,,,,,,,,,,3,fleet initializing,3.285,14.288,0.256,0,0,0.0,0.0,[],0.08145158737897873,-0.0549904927611351,-0.02438577450811863,0.0644286572933197,-0.07859691977500916,-0.052848171442747116,0.05256158486008644,-0.05792797729372978,-0.035298414528369904
315.6,COMPLETE,12,HOME_DESCENT,1.0,0.9049,140.9808,0.0,True,NORMAL,MONITOR,False,{},"[""uav2"", ""uav1"", ""uav0""]",limited,True,{},NONE,NORMAL,SAFE,1.0,IDLE,0.0,0.0,0.0,,,0.0,False,avoidance not required,,{},,,,,,,,,,,3,fleet initializing,3.283,14.287,0.254,0,0,0.0,0.0,[],0.08215763419866562,-0.05542443320155144,-0.02576293982565403,0.06504231691360474,-0.07814449071884155,-0.05043793469667435,0.051527053117752075,-0.05631237104535103,-0.03802064061164856
315.8,COMPLETE,12,HOME_DESCENT,1.0,0.9049,140.9808,0.0,True,NORMAL,MONITOR,False,{},"[""uav2"", ""uav1"", ""uav0""]",limited,True,{},NONE,NORMAL,SAFE,1.0,IDLE,0.0,0.0,0.0,,,0.0,False,avoidance not required,,{},,,,,,,,,,,3,fleet initializing,3.283,14.287,0.252,0,0,0.0,0.0,[],0.0816793367266655,-0.0518358014523983,-0.02397025376558304,0.0651029571890831,-0.07698731124401093,-0.051502764225006104,0.05287111550569534,-0.05546308308839798,-0.04038330167531967
316.0,COMPLETE,12,HOME_DESCENT,1.0,0.9049,140.9808,0.0,True,NORMAL,MONITOR,False,{},"[""uav2"", ""uav1"", ""uav0""]",limited,True,{},NONE,NORMAL,SAFE,1.0,IDLE,0.0,0.0,0.0,,,0.0,False,avoidance not required,,{},,,,,,,,,,,3,fleet initializing,3.284,14.286,0.253,0,0,0.0,0.0,[],0.081429123878479,-0.04889117553830147,-0.023804858326911926,0.0655812919139862,-0.07495348900556564,-0.0496310256421566,0.053473152220249176,-0.053575385361909866,-0.04385870695114136
316.2,COMPLETE,12,HOME_DESCENT,1.0,0.9048,140.9557,0.0,True,NORMAL,MONITOR,False,{},"[""uav2"", ""uav1"", ""uav0""]",limited,True,{},NONE,NORMAL,SAFE,1.0,IDLE,0.0,0.0,0.0,,,0.0,False,avoidance not required,,{},,,,,,,,,,,3,fleet initializing,3.284,14.284,0.250,0,0,0.0,0.0,[],0.08065098524093628,-0.04752889275550842,-0.02052711322903633,0.06545078009366989,-0.07253299653530121,-0.051586732268333435,0.05376102775335312,-0.04948985204100609,-0.040100932121276855
316.4,COMPLETE,12,HOME_DESCENT,1.0,0.9048,140.9557,0.0,True,NORMAL,MONITOR,False,{},"[""uav2"", ""uav1"", ""uav0""]",limited,True,{},NONE,NORMAL,SAFE,1.0,IDLE,0.0,0.0,0.0,,,0.0,False,avoidance not required,,{},,,,,,,,,,,3,fleet initializing,3.285,14.281,0.251,0,0,0.0,0.0,[],0.08031483739614487,-0.045616790652275085,-0.02196953073143959,0.06384439766407013,-0.07149502635002136,-0.050409361720085144,0.053966935724020004,-0.04738495871424675,-0.03506815433502197
316.6,COMPLETE,12,HOME_DESCENT,1.0,0.9047,140.9306,0.0,True,NORMAL,MONITOR,False,{},"[""uav2"", ""uav1"", ""uav0""]",limited,True,{},NONE,NORMAL,SAFE,1.0,IDLE,0.0,0.0,0.0,,,0.0,False,avoidance not required,,{},,,,,,,,,,,3,fleet initializing,3.284,14.279,0.250,0,0,0.0,0.0,[],0.0799742341041565,-0.04493017867207527,-0.019701039418578148,0.062303632497787476,-0.06955370306968689,-0.05122286453843117,0.053895317018032074,-0.04491085186600685,-0.036027416586875916
316.8,COMPLETE,12,HOME_DESCENT,1.0,0.9047,140.9306,0.0,True,NORMAL,MONITOR,False,{},"[""uav2"", ""uav1"", ""uav0""]",limited,True,{},NONE,NORMAL,SAFE,1.0,IDLE,0.0,0.0,0.0,,,0.0,False,avoidance not required,,{},,,,,,,,,,,3,fleet initializing,3.283,14.277,0.249,0,0,0.0,0.0,[],0.07977071404457092,-0.04331277683377266,-0.021484918892383575,0.06294780969619751,-0.06814568489789963,-0.04974163696169853,0.05096149072051048,-0.04552906006574631,-0.0352272130548954
317.0,COMPLETE,12,HOME_DESCENT,1.0,0.9047,140.9306,0.0,True,NORMAL,MONITOR,False,{},"[""uav2"", ""uav1"", ""uav0""]",limited,True,{},NONE,NORMAL,SAFE,1.0,IDLE,0.0,0.0,0.0,,,0.0,False,avoidance not required,,{},,,,,,,,,,,3,fleet initializing,3.283,14.280,0.248,0,0,0.0,0.0,[],0.07939089834690094,-0.04141382500529289,-0.015625638887286186,0.06315431743860245,-0.06564056128263474,-0.05225832387804985,0.04871565103530884,-0.04476261883974075,-0.03866998851299286
317.2,COMPLETE,12,HOME_DESCENT,1.0,0.9045,140.9054,0.0,True,NORMAL,MONITOR,False,{},"[""uav2"", ""uav1"", ""uav0""]",limited,True,{},NONE,NORMAL,SAFE,1.0,IDLE,0.0,0.0,0.0,,,0.0,False,avoidance not required,,{},,,,,,,,,,,3,fleet initializing,3.279,14.287,0.250,0,0,0.0,0.0,[],0.07948678731918335,-0.039427127689123154,-0.013846280053257942,0.06404561549425125,-0.06261243671178818,-0.053165044635534286,0.04326299950480461,-0.04793950170278549,-0.037373315542936325
317.4,COMPLETE,12,HOME_DESCENT,1.0,0.9045,140.9054,0.0,True,NORMAL,MONITOR,False,{},"[""uav2"", ""uav1"", ""uav0""]",limited,True,{},NONE,NORMAL,SAFE,1.0,IDLE,0.0,0.0,0.0,,,0.0,False,avoidance not required,,{},,,,,,,,,,,3,fleet initializing,3.279,14.287,0.250,0,0,0.0,0.0,[],0.08060108125209808,-0.04041499271988869,-0.010890621691942215,0.06422142684459686,-0.05906444787979126,-0.056287914514541626,0.039618637412786484,-0.04914739355444908,-0.03878015652298927
317.6,COMPLETE,12,HOME_DESCENT,1.0,0.9044,140.8803,0.0,True,NORMAL,MONITOR,False,{},"[""uav2"", ""uav1"", ""uav0""]",limited,True,{},NONE,NORMAL,SAFE,1.0,IDLE,0.0,0.0,0.0,,,0.0,False,avoidance not required,,{},,,,,,,,,,,3,fleet initializing,3.275,14.291,0.252,0,0,0.0,0.0,[],0.07781229168176651,-0.04305562749505043,-0.01056769397109747,0.06469323486089706,-0.058222200721502304,-0.05490026995539665,0.039165426045656204,-0.05207975208759308,-0.039669983088970184
317.8,COMPLETE,12,HOME_DESCENT,1.0,0.9044,140.8803,0.0,True,NORMAL,MONITOR,False,{},"[""uav2"", ""uav1"", ""uav0""]",limited,True,{},NONE,NORMAL,SAFE,1.0,IDLE,0.0,0.0,0.0,,,0.0,False,avoidance not required,,{},,,,,,,,,,,3,fleet initializing,3.274,14.294,0.253,0,0,0.0,0.0,[],0.07606246322393417,-0.043471403419971466,-0.013329423032701015,0.06493328511714935,-0.05624094232916832,-0.05827583000063896,0.03850486874580383,-0.05299215763807297,-0.04563324153423309
318.0,COMPLETE,12,HOME_DESCENT,1.0,0.9044,140.8803,0.0,True,NORMAL,MONITOR,False,{},"[""uav2"", ""uav1"", ""uav0""]",limited,True,{},NONE,NORMAL,SAFE,1.0,IDLE,0.0,0.0,0.0,,,0.0,False,avoidance not required,,{},,,,,,,,,,,3,fleet initializing,3.274,14.294,0.253,0,0,0.0,0.0,[],0.07357288897037506,-0.04303991049528122,-0.014289851300418377,0.0655563622713089,-0.0577411912381649,-0.05993042141199112,0.03593491390347481,-0.05225763097405434,-0.05195913091301918
318.2,COMPLETE,12,HOME_DESCENT,1.0,0.9043,140.8551,0.0,True,NORMAL,MONITOR,False,{},"[""uav2"", ""uav1"", ""uav0""]",limited,True,{},NONE,NORMAL,SAFE,1.0,IDLE,0.0,0.0,0.0,,,0.0,False,avoidance not required,,{},,,,,,,,,,,3,fleet initializing,3.270,14.295,0.255,0,0,0.0,0.0,[],0.07266150414943695,-0.041560135781764984,-0.018520180135965347,0.0657333955168724,-0.056965917348861694,-0.06333857774734497,0.03462953865528107,-0.05075739696621895,-0.05271488055586815
318.4,COMPLETE,12,HOME_DESCENT,1.0,0.9043,140.8551,0.0,True,NORMAL,MONITOR,False,{},"[""uav2"", ""uav1"", ""uav0""]",limited,True,{},NONE,NORMAL,SAFE,1.0,IDLE,0.0,0.0,0.0,,,0.0,False,avoidance not required,,{},,,,,,,,,,,3,fleet initializing,3.269,14.295,0.258,0,0,0.0,0.0,[],0.07228162884712219,-0.039941560477018356,-0.024712590500712395,0.06458235532045364,-0.05700913816690445,-0.061972375959157944,0.03387962281703949,-0.048924438655376434,-0.056791793555021286
318.6,COMPLETE,12,HOME_DESCENT,1.0,0.9042,140.83,0.0,True,NORMAL,MONITOR,False,{},"[""uav2"", ""uav1"", ""uav0""]",limited,True,{},NONE,NORMAL,SAFE,1.0,IDLE,0.0,0.0,0.0,,,0.0,False,avoidance not required,,{},,,,,,,,,,,3,fleet initializing,3.269,14.294,0.257,0,0,0.0,0.0,[],0.07237809896469116,-0.03822096809744835,-0.032316166907548904,0.06425944715738297,-0.055724579840898514,-0.06441401690244675,0.03629007562994957,-0.05138823762536049,-0.05939404293894768
318.8,COMPLETE,12,HOME_DESCENT,1.0,0.9042,140.83,0.0,True,NORMAL,MONITOR,False,{},"[""uav2"", ""uav1"", ""uav0""]",limited,True,{},NONE,NORMAL,SAFE,1.0,IDLE,0.0,0.0,0.0,,,0.0,False,avoidance not required,,{},,,,,,,,,,,3,fleet initializing,3.272,14.294,0.259,0,0,0.0,0.0,[],0.07230290025472641,-0.0388171449303627,-0.03548791632056236,0.06460041552782059,-0.05914297327399254,-0.06527349352836609,0.03769446536898613,-0.052342236042022705,-0.06531469523906708
319.0,COMPLETE,12,HOME_DESCENT,1.0,0.9042,140.83,0.0,True,NORMAL,MONITOR,False,{},"[""uav2"", ""uav1"", ""uav0""]",limited,True,{},NONE,NORMAL,SAFE,1.0,IDLE,0.0,0.0,0.0,,,0.0,False,avoidance not required,,{},,,,,,,,,,,3,fleet initializing,3.273,14.294,0.260,0,0,0.0,0.0,[],0.07206501066684723,-0.03934967890381813,-0.041340481489896774,0.06332072615623474,-0.06278962641954422,-0.06262553483247757,0.03913474082946777,-0.054963260889053345,-0.0665859580039978
319.2,COMPLETE,12,HOME_DESCENT,1.0,0.904,140.8049,0.0,True,NORMAL,MONITOR,False,{},"[""uav2"", ""uav1"", ""uav0""]",limited,True,{},NONE,NORMAL,SAFE,1.0,IDLE,0.0,0.0,0.0,,,0.0,False,avoidance not required,,{},,,,,,,,,,,3,fleet initializing,3.276,14.295,0.258,0,0,0.0,0.0,[],0.07064162194728851,-0.04419952258467674,-0.044862471520900726,0.06272304058074951,-0.06373501569032669,-0.0637781098484993,0.039931923151016235,-0.05609547719359398,-0.07091216742992401
319.4,COMPLETE,12,HOME_DESCENT,1.0,0.904,140.8049,0.0,True,NORMAL,MONITOR,False,{},"[""uav2"", ""uav1"", ""uav0""]",limited,True,{},NONE,NORMAL,SAFE,1.0,IDLE,0.0,0.0,0.0,,,0.0,False,avoidance not required,,{},,,,,,,,,,,3,fleet initializing,3.277,14.295,0.260,0,0,0.0,0.0,[],0.06992596387863159,-0.0478544607758522,-0.04798216000199318,0.06614474207162857,-0.06604789942502975,-0.06298094242811203,0.0427519716322422,-0.05559685826301575,-0.07194209843873978
319.6,COMPLETE,12,HOME_DESCENT,1.0,0.9039,140.7797,0.0,True,NORMAL,MONITOR,False,{},"[""uav2"", ""uav1"", ""uav0""]",limited,True,{},NONE,NORMAL,SAFE,1.0,IDLE,0.0,0.0,0.0,,,0.0,False,avoidance not required,,{},,,,,,,,,,,3,fleet initializing,3.277,14.293,0.262,0,0,0.0,0.0,[],0.07007679343223572,-0.0519341416656971,-0.04816525802016258,0.06810203194618225,-0.06679977476596832,-0.06705279648303986,0.044530898332595825,-0.055795617401599884,-0.07426930963993073
319.8,COMPLETE,12,HOME_DESCENT,1.0,0.9039,140.7797,0.0,True,NORMAL,MONITOR,False,{},"[""uav2"", ""uav1"", ""uav0""]",limited,True,{},NONE,NORMAL,SAFE,1.0,IDLE,0.0,0.0,0.0,,,0.0,False,avoidance not required,,{},,,,,,,,,,,3,fleet initializing,3.276,14.292,0.265,0,0,0.0,0.0,[],0.07037345319986343,-0.055032603442668915,-0.050966791808605194,0.0656764954328537,-0.066183902323246,-0.06588514149188995,0.04601766914129257,-0.058017339557409286,-0.07257445901632309
320.0,COMPLETE,12,HOME_DESCENT,1.0,0.9039,140.7797,0.0,True,NORMAL,MONITOR,False,{},"[""uav2"", ""uav1"", ""uav0""]",limited,True,{},NONE,NORMAL,SAFE,1.0,IDLE,0.0,0.0,0.0,,,0.0,False,avoidance not required,,{},,,,,,,,,,,3,fleet initializing,3.280,14.292,0.263,0,0,0.0,0.0,[],0.07161306589841843,-0.054853059351444244,-0.049165111035108566,0.06424690037965775,-0.06597954034805298,-0.06933150440454483,0.047012753784656525,-0.06017883121967316,-0.07478425651788712
320.2,COMPLETE,12,HOME_DESCENT,1.0,0.9038,140.7545,0.0,True,NORMAL,MONITOR,False,{},"[""uav2"", ""uav1"", ""uav0""]",limited,True,{},NONE,NORMAL,SAFE,1.0,IDLE,0.0,0.0,0.0,,,0.0,False,avoidance not required,,{},,,,,,,,,,,3,fleet initializing,3.283,14.293,0.266,0,0,0.0,0.0,[],0.07222039997577667,-0.055943895131349564,-0.050314296036958694,0.062030378729104996,-0.06720534712076187,-0.06952719390392303,0.04688521474599838,-0.05910850316286087,-0.07622621953487396
320.4,COMPLETE,12,HOME_DESCENT,1.0,0.9038,140.7545,0.0,True,NORMAL,MONITOR,False,{},"[""uav2"", ""uav1"", ""uav0""]",limited,True,{},NONE,NORMAL,SAFE,1.0,IDLE,0.0,0.0,0.0,,,0.0,False,avoidance not required,,{},,,,,,,,,,,3,fleet initializing,3.285,14.292,0.267,0,0,0.0,0.0,[],0.07131289690732956,-0.05758878216147423,-0.045662809163331985,0.06046750769019127,-0.06838224083185196,-0.07228367030620575,0.046974245458841324,-0.05956382304430008,-0.08031336963176727
320.6,COMPLETE,12,HOME_DESCENT,1.0,0.9036,140.7294,0.0,True,NORMAL,MONITOR,False,{},"[""uav2"", ""uav1"", ""uav0""]",limited,True,{},NONE,NORMAL,SAFE,1.0,IDLE,0.0,0.0,0.0,,,0.0,False,avoidance not required,,{},,,,,,,,,,,3,fleet initializing,3.287,14.293,0.271,0,0,0.0,0.0,[],0.07259957492351532,-0.05781646445393562,-0.04339877888560295,0.06202709302306175,-0.06972426176071167,-0.07430427521467209,0.047448720782995224,-0.05920230969786644,-0.08307614922523499
320.8,COMPLETE,12,HOME_DESCENT,1.0,0.9036,140.7294,0.0,True,NORMAL,MONITOR,False,{},"[""uav2"", ""uav1"", ""uav0""]",limited,True,{},NONE,NORMAL,SAFE,1.0,IDLE,0.0,0.0,0.0,,,0.0,False,avoidance not required,,{},,,,,,,,,,,3,fleet initializing,3.285,14.292,0.274,0,0,0.0,0.0,[],0.07421161979436874,-0.059283167123794556,-0.046368520706892014,0.06322183459997177,-0.07143165171146393,-0.0778212696313858,0.04944092780351639,-0.05879990756511688,-0.08355914801359177
321.0,COMPLETE,12,HOME_DESCENT,1.0,0.9036,140.7294,0.0,True,NORMAL,MONITOR,False,{},"[""uav2"", ""uav1"", ""uav0""]",limited,True,{},NONE,NORMAL,SAFE,1.0,IDLE,0.0,0.0,0.0,,,0.0,False,avoidance not required,,{},,,,,,,,,,,3,fleet initializing,3.286,14.290,0.275,0,0,0.0,0.0,[],0.07619412243366241,-0.05719641223549843,-0.05263529345393181,0.06271269172430038,-0.07262920588254929,-0.07747109234333038,0.05165114253759384,-0.06020045652985573,-0.08732107281684875
321.2,COMPLETE,12,HOME_DESCENT,1.0,0.9035,140.7042,0.0,True,NORMAL,MONITOR,False,{},"[""uav2"", ""uav1"", ""uav0""]",limited,True,{},NONE,NORMAL,SAFE,1.0,IDLE,0.0,0.0,0.0,,,0.0,False,avoidance not required,,{},,,,,,,,,,,3,fleet initializing,3.287,14.290,0.279,0,0,0.0,0.0,[],0.07807917892932892,-0.057650547474622726,-0.057755518704652786,0.06316900998353958,-0.07457044720649719,-0.08109341561794281,0.05260000377893448,-0.05926363170146942,-0.082337386906147
321.4,COMPLETE,12,HOME_DESCENT,1.0,0.9035,140.7042,0.0,True,NORMAL,MONITOR,False,{},"[""uav2"", ""uav1"", ""uav0""]",limited,True,{},NONE,NORMAL,SAFE,1.0,IDLE,0.0,0.0,0.0,,,0.0,False,avoidance not required,,{},,,,,,,,,,,3,fleet initializing,3.285,14.288,0.279,0,0,0.0,0.0,[],0.07850948721170425,-0.05839190259575844,-0.05924282968044281,0.06524065881967545,-0.07350238412618637,-0.08552239835262299,0.054314322769641876,-0.0584372915327549,-0.0775991678237915
321.6,COMPLETE,12,HOME_DESCENT,1.0,0.9034,140.6791,0.0,True,NORMAL,MONITOR,False,{},"[""uav2"", ""uav1"", ""uav0""]",limited,True,{},NONE,NORMAL,SAFE,1.0,IDLE,0.0,0.0,0.0,,,0.0,False,avoidance not required,,{},,,,,,,,,,,3,fleet initializing,3.287,14.287,0.283,0,0,0.0,0.0,[],0.079991415143013,-0.060661446303129196,-0.06248219683766365,0.06709376722574234,-0.07400679588317871,-0.0896570011973381,0.056810881942510605,-0.05967036634683609,-0.07760545611381531
321.8,COMPLETE,12,HOME_DESCENT,1.0,0.9034,140.6791,0.0,True,NORMAL,MONITOR,False,{},"[""uav2"", ""uav1"", ""uav0""]",limited,True,{},NONE,NORMAL,SAFE,1.0,IDLE,0.0,0.0,0.0,,,0.0,False,avoidance not required,,{},,,,,,,,,,,3,fleet initializing,3.287,14.286,0.288,0,0,0.0,0.0,[],0.08029449731111526,-0.060242220759391785,-0.06185044348239899,0.06808873265981674,-0.07044687122106552,-0.08545541763305664,0.0575081892311573,-0.059762418270111084,-0.08002160489559174
322.0,COMPLETE,12,HOME_DESCENT,1.0,0.9034,140.6791,0.0,True,NORMAL,MONITOR,False,{},"[""uav2"", ""uav1"", ""uav0""]",limited,True,{},NONE,NORMAL,SAFE,1.0,IDLE,0.0,0.0,0.0,,,0.0,False,avoidance not required,,{},,,,,,,,,,,3,fleet initializing,3.288,14.285,0.283,0,0,0.0,0.0,[],0.08196834474802017,-0.0619296096265316,-0.06230749189853668,0.06973510980606079,-0.06994301825761795,-0.08549073338508606,0.0596940703690052,-0.06183963268995285,-0.08272915333509445
322.2,COMPLETE,12,HOME_DESCENT,1.0,0.9033,140.6539,0.0,True,NORMAL,MONITOR,False,{},"[""uav2"", ""uav1"", ""uav0""]",limited,True,{},NONE,NORMAL,SAFE,1.0,IDLE,0.0,0.0,0.0,,,0.0,False,avoidance not required,,{},,,,,,,,,,,3,fleet initializing,3.288,14.285,0.283,0,0,0.0,0.0,[],0.0832040086388588,-0.06168380379676819,-0.061797257512807846,0.07193221896886826,-0.06778222322463989,-0.0824844092130661,0.061489809304475784,-0.06459594517946243,-0.07744478434324265
322.4,COMPLETE,12,HOME_DESCENT,1.0,0.9033,140.6539,0.0,True,NORMAL,MONITOR,False,{},"[""uav2"", ""uav1"", ""uav0""]",limited,True,{},NONE,NORMAL,SAFE,1.0,IDLE,0.0,0.0,0.0,,,0.0,False,avoidance not required,,{},,,,,,,,,,,3,fleet initializing,3.289,14.286,0.280,0,0,0.0,0.0,[],0.0848434716463089,-0.06364372372627258,-0.0631830096244812,0.07477644085884094,-0.0681183934211731,-0.08171045035123825,0.06417328119277954,-0.06862416118383408,-0.07574672251939774
322.6,COMPLETE,12,HOME_DESCENT,1.0,0.9031,140.6288,0.0,True,NORMAL,MONITOR,False,{},"[""uav2"", ""uav1"", ""uav0""]",limited,True,{},NONE,NORMAL,SAFE,1.0,IDLE,0.0,0.0,0.0,,,0.0,False,avoidance not required,,{},,,,,,,,,,,3,fleet initializing,3.289,14.287,0.281,0,0,0.0,0.0,[],0.08056648075580597,-0.06329590082168579,-0.06272722780704498,0.07888361811637878,-0.06637373566627502,-0.07798777520656586,0.06360088288784027,-0.07063809782266617,-0.0722651481628418
322.8,COMPLETE,12,HOME_DESCENT,1.0,0.9031,140.6288,0.0,True,NORMAL,MONITOR,False,{},"[""uav2"", ""uav1"", ""uav0""]",limited,True,{},NONE,NORMAL,SAFE,1.0,IDLE,0.0,0.0,0.0,,,0.0,False,avoidance not required,,{},,,,,,,,,,,3,fleet initializing,3.285,14.289,0.278,0,0,0.0,0.0,[],0.0790734738111496,-0.0654841735959053,-0.064399354159832,0.08241628110408783,-0.06738028675317764,-0.07817583531141281,0.06467102468013763,-0.07436589151620865,-0.0740608274936676
323.0,COMPLETE,12,HOME_DESCENT,1.0,0.9031,140.6288,0.0,True,NORMAL,MONITOR,False,{},"[""uav2"", ""uav1"", ""uav0""]",limited,True,{},NONE,NORMAL,SAFE,1.0,IDLE,0.0,0.0,0.0,,,0.0,False,avoidance not required,,{},,,,,,,,,,,3,fleet initializing,3.282,14.290,0.279,0,0,0.0,0.0,[],0.07711485773324966,-0.0649038553237915,-0.05695753172039986,0.08227285742759705,-0.07315137982368469,-0.078243188560009,0.06205035746097565,-0.07417301088571548,-0.07325620204210281
323.2,COMPLETE,12,HOME_DESCENT,1.0,0.903,140.6036,0.0,True,NORMAL,MONITOR,False,{},"[""uav2"", ""uav1"", ""uav0""]",limited,True,{},NONE,NORMAL,SAFE,1.0,IDLE,0.0,0.0,0.0,,,0.0,False,avoidance not required,,{},,,,,,,,,,,3,fleet initializing,3.280,14.292,0.281,0,0,0.0,0.0,[],0.07713422924280167,-0.06703085452318192,-0.05663103610277176,0.08344825357198715,-0.07881800085306168,-0.08093175292015076,0.06177891790866852,-0.07701604068279266,-0.07555697113275528
323.4,COMPLETE,12,HOME_DESCENT,1.0,0.903,140.6036,0.0,True,NORMAL,MONITOR,False,{},"[""uav2"", ""uav1"", ""uav0""]",limited,True,{},NONE,NORMAL,SAFE,1.0,IDLE,0.0,0.0,0.0,,,0.0,False,avoidance not required,,{},,,,,,,,,,,3,fleet initializing,3.278,14.294,0.285,0,0,0.0,0.0,[],0.07605354487895966,-0.06542468816041946,-0.05755871161818504,0.08212244510650635,-0.08028534799814224,-0.0725894495844841,0.06053091213107109,-0.07922840118408203,-0.07550215721130371
323.6,COMPLETE,12,HOME_DESCENT,1.0,0.9029,140.5784,0.0,True,NORMAL,MONITOR,False,{},"[""uav2"", ""uav1"", ""uav0""]",limited,True,{},NONE,NORMAL,SAFE,1.0,IDLE,0.0,0.0,0.0,,,0.0,False,avoidance not required,,{},,,,,,,,,,,3,fleet initializing,3.278,14.297,0.277,0,0,0.0,0.0,[],0.07385198026895523,-0.06471335142850876,-0.05386781319975853,0.08295216411352158,-0.0837816447019577,-0.07095587253570557,0.06116938963532448,-0.08386100828647614,-0.07818015664815903
323.8,COMPLETE,12,HOME_DESCENT,1.0,0.9029,140.5784,0.0,True,NORMAL,MONITOR,False,{},"[""uav2"", ""uav1"", ""uav0""]",limited,True,{},NONE,NORMAL,SAFE,1.0,IDLE,0.0,0.0,0.0,,,0.0,False,avoidance not required,,{},,,,,,,,,,,3,fleet initializing,3.278,14.300,0.278,0,0,0.0,0.0,[],0.07335760444402695,-0.06742393970489502,-0.05349893495440483,0.08546730130910873,-0.08571767807006836,-0.0677390769124031,0.06036827340722084,-0.08250201493501663,-0.07582075893878937
324.0,COMPLETE,12,HOME_DESCENT,1.0,0.9029,140.5784,0.0,True,NORMAL,MONITOR,False,{},"[""uav2"", ""uav1"", ""uav0""]",limited,True,{},NONE,NORMAL,SAFE,1.0,IDLE,0.0,0.0,0.0,,,0.0,False,avoidance not required,,{},,,,,,,,,,,3,fleet initializing,3.275,14.299,0.276,0,0,0.0,0.0,[],0.07091549783945084,-0.06675294041633606,-0.05022866651415825,0.08838342130184174,-0.08997216820716858,-0.06906039267778397,0.06141461059451103,-0.0853581577539444,-0.07616797834634781
324.2,COMPLETE,12,HOME_DESCENT,1.0,0.9028,140.5533,0.0,True,NORMAL,MONITOR,False,{},"[""uav2"", ""uav1"", ""uav0""]",limited,True,{},NONE,NORMAL,SAFE,1.0,IDLE,0.0,0.0,0.0,,,0.0,False,avoidance not required,,{},,,,,,,,,,,3,fleet initializing,3.273,14.301,0.279,0,0,0.0,0.0,[],0.07073265314102173,-0.06943847239017487,-0.05127456784248352,0.08542997390031815,-0.08766649663448334,-0.06659255176782608,0.060527507215738297,-0.08028510212898254,-0.0721743181347847
324.4,COMPLETE,12,HOME_DESCENT,1.0,0.9028,140.5533,0.0,True,NORMAL,MONITOR,False,{},"[""uav2"", ""uav1"", ""uav0""]",limited,True,{},NONE,NORMAL,SAFE,1.0,IDLE,0.0,0.0,0.0,,,0.0,False,avoidance not required,,{},,,,,,,,,,,3,fleet initializing,3.275,14.298,0.275,0,0,0.0,0.0,[],0.07202333211898804,-0.06839227676391602,-0.04636842757463455,0.08085084706544876,-0.08348783105611801,-0.06571035832166672,0.060875214636325836,-0.07152773439884186,-0.06971265375614166
324.6,COMPLETE,12,HOME_DESCENT,1.0,0.9026,140.5281,0.0,True,NORMAL,MONITOR,False,{},"[""uav2"", ""uav1"", ""uav0""]",limited,True,{},NONE,NORMAL,SAFE,1.0,IDLE,0.0,0.0,0.0,,,0.0,False,avoidance not required,,{},,,,,,,,,,,3,fleet initializing,3.280,14.291,0.272,0,0,0.0,0.0,[],0.07325980812311172,-0.07052981853485107,-0.04733249917626381,0.07955464720726013,-0.08432947099208832,-0.06824144721031189,0.062411125749349594,-0.07038267701864243,-0.07148241996765137
324.8,COMPLETE,12,HOME_DESCENT,1.0,0.9026,140.5281,0.0,True,NORMAL,MONITOR,False,{},"[""uav2"", ""uav1"", ""uav0""]",limited,True,{},NONE,NORMAL,SAFE,1.0,IDLE,0.0,0.0,0.0,,,0.0,False,avoidance not required,,{},,,,,,,,,,,3,fleet initializing,3.283,14.289,0.274,0,0,0.0,0.0,[],0.07161815464496613,-0.06710473448038101,-0.04695359990000725,0.07798366993665695,-0.08328315615653992,-0.06749435514211655,0.061487603932619095,-0.0690065249800682,-0.07147092372179031
325.0,COMPLETE,12,HOME_DESCENT,1.0,0.9026,140.5281,0.0,True,NORMAL,MONITOR,False,{},"[""uav2"", ""uav1"", ""uav0""]",limited,True,{},NONE,NORMAL,SAFE,1.0,IDLE,0.0,0.0,0.0,,,0.0,False,avoidance not required,,{},,,,,,,,,,,3,fleet initializing,3.284,14.289,0.273,0,0,0.0,0.0,[],0.07147922366857529,-0.06828809529542923,-0.04984626546502113,0.07801836729049683,-0.08584807068109512,-0.07098160684108734,0.062231238931417465,-0.07110419124364853,-0.07376745343208313
325.2,COMPLETE,12,HOME_DESCENT,1.0,0.9025,140.5029,0.0,True,NORMAL,MONITOR,False,{},"[""uav2"", ""uav1"", ""uav0""]",limited,True,{},NONE,NORMAL,SAFE,1.0,IDLE,0.0,0.0,0.0,,,0.0,False,avoidance not required,,{},,,,,,,,,,,3,fleet initializing,3.284,14.290,0.276,0,0,0.0,0.0,[],0.07108763605356216,-0.06637522578239441,-0.05015778914093971,0.07709138095378876,-0.08686104416847229,-0.07222569733858109,0.06143831089138985,-0.06865468621253967,-0.07281697541475296
325.4,COMPLETE,12,HOME_DESCENT,1.0,0.9025,140.5029,0.0,True,NORMAL,MONITOR,False,{},"[""uav2"", ""uav1"", ""uav0""]",limited,True,{},NONE,NORMAL,SAFE,1.0,IDLE,0.0,0.0,0.0,,,0.0,False,avoidance not required,,{},,,,,,,,,,,3,fleet initializing,3.284,14.289,0.278,0,0,0.0,0.0,[],0.07147270441055298,-0.068381167948246,-0.05379169061779976,0.0775199607014656,-0.09088054299354553,-0.07579141110181808,0.06209001690149307,-0.07029994577169418,-0.07639551162719727
325.6,COMPLETE,12,HOME_DESCENT,1.0,0.9024,140.4778,0.0,True,NORMAL,MONITOR,False,{},"[""uav2"", ""uav1"", ""uav0""]",limited,True,{},NONE,NORMAL,SAFE,1.0,IDLE,0.0,0.0,0.0,,,0.0,False,avoidance not required,,{},,,,,,,,,,,3,fleet initializing,3.285,14.289,0.282,0,0,0.0,0.0,[],0.07123850286006927,-0.06660874933004379,-0.055497415363788605,0.07689373940229416,-0.09064574539661407,-0.07492462545633316,0.06173086538910866,-0.06726095825433731,-0.0772855207324028
325.8,COMPLETE,12,HOME_DESCENT,1.0,0.9024,140.4778,0.0,True,NORMAL,MONITOR,False,{},"[""uav2"", ""uav1"", ""uav0""]",limited,True,{},NONE,NORMAL,SAFE,1.0,IDLE,0.0,0.0,0.0,,,0.0,False,avoidance not required,,{},,,,,,,,,,,3,fleet initializing,3.285,14.288,0.281,0,0,0.0,0.0,[],0.07177373766899109,-0.0682518482208252,-0.061113934963941574,0.07710868120193481,-0.09403456747531891,-0.07843297719955444,0.06275533139705658,-0.06842505186796188,-0.08162745833396912
326.0,COMPLETE,12,HOME_DESCENT,1.0,0.9024,140.4778,0.0,True,NORMAL,MONITOR,False,{},"[""uav2"", ""uav1"", ""uav0""]",limited,True,{},NONE,NORMAL,SAFE,1.0,IDLE,0.0,0.0,0.0,,,0.0,False,avoidance not required,,{},,,,,,,,,,,3,fleet initializing,3.286,14.288,0.286,0,0,0.0,0.0,[],0.07177722454071045,-0.06480301171541214,-0.06324847787618637,0.07119135558605194,-0.09306243062019348,-0.07761352509260178,0.061476945877075195,-0.06661020219326019,-0.08234470337629318
326.2,COMPLETE,12,HOME_DESCENT,1.0,0.9023,140.4526,0.0,True,NORMAL,MONITOR,False,{},"[""uav2"", ""uav1"", ""uav0""]",limited,True,{},NONE,NORMAL,SAFE,1.0,IDLE,0.0,0.0,0.0,,,0.0,False,avoidance not required,,{},,,,,,,,,,,3,fleet initializing,3.290,14.287,0.283,0,0,0.0,0.0,[],0.07269623875617981,-0.06554711610078812,-0.06997717916965485,0.06835130602121353,-0.09563924372196198,-0.08201301842927933,0.06133773922920227,-0.06835921108722687,-0.08797363191843033
326.4,COMPLETE,12,HOME_DESCENT,1.0,0.9023,140.4526,0.0,True,NORMAL,MONITOR,False,{},"[""uav2"", ""uav1"", ""uav0""]",limited,True,{},NONE,NORMAL,SAFE,1.0,IDLE,0.0,0.0,0.0,,,0.0,False,avoidance not required,,{},,,,,,,,,,,3,fleet initializing,3.293,14.289,0.287,0,0,0.0,0.0,[],0.07655379176139832,-0.06201012060046196,-0.07399610430002213,0.0670132115483284,-0.09258388727903366,-0.08253364264965057,0.056943897157907486,-0.06541051715612411,-0.09356565773487091
326.6,COMPLETE,12,HOME_DESCENT,1.0,0.9021,140.4273,0.0,True,NORMAL,MONITOR,False,{},"[""uav2"", ""uav1"", ""uav0""]",limited,True,{},NONE,NORMAL,SAFE,1.0,IDLE,0.0,0.0,0.0,,,0.0,False,avoidance not required,,{},,,,,,,,,,,3,fleet initializing,3.290,14.290,0.287,0,0,0.0,0.0,[],0.07972871512174606,-0.06231922656297684,-0.08227323740720749,0.06656455993652344,-0.09411042928695679,-0.08823038637638092,0.05486457794904709,-0.06589972227811813,-0.10123991966247559
326.8,COMPLETE,12,HOME_DESCENT,1.0,0.9021,140.4273,0.0,True,NORMAL,MONITOR,False,{},"[""uav2"", ""uav1"", ""uav0""]",limited,True,{},NONE,NORMAL,SAFE,1.0,IDLE,0.0,0.0,0.0,,,0.0,False,avoidance not required,,{},,,,,,,,,,,3,fleet initializing,3.287,14.291,0.294,0,0,0.0,0.0,[],0.08186350762844086,-0.0594719722867012,-0.08341246843338013,0.06502827256917953,-0.09262651950120926,-0.08991607278585434,0.05039941519498825,-0.060631394386291504,-0.10435958951711655
327.0,COMPLETE,12,HOME_DESCENT,1.0,0.9021,140.4273,0.0,True,NORMAL,MONITOR,False,{},"[""uav2"", ""uav1"", ""uav0""]",limited,True,{},NONE,NORMAL,SAFE,1.0,IDLE,0.0,0.0,0.0,,,0.0,False,avoidance not required,,{},,,,,,,,,,,3,fleet initializing,3.283,14.291,0.295,0,0,0.0,0.0,[],0.0843992754817009,-0.05955253913998604,-0.08870162069797516,0.06483914703130722,-0.09457330405712128,-0.0982307493686676,0.04872617870569229,-0.05935405194759369,-0.1113172173500061
327.2,COMPLETE,12,HOME_DESCENT,1.0,0.902,140.4021,0.0,True,NORMAL,MONITOR,False,{},"[""uav2"", ""uav1"", ""uav0""]",limited,True,{},NONE,NORMAL,SAFE,1.0,IDLE,0.0,0.0,0.0,,,0.0,False,avoidance not required,,{},,,,,,,,,,,3,fleet initializing,3.281,14.291,0.301,0,0,0.0,0.0,[],0.08466683328151703,-0.05711393803358078,-0.0884111151099205,0.06606870889663696,-0.09218563884496689,-0.09834028780460358,0.047624170780181885,-0.05523582175374031,-0.1123645231127739
327.4,COMPLETE,12,HOME_DESCENT,1.0,0.902,140.4021,0.0,True,NORMAL,MONITOR,False,{},"[""uav2"", ""uav1"", ""uav0""]",limited,True,{},NONE,NORMAL,SAFE,1.0,IDLE,0.0,0.0,0.0,,,0.0,False,avoidance not required,,{},,,,,,,,,,,3,fleet initializing,3.282,14.289,0.301,0,0,0.0,0.0,[],0.0858505368232727,-0.05716652795672417,-0.09154090285301208,0.06771732121706009,-0.09307844191789627,-0.1022925078868866,0.047957032918930054,-0.05401604622602463,-0.11553473025560379
327.6,COMPLETE,12,HOME_DESCENT,1.0,0.9019,140.3768,0.0,True,NORMAL,MONITOR,False,{},"[""uav2"", ""uav1"", ""uav0""]",limited,True,{},NONE,NORMAL,SAFE,1.0,IDLE,0.0,0.0,0.0,,,0.0,False,avoidance not required,,{},,,,,,,,,,,3,fleet initializing,3.280,14.288,0.305,0,0,0.0,0.0,[],0.08488962799310684,-0.055584028363227844,-0.08697886765003204,0.06839683651924133,-0.09240474551916122,-0.09492751955986023,0.04599916189908981,-0.05274491384625435,-0.11248701810836792
327.8,COMPLETE,12,HOME_DESCENT,1.0,0.9019,140.3768,0.0,True,NORMAL,MONITOR,False,{},"[""uav2"", ""uav1"", ""uav0""]",limited,True,{},NONE,NORMAL,SAFE,1.0,IDLE,0.0,0.0,0.0,,,0.0,False,avoidance not required,,{},,,,,,,,,,,3,fleet initializing,3.278,14.289,0.301,0,0,0.0,0.0,[],0.08572541922330856,-0.056080400943756104,-0.0885150134563446,0.06939409673213959,-0.09396500140428543,-0.09528688341379166,0.045526668429374695,-0.05325417220592499,-0.11506463587284088
328.0,COMPLETE,12,HOME_DESCENT,1.0,0.9019,140.3768,0.0,True,NORMAL,MONITOR,False,{},"[""uav2"", ""uav1"", ""uav0""]",limited,True,{},NONE,NORMAL,SAFE,1.0,IDLE,0.0,0.0,0.0,,,0.0,False,avoidance not required,,{},,,,,,,,,,,3,fleet initializing,3.276,14.289,0.303,0,0,0.0,0.0,[],0.08756372332572937,-0.056478824466466904,-0.08691557496786118,0.06786880642175674,-0.0919608473777771,-0.08892922848463058,0.045415207743644714,-0.05210783705115318,-0.10918976366519928
328.2,COMPLETE,12,HOME_DESCENT,1.0,0.9018,140.3516,0.0,True,NORMAL,MONITOR,False,{},"[""uav2"", ""uav1"", ""uav0""]",limited,True,{},NONE,NORMAL,SAFE,1.0,IDLE,0.0,0.0,0.0,,,0.0,False,avoidance not required,,{},,,,,,,,,,,3,fleet initializing,3.278,14.288,0.297,0,0,0.0,0.0,[],0.08973225206136703,-0.05768834426999092,-0.0895661935210228,0.06846941262483597,-0.08809077739715576,-0.08371171355247498,0.04575903341174126,-0.052403949201107025,-0.11109399050474167
328.4,COMPLETE,12,HOME_DESCENT,1.0,0.9018,140.3516,0.0,True,NORMAL,MONITOR,False,{},"[""uav2"", ""uav1"", ""uav0""]",limited,True,{},NONE,NORMAL,SAFE,1.0,IDLE,0.0,0.0,0.0,,,0.0,False,avoidance not required,,{},,,,,,,,,,,3,fleet initializing,3.278,14.288,0.299,0,0,0.0,0.0,[],0.09023535996675491,-0.05664554610848427,-0.08744540810585022,0.06930351257324219,-0.08715444058179855,-0.08520706743001938,0.04542174190282822,-0.05112738534808159,-0.10770349204540253
328.6,COMPLETE,12,HOME_DESCENT,1.0,0.9016,140.3264,0.0,True,NORMAL,MONITOR,False,{},"[""uav2"", ""uav1"", ""uav0""]",limited,True,{},NONE,NORMAL,SAFE,1.0,IDLE,0.0,0.0,0.0,,,0.0,False,avoidance not required,,{},,,,,,,,,,,3,fleet initializing,3.276,14.288,0.296,0,0,0.0,0.0,[],0.09090708196163177,-0.05717068910598755,-0.09040885418653488,0.07084882259368896,-0.0852951854467392,-0.07906658202409744,0.04520663619041443,-0.048081837594509125,-0.1010257676243782
328.8,COMPLETE,12,HOME_DESCENT,1.0,0.9016,140.3264,0.0,True,NORMAL,MONITOR,False,{},"[""uav2"", ""uav1"", ""uav0""]",limited,True,{},NONE,NORMAL,SAFE,1.0,IDLE,0.0,0.0,0.0,,,0.0,False,avoidance not required,,{},,,,,,,,,,,3,fleet initializing,3.275,14.286,0.291,0,0,0.0,0.0,[],0.08691445738077164,-0.05975205451250076,-0.08816121518611908,0.0720648467540741,-0.08543543517589569,-0.07976551353931427,0.04511449858546257,-0.04667601361870766,-0.1002364382147789
329.0,COMPLETE,12,HOME_DESCENT,1.0,0.9016,140.3264,0.0,True,NORMAL,MONITOR,False,{},"[""uav2"", ""uav1"", ""uav0""]",limited,True,{},NONE,NORMAL,SAFE,1.0,IDLE,0.0,0.0,0.0,,,0.0,False,avoidance not required,,{},,,,,,,,,,,3,fleet initializing,3.273,14.285,0.288,0,0,0.0,0.0,[],0.08172540366649628,-0.06048807501792908,-0.08373616635799408,0.07180031388998032,-0.08768081665039062,-0.08198970556259155,0.04502595216035843,-0.04609186574816704,-0.08969015628099442
329.2,COMPLETE,12,HOME_DESCENT,1.0,0.9015,140.3012,0.0,True,NORMAL,MONITOR,False,{},"[""uav2"", ""uav1"", ""uav0""]",limited,True,{},NONE,NORMAL,SAFE,1.0,IDLE,0.0,0.0,0.0,,,0.0,False,avoidance not required,,{},,,,,,,,,,,3,fleet initializing,3.273,14.285,0.285,0,0,0.0,0.0,[],0.07861748337745667,-0.061331119388341904,-0.08454166352748871,0.06947115808725357,-0.0905723050236702,-0.08071593940258026,0.044656284153461456,-0.04582851380109787,-0.08802933990955353
329.4,COMPLETE,12,HOME_DESCENT,1.0,0.9015,140.3012,0.0,True,NORMAL,MONITOR,False,{},"[""uav2"", ""uav1"", ""uav0""]",limited,True,{},NONE,NORMAL,SAFE,1.0,IDLE,0.0,0.0,0.0,,,0.0,False,avoidance not required,,{},,,,,,,,,,,3,fleet initializing,3.275,14.285,0.285,0,0,0.0,0.0,[],0.07415078580379486,-0.06116931140422821,-0.08114831149578094,0.06762510538101196,-0.09317540377378464,-0.08367212861776352,0.04644842445850372,-0.044316571205854416,-0.0769273042678833
329.6,COMPLETE,12,HOME_DESCENT,1.0,0.9014,140.276,0.0,True,NORMAL,MONITOR,False,{},"[""uav2"", ""uav1"", ""uav0""]",limited,True,{},NONE,NORMAL,SAFE,1.0,IDLE,0.0,0.0,0.0,,,0.0,False,avoidance not required,,{},,,,,,,,,,,3,fleet initializing,3.279,14.282,0.288,0,0,0.0,0.0,[],0.07068267464637756,-0.06133586913347244,-0.08115876466035843,0.06497082114219666,-0.09194494038820267,-0.07952027022838593,0.04628816246986389,-0.04334789142012596,-0.07304182648658752
329.8,COMPLETE,12,HOME_DESCENT,1.0,0.9014,140.276,0.0,True,NORMAL,MONITOR,False,{},"[""uav2"", ""uav1"", ""uav0""]",limited,True,{},NONE,NORMAL,SAFE,1.0,IDLE,0.0,0.0,0.0,,,0.0,False,avoidance not required,,{},,,,,,,,,,,3,fleet initializing,3.282,14.282,0.283,0,0,0.0,0.0,[],0.0690741166472435,-0.06022150442004204,-0.07626813650131226,0.061377450823783875,-0.09036482870578766,-0.07380698621273041,0.04474090412259102,-0.0428147166967392,-0.06788059324026108
330.0,COMPLETE,12,HOME_DESCENT,1.0,0.9014,140.276,0.0,True,NORMAL,MONITOR,False,{},"[""uav2"", ""uav1"", ""uav0""]",limited,True,{},NONE,NORMAL,SAFE,1.0,IDLE,0.0,0.0,0.0,,,0.0,False,avoidance not required,,{},,,,,,,,,,,3,fleet initializing,3.284,14.282,0.276,0,0,0.0,0.0,[],0.06668394804000854,-0.059862229973077774,-0.07543244957923889,0.05784977599978447,-0.08986879885196686,-0.07311177998781204,0.04241909086704254,-0.04234758019447327,-0.06593893468379974
330.2,COMPLETE,12,HOME_DESCENT,1.0,0.9013,140.2508,0.0,True,NORMAL,MONITOR,False,{},"[""uav2"", ""uav1"", ""uav0""]",limited,True,{},NONE,NORMAL,SAFE,1.0,IDLE,0.0,0.0,0.0,,,0.0,False,avoidance not required,,{},,,,,,,,,,,3,fleet initializing,3.285,14.284,0.275,0,0,0.0,0.0,[],0.06555493175983429,-0.059189196676015854,-0.07250501215457916,0.056545209139585495,-0.08874887228012085,-0.06696651875972748,0.04197199270129204,-0.04402470961213112,-0.062867671251297
330.4,COMPLETE,12,HOME_DESCENT,1.0,0.9013,140.2508,0.0,True,NORMAL,MONITOR,False,{},"[""uav2"", ""uav1"", ""uav0""]",limited,True,{},NONE,NORMAL,SAFE,1.0,IDLE,0.0,0.0,0.0,,,0.0,False,avoidance not required,,{},,,,,,,,,,,3,fleet initializing,3.286,14.285,0.268,0,0,0.0,0.0,[],0.06283938139677048,-0.058493223041296005,-0.07210984826087952,0.053826719522476196,-0.08848552405834198,-0.06607387214899063,0.04013943299651146,-0.04449586570262909,-0.06342357397079468
330.6,COMPLETE,12,HOME_DESCENT,1.0,0.9011,140.2257,0.0,True,NORMAL,MONITOR,False,{},"[""uav2"", ""uav1"", ""uav0""]",limited,True,{},NONE,NORMAL,SAFE,1.0,IDLE,0.0,0.0,0.0,,,0.0,False,avoidance not required,,{},,,,,,,,,,,3,fleet initializing,3.287,14.287,0.267,0,0,0.0,0.0,[],0.06251630187034607,-0.055872902274131775,-0.06651376932859421,0.05332765728235245,-0.08905591815710068,-0.06689714640378952,0.04303011670708656,-0.04355452209711075,-0.06092066317796707
330.8,COMPLETE,12,HOME_DESCENT,1.0,0.9011,140.2257,0.0,True,NORMAL,MONITOR,False,{},"[""uav2"", ""uav1"", ""uav0""]",limited,True,{},NONE,NORMAL,SAFE,1.0,IDLE,0.0,0.0,0.0,,,0.0,False,avoidance not required,,{},,,,,,,,,,,3,fleet initializing,3.290,14.284,0.268,0,0,0.0,0.0,[],0.06256909668445587,-0.049763038754463196,-0.05937694013118744,0.05043252557516098,-0.08928876370191574,-0.06840391457080841,0.04227034002542496,-0.04256533086299896,-0.061586230993270874
331.0,COMPLETE,12,HOME_DESCENT,1.0,0.9011,140.2257,0.0,True,NORMAL,MONITOR,False,{},"[""uav2"", ""uav1"", ""uav0""]",limited,True,{},NONE,NORMAL,SAFE,1.0,IDLE,0.0,0.0,0.0,,,0.0,False,avoidance not required,,{},,,,,,,,,,,3,fleet initializing,3.288,14.284,0.269,0,0,0.0,0.0,[],0.05973774567246437,-0.046132054179906845,-0.05714836344122887,0.05046124756336212,-0.08773678541183472,-0.06462744623422623,0.04078178480267525,-0.04326094686985016,-0.06343480944633484
331.2,COMPLETE,12,HOME_DESCENT,1.0,0.901,140.2006,0.0,True,NORMAL,MONITOR,False,{},"[""uav2"", ""uav1"", ""uav0""]",limited,True,{},NONE,NORMAL,SAFE,1.0,IDLE,0.0,0.0,0.0,,,0.0,False,avoidance not required,,{},,,,,,,,,,,3,fleet initializing,3.291,14.286,0.265,0,0,0.0,0.0,[],0.0593990795314312,-0.04542272165417671,-0.05445069447159767,0.047299545258283615,-0.08702108263969421,-0.06414760649204254,0.03665594384074211,-0.04325733706355095,-0.06512082368135452
331.4,COMPLETE,12,HOME_DESCENT,1.0,0.901,140.2006,0.0,True,NORMAL,MONITOR,False,{},"[""uav2"", ""uav1"", ""uav0""]",limited,True,{},NONE,NORMAL,SAFE,1.0,IDLE,0.0,0.0,0.0,,,0.0,False,avoidance not required,,{},,,,,,,,,,,3,fleet initializing,3.288,14.288,0.263,0,0,0.0,0.0,[],0.055484525859355927,-0.04533756524324417,-0.052954066544771194,0.047948334366083145,-0.08875325322151184,-0.06193618103861809,0.03539370372891426,-0.04483935236930847,-0.06397129595279694
331.6,COMPLETE,12,HOME_DESCENT,1.0,0.9009,140.1755,0.0,True,NORMAL,MONITOR,False,{},"[""uav2"", ""uav1"", ""uav0""]",limited,True,{},NONE,NORMAL,SAFE,1.0,IDLE,0.0,0.0,0.0,,,0.0,False,avoidance not required,,{},,,,,,,,,,,3,fleet initializing,3.288,14.290,0.262,0,0,0.0,0.0,[],0.054746389389038086,-0.046027395874261856,-0.05181567743420601,0.0495547354221344,-0.0955088883638382,-0.059108853340148926,0.03580879792571068,-0.04674171283841133,-0.05806976556777954
331.8,COMPLETE,12,HOME_DESCENT,1.0,0.9009,140.1755,0.0,True,NORMAL,MONITOR,False,{},"[""uav2"", ""uav1"", ""uav0""]",limited,True,{},NONE,NORMAL,SAFE,1.0,IDLE,0.0,0.0,0.0,,,0.0,False,avoidance not required,,{},,,,,,,,,,,3,fleet initializing,3.287,14.292,0.262,0,0,0.0,0.0,[],0.0503072589635849,-0.04760133847594261,-0.05167604982852936,0.046296626329422,-0.10013651102781296,-0.057753730565309525,0.031908173114061356,-0.048457298427820206,-0.05529752001166344
332.0,COMPLETE,12,HOME_DESCENT,1.0,0.9009,140.1755,0.0,True,NORMAL,MONITOR,False,{},"[""uav2"", ""uav1"", ""uav0""]",limited,True,{},NONE,NORMAL,SAFE,1.0,IDLE,0.0,0.0,0.0,,,0.0,False,avoidance not required,,{},,,,,,,,,,,3,fleet initializing,3.286,14.296,0.262,0,0,0.0,0.0,[],0.050199076533317566,-0.0518839992582798,-0.049687668681144714,0.04644745960831642,-0.10165589302778244,-0.056535519659519196,0.031943559646606445,-0.05009347200393677,-0.051965147256851196
332.2,COMPLETE,12,HOME_DESCENT,1.0,0.9008,140.1504,0.0,True,NORMAL,MONITOR,False,{},"[""uav2"", ""uav1"", ""uav0""]",limited,True,{},NONE,NORMAL,SAFE,1.0,IDLE,0.0,0.0,0.0,,,0.0,False,avoidance not required,,{},,,,,,,,,,,3,fleet initializing,3.286,14.301,0.261,0,0,0.0,0.0,[],0.0455126129090786,-0.05578905716538429,-0.04767153412103653,0.04181338846683502,-0.10413741320371628,-0.05594374239444733,0.027426589280366898,-0.05228592827916145,-0.049240417778491974
332.4,COMPLETE,12,HOME_DESCENT,1.0,0.9008,140.1504,0.0,True,NORMAL,MONITOR,False,{},"[""uav2"", ""uav1"", ""uav0""]",limited,True,{},NONE,NORMAL,SAFE,1.0,IDLE,0.0,0.0,0.0,,,0.0,False,avoidance not required,,{},,,,,,,,,,,3,fleet initializing,3.286,14.301,0.261,0,0,0.0,0.0,[],0.04363754019141197,-0.057910747826099396,-0.0467565543949604,0.04050977900624275,-0.10400912165641785,-0.053360410034656525,0.03167353942990303,-0.053515754640102386,-0.04917420074343681
332.6,COMPLETE,12,HOME_DESCENT,1.0,0.9006,140.125,0.0,True,NORMAL,MONITOR,False,{},"[""uav2"", ""uav1"", ""uav0""]",limited,True,{},NONE,NORMAL,SAFE,1.0,IDLE,0.0,0.0,0.0,,,0.0,False,avoidance not required,,{},,,,,,,,,,,3,fleet initializing,3.292,14.299,0.259,0,0,0.0,0.0,[],0.038442667573690414,-0.061094824224710464,-0.044850774109363556,0.034779153764247894,-0.10592222213745117,-0.05160127952694893,0.029713982716202736,-0.055904731154441833,-0.04693183675408363
332.8,COMPLETE,12,HOME_DESCENT,1.0,0.9006,140.125,0.0,True,NORMAL,MONITOR,False,{},"[""uav2"", ""uav1"", ""uav0""]",limited,True,{},NONE,NORMAL,SAFE,1.0,IDLE,0.0,0.0,0.0,,,0.0,False,avoidance not required,,{},,,,,,,,,,,3,fleet initializing,3.295,14.302,0.257,0,0,0.0,0.0,[],0.0427405908703804,-0.06141294538974762,-0.040962982922792435,0.033209674060344696,-0.10577983409166336,-0.05058252066373825,0.03390534222126007,-0.05351975932717323,-0.04292537271976471
333.0,COMPLETE,12,HOME_DESCENT,1.0,0.9006,140.125,0.0,True,NORMAL,MONITOR,False,{},"[""uav2"", ""uav1"", ""uav0""]",limited,True,{},NONE,NORMAL,SAFE,1.0,IDLE,0.0,0.0,0.0,,,0.0,False,avoidance not required,,{},,,,,,,,,,,3,fleet initializing,3.291,14.298,0.256,0,0,0.0,0.0,[],0.04052857309579849,-0.06407150626182556,-0.03748515620827675,0.0268700011074543,-0.10835541784763336,-0.0483878068625927,0.03169166296720505,-0.054299987852573395,-0.039304763078689575
333.2,COMPLETE,12,HOME_DESCENT,1.0,0.9005,140.0996,0.0,True,NORMAL,MONITOR,False,{},"[""uav2"", ""uav1"", ""uav0""]",limited,True,{},NONE,NORMAL,SAFE,1.0,IDLE,0.0,0.0,0.0,,,0.0,False,avoidance not required,,{},,,,,,,,,,,3,fleet initializing,3.287,14.300,0.254,0,0,0.0,0.0,[],0.04269011318683624,-0.0617205947637558,-0.036678582429885864,0.02616332843899727,-0.10682573914527893,-0.04279214143753052,0.033701203763484955,-0.0546359121799469,-0.031210483983159065
333.4,COMPLETE,12,HOME_DESCENT,1.0,0.9005,140.0996,0.0,True,NORMAL,MONITOR,False,{},"[""uav2"", ""uav1"", ""uav0""]",limited,True,{},NONE,NORMAL,SAFE,1.0,IDLE,0.0,0.0,0.0,,,0.0,False,avoidance not required,,{},,,,,,,,,,,3,fleet initializing,3.284,14.299,0.248,0,0,0.0,0.0,[],0.03918880969285965,-0.06274967640638351,-0.036013759672641754,0.030368266627192497,-0.10612856596708298,-0.03768530488014221,0.029758261516690254,-0.057149674743413925,-0.025427425280213356
333.6,COMPLETE,12,HOME_DESCENT,1.0,0.9004,140.0743,0.0,True,NORMAL,MONITOR,False,{},"[""uav2"", ""uav1"", ""uav0""]",limited,True,{},NONE,NORMAL,SAFE,1.0,IDLE,0.0,0.0,0.0,,,0.0,False,avoidance not required,,{},,,,,,,,,,,3,fleet initializing,3.291,14.303,0.244,0,0,0.0,0.0,[],0.04022238031029701,-0.06008743494749069,-0.039170246571302414,0.027108188718557358,-0.1089615598320961,-0.03250137344002724,0.03161251172423363,-0.05527086928486824,-0.01994008757174015
333.8,COMPLETE,12,HOME_DESCENT,1.0,0.9004,140.0743,0.0,True,NORMAL,MONITOR,False,{},"[""uav2"", ""uav1"", ""uav0""]",limited,True,{},NONE,NORMAL,SAFE,1.0,IDLE,0.0,0.0,0.0,,,0.0,False,avoidance not required,,{},,,,,,,,,,,3,fleet initializing,3.287,14.301,0.240,0,0,0.0,0.0,[],0.03622903674840927,-0.0611843466758728,-0.038325026631355286,0.030170848593115807,-0.10918305069208145,-0.030549291521310806,0.027844179421663284,-0.05720905587077141,-0.015310216695070267
334.0,COMPLETE,12,HOME_DESCENT,1.0,0.9004,140.0743,0.0,True,NORMAL,MONITOR,False,{},"[""uav2"", ""uav1"", ""uav0""]",limited,True,{},NONE,NORMAL,SAFE,1.0,IDLE,0.0,0.0,0.0,,,0.0,False,avoidance not required,,{},,,,,,,,,,,3,fleet initializing,3.294,14.305,0.239,0,0,0.0,0.0,[],0.03859812393784523,-0.059928931295871735,-0.03524789214134216,0.03363192081451416,-0.1059720441699028,-0.03190762922167778,0.030129287391901016,-0.05599807947874069,-0.012633553706109524
334.2,COMPLETE,12,HOME_DESCENT,1.0,0.9002,140.0489,0.0,True,NORMAL,MONITOR,False,{},"[""uav2"", ""uav1"", ""uav0""]",limited,True,{},NONE,NORMAL,SAFE,1.0,IDLE,0.0,0.0,0.0,,,0.0,False,avoidance not required,,{},,,,,,,,,,,3,fleet initializing,3.295,14.302,0.239,0,0,0.0,0.0,[],0.03584305942058563,-0.06219405308365822,-0.031719550490379333,0.030202899128198624,-0.10757807642221451,-0.029741333797574043,0.02651127614080906,-0.058714304119348526,-0.008523143827915192
334.4,COMPLETE,12,HOME_DESCENT,1.0,0.9002,140.0489,0.0,True,NORMAL,MONITOR,False,{},"[""uav2"", ""uav1"", ""uav0""]",limited,True,{},NONE,NORMAL,SAFE,1.0,IDLE,0.0,0.0,0.0,,,0.0,False,avoidance not required,,{},,,,,,,,,,,3,fleet initializing,3.295,14.307,0.238,0,0,0.0,0.0,[],0.03833254054188728,-0.060148052871227264,-0.030851665884256363,0.03210998326539993,-0.10629580169916153,-0.025345319882035255,0.029314272105693817,-0.057844310998916626,-0.0130107831209898
334.6,COMPLETE,12,HOME_DESCENT,1.0,0.9001,140.0234,0.0,True,NORMAL,MONITOR,False,{},"[""uav2"", ""uav1"", ""uav0""]",limited,True,{},NONE,NORMAL,SAFE,1.0,IDLE,0.0,0.0,0.0,,,0.0,False,avoidance not required,,{},,,,,,,,,,,3,fleet initializing,3.294,14.304,0.233,0,0,0.0,0.0,[],0.035948336124420166,-0.06228887289762497,-0.02862112782895565,0.028188521042466164,-0.10939600318670273,-0.02079874649643898,0.026541709899902344,-0.06039522588253021,-0.014068476855754852
334.8,COMPLETE,12,HOME_DESCENT,1.0,0.9001,140.0234,0.0,True,NORMAL,MONITOR,False,{},"[""uav2"", ""uav1"", ""uav0""]",limited,True,{},NONE,NORMAL,SAFE,1.0,IDLE,0.0,0.0,0.0,,,0.0,False,avoidance not required,,{},,,,,,,,,,,3,fleet initializing,3.293,14.308,0.230,0,0,0.0,0.0,[],0.04182668402791023,-0.0624215230345726,-0.027126021683216095,0.028519410640001297,-0.10827023535966873,-0.01951148733496666,0.026995934545993805,-0.05768967792391777,-0.015276589430868626
335.0,COMPLETE,12,HOME_DESCENT,1.0,0.9001,140.0234,0.0,True,NORMAL,MONITOR,False,{},"[""uav2"", ""uav1"", ""uav0""]",limited,True,{},NONE,NORMAL,SAFE,1.0,IDLE,0.0,0.0,0.0,,,0.0,False,avoidance not required,,{},,,,,,,,,,,3,fleet initializing,3.287,14.305,0.229,0,0,0.0,0.0,[],0.04769761487841606,-0.06455373764038086,-0.025865457952022552,0.023878322914242744,-0.11168801039457321,-0.017315583303570747,0.02299838699400425,-0.06024019047617912,-0.013357779011130333
335.2,COMPLETE,12,HOME_DESCENT,1.0,0.9,139.998,0.0,True,NORMAL,MONITOR,False,{},"[""uav2"", ""uav1"", ""uav0""]",limited,True,{},NONE,NORMAL,SAFE,1.0,IDLE,0.0,0.0,0.0,,,0.0,False,avoidance not required,,{},,,,,,,,,,,3,fleet initializing,3.277,14.310,0.228,0,0,0.0,0.0,[],0.04770912230014801,-0.07001861929893494,-0.02396206744015217,0.028599927201867104,-0.11136050522327423,-0.016599230468273163,0.025211360305547714,-0.06314454227685928,-0.012349975295364857
335.4,COMPLETE,12,HOME_DESCENT,1.0,0.9,139.998,0.0,True,NORMAL,MONITOR,False,{},"[""uav2"", ""uav1"", ""uav0""]",limited,True,{},NONE,NORMAL,SAFE,1.0,IDLE,0.0,0.0,0.0,,,0.0,False,avoidance not required,,{},,,,,,,,,,,3,fleet initializing,3.281,14.311,0.228,0,0,0.0,0.0,[],0.050328630954027176,-0.07042915374040604,-0.023293305188417435,0.034515880048274994,-0.10741686075925827,-0.015417490154504776,0.022718805819749832,-0.06928037852048874,-0.01090307254344225
335.6,COMPLETE,12,HOME_DESCENT,1.0,0.8999,139.9724,0.0,True,NORMAL,MONITOR,False,{},"[""uav2"", ""uav1"", ""uav0""]",limited,True,{},NONE,NORMAL,SAFE,1.0,IDLE,0.0,0.0,0.0,,,0.0,False,avoidance not required,,{},,,,,,,,,,,3,fleet initializing,3.284,14.317,0.226,0,0,0.0,0.0,[],0.04886561259627342,-0.07530222088098526,-0.02164866030216217,0.03364099934697151,-0.11002746969461441,-0.013310282491147518,0.025448935106396675,-0.0679355338215828,-0.0129843233153224
335.8,COMPLETE,12,HOME_DESCENT,1.0,0.8999,139.9724,0.0,True,NORMAL,MONITOR,False,{},"[""uav2"", ""uav1"", ""uav0""]",limited,True,{},NONE,NORMAL,SAFE,1.0,IDLE,0.0,0.0,0.0,,,0.0,False,avoidance not required,,{},,,,,,,,,,,3,fleet initializing,3.285,14.314,0.225,0,0,0.0,0.0,[],0.05242311581969261,-0.07487760484218597,-0.01917709782719612,0.037008970975875854,-0.10855007916688919,-0.010501728393137455,0.023383429273962975,-0.07174714654684067,-0.012708764523267746
336.0,COMPLETE,12,HOME_DESCENT,1.0,0.8999,139.9724,0.0,True,NORMAL,MONITOR,False,{},"[""uav2"", ""uav1"", ""uav0""]",limited,True,{},NONE,NORMAL,SAFE,1.0,IDLE,0.0,0.0,0.0,,,0.0,False,avoidance not required,,{},,,,,,,,,,,3,fleet initializing,3.285,14.318,0.222,0,0,0.0,0.0,[],0.05130995810031891,-0.07928690314292908,-0.013942614197731018,0.03504160791635513,-0.11290416121482849,-0.007488190662115812,0.025152141228318214,-0.06577784568071365,-0.01296961773186922
336.2,COMPLETE,12,HOME_DESCENT,1.0,0.8997,139.947,0.0,True,NORMAL,MONITOR,False,{},"[""uav2"", ""uav1"", ""uav0""]",limited,True,{},NONE,NORMAL,SAFE,1.0,IDLE,0.0,0.0,0.0,,,0.0,False,avoidance not required,,{},,,,,,,,,,,3,fleet initializing,3.284,14.312,0.222,0,0,0.0,0.0,[],0.05129850283265114,-0.07976867258548737,-0.009692206047475338,0.03770340606570244,-0.1119283139705658,-0.007655089255422354,0.02866405062377453,-0.06090021878480911,-0.009934607893228531
336.4,COMPLETE,12,HOME_DESCENT,1.0,0.8997,139.947,0.0,True,NORMAL,MONITOR,False,{},"[""uav2"", ""uav1"", ""uav0""]",limited,True,{},NONE,NORMAL,SAFE,1.0,IDLE,0.0,0.0,0.0,,,0.0,False,avoidance not required,,{},,,,,,,,,,,3,fleet initializing,3.287,14.308,0.221,0,0,0.0,0.0,[],0.04867049306631088,-0.08427955210208893,-0.005399654153734446,0.03561103716492653,-0.11649054288864136,-0.004112124443054199,0.027754252776503563,-0.06223062425851822,-0.0059119160287082195
336.6,COMPLETE,12,HOME_DESCENT,1.0,0.8996,139.9217,0.0,True,NORMAL,MONITOR,False,{},"[""uav2"", ""uav1"", ""uav0""]",limited,True,{},NONE,NORMAL,SAFE,1.0,IDLE,0.0,0.0,0.0,,,0.0,False,avoidance not required,,{},,,,,,,,,,,3,fleet initializing,3.287,14.308,0.221,0,0,0.0,0.0,[],0.05047730356454849,-0.07992789149284363,-0.00597047945484519,0.03835758939385414,-0.11765392869710922,-0.0004941414808854461,0.03183959797024727,-0.060847483575344086,-0.005337813403457403
336.8,COMPLETE,12,HOME_DESCENT,1.0,0.8996,139.9217,0.0,True,NORMAL,MONITOR,False,{},"[""uav2"", ""uav1"", ""uav0""]",limited,True,{},NONE,NORMAL,SAFE,1.0,IDLE,0.0,0.0,0.0,,,0.0,False,avoidance not required,,{},,,,,,,,,,,3,fleet initializing,3.288,14.304,0.219,0,0,0.0,0.0,[],0.05355553328990936,-0.07511205226182938,-0.006067800335586071,0.043956730514764786,-0.11481169611215591,0.0019507022807374597,0.03589875251054764,-0.05845756083726883,-0.005456970538944006
337.0,COMPLETE,12,HOME_DESCENT,1.0,0.8996,139.9217,0.0,True,NORMAL,MONITOR,False,{},"[""uav2"", ""uav1"", ""uav0""]",limited,True,{},NONE,NORMAL,SAFE,1.0,IDLE,0.0,0.0,0.0,,,0.0,False,avoidance not required,,{},,,,,,,,,,,3,fleet initializing,3.291,14.300,0.216,0,0,0.0,0.0,[],0.052943434566259384,-0.07643488049507141,-0.0031764216255396605,0.04429326206445694,-0.11754968017339706,0.004211006220430136,0.03541722521185875,-0.061187826097011566,-0.004514159634709358
337.2,COMPLETE,12,HOME_DESCENT,1.0,0.8995,139.8964,0.0,True,NORMAL,MONITOR,False,{},"[""uav2"", ""uav1"", ""uav0""]",limited,True,{},NONE,NORMAL,SAFE,1.0,IDLE,0.0,0.0,0.0,,,0.0,False,avoidance not required,,{},,,,,,,,,,,3,fleet initializing,3.292,14.302,0.216,0,0,0.0,0.0,[],0.05602568760514259,-0.07396509498357773,0.00017610046779736876,0.046560779213905334,-0.11530058085918427,0.004814749583601952,0.038360346108675,-0.0620514452457428,-0.0064742364920675755
337.4,COMPLETE,12,HOME_DESCENT,1.0,0.8995,139.8964,0.0,True,NORMAL,MONITOR,False,{},"[""uav2"", ""uav1"", ""uav0""]",limited,True,{},NONE,NORMAL,SAFE,1.0,IDLE,0.0,0.0,0.0,,,0.0,False,avoidance not required,,{},,,,,,,,,,,3,fleet initializing,3.291,14.300,0.215,0,0,0.0,0.0,[],0.05574704334139824,-0.07657407969236374,0.004919718950986862,0.045399874448776245,-0.11856025457382202,0.008000784553587437,0.04094300419092178,-0.059913504868745804,-0.0018694791942834854
337.6,COMPLETE,12,HOME_DESCENT,1.0,0.8994,139.8711,0.0,True,NORMAL,MONITOR,False,{},"[""uav2"", ""uav1"", ""uav0""]",limited,True,{},NONE,NORMAL,SAFE,1.0,IDLE,0.0,0.0,0.0,,,0.0,False,avoidance not required,,{},,,,,,,,,,,3,fleet initializing,3.290,14.297,0.214,0,0,0.0,0.0,[],0.05718353018164635,-0.07531222701072693,0.013076256029307842,0.05217539891600609,-0.11758653819561005,0.010073949582874775,0.04030188173055649,-0.0626106932759285,0.003508043009787798
337.8,COMPLETE,12,HOME_DESCENT,1.0,0.8994,139.8711,0.0,True,NORMAL,MONITOR,False,{},"[""uav2"", ""uav1"", ""uav0""]",limited,True,{},NONE,NORMAL,SAFE,1.0,IDLE,0.0,0.0,0.0,,,0.0,False,avoidance not required,,{},,,,,,,,,,,3,fleet initializing,3.289,14.299,0.213,0,0,0.0,0.0,[],0.05639484152197838,-0.07831106334924698,0.019291551783680916,0.05413692072033882,-0.12162061035633087,0.013357414864003658,0.04135845974087715,-0.06256068497896194,0.011814900673925877
338.0,COMPLETE,12,HOME_DESCENT,1.0,0.8994,139.8711,0.0,True,NORMAL,MONITOR,False,{},"[""uav2"", ""uav1"", ""uav0""]",limited,True,{},NONE,NORMAL,SAFE,1.0,IDLE,0.0,0.0,0.0,,,0.0,False,avoidance not required,,{},,,,,,,,,,,3,fleet initializing,3.288,14.299,0.213,0,0,0.0,0.0,[],0.05973096564412117,-0.07611428946256638,0.0214100182056427,0.060265280306339264,-0.11978945881128311,0.016047753393650055,0.04014291241765022,-0.06640452146530151,0.018533945083618164
338.2,COMPLETE,12,HOME_DESCENT,1.0,0.8992,139.8458,0.0,True,NORMAL,MONITOR,False,{},"[""uav2"", ""uav1"", ""uav0""]",limited,True,{},NONE,NORMAL,SAFE,1.0,IDLE,0.0,0.0,0.0,,,0.0,False,avoidance not required,,{},,,,,,,,,,,3,fleet initializing,3.280,14.302,0.212,0,0,0.0,0.0,[],0.06351754069328308,-0.07319372147321701,0.02183842845261097,0.061914216727018356,-0.1230473443865776,0.01971348561346531,0.04282156750559807,-0.06608860194683075,0.020969443023204803
338.4,COMPLETE,12,HOME_DESCENT,1.0,0.8992,139.8458,0.0,True,NORMAL,MONITOR,False,{},"[""uav2"", ""uav1"", ""uav0""]",limited,True,{},NONE,NORMAL,SAFE,1.0,IDLE,0.0,0.0,0.0,,,0.0,False,avoidance not required,,{},,,,,,,,,,,3,fleet initializing,3.281,14.300,0.211,0,0,0.0,0.0,[],0.06419427692890167,-0.07505757361650467,0.025162966921925545,0.06422623991966248,-0.12012424319982529,0.020793525502085686,0.0445331409573555,-0.06613803654909134,0.020342372357845306
338.6,COMPLETE,12,HOME_DESCENT,1.0,0.8991,139.8206,0.0,True,NORMAL,MONITOR,False,{},"[""uav2"", ""uav1"", ""uav0""]",limited,True,{},NONE,NORMAL,SAFE,1.0,IDLE,0.0,0.0,0.0,,,0.0,False,avoidance not required,,{},,,,,,,,,,,3,fleet initializing,3.281,14.299,0.210,0,0,0.0,0.0,[],0.06657864898443222,-0.07320502400398254,0.02630462497472763,0.06544169783592224,-0.11733704805374146,0.019542086869478226,0.04380419850349426,-0.06994418054819107,0.022447878494858742
338.8,COMPLETE,12,HOME_DESCENT,1.0,0.8991,139.8206,0.0,True,NORMAL,MONITOR,False,{},"[""uav2"", ""uav1"", ""uav0""]",limited,True,{},NONE,NORMAL,SAFE,1.0,IDLE,0.0,0.0,0.0,,,0.0,False,avoidance not required,,{},,,,,,,,,,,3,fleet initializing,3.279,14.302,0.209,0,0,0.0,0.0,[],0.06681885570287704,-0.07540469616651535,0.028624776750802994,0.06462404131889343,-0.119876429438591,0.021428806707262993,0.04547210782766342,-0.0694977343082428,0.023394599556922913
339.0,COMPLETE,12,HOME_DESCENT,1.0,0.899,139.7953,0.0,True,NORMAL,MONITOR,False,{},"[""uav2"", ""uav1"", ""uav0""]",limited,True,{},NONE,NORMAL,SAFE,1.0,IDLE,0.0,0.0,0.0,,,0.0,False,avoidance not required,,{},,,,,,,,,,,3,fleet initializing,3.281,14.297,0.208,0,0,0.0,0.0,[],0.0677153468132019,-0.07097848504781723,0.030510731041431427,0.06638327986001968,-0.11720302700996399,0.021534066647291183,0.04676686227321625,-0.06529396027326584,0.024006858468055725
339.2,COMPLETE,12,HOME_DESCENT,1.0,0.899,139.7953,0.0,True,NORMAL,MONITOR,False,{},"[""uav2"", ""uav1"", ""uav0""]",limited,True,{},NONE,NORMAL,SAFE,1.0,IDLE,0.0,0.0,0.0,,,0.0,False,avoidance not required,,{},,,,,,,,,,,3,fleet initializing,3.281,14.297,0.208,0,0,0.0,0.0,[],0.06701502948999405,-0.07143624126911163,0.03207312896847725,0.06627428531646729,-0.11961694806814194,0.022789476439356804,0.04612848162651062,-0.06610047072172165,0.024743715301156044
339.4,COMPLETE,12,HOME_DESCENT,1.0,0.899,139.7953,0.0,True,NORMAL,MONITOR,False,{},"[""uav2"", ""uav1"", ""uav0""]",limited,True,{},NONE,NORMAL,SAFE,1.0,IDLE,0.0,0.0,0.0,,,0.0,False,avoidance not required,,{},,,,,,,,,,,3,fleet initializing,3.280,14.298,0.208,0,0,0.0,0.0,[],0.06715088337659836,-0.06890911608934402,0.029282988980412483,0.06665349751710892,-0.11397334188222885,0.02469821646809578,0.04610985890030861,-0.0635731965303421,0.02425277605652809
339.6,COMPLETE,12,HOME_DESCENT,1.0,0.8989,139.7701,0.0,True,NORMAL,MONITOR,False,{},"[""uav2"", ""uav1"", ""uav0""]",limited,True,{},NONE,NORMAL,SAFE,1.0,IDLE,0.0,0.0,0.0,,,0.0,False,avoidance not required,,{},,,,,,,,,,,3,fleet initializing,3.280,14.296,0.204,0,0,0.0,0.0,[],0.06634004414081573,-0.07028994709253311,0.02787179872393608,0.06572922319173813,-0.11431827396154404,0.026033813133835793,0.04516059160232544,-0.06471935659646988,0.02398752048611641
339.8,COMPLETE,12,HOME_DESCENT,1.0,0.8989,139.7701,0.0,True,NORMAL,MONITOR,False,{},"[""uav2"", ""uav1"", ""uav0""]",limited,True,{},NONE,NORMAL,SAFE,1.0,IDLE,0.0,0.0,0.0,,,0.0,False,avoidance not required,,{},,,,,,,,,,,3,fleet initializing,3.280,14.298,0.203,0,0,0.0,0.0,[],0.06692192703485489,-0.06899337470531464,0.02674712985754013,0.06585946679115295,-0.1107383742928505,0.023253506049513817,0.046987567096948624,-0.06188294291496277,0.022785117849707603
340.0,COMPLETE,12,HOME_DESCENT,1.0,0.8989,139.7701,0.0,True,NORMAL,MONITOR,False,{},"[""uav2"", ""uav1"", ""uav0""]",limited,True,{},NONE,NORMAL,SAFE,1.0,IDLE,0.0,0.0,0.0,,,0.0,False,avoidance not required,,{},,,,,,,,,,,3,fleet initializing,3.281,14.294,0.203,0,0,0.0,0.0,[],0.0667138546705246,-0.070852130651474,0.026615869253873825,0.06509770452976227,-0.1114567294716835,0.021981732919812202,0.04722697660326958,-0.06314799934625626,0.02254660055041313
340.2,COMPLETE,12,HOME_DESCENT,1.0,0.8987,139.745,0.0,True,NORMAL,MONITOR,False,{},"[""uav2"", ""uav1"", ""uav0""]",limited,True,{},NONE,NORMAL,SAFE,1.0,IDLE,0.0,0.0,0.0,,,0.0,False,avoidance not required,,{},,,,,,,,,,,3,fleet initializing,3.282,14.295,0.204,0,0,0.0,0.0,[],0.06739907711744308,-0.06894183903932571,0.023182334378361702,0.06571630388498306,-0.10720043629407883,0.022306939586997032,0.04998381435871124,-0.06223377585411072,0.020720811560750008
340.4,COMPLETE,12,HOME_DESCENT,1.0,0.8987,139.745,0.0,True,NORMAL,MONITOR,False,{},"[""uav2"", ""uav1"", ""uav0""]",limited,True,{},NONE,NORMAL,SAFE,1.0,IDLE,0.0,0.0,0.0,,,0.0,False,avoidance not required,,{},,,,,,,,,,,3,fleet initializing,3.285,14.292,0.202,0,0,0.0,0.0,[],0.06715653836727142,-0.07011701911687851,0.02097177878022194,0.06559111922979355,-0.10750655829906464,0.02299073338508606,0.05126286298036575,-0.06408023089170456,0.018568992614746094
340.6,COMPLETE,12,HOME_DESCENT,1.0,0.8986,139.7199,0.0,True,NORMAL,MONITOR,False,{},"[""uav2"", ""uav1"", ""uav0""]",limited,True,{},NONE,NORMAL,SAFE,1.0,IDLE,0.0,0.0,0.0,,,0.0,False,avoidance not required,,{},,,,,,,,,,,3,fleet initializing,3.286,14.293,0.201,0,0,0.0,0.0,[],0.0659429132938385,-0.06908734142780304,0.017942702397704124,0.06636537611484528,-0.10438898950815201,0.021355345845222473,0.05171713978052139,-0.05920719355344772,0.01638702303171158
340.8,COMPLETE,12,HOME_DESCENT,1.0,0.8986,139.7199,0.0,True,NORMAL,MONITOR,False,{},"[""uav2"", ""uav1"", ""uav0""]",limited,True,{},NONE,NORMAL,SAFE,1.0,IDLE,0.0,0.0,0.0,,,0.0,False,avoidance not required,,{},,,,,,,,,,,3,fleet initializing,3.286,14.289,0.201,0,0,0.0,0.0,[],0.06508678942918777,-0.0710226446390152,0.013609697110950947,0.06645690649747849,-0.10539964586496353,0.02023904398083687,0.05042402073740959,-0.056195035576820374,0.013272725045681
341.0,COMPLETE,12,HOME_DESCENT,1.0,0.8986,139.7199,0.0,True,NORMAL,MONITOR,False,{},"[""uav2"", ""uav1"", ""uav0""]",limited,True,{},NONE,NORMAL,SAFE,1.0,IDLE,0.0,0.0,0.0,,,0.0,False,avoidance not required,,{},,,,,,,,,,,3,fleet initializing,3.284,14.288,0.203,0,0,0.0,0.0,[],0.06506971269845963,-0.06995634734630585,0.00650037219747901,0.06695585697889328,-0.1065244972705841,0.01635773852467537,0.04970728978514671,-0.05684148892760277,0.010096671059727669
341.2,COMPLETE,12,HOME_DESCENT,1.0,0.8985,139.6949,0.0,True,NORMAL,MONITOR,False,{},"[""uav2"", ""uav1"", ""uav0""]",limited,True,{},NONE,NORMAL,SAFE,1.0,IDLE,0.0,0.0,0.0,,,0.0,False,avoidance not required,,{},,,,,,,,,,,3,fleet initializing,3.283,14.289,0.206,0,0,0.0,0.0,[],0.06509047001600266,-0.07189083844423294,0.00010074255988001823,0.0672440156340599,-0.11018797010183334,0.012003091163933277,0.049653928726911545,-0.056610506027936935,0.00983909796923399
341.4,COMPLETE,12,HOME_DESCENT,1.0,0.8985,139.6949,0.0,True,NORMAL,MONITOR,False,{},"[""uav2"", ""uav1"", ""uav0""]",limited,True,{},NONE,NORMAL,SAFE,1.0,IDLE,0.0,0.0,0.0,,,0.0,False,avoidance not required,,{},,,,,,,,,,,3,fleet initializing,3.283,14.289,0.212,0,0,0.0,0.0,[],0.06543377041816711,-0.07117155939340591,-0.008793020620942116,0.06754600256681442,-0.10863605886697769,0.0036144056357443333,0.0497298426926136,-0.05890700966119766,0.008616599254310131
341.6,COMPLETE,12,HOME_DESCENT,1.0,0.8983,139.6699,0.0,True,NORMAL,MONITOR,False,{},"[""uav2"", ""uav1"", ""uav0""]",limited,True,{},NONE,NORMAL,SAFE,1.0,IDLE,0.0,0.0,0.0,,,0.0,False,avoidance not required,,{},,,,,,,,,,,3,fleet initializing,3.283,14.290,0.218,0,0,0.0,0.0,[],0.0665062889456749,-0.07365386933088303,-0.013282042928040028,0.06785381585359573,-0.11074749380350113,-0.0019144751131534576,0.04844430088996887,-0.057598136365413666,0.009634437039494514
341.8,COMPLETE,12,HOME_DESCENT,1.0,0.8983,139.6699,0.0,True,NORMAL,MONITOR,False,{},"[""uav2"", ""uav1"", ""uav0""]",limited,True,{},NONE,NORMAL,SAFE,1.0,IDLE,0.0,0.0,0.0,,,0.0,False,avoidance not required,,{},,,,,,,,,,,3,fleet initializing,3.281,14.290,0.224,0,0,0.0,0.0,[],0.0710657387971878,-0.07261790335178375,-0.01692245714366436,0.06805191934108734,-0.10861065238714218,-0.006206460762768984,0.04850693419575691,-0.057481799274683,0.009512484073638916
342.0,COMPLETE,12,HOME_DESCENT,1.0,0.8983,139.6699,0.0,True,NORMAL,MONITOR,False,{},"[""uav2"", ""uav1"", ""uav0""]",limited,True,{},NONE,NORMAL,SAFE,1.0,IDLE,0.0,0.0,0.0,,,0.0,False,avoidance not required,,{},,,,,,,,,,,3,fleet initializing,3.281,14.290,0.226,0,0,0.0,0.0,[],0.0745566114783287,-0.07496882230043411,-0.018185697495937347,0.06872277706861496,-0.11075594276189804,-0.00831754133105278,0.049516256898641586,-0.060363590717315674,0.008387346751987934
342.2,COMPLETE,12,HOME_DESCENT,1.0,0.8982,139.6448,0.0,True,NORMAL,MONITOR,False,{},"[""uav2"", ""uav1"", ""uav0""]",limited,True,{},NONE,NORMAL,SAFE,1.0,IDLE,0.0,0.0,0.0,,,0.0,False,avoidance not required,,{},,,,,,,,,,,3,fleet initializing,3.281,14.291,0.229,0,0,0.0,0.0,[],0.07536140084266663,-0.07354657351970673,-0.018680749461054802,0.06754414737224579,-0.10828360915184021,-0.016759751364588737,0.050068847835063934,-0.061011556535959244,0.007287004962563515
342.4,COMPLETE,12,HOME_DESCENT,1.0,0.8982,139.6448,0.0,True,NORMAL,MONITOR,False,{},"[""uav2"", ""uav1"", ""uav0""]",limited,True,{},NONE,NORMAL,SAFE,1.0,IDLE,0.0,0.0,0.0,,,0.0,False,avoidance not required,,{},,,,,,,,,,,3,fleet initializing,3.283,14.291,0.235,0,0,0.0,0.0,[],0.0768614113330841,-0.07560666650533676,-0.018181154504418373,0.06787550449371338,-0.11035512387752533,-0.02088107541203499,0.051284968852996826,-0.06413890421390533,0.007386116310954094
342.6,COMPLETE,12,HOME_DESCENT,1.0,0.8981,139.6197,0.0,True,NORMAL,MONITOR,False,{},"[""uav2"", ""uav1"", ""uav0""]",limited,True,{},NONE,NORMAL,SAFE,1.0,IDLE,0.0,0.0,0.0,,,0.0,False,avoidance not required,,{},,,,,,,,,,,3,fleet initializing,3.284,14.293,0.239,0,0,0.0,0.0,[],0.07689602673053741,-0.07182543724775314,-0.017201164737343788,0.0657629445195198,-0.10831567645072937,-0.020483175292611122,0.05162160471081734,-0.06273264437913895,0.008723843842744827
342.8,COMPLETE,12,HOME_DESCENT,1.0,0.8981,139.6197,0.0,True,NORMAL,MONITOR,False,{},"[""uav2"", ""uav1"", ""uav0""]",limited,True,{},NONE,NORMAL,SAFE,1.0,IDLE,0.0,0.0,0.0,,,0.0,False,avoidance not required,,{},,,,,,,,,,,3,fleet initializing,3.286,14.292,0.237,0,0,0.0,0.0,[],0.07767108082771301,-0.06824183464050293,-0.01711483858525753,0.06538822501897812,-0.11050227284431458,-0.01913551613688469,0.05276110768318176,-0.06462807208299637,0.009118136949837208
343.0,COMPLETE,12,HOME_DESCENT,1.0,0.8981,139.6197,0.0,True,NORMAL,MONITOR,False,{},"[""uav2"", ""uav1"", ""uav0""]",limited,True,{},NONE,NORMAL,SAFE,1.0,IDLE,0.0,0.0,0.0,,,0.0,False,avoidance not required,,{},,,,,,,,,,,3,fleet initializing,3.288,14.292,0.237,0,0,0.0,0.0,[],0.07972337305545807,-0.06863093376159668,-0.015180790796875954,0.06498393416404724,-0.10681643337011337,-0.017881032079458237,0.053133707493543625,-0.06432569026947021,0.004822067450731993
343.2,COMPLETE,12,HOME_DESCENT,1.0,0.898,139.5946,0.0,True,NORMAL,MONITOR,False,{},"[""uav2"", ""uav1"", ""uav0""]",limited,True,{},NONE,NORMAL,SAFE,1.0,IDLE,0.0,0.0,0.0,,,0.0,False,avoidance not required,,{},,,,,,,,,,,3,fleet initializing,3.285,14.292,0.234,0,0,0.0,0.0,[],0.08117350190877914,-0.06643955409526825,-0.013841408304870129,0.06579117476940155,-0.10802003741264343,-0.017043080180883408,0.05470233038067818,-0.06663543730974197,0.004078076221048832
343.4,COMPLETE,12,HOME_DESCENT,1.0,0.898,139.5946,0.0,True,NORMAL,MONITOR,False,{},"[""uav2"", ""uav1"", ""uav0""]",limited,True,{},NONE,NORMAL,SAFE,1.0,IDLE,0.0,0.0,0.0,,,0.0,False,avoidance not required,,{},,,,,,,,,,,3,fleet initializing,3.285,14.292,0.234,0,0,0.0,0.0,[],0.08361350744962692,-0.06765594333410263,-0.010399949736893177,0.06785943359136581,-0.1051759198307991,-0.017300819978117943,0.05481593310832977,-0.06572101265192032,0.005524833686649799
343.6,COMPLETE,12,HOME_DESCENT,1.0,0.8978,139.5694,0.0,True,NORMAL,MONITOR,False,{},"[""uav2"", ""uav1"", ""uav0""]",limited,True,{},NONE,NORMAL,SAFE,1.0,IDLE,0.0,0.0,0.0,,,0.0,False,avoidance not required,,{},,,,,,,,,,,3,fleet initializing,3.286,14.292,0.235,0,0,0.0,0.0,[],0.08387397974729538,-0.06596477329730988,-0.00826815515756607,0.07048313319683075,-0.10611091554164886,-0.017120735719799995,0.05637873336672783,-0.06796634942293167,0.00872938334941864
343.8,COMPLETE,12,HOME_DESCENT,1.0,0.8978,139.5694,0.0,True,NORMAL,MONITOR,False,{},"[""uav2"", ""uav1"", ""uav0""]",limited,True,{},NONE,NORMAL,SAFE,1.0,IDLE,0.0,0.0,0.0,,,0.0,False,avoidance not required,,{},,,,,,,,,,,3,fleet initializing,3.286,14.292,0.235,0,0,0.0,0.0,[],0.08544301986694336,-0.06742098182439804,-0.006688637193292379,0.07249901443719864,-0.10334910452365875,-0.016069062054157257,0.05616827681660652,-0.06827620416879654,0.006268423516303301
344.0,COMPLETE,12,HOME_DESCENT,1.0,0.8978,139.5694,0.0,True,NORMAL,MONITOR,False,{},"[""uav2"", ""uav1"", ""uav0""]",limited,True,{},NONE,NORMAL,SAFE,1.0,IDLE,0.0,0.0,0.0,,,0.0,False,avoidance not required,,{},,,,,,,,,,,3,fleet initializing,3.284,14.292,0.233,0,0,0.0,0.0,[],0.0844736099243164,-0.06685338914394379,-0.010377172380685806,0.0729113295674324,-0.09946820884943008,-0.014095456339418888,0.05545980483293533,-0.06727869063615799,0.002757379086688161
344.2,COMPLETE,12,HOME_DESCENT,1.0,0.8977,139.5443,0.0,True,NORMAL,MONITOR,False,{},"[""uav2"", ""uav1"", ""uav0""]",limited,True,{},NONE,NORMAL,SAFE,1.0,IDLE,0.0,0.0,0.0,,,0.0,False,avoidance not required,,{},,,,,,,,,,,3,fleet initializing,3.283,14.292,0.230,0,0,0.0,0.0,[],0.08551058173179626,-0.06892352551221848,-0.01242655236274004,0.07461782544851303,-0.10002882778644562,-0.011736634187400341,0.05620763823390007,-0.06929568201303482,-7.170069147832692e-05
344.4,COMPLETE,12,HOME_DESCENT,1.0,0.8977,139.5443,0.0,True,NORMAL,MONITOR,False,{},"[""uav2"", ""uav1"", ""uav0""]",limited,True,{},NONE,NORMAL,SAFE,1.0,IDLE,0.0,0.0,0.0,,,0.0,False,avoidance not required,,{},,,,,,,,,,,3,fleet initializing,3.282,14.293,0.229,0,0,0.0,0.0,[],0.08579732477664948,-0.06869803369045258,-0.010635125450789928,0.07426190376281738,-0.09823625534772873,-0.015553254634141922,0.05552559345960617,-0.0695745125412941,-0.003537252079695463
344.6,COMPLETE,12,HOME_DESCENT,1.0,0.8976,139.5191,0.0,True,NORMAL,MONITOR,False,{},"[""uav2"", ""uav1"", ""uav0""]",limited,True,{},NONE,NORMAL,SAFE,1.0,IDLE,0.0,0.0,0.0,,,0.0,False,avoidance not required,,{},,,,,,,,,,,3,fleet initializing,3.281,14.294,0.231,0,0,0.0,0.0,[],0.08749480545520782,-0.07027941197156906,-0.007307462859898806,0.07556507736444473,-0.09993492811918259,-0.018462013453245163,0.0564846470952034,-0.07222118973731995,-0.0024694071616977453
344.8,COMPLETE,12,HOME_DESCENT,1.0,0.8976,139.5191,0.0,True,NORMAL,MONITOR,False,{},"[""uav2"", ""uav1"", ""uav0""]",limited,True,{},NONE,NORMAL,SAFE,1.0,IDLE,0.0,0.0,0.0,,,0.0,False,avoidance not required,,{},,,,,,,,,,,3,fleet initializing,3.281,14.295,0.235,0,0,0.0,0.0,[],0.08653119951486588,-0.06811400502920151,-0.003990511409938335,0.07662920653820038,-0.09961739182472229,-0.01730792596936226,0.05608242750167847,-0.07190193235874176,-0.0011898870579898357
345.0,COMPLETE,12,HOME_DESCENT,1.0,0.8976,139.5191,0.0,True,NORMAL,MONITOR,False,{},"[""uav2"", ""uav1"", ""uav0""]",limited,True,{},NONE,NORMAL,SAFE,1.0,IDLE,0.0,0.0,0.0,,,0.0,False,avoidance not required,,{},,,,,,,,,,,3,fleet initializing,3.280,14.295,0.234,0,0,0.0,0.0,[],0.08756967633962631,-0.06857375055551529,-0.0006424504099413753,0.07866865396499634,-0.10142646729946136,-0.014899274334311485,0.05750100687146187,-0.07346877455711365,0.0027285139076411724
345.2,COMPLETE,12,HOME_DESCENT,1.0,0.8975,139.4938,0.0,True,NORMAL,MONITOR,False,{},"[""uav2"", ""uav1"", ""uav0""]",limited,True,{},NONE,NORMAL,SAFE,1.0,IDLE,0.0,0.0,0.0,,,0.0,False,avoidance not required,,{},,,,,,,,,,,3,fleet initializing,3.279,14.295,0.233,0,0,0.0,0.0,[],0.08618050813674927,-0.06804221868515015,-0.0023270200472325087,0.0767461359500885,-0.09939993172883987,-0.014070509932935238,0.05862196907401085,-0.07190746068954468,0.004908142611384392
345.4,COMPLETE,12,HOME_DESCENT,1.0,0.8975,139.4938,0.0,True,NORMAL,MONITOR,False,{},"[""uav2"", ""uav1"", ""uav0""]",limited,True,{},NONE,NORMAL,SAFE,1.0,IDLE,0.0,0.0,0.0,,,0.0,False,avoidance not required,,{},,,,,,,,,,,3,fleet initializing,3.282,14.293,0.231,0,0,0.0,0.0,[],0.08717359602451324,-0.06853550672531128,0.000655576994176954,0.07715796679258347,-0.09989001601934433,-0.010962177999317646,0.05698927864432335,-0.06792100518941879,0.008983212523162365
345.6,COMPLETE,12,HOME_DESCENT,1.0,0.8973,139.4684,0.0,True,NORMAL,MONITOR,False,{},"[""uav2"", ""uav1"", ""uav0""]",limited,True,{},NONE,NORMAL,SAFE,1.0,IDLE,0.0,0.0,0.0,,,0.0,False,avoidance not required,,{},,,,,,,,,,,3,fleet initializing,3.280,14.291,0.229,0,0,0.0,0.0,[],0.08566150814294815,-0.0633227750658989,0.0030472278594970703,0.07612157613039017,-0.09607086330652237,-0.0027750609442591667,0.05776922032237053,-0.06686079502105713,0.015622149221599102
345.8,COMPLETE,12,HOME_DESCENT,1.0,0.8973,139.4684,0.0,True,NORMAL,MONITOR,False,{},"[""uav2"", ""uav1"", ""uav0""]",limited,True,{},NONE,NORMAL,SAFE,1.0,IDLE,0.0,0.0,0.0,,,0.0,False,avoidance not required,,{},,,,,,,,,,,3,fleet initializing,3.282,14.290,0.220,0,0,0.0,0.0,[],0.08678325265645981,-0.06102178618311882,0.010387437418103218,0.07738368958234787,-0.09507317841053009,0.006005093455314636,0.058991048485040665,-0.06627397239208221,0.020658118650317192
346.0,COMPLETE,12,HOME_DESCENT,1.0,0.8973,139.4684,0.0,True,NORMAL,MONITOR,False,{},"[""uav2"", ""uav1"", ""uav0""]",limited,True,{},NONE,NORMAL,SAFE,1.0,IDLE,0.0,0.0,0.0,,,0.0,False,avoidance not required,,{},,,,,,,,,,,3,fleet initializing,3.282,14.289,0.213,0,0,0.0,0.0,[],0.0850052610039711,-0.06003793701529503,0.014890874736011028,0.0782686173915863,-0.09410583972930908,0.011724675074219704,0.06175195798277855,-0.0666494220495224,0.028875119984149933
346.2,COMPLETE,12,HOME_DESCENT,1.0,0.8972,139.4428,0.0,True,NORMAL,MONITOR,False,{},"[""uav2"", ""uav1"", ""uav0""]",limited,True,{},NONE,NORMAL,SAFE,1.0,IDLE,0.0,0.0,0.0,,,0.0,False,avoidance not required,,{},,,,,,,,,,,3,fleet initializing,3.284,14.287,0.208,0,0,0.0,0.0,[],0.08293219655752182,-0.058675624430179596,0.01751064881682396,0.0809130147099495,-0.09422755986452103,0.02087566815316677,0.06154739111661911,-0.0682542473077774,0.03347316384315491
346.4,COMPLETE,12,HOME_DESCENT,1.0,0.8972,139.4428,0.0,True,NORMAL,MONITOR,False,{},"[""uav2"", ""uav1"", ""uav0""]",limited,True,{},NONE,NORMAL,SAFE,1.0,IDLE,0.0,0.0,0.0,,,0.0,False,avoidance not required,,{},,,,,,,,,,,3,fleet initializing,3.281,14.288,0.202,0,0,0.0,0.0,[],0.08410864323377609,-0.0573439821600914,0.023194842040538788,0.08052047342061996,-0.09623557329177856,0.026216106489300728,0.06367176026105881,-0.06902526319026947,0.038804758340120316
346.6,COMPLETE,12,HOME_DESCENT,1.0,0.8971,139.4171,0.0,True,NORMAL,MONITOR,False,{},"[""uav2"", ""uav1"", ""uav0""]",limited,True,{},NONE,NORMAL,SAFE,1.0,IDLE,0.0,0.0,0.0,,,0.0,False,avoidance not required,,{},,,,,,,,,,,3,fleet initializing,3.283,14.287,0.198,0,0,0.0,0.0,[],0.08368229120969772,-0.056760963052511215,0.02512490563094616,0.0823768749833107,-0.09727829694747925,0.03303300961852074,0.06526713818311691,-0.06811210513114929,0.03890187665820122
346.8,COMPLETE,12,HOME_DESCENT,1.0,0.8971,139.4171,0.0,True,NORMAL,MONITOR,False,{},"[""uav2"", ""uav1"", ""uav0""]",limited,True,{},NONE,NORMAL,SAFE,1.0,IDLE,0.0,0.0,0.0,,,0.0,False,avoidance not required,,{},,,,,,,,,,,3,fleet initializing,3.283,14.286,0.195,0,0,0.0,0.0,[],0.0853821262717247,-0.055767972022295,0.03219742327928543,0.0768585056066513,-0.09667735546827316,0.03966986760497093,0.06864568591117859,-0.06746776401996613,0.04500528797507286
347.0,COMPLETE,12,HOME_DESCENT,1.0,0.8971,139.4171,0.0,True,NORMAL,MONITOR,False,{},"[""uav2"", ""uav1"", ""uav0""]",limited,True,{},NONE,NORMAL,SAFE,1.0,IDLE,0.0,0.0,0.0,,,0.0,False,avoidance not required,,{},,,,,,,,,,,3,fleet initializing,3.292,14.283,0.187,0,0,0.0,0.0,[],0.08141773194074631,-0.05641445890069008,0.030185455456376076,0.0759878158569336,-0.09610122442245483,0.04971322789788246,0.0640983134508133,-0.06781483441591263,0.04699045419692993
347.2,COMPLETE,12,HOME_DESCENT,1.0,0.897,139.3913,0.0,True,NORMAL,MONITOR,False,{},"[""uav2"", ""uav1"", ""uav0""]",limited,True,{},NONE,NORMAL,SAFE,1.0,IDLE,0.0,0.0,0.0,,,0.0,False,avoidance not required,,{},,,,,,,,,,,3,fleet initializing,3.288,14.286,0.180,0,0,0.0,0.0,[],0.08121955394744873,-0.05524534359574318,0.03383525833487511,0.07403575628995895,-0.09505171328783035,0.059884097427129745,0.05771525204181671,-0.06825736910104752,0.04229487106204033
347.4,COMPLETE,12,HOME_DESCENT,1.0,0.897,139.3913,0.0,True,NORMAL,MONITOR,False,{},"[""uav2"", ""uav1"", ""uav0""]",limited,True,{},NONE,NORMAL,SAFE,1.0,IDLE,0.0,0.0,0.0,,,0.0,False,avoidance not required,,{},,,,,,,,,,,3,fleet initializing,3.284,14.291,0.176,0,0,0.0,0.0,[],0.07967600226402283,-0.053442955017089844,0.037939079105854034,0.0753217414021492,-0.09319880604743958,0.07103759050369263,0.05604926124215126,-0.06727519631385803,0.04481792822480202
347.6,COMPLETE,12,HOME_DESCENT,1.0,0.8968,139.3654,0.0,True,NORMAL,MONITOR,False,{},"[""uav2"", ""uav1"", ""uav0""]",limited,True,{},NONE,NORMAL,SAFE,1.0,IDLE,0.0,0.0,0.0,,,0.0,False,avoidance not required,,{},,,,,,,,,,,3,fleet initializing,3.281,14.292,0.171,0,0,0.0,0.0,[],0.08111447095870972,-0.05085601285099983,0.04448908567428589,0.07418248802423477,-0.09028151631355286,0.07206995785236359,0.05466223880648613,-0.0647558718919754,0.046641755849123
347.8,COMPLETE,12,HOME_DESCENT,1.0,0.8968,139.3654,0.0,True,NORMAL,MONITOR,False,{},"[""uav2"", ""uav1"", ""uav0""]",limited,True,{},NONE,NORMAL,SAFE,1.0,IDLE,0.0,0.0,0.0,,,0.0,False,avoidance not required,,{},,,,,,,,,,,3,fleet initializing,3.281,14.291,0.166,0,0,0.0,0.0,[],0.08058390766382217,-0.04967791587114334,0.05230572447180748,0.0761207714676857,-0.08722137659788132,0.07801210880279541,0.05606115236878395,-0.062005817890167236,0.05295466631650925
348.0,COMPLETE,12,HOME_DESCENT,1.0,0.8968,139.3654,0.0,True,NORMAL,MONITOR,False,{},"[""uav2"", ""uav1"", ""uav0""]",limited,True,{},NONE,NORMAL,SAFE,1.0,IDLE,0.0,0.0,0.0,,,0.0,False,avoidance not required,,{},,,,,,,,,,,3,fleet initializing,3.280,14.288,0.159,0,0,0.0,0.0,[],0.08203031867742538,-0.04703545570373535,0.06468291580677032,0.07947792112827301,-0.0864059254527092,0.07481097429990768,0.05570907145738602,-0.06013944000005722,0.05699242278933525
348.2,COMPLETE,12,HOME_DESCENT,1.0,0.8967,139.3394,0.0,True,NORMAL,MONITOR,False,{},"[""uav2"", ""uav1"", ""uav0""]",limited,True,{},NONE,NORMAL,SAFE,1.0,IDLE,0.0,0.0,0.0,,,0.0,False,avoidance not required,,{},,,,,,,,,,,3,fleet initializing,3.276,14.287,0.158,0,0,0.0,0.0,[],0.07917643338441849,-0.04617751017212868,0.07047015428543091,0.0837288349866867,-0.08448803424835205,0.07957005500793457,0.05416598543524742,-0.06196204200387001,0.05593397095799446
348.4,COMPLETE,12,HOME_DESCENT,1.0,0.8967,139.3394,0.0,True,NORMAL,MONITOR,False,{},"[""uav2"", ""uav1"", ""uav0""]",limited,True,{},NONE,NORMAL,SAFE,1.0,IDLE,0.0,0.0,0.0,,,0.0,False,avoidance not required,,{},,,,,,,,,,,3,fleet initializing,3.271,14.289,0.156,0,0,0.0,0.0,[],0.07972341030836105,-0.043166302144527435,0.08108537644147873,0.08313551545143127,-0.08724908530712128,0.07764876633882523,0.05526304990053177,-0.06115739420056343,0.06344042718410492
348.6,COMPLETE,12,HOME_DESCENT,1.0,0.8966,139.3133,0.0,True,NORMAL,MONITOR,False,{},"[""uav2"", ""uav1"", ""uav0""]",limited,True,{},NONE,NORMAL,SAFE,1.0,IDLE,0.0,0.0,0.0,,,0.0,False,avoidance not required,,{},,,,,,,,,,,3,fleet initializing,3.272,14.288,0.158,0,0,0.0,0.0,[],0.07997351884841919,-0.04111989587545395,0.08615158498287201,0.08502883464097977,-0.08683078736066818,0.0851302519440651,0.055136531591415405,-0.0590767040848732,0.06628359109163284
348.8,COMPLETE,12,HOME_DESCENT,1.0,0.8966,139.3133,0.0,True,NORMAL,MONITOR,False,{},"[""uav2"", ""uav1"", ""uav0""]",limited,True,{},NONE,NORMAL,SAFE,1.0,IDLE,0.0,0.0,0.0,,,0.0,False,avoidance not required,,{},,,,,,,,,,,3,fleet initializing,3.270,14.286,0.154,0,0,0.0,0.0,[],0.08212420344352722,-0.03722904622554779,0.09549948573112488,0.0818658098578453,-0.08673243224620819,0.08787254989147186,0.056937821209430695,-0.05594782531261444,0.07456701248884201
349.0,COMPLETE,12,HOME_DESCENT,1.0,0.8966,139.3133,0.0,True,NORMAL,MONITOR,False,{},"[""uav2"", ""uav1"", ""uav0""]",limited,True,{},NONE,NORMAL,SAFE,1.0,IDLE,0.0,0.0,0.0,,,0.0,False,avoidance not required,,{},,,,,,,,,,,3,fleet initializing,3.275,14.283,0.151,0,0,0.0,0.0,[],0.0815424844622612,-0.034014470875263214,0.09655603766441345,0.08240301162004471,-0.08440913259983063,0.09737349301576614,0.05537500977516174,-0.05751555785536766,0.07776784896850586
349.2,COMPLETE,12,HOME_DESCENT,1.0,0.8964,139.2873,0.0,True,NORMAL,MONITOR,False,{},"[""uav2"", ""uav1"", ""uav0""]",limited,True,{},NONE,NORMAL,SAFE,1.0,IDLE,0.0,0.0,0.0,,,0.0,False,avoidance not required,,{},,,,,,,,,,,3,fleet initializing,3.273,14.285,0.144,0,0,0.0,0.0,[],0.07999448478221893,-0.03367101773619652,0.09633153676986694,0.0804043784737587,-0.0840970054268837,0.1049317792057991,0.05645584315061569,-0.0565430149435997,0.08662556856870651
349.4,COMPLETE,12,HOME_DESCENT,1.0,0.8964,139.2873,0.0,True,NORMAL,MONITOR,False,{},"[""uav2"", ""uav1"", ""uav0""]",limited,True,{},NONE,NORMAL,SAFE,1.0,IDLE,0.0,0.0,0.0,,,0.0,False,avoidance not required,,{},,,,,,,,,,,3,fleet initializing,3.276,14.284,0.138,0,0,0.0,0.0,[],0.07989995181560516,-0.031022382900118828,0.10298626124858856,0.08151719719171524,-0.08171223104000092,0.11730214953422546,0.057315751910209656,-0.05647397041320801,0.0883546769618988
