ros_time,state,stage,phase,progress,energy_min_remaining_fraction,energy_min_usable_margin_wh,energy_max_required_to_land_wh,energy_all_reserve_safe,energy_return_level,energy_return_action,energy_return_safety_override,energy_return_slots,energy_landing_order,energy_return_control_mode,energy_return_control_applied,energy_alternate_landing,energy_diversion_state,dynamic_action,dynamic_risk,speed_scale,avoidance_state,avoidance_offset_x,avoidance_offset_y,avoidance_offset_z,avoidance_failure,avoidance_algorithm,orca_max_command_speed_mps,planner_viable,planner_reason,planner_time_ms,planner_rejections,mpc_viable,mpc_total_solve_ms,mpc_max_solve_ms,mpc_solver_retries,mpc_warm_started_vehicles,mpc_rejections,mpc_consensus_strength,predicted_separation_m,dynamic_clearance_m,dynamic_time_to_conflict_s,safety_level,safety_message,min_separation_m,min_clearance_m,max_tracking_error_m,track_count,observed_track_count,mean_track_confidence,max_occlusion_s,track_ids,uav0_x,uav0_y,uav0_z,uav1_x,uav1_y,uav1_z,uav2_x,uav2_y,uav2_z
0.252,INITIALIZING,2,TAKEOFF_HOLD,0.0,1.0,160.0,11.127,True,NORMAL,MONITOR,False,{},"[""uav2"", ""uav1"", ""uav0""]",limited,False,{},NONE,SLOW,STALE,0.35,IDLE,0.0,0.0,0.0,,,0.0,,,,{},,,,,,,,,,,,,,,,0,0,0.0,0.0,[],,,,,,,,,
0.4,INITIALIZING,2,TAKEOFF_HOLD,0.0,1.0,160.0,11.127,True,NORMAL,MONITOR,False,{},"[""uav2"", ""uav1"", ""uav0""]",limited,False,{},NONE,SLOW,STALE,0.35,IDLE,0.0,0.0,0.0,,,0.0,,,,{},,,,,,,,,,,,,,,,0,0,0.0,0.0,[],,,,,,,,,
0.6,INITIALIZING,2,TAKEOFF_HOLD,0.0,0.9999,159.9705,11.127,True,NORMAL,MONITOR,False,{},"[""uav2"", ""uav1"", ""uav0""]",limited,False,{},NONE,SLOW,STALE,0.35,IDLE,0.0,0.0,0.0,,,0.0,,,,{},,,,,,,,,,,,,,,,0,0,0.0,0.0,[],,,,,,,,,
0.8,INITIALIZING,2,TAKEOFF_HOLD,0.0,0.9999,159.9705,11.127,True,NORMAL,MONITOR,False,{},"[""uav2"", ""uav1"", ""uav0""]",limited,False,{},NONE,SLOW,STALE,0.35,IDLE,0.0,0.0,0.0,,,0.0,,,,{},,,,,,,,,,,,,,,,0,0,0.0,0.0,[],,,,,,,,,
1.0,INITIALIZING,2,TAKEOFF_HOLD,0.0,0.9999,159.9705,11.127,True,NORMAL,MONITOR,False,{},"[""uav2"", ""uav1"", ""uav0""]",limited,False,{},NONE,SLOW,STALE,0.35,IDLE,0.0,0.0,0.0,,,0.0,,,,{},,,,,,,,,,,,,,,,0,0,0.0,0.0,[],,,,,,,,,
1.2,INITIALIZING,2,TAKEOFF_HOLD,0.0,0.9997,159.9465,11.127,True,NORMAL,MONITOR,False,{},"[""uav2"", ""uav1"", ""uav0""]",limited,False,{},NONE,SLOW,STALE,0.35,IDLE,0.0,0.0,0.0,,,0.0,,,,{},,,,,,,,,,,,,,,,0,0,0.0,0.0,[],,,,,,,,,
1.4,INITIALIZING,2,TAKEOFF_HOLD,0.0,0.9997,159.9465,11.127,True,NORMAL,MONITOR,False,{},"[""uav2"", ""uav1"", ""uav0""]",limited,False,{},NONE,SLOW,STALE,0.35,IDLE,0.0,0.0,0.0,,,0.0,,,,{},,,,,,,,,,,,,,,,0,0,0.0,0.0,[],,,,,,,,,
1.6,INITIALIZING,2,TAKEOFF_HOLD,0.0,0.9996,159.9198,11.127,True,NORMAL,MONITOR,False,{},"[""uav2"", ""uav1"", ""uav0""]",limited,False,{},NONE,SLOW,STALE,0.35,IDLE,0.0,0.0,0.0,,,0.0,,,,{},,,,,,,,,,,,,,,,0,0,0.0,0.0,[],,,,,,,,,
1.8,INITIALIZING,2,TAKEOFF_HOLD,0.0,0.9996,159.9198,11.127,True,NORMAL,MONITOR,False,{},"[""uav2"", ""uav1"", ""uav0""]",limited,False,{},NONE,SLOW,STALE,0.35,IDLE,0.0,0.0,0.0,,,0.0,,,,{},,,,,,,,,,,,,,,,0,0,0.0,0.0,[],,,,,,,,,
2.0,INITIALIZING,2,TAKEOFF_HOLD,0.0,0.9996,159.9198,11.127,True,NORMAL,MONITOR,False,{},"[""uav2"", ""uav1"", ""uav0""]",limited,False,{},NONE,SLOW,STALE,0.35,IDLE,0.0,0.0,0.0,,,0.0,,,,{},,,,,,,,,,,,,,,,0,0,0.0,0.0,[],,,,,,,,,
2.2,INITIALIZING,2,TAKEOFF_HOLD,0.0,0.9995,159.8931,11.127,True,NORMAL,MONITOR,False,{},"[""uav2"", ""uav1"", ""uav0""]",limited,False,{},NONE,HOLD,STALE,0.0,IDLE,0.0,0.0,0.0,,,0.0,,,,{},,,,,,,,,,,,,,,,0,0,0.0,0.0,[],,,,,,,,,
2.4,INITIALIZING,2,TAKEOFF_HOLD,0.0,0.9995,159.8931,11.127,True,NORMAL,MONITOR,False,{},"[""uav2"", ""uav1"", ""uav0""]",limited,False,{},NONE,HOLD,STALE,0.0,IDLE,0.0,0.0,0.0,,,0.0,,,,{},,,,,,,,,,,,,,,,0,0,0.0,0.0,[],,,,,,,,,
2.6,INITIALIZING,2,TAKEOFF_HOLD,0.0,0.9993,159.8663,11.127,True,NORMAL,MONITOR,True,{},"[""uav2"", ""uav1"", ""uav0""]",limited,False,{},NONE,HOLD,STALE,0.0,IDLE,0.0,0.0,0.0,,,0.0,,,,{},,,,,,,,,,,,,,,,0,0,0.0,0.0,[],,,,,,,,,
2.8,INITIALIZING,2,TAKEOFF_HOLD,0.0,0.9993,159.8663,11.127,True,NORMAL,MONITOR,True,{},"[""uav2"", ""uav1"", ""uav0""]",limited,False,{},NONE,HOLD,STALE,0.0,IDLE,0.0,0.0,0.0,,,0.0,,,,{},,,,,,,,,,,,,,,,0,0,0.0,0.0,[],,,,,,,,,
3.0,INITIALIZING,2,TAKEOFF_HOLD,0.0,0.9993,159.8663,11.127,True,NORMAL,MONITOR,True,{},"[""uav2"", ""uav1"", ""uav0""]",limited,False,{},NONE,HOLD,STALE,0.0,IDLE,0.0,0.0,0.0,,,0.0,,,,{},,,,,,,,,,,,,,,,0,0,0.0,0.0,[],,,,,,,,,
3.2,INITIALIZING,2,TAKEOFF_HOLD,0.0,0.9992,159.8396,11.127,True,NORMAL,MONITOR,True,{},"[""uav2"", ""uav1"", ""uav0""]",limited,False,{},NONE,HOLD,STALE,0.0,IDLE,0.0,0.0,0.0,,,0.0,,,,{},,,,,,,,,,,,,,,,0,0,0.0,0.0,[],,,,,,,,,
3.4,INITIALIZING,2,TAKEOFF_HOLD,0.0,0.9992,159.8396,11.127,True,NORMAL,MONITOR,True,{},"[""uav2"", ""uav1"", ""uav0""]",limited,False,{},NONE,HOLD,STALE,0.0,IDLE,0.0,0.0,0.0,,,0.0,,,,{},,,,,,,,,,,,,,,,0,0,0.0,0.0,[],,,,,,,,,
3.6,INITIALIZING,2,TAKEOFF_HOLD,0.0,0.9991,159.8128,11.127,True,NORMAL,MONITOR,True,{},"[""uav2"", ""uav1"", ""uav0""]",limited,False,{},NONE,HOLD,STALE,0.0,IDLE,0.0,0.0,0.0,,,0.0,,,,{},,,,,,,,,,,,,,,,0,0,0.0,0.0,[],,,,,,,,,
3.8,INITIALIZING,2,TAKEOFF_HOLD,0.0,0.9991,159.8128,11.127,True,NORMAL,MONITOR,True,{},"[""uav2"", ""uav1"", ""uav0""]",limited,False,{},NONE,HOLD,STALE,0.0,IDLE,0.0,0.0,0.0,,,0.0,,,,{},,,,,,,,,,,,,,,,0,0,0.0,0.0,[],,,,,,,,,
4.0,INITIALIZING,2,TAKEOFF_HOLD,0.0,0.9991,159.8128,11.127,True,NORMAL,MONITOR,True,{},"[""uav2"", ""uav1"", ""uav0""]",limited,False,{},NONE,HOLD,STALE,0.0,IDLE,0.0,0.0,0.0,,,0.0,,,,{},,,,,,,,,,,,,,,,0,0,0.0,0.0,[],,,,,,,,,
4.2,INITIALIZING,2,TAKEOFF_HOLD,0.0,0.9989,159.7861,11.127,True,NORMAL,MONITOR,True,{},"[""uav2"", ""uav1"", ""uav0""]",limited,False,{},NONE,HOLD,STALE,0.0,IDLE,0.0,0.0,0.0,,,0.0,,,,{},,,,,,,,,,,,,,,,0,0,0.0,0.0,[],,,,,,,,,
4.4,INITIALIZING,2,TAKEOFF_HOLD,0.0,0.9989,159.7861,11.127,True,NORMAL,MONITOR,True,{},"[""uav2"", ""uav1"", ""uav0""]",limited,False,{},NONE,HOLD,STALE,0.0,IDLE,0.0,0.0,0.0,,,0.0,,,,{},,,,,,,,,,,,,,,,0,0,0.0,0.0,[],,,,,,,,,
4.6,INITIALIZING,2,TAKEOFF_HOLD,0.0,0.9988,159.7594,11.127,True,NORMAL,MONITOR,True,{},"[""uav2"", ""uav1"", ""uav0""]",limited,False,{},NONE,HOLD,STALE,0.0,IDLE,0.0,0.0,0.0,,,0.0,,,,{},,,,,,,,,,,,,,,,0,0,0.0,0.0,[],,,,,,,,,
4.8,INITIALIZING,2,TAKEOFF_HOLD,0.0,0.9988,159.7594,11.127,True,NORMAL,MONITOR,True,{},"[""uav2"", ""uav1"", ""uav0""]",limited,False,{},NONE,HOLD,STALE,0.0,IDLE,0.0,0.0,0.0,,,0.0,,,,{},,,,,,,,,,,,,,,,0,0,0.0,0.0,[],,,,,,,,,
5.0,INITIALIZING,2,TAKEOFF_HOLD,0.0,0.9988,159.7594,11.127,True,NORMAL,MONITOR,True,{},"[""uav2"", ""uav1"", ""uav0""]",limited,False,{},NONE,HOLD,STALE,0.0,IDLE,0.0,0.0,0.0,,,0.0,,,,{},,,,,,,,,,,,,,,,0,0,0.0,0.0,[],,,,,,,,,
5.2,INITIALIZING,2,TAKEOFF_HOLD,0.0,0.9987,159.7326,11.127,True,NORMAL,MONITOR,True,{},"[""uav2"", ""uav1"", ""uav0""]",limited,False,{},NONE,HOLD,STALE,0.0,IDLE,0.0,0.0,0.0,,,0.0,,,,{},,,,,,,,,,,,,,,,0,0,0.0,0.0,[],,,,,,,,,
5.4,INITIALIZING,2,TAKEOFF_HOLD,0.0,0.9987,159.7326,11.127,True,NORMAL,MONITOR,True,{},"[""uav2"", ""uav1"", ""uav0""]",limited,False,{},NONE,HOLD,STALE,0.0,IDLE,0.0,0.0,0.0,,,0.0,,,,{},,,,,,,,,,,,,,,,0,0,0.0,0.0,[],,,,,,,,,
5.6,INITIALIZING,2,TAKEOFF_HOLD,0.0,0.9985,159.7059,11.127,True,NORMAL,MONITOR,True,{},"[""uav2"", ""uav1"", ""uav0""]",limited,False,{},NONE,HOLD,STALE,0.0,IDLE,0.0,0.0,0.0,,,0.0,,,,{},,,,,,,,,,,,,,,,0,0,0.0,0.0,[],,,,,,,,,
5.8,INITIALIZING,2,TAKEOFF_HOLD,0.0,0.9985,159.7059,11.127,True,NORMAL,MONITOR,True,{},"[""uav2"", ""uav1"", ""uav0""]",limited,False,{},NONE,HOLD,STALE,0.0,IDLE,0.0,0.0,0.0,,,0.0,,,,{},,,,,,,,,,,,,,,,0,0,0.0,0.0,[],,,,,,,,,
6.0,INITIALIZING,2,TAKEOFF_HOLD,0.0,0.9985,159.7059,11.127,True,NORMAL,MONITOR,True,{},"[""uav2"", ""uav1"", ""uav0""]",limited,False,{},NONE,HOLD,STALE,0.0,IDLE,0.0,0.0,0.0,,,0.0,,,,{},,,,,,,,,,,,,,,,0,0,0.0,0.0,[],,,,,,,,,
6.2,INITIALIZING,2,TAKEOFF_HOLD,0.0,0.9984,159.6792,11.127,True,NORMAL,MONITOR,True,{},"[""uav2"", ""uav1"", ""uav0""]",limited,False,{},NONE,HOLD,STALE,0.0,IDLE,0.0,0.0,0.0,,,0.0,,,,{},,,,,,,,,,,,,,,,0,0,0.0,0.0,[],,,,0.007566915359348059,0.00013555304030887783,-0.0017686880892142653,0.0075767626985907555,0.005563351325690746,-0.0092762541025877
6.4,INITIALIZING,2,TAKEOFF_HOLD,0.0,0.9984,159.6792,11.127,True,NORMAL,MONITOR,True,{},"[""uav2"", ""uav1"", ""uav0""]",limited,False,{},NONE,HOLD,STALE,0.0,IDLE,0.0,0.0,0.0,,,0.0,,,,{},,,,,,,,,,,,,,,,0,0,0.0,0.0,[],,,,0.00713223684579134,5.826698907185346e-05,0.000414108915720135,0.007756349164992571,0.009332654997706413,-0.009336029179394245
6.6,INITIALIZING,2,TAKEOFF_HOLD,0.0,0.9983,159.6524,11.127,True,NORMAL,MONITOR,True,{},"[""uav2"", ""uav1"", ""uav0""]",limited,False,{},NONE,HOLD,STALE,0.0,IDLE,0.0,0.0,0.0,,,0.0,,,,{},,,,,,,,,,,,,,,,0,0,0.0,0.0,[],0.007529391907155514,0.0002572494850028306,-0.0055275470949709415,0.006948706693947315,-0.0035355256404727697,0.0013357008574530482,0.007253248710185289,0.00774666341021657,-0.005211163312196732
6.8,INITIALIZING,2,TAKEOFF_HOLD,0.0,0.9983,159.6524,11.127,True,NORMAL,MONITOR,True,{},"[""uav2"", ""uav1"", ""uav0""]",limited,False,{},NONE,HOLD,SAFE,0.0,IDLE,0.0,0.0,0.0,,,0.0,False,avoidance not required,,{},,,,,,,,,,,3,fleet initializing,3.299,14.274,8.006,0,0,0.0,0.0,[],0.0069753509014844894,0.00019290957425255328,-0.0026098492089658976,0.0067185596562922,-0.007248683366924524,0.0024082977324724197,0.00669025769457221,0.006917241029441357,-0.0008492646156810224
7.0,INITIALIZING,2,TAKEOFF_HOLD,0.0,0.9983,159.6524,11.127,True,NORMAL,MONITOR,True,{},"[""uav2"", ""uav1"", ""uav0""]",limited,False,{},NONE,HOLD,SAFE,0.0,IDLE,0.0,0.0,0.0,,,0.0,False,avoidance not required,,{},,,,,,,,,,,3,fleet initializing,3.300,14.275,0.004,0,0,0.0,0.0,[],0.004643583670258522,-0.003411423647776246,-0.0005476965452544391,0.006836963351815939,-0.00775674544274807,0.0011107504833489656,0.006796404253691435,0.004804585594683886,0.0016771162627264857
7.2,INITIALIZING,2,TAKEOFF_HOLD,0.0,0.9981,159.6255,11.127,True,NORMAL,MONITOR,True,{},"[""uav2"", ""uav1"", ""uav0""]",limited,False,{},NONE,HOLD,SAFE,0.0,IDLE,0.0,0.0,0.0,,,0.0,False,avoidance not required,,{},,,,,,,,,,,3,fleet initializing,3.300,14.276,0.008,0,0,0.0,0.0,[],0.0034135179594159126,-0.007091914303600788,0.0009204497328028083,0.0069401985965669155,-0.0093228192999959,-0.00023974027135409415,0.0071130478754639626,0.0032679380383342505,0.0028548922855407
7.4,INITIALIZING,2,TAKEOFF_HOLD,0.0,0.9981,159.6255,11.127,True,NORMAL,MONITOR,True,{},"[""uav2"", ""uav1"", ""uav0""]",limited,False,{},NONE,HOLD,SAFE,0.0,IDLE,0.0,0.0,0.0,,,0.0,False,avoidance not required,,{},,,,,,,,,,,3,fleet initializing,3.300,14.277,0.011,0,0,0.0,0.0,[],0.003803058061748743,-0.007595865521579981,-0.0003641081275418401,0.007308180909603834,-0.007303373422473669,-0.0017760958289727569,0.006115563213825226,0.0013357115676626563,0.0013801289023831487
7.6,INITIALIZING,2,TAKEOFF_HOLD,0.0,0.998,159.5987,11.127,True,NORMAL,MONITOR,True,{},"[""uav2"", ""uav1"", ""uav0""]",limited,False,{},NONE,HOLD,SAFE,0.0,IDLE,0.0,0.0,0.0,,,0.0,False,avoidance not required,,{},,,,,,,,,,,3,fleet initializing,3.299,14.279,0.010,0,0,0.0,0.0,[],0.004031760152429342,-0.009363741613924503,-0.0016755320830270648,0.007621076889336109,-0.007434154860675335,-0.0024611339904367924,0.005575228948146105,-0.0003182955551892519,-0.00038483593380078673
7.8,INITIALIZING,2,TAKEOFF_HOLD,0.0,0.998,159.5987,11.127,True,NORMAL,MONITOR,True,{},"[""uav2"", ""uav1"", ""uav0""]",limited,False,{},NONE,HOLD,SAFE,0.0,IDLE,0.0,0.0,0.0,,,0.0,False,avoidance not required,,{},,,,,,,,,,,3,fleet initializing,3.298,14.280,0.011,0,0,0.0,0.0,[],0.003709341399371624,-0.007201336789876223,-0.0033680114429444075,0.007746536750346422,-0.006672974210232496,-0.0023144003935158253,0.005555370356887579,-0.0013131559826433659,-0.002603881061077118
8.0,INITIALIZING,2,TAKEOFF_HOLD,0.0,0.998,159.5987,11.127,True,NORMAL,MONITOR,True,{},"[""uav2"", ""uav1"", ""uav0""]",limited,False,{},NONE,HOLD,SAFE,0.0,IDLE,0.0,0.0,0.0,,,0.0,False,avoidance not required,,{},,,,,,,,,,,3,fleet initializing,3.298,14.281,0.010,0,0,0.0,0.0,[],0.003630749648436904,-0.007058368995785713,-0.004175025504082441,0.007774588651955128,-0.007606099359691143,-0.001846695551648736,0.005551517941057682,-0.0024359477683901787,-0.0033516620751470327
8.2,INITIALIZING,2,TAKEOFF_HOLD,0.0,0.9979,159.572,11.127,True,NORMAL,MONITOR,True,{},"[""uav2"", ""uav1"", ""uav0""]",limited,False,{},NONE,HOLD,SAFE,0.0,IDLE,0.0,0.0,0.0,,,0.0,False,avoidance not required,,{},,,,,,,,,,,3,fleet initializing,3.298,14.282,0.010,0,0,0.0,0.0,[],0.003129448276013136,-0.003402892267331481,-0.004112396854907274,0.00752375740557909,-0.007215856574475765,-0.0007596631767228246,0.005653813946992159,-0.0031352268997579813,-0.0029528196901082993
8.4,INITIALIZING,2,TAKEOFF_HOLD,0.0,0.9979,159.572,11.127,True,NORMAL,MONITOR,True,{},"[""uav2"", ""uav1"", ""uav0""]",limited,False,{},NONE,HOLD,SAFE,0.0,IDLE,0.0,0.0,0.0,,,0.0,False,avoidance not required,,{},,,,,,,,,,,3,fleet initializing,3.298,14.282,0.011,0,0,0.0,0.0,[],0.0027948564384132624,-0.0021534098777920008,-0.0033132832031697035,0.007155867293477058,-0.008454659022390842,0.0010758440475910902,0.005094863474369049,-0.004297496285289526,-0.002569100819528103
8.6,INITIALIZING,2,TAKEOFF_HOLD,0.0,0.9977,159.5452,11.127,True,NORMAL,MONITOR,True,{},"[""uav2"", ""uav1"", ""uav0""]",limited,False,{},NONE,HOLD,SAFE,0.0,IDLE,0.0,0.0,0.0,,,0.0,False,avoidance not required,,{},,,,,,,,,,,3,fleet initializing,3.298,14.286,0.013,0,0,0.0,0.0,[],0.0020990550983697176,-0.0012705265544354916,-0.0023503906559199095,0.0042333644814789295,-0.0066354903392493725,-0.002890883246436715,0.0024286885745823383,-0.004665608052164316,-0.00484220078215003
8.8,INITIALIZING,2,TAKEOFF_HOLD,0.0,0.9977,159.5452,11.127,True,NORMAL,MONITOR,True,{},"[""uav2"", ""uav1"", ""uav0""]",limited,False,{},NONE,NORMAL,SAFE,1.0,IDLE,0.0,0.0,0.0,,,0.0,False,avoidance not required,,{},,,,,,,,,,,3,fleet initializing,3.298,14.286,0.013,0,0,0.0,0.0,[],0.001472128089517355,-0.0018785139545798302,-0.0007405938813462853,0.0031568834092468023,-0.005442647263407707,-0.0025390044320374727,0.0014874859480187297,-0.004840456414967775,-0.0059498935006558895
9.0,INITIALIZING,2,TAKEOFF_HOLD,0.0,0.9977,159.5452,11.127,True,NORMAL,MONITOR,True,{},"[""uav2"", ""uav1"", ""uav0""]",limited,False,{},NONE,NORMAL,SAFE,1.0,IDLE,0.0,0.0,0.0,,,0.0,False,avoidance not required,,{},,,,,,,,,,,3,fleet initializing,3.298,14.287,8.006,0,0,0.0,0.0,[],-0.0010948146227747202,-0.00047669425839558244,-0.004316076636314392,0.0025682440027594566,-0.006531817372888327,-0.001610778272151947,0.0008750541019253433,-0.0061877015978097916,-0.005873166956007481
9.2,INITIALIZING,2,TAKEOFF_HOLD,0.0,0.9976,159.5185,11.127,True,NORMAL,MONITOR,False,{},"[""uav2"", ""uav1"", ""uav0""]",limited,False,{},NONE,NORMAL,SAFE,1.0,IDLE,0.0,0.0,0.0,,,0.0,False,avoidance not required,,{},,,,,,,,,,,3,fleet initializing,3.298,14.288,8.006,0,0,0.0,0.0,[],-0.002966124564409256,-0.0009191096760332584,-0.005923852324485779,0.0029588663019239902,-0.006601708475500345,0.001295069814659655,0.0014011458260938525,-0.006882474757730961,-0.0028312525246292353
9.4,INITIALIZING,2,TAKEOFF_HOLD,0.0,0.9976,159.5185,11.127,True,NORMAL,MONITOR,False,{},"[""uav2"", ""uav1"", ""uav0""]",limited,False,{},NONE,NORMAL,SAFE,1.0,IDLE,0.0,0.0,0.0,,,0.0,False,avoidance not required,,{},,,,,,,,,,,3,fleet initializing,3.298,14.288,8.006,0,0,0.0,0.0,[],-0.002583729103207588,-0.0011413798201829195,-0.003471104195341468,0.003382851369678974,-0.008483441546559334,0.0018144246423617005,0.002196064218878746,-0.008531699888408184,3.521326289046556e-05
9.6,INITIALIZING,2,TAKEOFF_HOLD,0.0,0.9975,159.4917,11.127,True,NORMAL,MONITOR,False,{},"[""uav2"", ""uav1"", ""uav0""]",limited,False,{},NONE,NORMAL,SAFE,1.0,IDLE,0.0,0.0,0.0,,,0.0,False,avoidance not required,,{},,,,,,,,,,,3,fleet initializing,3.299,14.286,8.006,0,0,0.0,0.0,[],-0.002280861372128129,-0.0029905494302511215,-0.0007501458749175072,0.004663756117224693,-0.006764535792171955,-0.006211174186319113,0.004085124935954809,-0.00697826873511076,0.0005201438907533884
9.8,INITIALIZING,2,TAKEOFF_HOLD,0.0,0.9975,159.4917,11.127,True,NORMAL,MONITOR,False,{},"[""uav2"", ""uav1"", ""uav0""]",limited,False,{},NONE,NORMAL,SAFE,1.0,IDLE,0.0,0.0,0.0,,,0.0,False,avoidance not required,,{},,,,,,,,,,,3,fleet initializing,3.299,14.286,8.006,0,0,0.0,0.0,[],-0.001230214023962617,-0.0031762905418872833,-0.0006581575144082308,0.005714661907404661,-0.005464521236717701,-0.011726506985723972,0.002928712172433734,-0.005817851517349482,0.00022361965966410935
10.0,INITIALIZING,2,TAKEOFF_HOLD,0.0,0.9975,159.4917,11.127,True,NORMAL,MONITOR,False,{},"[""uav2"", ""uav1"", ""uav0""]",limited,False,{},NONE,NORMAL,SAFE,1.0,IDLE,0.0,0.0,0.0,,,0.0,False,avoidance not required,,{},,,,,,,,,,,3,fleet initializing,3.297,14.286,8.012,0,0,0.0,0.0,[],-0.000519503082614392,-0.004990655463188887,-0.0011487873271107674,0.006571825593709946,-0.006423305254429579,-0.016454676166176796,0.002661302452906966,-0.006424496416002512,-0.0009527563233859837
10.2,INITIALIZING,2,TAKEOFF_HOLD,0.0,0.9973,159.4649,11.127,True,NORMAL,MONITOR,False,{},"[""uav2"", ""uav1"", ""uav0""]",limited,False,{},NONE,NORMAL,SAFE,1.0,IDLE,0.0,0.0,0.0,,,0.0,False,avoidance not required,,{},,,,,,,,,,,3,fleet initializing,3.296,14.287,8.016,0,0,0.0,0.0,[],-0.0033236006274819374,-0.005050664767622948,-0.002392803318798542,0.005311007611453533,-0.007469958160072565,-0.01884658820927143,0.003725838614627719,-0.004413548856973648,-0.0029533598572015762
10.4,INITIALIZING,2,TAKEOFF_HOLD,0.0,0.9973,159.4649,11.127,True,NORMAL,MONITOR,False,{},"[""uav2"", ""uav1"", ""uav0""]",limited,False,{},NONE,NORMAL,SAFE,1.0,IDLE,0.0,0.0,0.0,,,0.0,False,avoidance not required,,{},,,,,,,,,,,3,fleet initializing,3.298,14.285,8.019,0,0,0.0,0.0,[],-0.005235413089394569,-0.006871935445815325,-0.003896529320627451,0.004533453844487667,-0.009782603941857815,-0.019868552684783936,0.0048025865107774734,-0.004595503211021423,-0.005970657803118229
10.6,INITIALIZING,2,TAKEOFF_HOLD,0.0,0.9972,159.4382,11.127,True,NORMAL,MONITOR,False,{},"[""uav2"", ""uav1"", ""uav0""]",limited,False,{},NONE,NORMAL,SAFE,1.0,IDLE,0.0,0.0,0.0,,,0.0,False,avoidance not required,,{},,,,,,,,,,,3,fleet initializing,3.300,14.284,8.020,0,0,0.0,0.0,[],-0.007090879138559103,-0.008013756945729256,-0.006368959788233042,0.0024607430677860975,-0.009233410470187664,-0.01989850588142872,0.0057381014339625835,-0.0052571529522538185,-0.01220298558473587
10.8,INITIALIZING,2,TAKEOFF_HOLD,0.0,0.9972,159.4382,11.127,True,NORMAL,MONITOR,False,{},"[""uav2"", ""uav1"", ""uav0""]",limited,False,{},NONE,NORMAL,SAFE,1.0,IDLE,0.0,0.0,0.0,,,0.0,False,avoidance not required,,{},,,,,,,,,,,3,fleet initializing,3.303,14.284,8.020,0,0,0.0,0.0,[],-0.008620765060186386,-0.010587836615741253,-0.00764572573825717,0.001978489337489009,-0.007622072007507086,-0.017694413661956787,0.00621564406901598,-0.006883201189339161,-0.0154000548645854
11.0,INITIALIZING,2,TAKEOFF_HOLD,0.0,0.9972,159.4382,11.127,True,NORMAL,MONITOR,False,{},"[""uav2"", ""uav1"", ""uav0""]",limited,False,{},NONE,NORMAL,SAFE,1.0,IDLE,0.0,0.0,0.0,,,0.0,False,avoidance not required,,{},,,,,,,,,,,3,fleet initializing,3.304,14.285,8.018,0,0,0.0,0.0,[],-0.010022202506661415,-0.00962135847657919,-0.008288723416626453,0.0016511862631887197,-0.007782886736094952,-0.01608789898455143,0.005135053768754005,-0.005828866735100746,-0.01804409548640251
11.2,INITIALIZING,2,TAKEOFF_HOLD,0.0,0.9971,159.4114,11.127,True,NORMAL,MONITOR,False,{},"[""uav2"", ""uav1"", ""uav0""]",limited,False,{},NONE,NORMAL,SAFE,1.0,IDLE,0.0,0.0,0.0,,,0.0,False,avoidance not required,,{},,,,,,,,,,,3,fleet initializing,3.303,14.285,8.018,0,0,0.0,0.0,[],-0.011097968555986881,-0.010621175169944763,-0.010016106069087982,-0.0017873065080493689,-0.004851813893765211,-0.015993323177099228,0.005991778336465359,-0.004507916048169136,-0.02158471569418907
11.4,INITIALIZING,2,TAKEOFF_HOLD,0.0,0.9971,159.4114,11.127,True,NORMAL,MONITOR,False,{},"[""uav2"", ""uav1"", ""uav0""]",limited,False,{},NONE,NORMAL,SAFE,1.0,IDLE,0.0,0.0,0.0,,,0.0,False,avoidance not required,,{},,,,,,,,,,,3,fleet initializing,3.308,14.283,8.022,0,0,0.0,0.0,[],-0.010564450174570084,-0.010893283411860466,-0.011958855204284191,-0.004349976312369108,-0.0038926657289266586,-0.018259316682815552,0.006668808404356241,-0.004452823661267757,-0.023659076541662216
11.6,INITIALIZING,2,TAKEOFF_HOLD,0.0,0.9969,159.3846,11.127,True,NORMAL,MONITOR,False,{},"[""uav2"", ""uav1"", ""uav0""]",limited,False,{},NONE,NORMAL,SAFE,1.0,IDLE,0.0,0.0,0.0,,,0.0,False,avoidance not required,,{},,,,,,,,,,,3,fleet initializing,3.306,14.283,8.024,0,0,0.0,0.0,[],-0.010774006135761738,-0.012520468793809414,-0.013612509705126286,-0.004608428571373224,-0.004223020281642675,-0.02055015228688717,0.006662545260041952,-0.0033996666315943003,-0.023683907464146614
11.8,INITIALIZING,2,TAKEOFF_HOLD,0.0,0.9969,159.3846,11.127,True,NORMAL,MONITOR,False,{},"[""uav2"", ""uav1"", ""uav0""]",limited,False,{},NONE,NORMAL,SAFE,1.0,IDLE,0.0,0.0,0.0,,,0.0,False,avoidance not required,,{},,,,,,,,,,,3,fleet initializing,3.306,14.282,8.024,0,0,0.0,0.0,[],-0.01207403652369976,-0.010897417552769184,-0.014027480036020279,-0.005305337253957987,-0.005343930330127478,-0.0238253865391016,0.006690425798296928,-0.003628524485975504,-0.02632042020559311
12.0,INITIALIZING,2,TAKEOFF_HOLD,0.0,0.9969,159.3846,11.127,True,NORMAL,MONITOR,False,{},"[""uav2"", ""uav1"", ""uav0""]",limited,False,{},NONE,NORMAL,SAFE,1.0,IDLE,0.0,0.0,0.0,,,0.0,False,avoidance not required,,{},,,,,,,,,,,1,tracking error high,3.307,14.282,8.026,0,0,0.0,0.0,[],-0.013395600020885468,-0.010937882587313652,-0.017316659912467003,-0.004610925912857056,-0.005770004820078611,-0.028264109045267105,0.0059188418090343475,-0.004809173289686441,-0.028382236137986183
12.2,INITIALIZING,2,TAKEOFF_HOLD,0.0,0.9968,159.3577,11.127,True,NORMAL,MONITOR,False,{},"[""uav2"", ""uav1"", ""uav0""]",limited,False,{},NONE,NORMAL,SAFE,1.0,IDLE,0.0,0.0,0.0,,,0.0,False,avoidance not required,,{},,,,,,,,,,,1,tracking error high,3.309,14.283,8.028,0,0,0.0,0.0,[],-0.012947539798915386,-0.009158194065093994,-0.022035056725144386,-0.005289499182254076,-0.00405973382294178,-0.03251747041940689,0.005228441674262285,-0.006374641787260771,-0.030611902475357056
12.4,INITIALIZING,2,TAKEOFF_HOLD,0.0,0.9968,159.3577,11.127,True,NORMAL,MONITOR,False,{},"[""uav2"", ""uav1"", ""uav0""]",limited,False,{},NONE,NORMAL,SAFE,1.0,IDLE,0.0,0.0,0.0,,,0.0,False,avoidance not required,,{},,,,,,,,,,,1,tracking error high,3.308,14.285,8.033,0,0,0.0,0.0,[],-0.013530907221138477,-0.009276782162487507,-0.025420544669032097,-0.004048593807965517,-0.0015089234802871943,-0.03253147006034851,0.004635821096599102,-0.006002647336572409,-0.033202946186065674
12.6,INITIALIZING,2,TAKEOFF_HOLD,0.0,0.9967,159.3309,11.127,True,NORMAL,MONITOR,False,{},"[""uav2"", ""uav1"", ""uav0""]",limited,False,{},NONE,NORMAL,SAFE,1.0,IDLE,0.0,0.0,0.0,,,0.0,False,avoidance not required,,{},,,,,,,,,,,1,tracking error high,3.309,14.285,8.033,0,0,0.0,0.0,[],-0.01433789636939764,-0.007525463122874498,-0.02453325130045414,-0.003679808462038636,-0.000698709802236408,-0.033411648124456406,0.004560996312648058,-0.005692717619240284,-0.03526141867041588
12.8,INITIALIZING,2,TAKEOFF_HOLD,0.0,0.9967,159.3309,11.127,True,NORMAL,MONITOR,False,{},"[""uav2"", ""uav1"", ""uav0""]",limited,False,{},NONE,NORMAL,SAFE,1.0,IDLE,0.0,0.0,0.0,,,0.0,False,avoidance not required,,{},,,,,,,,,,,1,tracking error high,3.308,14.285,8.035,0,0,0.0,0.0,[],-0.015584698878228664,-0.00734393997117877,-0.02572059817612171,-0.004387322813272476,-0.00040705729043111205,-0.030219009146094322,0.006767626851797104,-0.0014291576808318496,-0.034793492406606674
13.0,INITIALIZING,2,TAKEOFF_HOLD,0.0,0.9967,159.3309,11.127,True,NORMAL,MONITOR,False,{},"[""uav2"", ""uav1"", ""uav0""]",limited,False,{},NONE,NORMAL,SAFE,1.0,IDLE,0.0,0.0,0.0,,,0.0,False,avoidance not required,,{},,,,,,,,,,,1,tracking error high,3.311,14.280,8.035,0,0,0.0,0.0,[],-0.013775257393717766,-0.00859141256660223,-0.02924160286784172,-0.005273499991744757,-0.0008901113178580999,-0.030147096142172813,0.008662023581564426,0.00043780909618362784,-0.03504861518740654
13.2,INITIALIZING,2,TAKEOFF_HOLD,0.0,0.9965,159.3041,11.127,True,NORMAL,MONITOR,False,{},"[""uav2"", ""uav1"", ""uav0""]",limited,False,{},NONE,NORMAL,SAFE,1.0,IDLE,0.0,0.0,0.0,,,0.0,False,avoidance not required,,{},,,,,,,,,,,1,tracking error high,3.309,14.278,8.035,0,0,0.0,0.0,[],-0.013095234520733356,-0.011060105636715889,-0.03160639852285385,-0.00444014323875308,0.0015471548540517688,-0.029632218182086945,0.011151101440191269,0.0038504754193127155,-0.03424719721078873
13.4,INITIALIZING,2,TAKEOFF_HOLD,0.0,0.9965,159.3041,11.127,True,NORMAL,MONITOR,False,{},"[""uav2"", ""uav1"", ""uav0""]",limited,False,{},NONE,NORMAL,SAFE,1.0,IDLE,0.0,0.0,0.0,,,0.0,False,avoidance not required,,{},,,,,,,,,,,1,tracking error high,3.309,14.274,8.034,0,0,0.0,0.0,[],-0.010977116413414478,-0.010173779912292957,-0.02949208952486515,-0.0041109491139650345,0.0021212955471128225,-0.032078251242637634,0.012933903373777866,0.005206398665904999,-0.03406997397542
13.6,INITIALIZING,2,TAKEOFF_HOLD,0.0,0.9964,159.2772,11.127,True,NORMAL,MONITOR,False,{},"[""uav2"", ""uav1"", ""uav0""]",limited,False,{},NONE,NORMAL,SAFE,1.0,IDLE,0.0,0.0,0.0,,,0.0,False,avoidance not required,,{},,,,,,,,,,,1,tracking error high,3.308,14.271,8.033,0,0,0.0,0.0,[],-0.01009281538426876,-0.010959239676594734,-0.02946990355849266,-0.002586315618827939,0.002765313256531954,-0.0327618382871151,0.013312499970197678,0.005665299016982317,-0.032132044434547424
13.8,INITIALIZING,2,TAKEOFF_HOLD,0.0,0.9964,159.2772,11.127,True,NORMAL,MONITOR,False,{},"[""uav2"", ""uav1"", ""uav0""]",limited,False,{},NONE,NORMAL,SAFE,1.0,IDLE,0.0,0.0,0.0,,,0.0,False,avoidance not required,,{},,,,,,,,,,,1,tracking error high,3.308,14.271,8.033,0,0,0.0,0.0,[],-0.008012475445866585,-0.009678400121629238,-0.02920040674507618,-0.0029360561165958643,0.0027759235817939043,-0.0283957552164793,0.014027914963662624,0.005070942919701338,-0.03131464496254921
14.0,INITIALIZING,2,TAKEOFF_HOLD,0.0,0.9964,159.2772,11.127,True,NORMAL,MONITOR,False,{},"[""uav2"", ""uav1"", ""uav0""]",limited,False,{},NONE,NORMAL,SAFE,1.0,IDLE,0.0,0.0,0.0,,,0.0,False,avoidance not required,,{},,,,,,,,,,,1,tracking error high,3.305,14.271,8.031,0,0,0.0,0.0,[],-0.006781510543078184,-0.010654596611857414,-0.03017529845237732,-0.009954553097486496,-0.004119885619729757,0.02418481558561325,0.012543752789497375,0.005701859015971422,-0.023595690727233887
14.2,INITIALIZING,2,TAKEOFF_HOLD,0.0,0.9962,159.2497,11.127,True,NORMAL,MONITOR,False,{},"[""uav2"", ""uav1"", ""uav0""]",limited,False,{},NONE,NORMAL,SAFE,1.0,IDLE,0.0,0.0,0.0,,,0.0,False,avoidance not required,,{},,,,,,,,,,,1,tracking error high,3.297,14.271,8.030,0,0,0.0,0.0,[],-0.0035693165846168995,-0.00842334982007742,-0.03074377402663231,-0.030040716752409935,-0.02395208366215229,0.1657078117132187,0.004934775643050671,0.0031144043896347284,0.020247656852006912
14.4,INITIALIZING,2,TAKEOFF_HOLD,0.0,0.9962,159.2497,11.127,True,NORMAL,MONITOR,False,{},"[""uav2"", ""uav1"", ""uav0""]",limited,False,{},NONE,NORMAL,SAFE,1.0,IDLE,0.0,0.0,0.0,,,0.0,False,avoidance not required,,{},,,,,,,,,,,1,tracking error high,3.279,14.279,8.031,0,0,0.0,0.0,[],-0.007296180352568626,-0.009749122895300388,0.00526549993082881,-0.05183083564043045,-0.04416578263044357,0.37962111830711365,-0.014486695639789104,-0.009934510104358196,0.13774144649505615
14.6,INITIALIZING,2,TAKEOFF_HOLD,0.0,0.996,159.2076,11.127,True,NORMAL,MONITOR,False,{},"[""uav2"", ""uav1"", ""uav0""]",limited,False,{},NONE,NORMAL,SAFE,1.0,IDLE,0.0,0.0,0.0,,,0.0,False,avoidance not required,,{},,,,,,,,,,,1,tracking error high,3.277,14.302,7.995,0,0,0.0,0.0,[],-0.021613195538520813,-0.019464747980237007,0.11086346954107285,-0.0729844719171524,-0.06439508497714996,0.6887804865837097,-0.04652004316449165,-0.030204197391867638,0.3404906094074249
14.8,INITIALIZING,2,TAKEOFF_HOLD,0.0,0.996,159.2076,11.127,True,NORMAL,MONITOR,False,{},"[""uav2"", ""uav1"", ""uav0""]",limited,False,{},NONE,NORMAL,SAFE,1.0,IDLE,0.0,0.0,0.0,,,0.0,False,avoidance not required,,{},,,,,,,,,,,1,tracking error high,3.300,14.339,7.889,0,0,0.0,0.0,[],-0.04173179715871811,-0.036591820418834686,0.3140791058540344,-0.0877765417098999,-0.08009686321020126,1.07462477684021,-0.07387450337409973,-0.05188748612999916,0.6424694657325745
15.0,INITIALIZING,2,TAKEOFF_HOLD,0.0,0.996,159.2076,11.127,True,NORMAL,MONITOR,False,{},"[""uav2"", ""uav1"", ""uav0""]",limited,False,{},NONE,NORMAL,SAFE,1.0,IDLE,0.0,0.0,0.0,,,0.0,False,avoidance not required,,{},,,,,,,,,,,1,tracking error high,3.342,14.373,7.686,0,0,0.0,0.0,[],-0.06446661055088043,-0.04982825741171837,0.6054404377937317,-0.10848324745893478,-0.09022943675518036,1.512943148612976,-0.10111009329557419,-0.07557463645935059,1.0367048978805542
15.2,INITIALIZING,2,TAKEOFF_HOLD,0.0,0.9958,159.1548,11.127,True,NORMAL,MONITOR,False,{},"[""uav2"", ""uav1"", ""uav0""]",limited,False,{},NONE,NORMAL,SAFE,1.0,IDLE,0.0,0.0,0.0,,,0.0,False,avoidance not required,,{},,,,,,,,,,,1,tracking error high,3.342,14.409,7.395,0,0,0.0,0.0,[],-0.08116337656974792,-0.061477430164813995,0.9825012683868408,-0.12269231677055359,-0.09359534829854965,1.9624272584915161,-0.1260850876569748,-0.09666232019662857,1.4391025304794312
15.4,INITIALIZING,2,TAKEOFF_HOLD,0.0,0.9958,159.1548,11.127,True,NORMAL,MONITOR,False,{},"[""uav2"", ""uav1"", ""uav0""]",limited,False,{},NONE,NORMAL,SAFE,1.0,IDLE,0.0,0.0,0.0,,,0.0,False,avoidance not required,,{},,,,,,,,,,,1,tracking error high,3.338,14.442,7.018,0,0,0.0,0.0,[],-0.10511236637830734,-0.06958026438951492,1.3990631103515625,-0.12502288818359375,-0.09179570525884628,2.408780336380005,-0.14078912138938904,-0.11075448244810104,1.8993687629699707
15.6,INITIALIZING,2,TAKEOFF_HOLD,0.0,0.9955,159.1019,11.127,True,NORMAL,MONITOR,False,{},"[""uav2"", ""uav1"", ""uav0""]",limited,False,{},NONE,NORMAL,SAFE,1.0,IDLE,0.0,0.0,0.0,,,0.0,False,avoidance not required,,{},,,,,,,,,,,1,tracking error high,3.324,14.462,6.602,0,0,0.0,0.0,[],-0.11789140850305557,-0.07477672398090363,1.8408012390136719,-0.13108566403388977,-0.09028947353363037,2.8901169300079346,-0.15006878972053528,-0.11905572563409805,2.3596668243408203
15.8,INITIALIZING,2,TAKEOFF_HOLD,0.0,0.9955,159.1019,11.127,True,NORMAL,MONITOR,False,{},"[""uav2"", ""uav1"", ""uav0""]",limited,False,{},NONE,NORMAL,SAFE,1.0,IDLE,0.0,0.0,0.0,,,0.0,False,avoidance not required,,{},,,,,,,,,,,1,tracking error high,3.324,14.475,6.161,0,0,0.0,0.0,[],-0.1281919926404953,-0.08150272071361542,2.304530143737793,-0.1270538866519928,-0.08402598649263382,3.38087797164917,-0.14805667102336884,-0.11737731844186783,2.816621780395508
16.0,INITIALIZING,2,TAKEOFF_HOLD,0.0,0.9955,159.1019,11.127,True,NORMAL,MONITOR,False,{},"[""uav2"", ""uav1"", ""uav0""]",limited,False,{},NONE,NORMAL,SAFE,1.0,IDLE,0.0,0.0,0.0,,,0.0,False,avoidance not required,,{},,,,,,,,,,,1,tracking error high,3.327,14.472,5.697,0,0,0.0,0.0,[],-0.12650130689144135,-0.08196035772562027,2.78315806388855,-0.12007066607475281,-0.07554985582828522,3.88702654838562,-0.14716443419456482,-0.10689777135848999,3.301257848739624
16.2,INITIALIZING,2,TAKEOFF_HOLD,0.0,0.9952,159.0408,11.127,True,NORMAL,MONITOR,False,{},"[""uav2"", ""uav1"", ""uav0""]",limited,False,{},NONE,NORMAL,SAFE,1.0,IDLE,0.0,0.0,0.0,,,0.0,False,avoidance not required,,{},,,,,,,,,,,1,tracking error high,3.325,14.464,5.219,0,0,0.0,0.0,[],-0.1267777979373932,-0.07923860847949982,3.279935121536255,-0.10914557427167892,-0.06432466953992844,4.4007978439331055,-0.13686661422252655,-0.092147596180439,3.7997968196868896
16.4,INITIALIZING,2,TAKEOFF_HOLD,0.0,0.9952,159.0408,11.127,True,NORMAL,MONITOR,False,{},"[""uav2"", ""uav1"", ""uav0""]",limited,False,{},NONE,NORMAL,SAFE,1.0,IDLE,0.0,0.0,0.0,,,0.0,False,avoidance not required,,{},,,,,,,,,,,1,tracking error high,3.327,14.447,4.722,0,0,0.0,0.0,[],-0.11814969778060913,-0.07220537215471268,3.784785032272339,-0.09218161553144455,-0.05042063444852829,4.921295642852783,-0.1296154409646988,-0.07840370386838913,4.313622951507568
16.6,INITIALIZING,2,TAKEOFF_HOLD,0.0,0.9949,158.9851,11.127,True,NORMAL,MONITOR,False,{},"[""uav2"", ""uav1"", ""uav0""]",limited,False,{},NONE,NORMAL,SAFE,1.0,IDLE,0.0,0.0,0.0,,,0.0,False,avoidance not required,,{},,,,,,,,,,,1,tracking error high,3.319,14.432,4.217,1,1,0.697,0.0,"[""lidar_target_2""]",-0.11564093083143234,-0.0624244287610054,4.3035407066345215,-0.07724009454250336,-0.033309802412986755,5.448780536651611,-0.1210392415523529,-0.061039164662361145,4.839691162109375
16.8,INITIALIZING,2,TAKEOFF_HOLD,0.0,0.9949,158.9851,11.127,True,NORMAL,MONITOR,False,{},"[""uav2"", ""uav1"", ""uav0""]",limited,False,{},NONE,HOLD,WARNING,0.0,HOLD,0.0,0.0,0.0,avoidance planner pending,,0.0,False,avoidance planner pending,,"{""PLANNER_PENDING"": 1}",,,,,,,,3.292,0.956,,1,tracking error high,3.313,14.413,3.699,1,1,0.653,0.0,"[""lidar_target_2""]",-0.10568784177303314,-0.05003651604056358,4.821486949920654,-0.06047964468598366,-0.017058631405234337,5.9347028732299805,-0.10558298975229263,-0.042106207460165024,5.35899019241333
17.0,INITIALIZING,2,TAKEOFF_HOLD,0.0,0.9949,158.9851,11.127,True,NORMAL,MONITOR,False,{},"[""uav2"", ""uav1"", ""uav0""]",limited,False,{},NONE,SLOW,WARNING,0.35,CONFIRMING,0.0,0.0,0.0,avoidance planner pending,collective_offset,0.0,True,safe collective offset found,39.226,"{""DYNAMIC_CONFLICT"": 1}",,,,,,,,3.29,-1.592,6.4,0,safe,3.306,14.389,0.520,1,1,0.675,0.0,"[""lidar_target_2""]",-0.10359727591276169,-0.04080124571919441,5.124636173248291,-0.045231521129608154,-0.003511236049234867,6.196683883666992,-0.09321904927492142,-0.022242791950702667,5.648447036743164
17.2,INITIALIZING,2,TAKEOFF_HOLD,0.0,0.9947,158.9418,11.127,True,NORMAL,MONITOR,False,{},"[""uav2"", ""uav1"", ""uav0""]",limited,False,{},NONE,SLOW,WARNING,0.35,CONFIRMING,0.0,0.0,0.0,avoidance planner pending,collective_offset,0.0,True,safe collective offset found,39.226,"{""DYNAMIC_CONFLICT"": 1}",,,,,,,,3.288,-1.787,2.6,1,tracking error high,3.298,14.366,2.878,1,0,0.587,0.2,"[""lidar_target_2""]",-0.0982242152094841,-0.02959933504462242,5.50968074798584,-0.02983764559030533,0.013177922926843166,6.437902450561523,-0.07267799228429794,-0.0010408901143819094,5.987623691558838
17.4,INITIALIZING,2,TAKEOFF_HOLD,0.0,0.9947,158.9418,11.127,True,NORMAL,MONITOR,False,{},"[""uav2"", ""uav1"", ""uav0""]",limited,False,{},NONE,HOLD,CRITICAL,0.0,CONFIRMING,0.0,0.0,0.0,avoidance planner pending,collective_offset,0.0,True,safe collective offset found,39.226,"{""DYNAMIC_CONFLICT"": 1}",,,,,,,,3.285,-1.787,2.4,1,tracking error high,3.288,14.337,2.492,1,0,0.51,0.4,"[""lidar_target_2""]",-0.08351664245128632,-0.016596190631389618,5.952669620513916,-0.013064833357930183,0.027832811698317528,6.7005157470703125,-0.045699264854192734,0.017956774681806564,6.3638482093811035
17.6,INITIALIZING,2,TAKEOFF_HOLD,0.0,0.9945,158.9059,11.127,True,NORMAL,MONITOR,True,{},"[""uav2"", ""uav1"", ""uav0""]",limited,False,{},NONE,HOLD,CRITICAL,0.0,CONFIRMING,0.0,0.0,0.0,avoidance planner pending,collective_offset,0.0,True,safe collective offset found,39.226,"{""DYNAMIC_CONFLICT"": 1}",,,,,,,,3.285,-1.787,2.2,0,safe,3.285,14.304,0.443,1,0,0.444,0.6,"[""lidar_target_2""]",-0.06954504549503326,-0.004217095673084259,6.164371490478516,0.008694822899997234,0.035784073173999786,6.817923545837402,-0.019237061962485313,0.029239920899271965,6.513456344604492
17.8,INITIALIZING,2,TAKEOFF_HOLD,0.0,0.9945,158.9059,11.127,True,NORMAL,MONITOR,True,{},"[""uav2"", ""uav1"", ""uav0""]",limited,False,{},NONE,AVOID,CRITICAL,0.35,APPLYING,-0.006,0.013,0.0,avoidance planner pending,collective_offset,0.0,True,safe collective offset found,39.226,"{""DYNAMIC_CONFLICT"": 1}",,,,,,,,3.286,-1.787,2.0,0,safe,3.286,14.278,0.656,1,0,0.386,0.8,"[""lidar_target_2""]",-0.05636896565556526,0.004784931428730488,6.1566619873046875,0.02416282333433628,0.040027178823947906,6.774041652679443,0.001108695287257433,0.03714967146515846,6.4806108474731445
18.0,INITIALIZING,2,TAKEOFF_HOLD,0.0,0.9945,158.9059,11.127,True,NORMAL,MONITOR,True,{},"[""uav2"", ""uav1"", ""uav0""]",limited,False,{},NONE,AVOID,CRITICAL,0.35,APPLYING,-0.033,0.067,0.0,avoidance planner pending,collective_offset,0.0,True,safe collective offset found,39.226,"{""DYNAMIC_CONFLICT"": 1}",,,,,,,,3.29,-1.787,1.8,0,safe,3.290,14.257,1.844,1,0,0.335,1.0,"[""lidar_target_2""]",-0.04215066879987717,0.013888324610888958,6.2608208656311035,0.04319363459944725,0.04927084967494011,6.852485656738281,0.027057399973273277,0.05340536683797836,6.604196548461914
18.2,INITIALIZING,2,TAKEOFF_HOLD,0.0,0.9943,158.8682,11.127,True,NORMAL,MONITOR,False,{},"[""uav2"", ""uav1"", ""uav0""]",limited,False,{},NONE,HOLD,CRITICAL,0.0,HOLD,-0.043,0.086,0.0,"no collective offset satisfies dynamic, static and fleet separation constraints",collective_offset,0.0,False,"no collective offset satisfies dynamic, static and fleet separation constraints",39.5,"{""DYNAMIC_CONFLICT"": 8}",,,,,,,,3.293,-1.787,1.6,0,safe,3.293,14.228,1.740,1,0,0.291,1.2,"[""lidar_target_2""]",-0.015417234040796757,0.025682073086500168,6.464895725250244,0.05961885303258896,0.05840044468641281,7.013303279876709,0.05181753262877464,0.06762779504060745,6.805992603302002
18.4,INITIALIZING,2,TAKEOFF_HOLD,0.0,0.9943,158.8682,11.127,True,NORMAL,MONITOR,False,{},"[""uav2"", ""uav1"", ""uav0""]",limited,False,{},NONE,HOLD,CRITICAL,0.0,HOLD,-0.043,0.086,0.0,"no collective offset satisfies dynamic, static and fleet separation constraints",collective_offset,0.0,False,"no collective offset satisfies dynamic, static and fleet separation constraints",39.5,"{""DYNAMIC_CONFLICT"": 8}",,,,,,,,3.298,-1.787,1.4,0,safe,3.299,14.200,0.206,1,0,0.253,1.4,"[""lidar_target_2""]",0.005467832088470459,0.03495686501264572,6.539626598358154,0.07409816980361938,0.07151994109153748,7.072729110717773,0.07264958322048187,0.07744617015123367,6.876407146453857
18.6,INITIALIZING,2,TAKEOFF_HOLD,0.0,0.9942,158.8362,11.127,True,NORMAL,MONITOR,True,{},"[""uav2"", ""uav1"", ""uav0""]",limited,False,{},NONE,HOLD,CRITICAL,0.0,HOLD,-0.043,0.086,0.0,"no collective offset satisfies dynamic, static and fleet separation constraints",collective_offset,0.0,False,"no collective offset satisfies dynamic, static and fleet separation constraints",39.5,"{""DYNAMIC_CONFLICT"": 8}",,,,,,,,3.3,-1.787,1.2,0,safe,3.304,14.178,0.284,0,0,0.0,0.0,[],0.02683081105351448,0.04827282577753067,6.496658802032471,0.07756292819976807,0.07766534388065338,7.035086154937744,0.08519062399864197,0.08759039640426636,6.831315040588379
18.8,INITIALIZING,2,TAKEOFF_HOLD,0.0,0.9942,158.8362,11.127,True,NORMAL,MONITOR,True,{},"[""uav2"", ""uav1"", ""uav0""]",limited,False,{},NONE,HOLD,SAFE,0.0,IDLE,0.0,0.0,0.0,,,0.0,False,avoidance not required,,{},,,,,,,,,,,0,safe,3.321,14.150,0.158,0,0,0.0,0.0,[],0.04162520915269852,0.057937391102313995,6.3875908851623535,0.08173952996730804,0.08301503956317902,6.955943584442139,0.0949786826968193,0.09554088860750198,6.735103130340576
19.0,INITIALIZING,2,TAKEOFF_HOLD,0.0,0.9942,158.8362,11.127,True,NORMAL,MONITOR,True,{},"[""uav2"", ""uav1"", ""uav0""]",limited,False,{},NONE,HOLD,SAFE,0.0,IDLE,0.0,0.0,0.0,,,0.0,False,avoidance not required,,{},,,,,,,,,,,0,safe,3.321,14.150,0.158,0,0,0.0,0.0,[],0.06308477371931076,0.061038222163915634,6.277591228485107,0.0920325294137001,0.09311525523662567,6.882390022277832,0.1046191081404686,0.10425904393196106,6.638823986053467
19.2,INITIALIZING,2,TAKEOFF_HOLD,0.0,0.994,158.8078,11.127,True,NORMAL,MONITOR,True,{},"[""uav2"", ""uav1"", ""uav0""]",limited,False,{},NONE,HOLD,SAFE,0.0,IDLE,0.0,0.0,0.0,,,0.0,False,avoidance not required,,{},,,,,,,,,,,0,safe,3.322,14.137,0.117,0,0,0.0,0.0,[],0.07637513428926468,0.0632915273308754,6.187096118927002,0.1003560721874237,0.10106983780860901,6.819979667663574,0.11184251308441162,0.11086512356996536,6.563380241394043
19.4,INITIALIZING,2,TAKEOFF_HOLD,0.0,0.994,158.8078,11.127,True,NORMAL,MONITOR,True,{},"[""uav2"", ""uav1"", ""uav0""]",limited,False,{},NONE,HOLD,SAFE,0.0,IDLE,0.0,0.0,0.0,,,0.0,False,avoidance not required,,{},,,,,,,,,,,0,safe,3.321,14.127,0.148,0,0,0.0,0.0,[],0.08789286017417908,0.0698443278670311,6.119939804077148,0.10850795358419418,0.10540803521871567,6.774717330932617,0.12204190343618393,0.11462026834487915,6.508993148803711
19.6,INITIALIZING,2,TAKEOFF_HOLD,0.0,0.9939,158.7797,11.127,True,NORMAL,MONITOR,True,{},"[""uav2"", ""uav1"", ""uav0""]",limited,False,{},NONE,HOLD,SAFE,0.0,IDLE,0.0,0.0,0.0,,,0.0,False,avoidance not required,,{},,,,,,,,,,,0,safe,3.324,14.117,0.200,0,0,0.0,0.0,[],0.09191769361495972,0.07453329116106033,6.078947067260742,0.11453388631343842,0.10878639668226242,6.745972156524658,0.12865018844604492,0.11687223613262177,6.4757795333862305
19.8,INITIALIZING,2,TAKEOFF_HOLD,0.0,0.9939,158.7797,11.127,True,NORMAL,MONITOR,True,{},"[""uav2"", ""uav1"", ""uav0""]",limited,False,{},NONE,HOLD,SAFE,0.0,IDLE,0.0,0.0,0.0,,,0.0,False,avoidance not required,,{},,,,,,,,,,,0,safe,3.325,14.111,0.234,0,0,0.0,0.0,[],0.09294483065605164,0.0789513811469078,6.057254791259766,0.12581294775009155,0.10586179047822952,6.731310844421387,0.13362810015678406,0.11586613208055496,6.4602580070495605
20.0,INITIALIZING,2,TAKEOFF_HOLD,0.0,0.9939,158.7797,11.127,True,NORMAL,MONITOR,True,{},"[""uav2"", ""uav1"", ""uav0""]",limited,False,{},NONE,HOLD,SAFE,0.0,IDLE,0.0,0.0,0.0,,,0.0,False,avoidance not required,,{},,,,,,,,,,,0,safe,3.319,14.108,0.253,0,0,0.0,0.0,[],0.08953148126602173,0.0813962072134018,6.0514936447143555,0.13298790156841278,0.10419518500566483,6.724878787994385,0.13543735444545746,0.11434416472911835,6.456953525543213
20.2,INITIALIZING,2,TAKEOFF_HOLD,0.0,0.9938,158.7524,11.127,True,NORMAL,MONITOR,True,{},"[""uav2"", ""uav1"", ""uav0""]",limited,False,{},NONE,HOLD,SAFE,0.0,IDLE,0.0,0.0,0.0,,,0.0,False,avoidance not required,,{},,,,,,,,,,,0,safe,3.313,14.108,0.256,0,0,0.0,0.0,[],0.09028638154268265,0.07636836916208267,6.060418128967285,0.13583289086818695,0.09620870649814606,6.724661350250244,0.13783569633960724,0.10831175744533539,6.460445880889893
20.4,INITIALIZING,2,TAKEOFF_HOLD,0.0,0.9938,158.7524,11.127,True,NORMAL,MONITOR,True,{},"[""uav2"", ""uav1"", ""uav0""]",limited,False,{},NONE,HOLD,SAFE,0.0,IDLE,0.0,0.0,0.0,,,0.0,False,avoidance not required,,{},,,,,,,,,,,0,safe,3.313,14.110,0.248,0,0,0.0,0.0,[],0.08621715754270554,0.07238294929265976,6.069113254547119,0.13564850389957428,0.09117954224348068,6.724507808685303,0.13714030385017395,0.10426455736160278,6.463730812072754
20.6,INITIALIZING,2,TAKEOFF_HOLD,0.0,0.9936,158.7253,11.127,True,NORMAL,MONITOR,True,{},"[""uav2"", ""uav1"", ""uav0""]",limited,False,{},NONE,HOLD,SAFE,0.0,IDLE,0.0,0.0,0.0,,,0.0,False,avoidance not required,,{},,,,,,,,,,,0,safe,3.312,14.113,0.238,0,0,0.0,0.0,[],0.08147037029266357,0.062115803360939026,6.083469390869141,0.1310514360666275,0.08414477854967117,6.728668212890625,0.13512389361858368,0.09792819619178772,6.465538501739502
20.8,INITIALIZING,2,TAKEOFF_HOLD,0.0,0.9936,158.7253,11.127,True,NORMAL,MONITOR,True,{},"[""uav2"", ""uav1"", ""uav0""]",limited,False,{},NONE,NORMAL,SAFE,1.0,IDLE,0.0,0.0,0.0,,,0.0,False,avoidance not required,,{},,,,,,,,,,,0,safe,3.315,14.119,0.221,0,0,0.0,0.0,[],0.07366655766963959,0.05550369620323181,6.118837833404541,0.12598185241222382,0.0806652382016182,6.755427837371826,0.13085147738456726,0.09329049289226532,6.503307342529297
21.0,INITIALIZING,2,TAKEOFF_HOLD,0.0,0.9936,158.7253,11.127,True,NORMAL,MONITOR,True,{},"[""uav2"", ""uav1"", ""uav0""]",limited,False,{},NONE,NORMAL,SAFE,1.0,IDLE,0.0,0.0,0.0,,,0.0,False,avoidance not required,,{},,,,,,,,,,,0,safe,3.314,14.126,1.883,0,0,0.0,0.0,[],0.06653675436973572,0.049440667033195496,6.3684773445129395,0.12286560237407684,0.07716188579797745,6.946544647216797,0.12438178807497025,0.07981362193822861,6.735658168792725
21.2,INITIALIZING,2,TAKEOFF_HOLD,0.0,0.9934,158.68,11.127,True,NORMAL,MONITOR,False,{},"[""uav2"", ""uav1"", ""uav0""]",limited,False,{},NONE,NORMAL,SAFE,1.0,IDLE,0.0,0.0,0.0,,,0.0,False,avoidance not required,,{},,,,,,,,,,,0,safe,3.308,14.140,1.634,0,0,0.0,0.0,[],0.061426155269145966,0.04631501063704491,6.6689605712890625,0.11625296622514725,0.07332266867160797,7.144564151763916,0.11536794900894165,0.06652002036571503,6.979720592498779
21.4,INITIALIZING,2,TAKEOFF_HOLD,0.0,0.9934,158.68,11.127,True,NORMAL,MONITOR,False,{},"[""uav2"", ""uav1"", ""uav0""]",limited,False,{},NONE,NORMAL,SAFE,1.0,IDLE,0.0,0.0,0.0,,,0.0,False,avoidance not required,,{},,,,,,,,,,,0,safe,3.303,14.155,1.333,0,0,0.0,0.0,[],0.04620123654603958,0.025023050606250763,6.9314422607421875,0.10882910341024399,0.06158573180437088,7.311154365539551,0.10300497710704803,0.042032890021800995,7.186626434326172
21.6,RUNNING,2,TAKEOFF_HOLD,0.001,0.9932,158.6362,11.127,True,NORMAL,MONITOR,False,{},"[""uav2"", ""uav1"", ""uav0""]",limited,False,{},NONE,NORMAL,SAFE,1.0,IDLE,0.0,0.0,0.0,,,0.0,False,avoidance not required,,{},,,,,,,,,,,0,safe,3.297,14.181,1.070,0,0,0.0,0.0,[],0.034342918545007706,0.011090618558228016,7.1362690925598145,0.09955331683158875,0.05245659500360489,7.443058490753174,0.09031593799591064,0.023909207433462143,7.348982810974121
21.8,RUNNING,2,TAKEOFF_HOLD,0.001,0.9932,158.6362,11.127,True,NORMAL,MONITOR,False,{},"[""uav2"", ""uav1"", ""uav0""]",limited,False,{},NONE,NORMAL,SAFE,1.0,IDLE,0.0,0.0,0.0,,,0.0,False,avoidance not required,,{},,,,,,,,,,,0,safe,3.292,14.203,0.864,0,0,0.0,0.0,[],0.01978013478219509,-0.003194503951817751,7.3023762702941895,0.08717089891433716,0.03819983825087547,7.545491695404053,0.07636764645576477,0.002337491139769554,7.483128070831299
22.0,RUNNING,2,TAKEOFF_HOLD,0.002,0.9932,158.6362,11.127,True,NORMAL,MONITOR,False,{},"[""uav2"", ""uav1"", ""uav0""]",limited,False,{},NONE,NORMAL,SAFE,1.0,IDLE,0.0,0.0,0.0,,,0.0,False,avoidance not required,,{},,,,,,,,,,,0,safe,3.290,14.228,0.698,0,0,0.0,0.0,[],0.010831320658326149,-0.009836970828473568,7.431420803070068,0.0746179074048996,0.02777303010225296,7.630545616149902,0.06440792232751846,-0.01038528885692358,7.584468364715576
22.2,RUNNING,2,TAKEOFF_HOLD,0.003,0.993,158.6029,11.127,True,NORMAL,MONITOR,False,{},"[""uav2"", ""uav1"", ""uav0""]",limited,False,{},NONE,NORMAL,SAFE,1.0,IDLE,0.0,0.0,0.0,,,0.0,False,avoidance not required,,{},,,,,,,,,,,0,safe,3.290,14.246,0.569,0,0,0.0,0.0,[],0.0036851740442216396,-0.016856441274285316,7.533578395843506,0.06265971064567566,0.015349378809332848,7.6967878341674805,0.05459127202630043,-0.021677620708942413,7.6669745445251465
22.4,RUNNING,2,TAKEOFF_HOLD,0.004,0.993,158.6029,11.127,True,NORMAL,MONITOR,False,{},"[""uav2"", ""uav1"", ""uav0""]",limited,False,{},NONE,NORMAL,SAFE,1.0,IDLE,0.0,0.0,0.0,,,0.0,False,avoidance not required,,{},,,,,,,,,,,0,safe,3.292,14.261,0.467,0,0,0.0,0.0,[],0.00039962661685422063,-0.017953695729374886,7.6137800216674805,0.052146416157484055,0.00829201191663742,7.750406742095947,0.0469016470015049,-0.025900620967149734,7.729764938354492
22.6,RUNNING,2,TAKEOFF_HOLD,0.004,0.9929,158.5731,11.127,True,NORMAL,MONITOR,False,{},"[""uav2"", ""uav1"", ""uav0""]",limited,False,{},NONE,NORMAL,SAFE,1.0,IDLE,0.0,0.0,0.0,,,0.0,False,avoidance not required,,{},,,,,,,,,,,0,safe,3.295,14.269,0.387,0,0,0.0,0.0,[],-0.0019714573863893747,-0.018368709832429886,7.685245990753174,0.040002863854169846,0.0011929033789783716,7.795919418334961,0.04298935458064079,-0.03133384510874748,7.78117036819458
22.8,RUNNING,2,TAKEOFF_HOLD,0.005,0.9929,158.5731,11.127,True,NORMAL,MONITOR,False,{},"[""uav2"", ""uav1"", ""uav0""]",limited,False,{},NONE,NORMAL,SAFE,1.0,IDLE,0.0,0.0,0.0,,,0.0,False,avoidance not required,,{},,,,,,,,,,,0,safe,3.303,14.276,0.315,0,0,0.0,0.0,[],-0.0019223267445340753,-0.015225404873490334,7.739039421081543,0.03460496664047241,-0.003676443360745907,7.829595565795898,0.03868509456515312,-0.03477191552519798,7.821350574493408
23.0,RUNNING,2,TAKEOFF_HOLD,0.006,0.9929,158.5731,11.127,True,NORMAL,MONITOR,False,{},"[""uav2"", ""uav1"", ""uav0""]",limited,False,{},NONE,NORMAL,SAFE,1.0,IDLE,0.0,0.0,0.0,,,0.0,False,avoidance not required,,{},,,,,,,,,,,0,safe,3.304,14.281,0.261,0,0,0.0,0.0,[],-0.004275700077414513,-0.017701273784041405,7.787951469421387,0.03115028329193592,-0.003910559695214033,7.858053684234619,0.035192981362342834,-0.03185829892754555,7.851646900177002
23.2,RUNNING,2,TAKEOFF_HOLD,0.007,0.9927,158.5447,11.127,True,NORMAL,MONITOR,False,{},"[""uav2"", ""uav1"", ""uav0""]",limited,False,{},NONE,NORMAL,SAFE,1.0,IDLE,0.0,0.0,0.0,,,0.0,False,avoidance not required,,{},,,,,,,,,,,0,safe,3.304,14.282,0.213,0,0,0.0,0.0,[],-0.0033021955750882626,-0.015215419232845306,7.823939323425293,0.02949471026659012,-0.0006773039931431413,7.8884758949279785,0.030398836359381676,-0.026530783623456955,7.875180244445801
23.4,RUNNING,2,TAKEOFF_HOLD,0.007,0.9927,158.5447,11.127,True,NORMAL,MONITOR,False,{},"[""uav2"", ""uav1"", ""uav0""]",limited,False,{},NONE,NORMAL,SAFE,1.0,IDLE,0.0,0.0,0.0,,,0.0,False,avoidance not required,,{},,,,,,,,,,,0,safe,3.301,14.281,0.177,0,0,0.0,0.0,[],-0.003387279575690627,-0.008191441185772419,7.851231575012207,0.02848713845014572,0.0037512751296162605,7.9121832847595215,0.027715984731912613,-0.018855152651667595,7.895931720733643
23.6,RUNNING,2,TAKEOFF_HOLD,0.008,0.9926,158.517,11.127,True,NORMAL,MONITOR,False,{},"[""uav2"", ""uav1"", ""uav0""]",limited,False,{},NONE,NORMAL,SAFE,1.0,IDLE,0.0,0.0,0.0,,,0.0,False,avoidance not required,,{},,,,,,,,,,,0,safe,3.299,14.278,0.149,0,0,0.0,0.0,[],-0.0009418596746399999,-0.0005806246772408485,7.874083042144775,0.027559680864214897,0.005388348829001188,7.932144641876221,0.026825591921806335,-0.013678430579602718,7.9167914390563965
23.8,RUNNING,2,TAKEOFF_HOLD,0.009,0.9926,158.517,11.127,True,NORMAL,MONITOR,False,{},"[""uav2"", ""uav1"", ""uav0""]",limited,False,{},NONE,NORMAL,SAFE,1.0,IDLE,0.0,0.0,0.0,,,0.0,False,avoidance not required,,{},,,,,,,,,,,0,safe,3.299,14.275,0.126,0,0,0.0,0.0,[],0.0009530528914183378,-0.0006905670743435621,7.895124435424805,0.0274477731436491,0.008405568078160286,7.946232795715332,0.026612814515829086,-0.007536448538303375,7.930888652801514
24.0,RUNNING,2,TAKEOFF_HOLD,0.01,0.9926,158.517,11.127,True,NORMAL,MONITOR,False,{},"[""uav2"", ""uav1"", ""uav0""]",limited,False,{},NONE,NORMAL,SAFE,1.0,IDLE,0.0,0.0,0.0,,,0.0,False,avoidance not required,,{},,,,,,,,,,,0,safe,3.299,14.271,0.105,0,0,0.0,0.0,[],0.0045431614853441715,0.001757834106683731,7.910594940185547,0.025032591074705124,0.010698880068957806,7.961413383483887,0.02608572505414486,-0.006653564516454935,7.93786096572876
24.2,RUNNING,2,TAKEOFF_HOLD,0.01,0.9924,158.4898,11.127,True,NORMAL,MONITOR,False,{},"[""uav2"", ""uav1"", ""uav0""]",limited,False,{},NONE,NORMAL,SAFE,1.0,IDLE,0.0,0.0,0.0,,,0.0,False,avoidance not required,,{},,,,,,,,,,,0,safe,3.301,14.270,0.090,0,0,0.0,0.0,[],0.012647215276956558,0.003983117640018463,7.924196720123291,0.02392806112766266,0.01417739037424326,7.9687628746032715,0.026270706206560135,-0.0030931863002479076,7.945979595184326
24.4,RUNNING,2,TAKEOFF_HOLD,0.011,0.9924,158.4898,11.127,True,NORMAL,MONITOR,False,{},"[""uav2"", ""uav1"", ""uav0""]",limited,False,{},NONE,NORMAL,SAFE,1.0,IDLE,0.0,0.0,0.0,,,0.0,False,avoidance not required,,{},,,,,,,,,,,0,safe,3.302,14.268,0.077,0,0,0.0,0.0,[],0.019412674009799957,0.007504186127334833,7.934198379516602,0.02092578448355198,0.013169806450605392,7.98194694519043,0.026683015748858452,0.0005259947502054274,7.959101676940918
24.6,RUNNING,2,TAKEOFF_HOLD,0.012,0.9923,158.4628,11.127,True,NORMAL,MONITOR,False,{},"[""uav2"", ""uav1"", ""uav0""]",limited,False,{},NONE,NORMAL,SAFE,1.0,IDLE,0.0,0.0,0.0,,,0.0,False,avoidance not required,,{},,,,,,,,,,,0,safe,3.302,14.265,0.069,0,0,0.0,0.0,[],0.02627919800579548,0.006712384521961212,7.9424214363098145,0.01955089531838894,0.01434847991913557,7.988931655883789,0.026544544845819473,0.004821146838366985,7.969663143157959
24.8,RUNNING,2,TAKEOFF_HOLD,0.013,0.9923,158.4628,11.127,True,NORMAL,MONITOR,False,{},"[""uav2"", ""uav1"", ""uav0""]",limited,False,{},NONE,NORMAL,SAFE,1.0,IDLE,0.0,0.0,0.0,,,0.0,False,avoidance not required,,{},,,,,,,,,,,0,safe,3.294,14.262,0.064,0,0,0.0,0.0,[],0.03092244267463684,0.008203339762985706,7.951076507568359,0.012951463460922241,0.01180886011570692,7.995815277099609,0.02382546104490757,0.003991456236690283,7.977765083312988
25.0,RUNNING,2,TAKEOFF_HOLD,0.013,0.9923,158.4628,11.127,True,NORMAL,MONITOR,False,{},"[""uav2"", ""uav1"", ""uav0""]",limited,False,{},NONE,NORMAL,SAFE,1.0,IDLE,0.0,0.0,0.0,,,0.0,False,avoidance not required,,{},,,,,,,,,,,0,safe,3.282,14.264,0.058,0,0,0.0,0.0,[],0.03942471370100975,0.007675362750887871,7.967735767364502,0.009347041137516499,0.01163931842893362,7.999382019042969,0.022358598187565804,0.00470065139234066,7.982954025268555
25.2,RUNNING,2,TAKEOFF_HOLD,0.014,0.9922,158.436,11.127,True,NORMAL,MONITOR,False,{},"[""uav2"", ""uav1"", ""uav0""]",limited,False,{},NONE,NORMAL,SAFE,1.0,IDLE,0.0,0.0,0.0,,,0.0,False,avoidance not required,,{},,,,,,,,,,,0,safe,3.270,14.265,0.052,0,0,0.0,0.0,[],0.04414936155080795,0.008902317844331264,7.976889133453369,0.0024516272824257612,0.009298782795667648,8.000639915466309,0.021343974396586418,0.0011974573135375977,7.988672256469727
25.4,RUNNING,2,TAKEOFF_HOLD,0.015,0.9922,158.436,11.127,True,NORMAL,MONITOR,False,{},"[""uav2"", ""uav1"", ""uav0""]",limited,False,{},NONE,NORMAL,SAFE,1.0,IDLE,0.0,0.0,0.0,,,0.0,False,avoidance not required,,{},,,,,,,,,,,0,safe,3.258,14.268,0.051,0,0,0.0,0.0,[],0.049072425812482834,0.005882363300770521,7.982590675354004,-0.0005137433763593435,0.009260980412364006,8.001402854919434,0.020743900910019875,0.00013074808521196246,7.992157936096191
25.6,RUNNING,2,TAKEOFF_HOLD,0.016,0.992,158.4092,11.127,True,NORMAL,MONITOR,False,{},"[""uav2"", ""uav1"", ""uav0""]",limited,False,{},NONE,NORMAL,SAFE,1.0,IDLE,0.0,0.0,0.0,,,0.0,False,avoidance not required,,{},,,,,,,,,,,0,safe,3.250,14.269,0.052,0,0,0.0,0.0,[],0.05029495060443878,0.0056902640499174595,7.984131336212158,-0.0014672307297587395,0.0035642762668430805,8.005948066711426,0.02006235159933567,-0.005106363911181688,8.001290321350098
25.8,RUNNING,2,TAKEOFF_HOLD,0.016,0.992,158.4092,11.127,True,NORMAL,MONITOR,False,{},"[""uav2"", ""uav1"", ""uav0""]",limited,False,{},NONE,NORMAL,SAFE,1.0,IDLE,0.0,0.0,0.0,,,0.0,False,avoidance not required,,{},,,,,,,,,,,0,safe,3.248,14.274,0.053,0,0,0.0,0.0,[],0.049367982894182205,0.003051470033824444,7.990442752838135,-0.0006312374025583267,0.0011304441140964627,8.009170532226562,0.019807152450084686,-0.006510707549750805,8.007606506347656
26.0,RUNNING,2,TAKEOFF_HOLD,0.017,0.992,158.4092,11.127,True,NORMAL,MONITOR,False,{},"[""uav2"", ""uav1"", ""uav0""]",limited,False,{},NONE,NORMAL,SAFE,1.0,IDLE,0.0,0.0,0.0,,,0.0,False,avoidance not required,,{},,,,,,,,,,,0,safe,3.250,14.275,0.050,0,0,0.0,0.0,[],0.04665234684944153,0.0029339278116822243,7.99462366104126,-0.002381513826549053,-0.003315787995234132,8.0202054977417,0.021333802491426468,-0.0078017013147473335,8.019454002380371
26.2,RUNNING,2,TAKEOFF_HOLD,0.018,0.9919,158.3824,11.127,True,NORMAL,MONITOR,False,{},"[""uav2"", ""uav1"", ""uav0""]",limited,False,{},NONE,NORMAL,SAFE,1.0,IDLE,0.0,0.0,0.0,,,0.0,False,avoidance not required,,{},,,,,,,,,,,0,safe,3.251,14.274,0.047,0,0,0.0,0.0,[],0.04901053011417389,0.0019404361955821514,8.005559921264648,-0.0023515215143561363,-0.004758249502629042,8.024269104003906,0.022446883842349052,-0.006901818793267012,8.02601146697998
26.4,RUNNING,2,TAKEOFF_HOLD,0.019,0.9919,158.3824,11.127,True,NORMAL,MONITOR,False,{},"[""uav2"", ""uav1"", ""uav0""]",limited,False,{},NONE,NORMAL,SAFE,1.0,IDLE,0.0,0.0,0.0,,,0.0,False,avoidance not required,,{},,,,,,,,,,,0,safe,3.249,14.273,0.049,0,0,0.0,0.0,[],0.048069365322589874,0.002606806345283985,8.011195182800293,-0.004457126837223768,-0.006263300776481628,8.031254768371582,0.025985829532146454,-0.007551949471235275,8.032785415649414
26.6,RUNNING,2,TAKEOFF_HOLD,0.019,0.9918,158.3555,11.127,True,NORMAL,MONITOR,False,{},"[""uav2"", ""uav1"", ""uav0""]",limited,False,{},NONE,NORMAL,SAFE,1.0,IDLE,0.0,0.0,0.0,,,0.0,False,avoidance not required,,{},,,,,,,,,,,0,safe,3.248,14.271,0.049,0,0,0.0,0.0,[],0.04736051335930824,0.00180978630669415,8.0201416015625,-0.004511824809014797,-0.005197668913751841,8.033866882324219,0.028350701555609703,-0.0055683874525129795,8.033390045166016
26.8,RUNNING,2,TAKEOFF_HOLD,0.02,0.9918,158.3555,11.127,True,NORMAL,MONITOR,False,{},"[""uav2"", ""uav1"", ""uav0""]",limited,False,{},NONE,NORMAL,SAFE,1.0,IDLE,0.0,0.0,0.0,,,0.0,False,avoidance not required,,{},,,,,,,,,,,0,safe,3.248,14.268,0.051,0,0,0.0,0.0,[],0.04432184621691704,0.002698866417631507,8.022115707397461,-0.0020335724111646414,-0.006825556978583336,8.044099807739258,0.03182059898972511,-0.002447816077619791,8.03510570526123
27.0,RUNNING,2,TAKEOFF_HOLD,0.021,0.9918,158.3555,11.127,True,NORMAL,MONITOR,False,{},"[""uav2"", ""uav1"", ""uav0""]",limited,False,{},NONE,NORMAL,SAFE,1.0,IDLE,0.0,0.0,0.0,,,0.0,False,avoidance not required,,{},,,,,,,,,,,0,safe,3.254,14.263,0.050,0,0,0.0,0.0,[],0.041512344032526016,0.002308976836502552,8.030017852783203,0.0006478707655332983,-0.006599336862564087,8.046893119812012,0.033345770090818405,0.0004108596476726234,8.036713600158691
27.2,RUNNING,2,TAKEOFF_HOLD,0.022,0.9916,158.3286,11.127,True,NORMAL,MONITOR,False,{},"[""uav2"", ""uav1"", ""uav0""]",limited,False,{},NONE,NORMAL,SAFE,1.0,IDLE,0.0,0.0,0.0,,,0.0,False,avoidance not required,,{},,,,,,,,,,,0,safe,3.259,14.260,0.051,0,0,0.0,0.0,[],0.03702516108751297,0.0030121258459985256,8.033198356628418,0.003983993548899889,-0.008182709105312824,8.048049926757812,0.03736883029341698,-0.0001857876341091469,8.042327880859375
27.4,RUNNING,2,TAKEOFF_HOLD,0.022,0.9916,158.3286,11.127,True,NORMAL,MONITOR,False,{},"[""uav2"", ""uav1"", ""uav0""]",limited,False,{},NONE,NORMAL,SAFE,1.0,IDLE,0.0,0.0,0.0,,,0.0,False,avoidance not required,,{},,,,,,,,,,,0,safe,3.267,14.258,0.056,0,0,0.0,0.0,[],0.038018595427274704,0.002181742573156953,8.037596702575684,0.011183206923305988,-0.010649612173438072,8.050530433654785,0.03873360902070999,-0.0013289819471538067,8.047554969787598
27.6,RUNNING,2,TAKEOFF_HOLD,0.023,0.9915,158.3016,11.127,True,NORMAL,MONITOR,False,{},"[""uav2"", ""uav1"", ""uav0""]",limited,False,{},NONE,NORMAL,SAFE,1.0,IDLE,0.0,0.0,0.0,,,0.0,False,avoidance not required,,{},,,,,,,,,,,0,safe,3.273,14.258,0.061,0,0,0.0,0.0,[],0.036521703004837036,0.002383563667535782,8.036992073059082,0.015604821033775806,-0.010775488801300526,8.047365188598633,0.038120392709970474,-0.0011394456960260868,8.048236846923828
27.8,RUNNING,2,TAKEOFF_HOLD,0.024,0.9915,158.3016,11.127,True,NORMAL,MONITOR,False,{},"[""uav2"", ""uav1"", ""uav0""]",limited,False,{},NONE,NORMAL,SAFE,1.0,IDLE,0.0,0.0,0.0,,,0.0,False,avoidance not required,,{},,,,,,,,,,,0,safe,3.279,14.258,0.061,0,0,0.0,0.0,[],0.03845563903450966,0.0015000200364738703,8.041364669799805,0.017277605831623077,-0.006764909252524376,8.047686576843262,0.03912514075636864,0.0006880272994749248,8.051508903503418
28.0,RUNNING,2,TAKEOFF_HOLD,0.025,0.9915,158.3016,11.127,True,NORMAL,MONITOR,False,{},"[""uav2"", ""uav1"", ""uav0""]",limited,False,{},NONE,NORMAL,SAFE,1.0,IDLE,0.0,0.0,0.0,,,0.0,False,avoidance not required,,{},,,,,,,,,,,0,safe,3.279,14.256,0.065,0,0,0.0,0.0,[],0.03716344013810158,0.001584874582476914,8.039674758911133,0.017831820994615555,-0.0027800188399851322,8.04561710357666,0.03749503940343857,0.002424937440082431,8.051025390625
28.2,RUNNING,2,TAKEOFF_HOLD,0.025,0.9914,158.2747,11.127,True,NORMAL,MONITOR,False,{},"[""uav2"", ""uav1"", ""uav0""]",limited,False,{},NONE,NORMAL,SAFE,1.0,IDLE,0.0,0.0,0.0,,,0.0,False,avoidance not required,,{},,,,,,,,,,,0,safe,3.281,14.256,0.063,0,0,0.0,0.0,[],0.034533753991127014,0.004830875433981419,8.04379653930664,0.020849933847784996,0.002465176163241267,8.047279357910156,0.03554747998714447,0.0035146656446158886,8.055612564086914
28.4,RUNNING,2,TAKEOFF_HOLD,0.026,0.9914,158.2747,11.127,True,NORMAL,MONITOR,False,{},"[""uav2"", ""uav1"", ""uav0""]",limited,False,{},NONE,NORMAL,SAFE,1.0,IDLE,0.0,0.0,0.0,,,0.0,False,avoidance not required,,{},,,,,,,,,,,0,safe,3.286,14.256,0.066,0,0,0.0,0.0,[],0.03021433763206005,0.007302359212189913,8.044360160827637,0.024685900658369064,0.0053538186475634575,8.055705070495605,0.032240401953458786,0.006802503950893879,8.058988571166992
28.6,RUNNING,2,TAKEOFF_HOLD,0.027,0.9912,158.2478,11.127,True,NORMAL,MONITOR,False,{},"[""uav2"", ""uav1"", ""uav0""]",limited,False,{},NONE,NORMAL,SAFE,1.0,IDLE,0.0,0.0,0.0,,,0.0,False,avoidance not required,,{},,,,,,,,,,,0,safe,3.294,14.256,0.068,0,0,0.0,0.0,[],0.02529052086174488,0.010926674120128155,8.049003601074219,0.02544921264052391,0.007454681675881147,8.056867599487305,0.028720509260892868,0.009695570915937424,8.058976173400879
28.8,RUNNING,2,TAKEOFF_HOLD,0.028,0.9912,158.2478,11.127,True,NORMAL,MONITOR,False,{},"[""uav2"", ""uav1"", ""uav0""]",limited,False,{},NONE,NORMAL,SAFE,1.0,IDLE,0.0,0.0,0.0,,,0.0,False,avoidance not required,,{},,,,,,,,,,,0,safe,3.300,14.257,0.066,0,0,0.0,0.0,[],0.020347194746136665,0.013346937485039234,8.049127578735352,0.02757972478866577,0.009164530783891678,8.065715789794922,0.028295518830418587,0.015376336872577667,8.067099571228027
29.0,RUNNING,2,TAKEOFF_HOLD,0.028,0.9912,158.2478,11.127,True,NORMAL,MONITOR,False,{},"[""uav2"", ""uav1"", ""uav0""]",limited,False,{},NONE,NORMAL,SAFE,1.0,IDLE,0.0,0.0,0.0,,,0.0,False,avoidance not required,,{},,,,,,,,,,,0,safe,3.301,14.253,0.074,0,0,0.0,0.0,[],0.02098051831126213,0.017077626660466194,8.05648422241211,0.027141660451889038,0.010457349009811878,8.066643714904785,0.026536213234066963,0.01900635100901127,8.067934036254883
29.2,RUNNING,2,TAKEOFF_HOLD,0.029,0.9911,158.2208,11.127,True,NORMAL,MONITOR,False,{},"[""uav2"", ""uav1"", ""uav0""]",limited,False,{},NONE,NORMAL,SAFE,1.0,IDLE,0.0,0.0,0.0,,,0.0,False,avoidance not required,,{},,,,,,,,,,,0,safe,3.299,14.252,0.075,0,0,0.0,0.0,[],0.01970105990767479,0.01873292401432991,8.057732582092285,0.029804309830069542,0.013995828106999397,8.077295303344727,0.029091814532876015,0.023586232215166092,8.07377815246582
29.4,RUNNING,2,TAKEOFF_HOLD,0.03,0.9911,158.2208,11.127,True,NORMAL,MONITOR,False,{},"[""uav2"", ""uav1"", ""uav0""]",limited,False,{},NONE,NORMAL,SAFE,1.0,IDLE,0.0,0.0,0.0,,,0.0,False,avoidance not required,,{},,,,,,,,,,,0,safe,3.299,14.247,0.084,0,0,0.0,0.0,[],0.024028368294239044,0.018539315089583397,8.066581726074219,0.029507596045732498,0.0165299903601408,8.077446937561035,0.02962975576519966,0.025411143898963928,8.07361125946045
29.6,RUNNING,3,DEPARTURE_FORMATION,0.031,0.991,158.1938,11.127,True,NORMAL,MONITOR,False,{},"[""uav2"", ""uav1"", ""uav0""]",limited,False,{},NONE,NORMAL,SAFE,1.0,IDLE,0.0,0.0,0.0,,,0.0,False,avoidance not required,,{},,,,,,,,,,,0,safe,3.300,14.245,0.085,0,0,0.0,0.0,[],0.024753281846642494,0.017295770347118378,8.065585136413574,0.03265301138162613,0.020973291248083115,8.077730178833008,0.03441496938467026,0.026975052431225777,8.077934265136719
29.8,RUNNING,3,DEPARTURE_FORMATION,0.031,0.991,158.1938,11.127,True,NORMAL,MONITOR,False,{},"[""uav2"", ""uav1"", ""uav0""]",limited,False,{},NONE,NORMAL,SAFE,1.0,IDLE,0.0,0.0,0.0,,,0.0,False,avoidance not required,,{},,,,,,,,,,,0,safe,3.302,14.241,0.090,0,0,0.0,0.0,[],0.031366344541311264,0.017837734892964363,8.072088241577148,0.032732509076595306,0.023681217804551125,8.07248306274414,0.03588780015707016,0.02732856012880802,8.075393676757812
30.0,RUNNING,3,DEPARTURE_FORMATION,0.032,0.991,158.1938,11.127,True,NORMAL,MONITOR,False,{},"[""uav2"", ""uav1"", ""uav0""]",limited,False,{},NONE,NORMAL,SAFE,1.0,IDLE,0.0,0.0,0.0,,,0.0,False,avoidance not required,,{},,,,,,,,,,,0,safe,3.301,14.239,0.092,0,0,0.0,0.0,[],0.03292321041226387,0.017088308930397034,8.069064140319824,0.03751511871814728,0.026838893070816994,8.072927474975586,0.04077496379613876,0.03152542933821678,8.077613830566406
30.2,RUNNING,3,DEPARTURE_FORMATION,0.033,0.9908,158.1668,11.127,True,NORMAL,MONITOR,False,{},"[""uav2"", ""uav1"", ""uav0""]",limited,False,{},NONE,NORMAL,SAFE,1.0,IDLE,0.0,0.0,0.0,,,0.0,False,avoidance not required,,{},,,,,,,,,,,0,safe,3.303,14.233,0.105,0,0,0.0,0.0,[],0.04505302384495735,0.015353539027273655,8.07067584991455,0.04340982809662819,0.030687518417835236,8.079878807067871,0.04091934487223625,0.0321468748152256,8.075889587402344
30.4,RUNNING,3,DEPARTURE_FORMATION,0.034,0.9908,158.1668,11.127,True,NORMAL,MONITOR,False,{},"[""uav2"", ""uav1"", ""uav0""]",limited,False,{},NONE,NORMAL,SAFE,1.0,IDLE,0.0,0.0,0.0,,,0.0,False,avoidance not required,,{},,,,,,,,,,,0,safe,3.298,14.233,0.118,0,0,0.0,0.0,[],0.04912173002958298,0.011961818672716618,8.068022727966309,0.04356352612376213,0.03350382670760155,8.077838897705078,0.04245291277766228,0.031902335584163666,8.080110549926758
30.6,RUNNING,3,DEPARTURE_FORMATION,0.034,0.9907,158.1398,11.127,True,NORMAL,MONITOR,False,{},"[""uav2"", ""uav1"", ""uav0""]",limited,False,{},NONE,NORMAL,SAFE,1.0,IDLE,0.0,0.0,0.0,,,0.0,False,avoidance not required,,{},,,,,,,,,,,0,safe,3.295,14.232,0.142,0,0,0.0,0.0,[],0.051716726273298264,0.010545075871050358,8.07033634185791,0.050582680851221085,0.03682227432727814,8.076489448547363,0.04075209051370621,0.027939075604081154,8.078306198120117
30.8,RUNNING,3,DEPARTURE_FORMATION,0.035,0.9907,158.1398,11.127,True,NORMAL,MONITOR,False,{},"[""uav2"", ""uav1"", ""uav0""]",limited,False,{},NONE,NORMAL,SAFE,1.0,IDLE,0.0,0.0,0.0,,,0.0,False,avoidance not required,,{},,,,,,,,,,,0,safe,3.290,14.236,0.166,0,0,0.0,0.0,[],0.04968367889523506,0.004759335424751043,8.069131851196289,0.05142439901828766,0.04193323850631714,8.071137428283691,0.04231908917427063,0.024461017921566963,8.078835487365723
31.0,RUNNING,3,DEPARTURE_FORMATION,0.036,0.9907,158.1398,11.127,True,NORMAL,MONITOR,False,{},"[""uav2"", ""uav1"", ""uav0""]",limited,False,{},NONE,NORMAL,SAFE,1.0,IDLE,0.0,0.0,0.0,,,0.0,False,avoidance not required,,{},,,,,,,,,,,0,safe,3.291,14.237,0.199,0,0,0.0,0.0,[],0.052586399018764496,-0.004809836857020855,8.076146125793457,0.059126947075128555,0.05179167911410332,8.077203750610352,0.04014747589826584,0.013728189282119274,8.07540512084961
31.2,RUNNING,3,DEPARTURE_FORMATION,0.037,0.9906,158.1106,11.127,True,NORMAL,MONITOR,False,{},"[""uav2"", ""uav1"", ""uav0""]",limited,False,{},NONE,NORMAL,SAFE,1.0,IDLE,0.0,0.0,0.0,,,0.0,False,avoidance not required,,{},,,,,,,,,,,0,safe,3.281,14.246,0.229,0,0,0.0,0.0,[],0.051006611436605453,-0.020124679431319237,8.074769020080566,0.05907709524035454,0.06483084708452225,8.075115203857422,0.043453529477119446,-0.0034191745799034834,8.0780611038208
31.4,RUNNING,3,DEPARTURE_FORMATION,0.037,0.9906,158.1106,11.127,True,NORMAL,MONITOR,False,{},"[""uav2"", ""uav1"", ""uav0""]",limited,False,{},NONE,NORMAL,SAFE,1.0,IDLE,0.0,0.0,0.0,,,0.0,False,avoidance not required,,{},,,,,,,,,,,0,safe,3.285,14.256,0.262,0,0,0.0,0.0,[],0.05133618786931038,-0.04156813025474548,8.077373504638672,0.06114905700087547,0.08655192703008652,8.077537536621094,0.04848218709230423,-0.028220422565937042,8.082350730895996
31.6,RUNNING,3,DEPARTURE_FORMATION,0.038,0.9904,158.0831,11.127,True,NORMAL,MONITOR,False,{},"[""uav2"", ""uav1"", ""uav0""]",limited,False,{},NONE,NORMAL,SAFE,1.0,IDLE,0.0,0.0,0.0,,,0.0,False,avoidance not required,,{},,,,,,,,,,,0,safe,3.289,14.269,0.293,0,0,0.0,0.0,[],0.04881817474961281,-0.06831204891204834,8.073888778686523,0.056963589042425156,0.11153680831193924,8.072798728942871,0.04667241498827934,-0.058381590992212296,8.080120086669922
31.8,RUNNING,3,DEPARTURE_FORMATION,0.039,0.9904,158.0831,11.127,True,NORMAL,MONITOR,False,{},"[""uav2"", ""uav1"", ""uav0""]",limited,False,{},NONE,NORMAL,SAFE,1.0,IDLE,0.0,0.0,0.0,,,0.0,False,avoidance not required,,{},,,,,,,,,,,0,safe,3.294,14.292,0.320,0,0,0.0,0.0,[],0.05038103833794594,-0.09440748393535614,8.076861381530762,0.05368422344326973,0.14157100021839142,8.074173927307129,0.04730398952960968,-0.09304311126470566,8.082944869995117
32.0,RUNNING,3,DEPARTURE_FORMATION,0.04,0.9904,158.0831,11.127,True,NORMAL,MONITOR,False,{},"[""uav2"", ""uav1"", ""uav0""]",limited,False,{},NONE,NORMAL,SAFE,1.0,IDLE,0.0,0.0,0.0,,,0.0,False,avoidance not required,,{},,,,,,,,,,,0,safe,3.302,14.316,0.349,0,0,0.0,0.0,[],0.049516208469867706,-0.12851598858833313,8.073336601257324,0.04686419293284416,0.17623038589954376,8.069958686828613,0.042639315128326416,-0.13341081142425537,8.079389572143555
32.2,RUNNING,3,DEPARTURE_FORMATION,0.04,0.9903,158.0557,11.127,True,NORMAL,MONITOR,False,{},"[""uav2"", ""uav1"", ""uav0""]",limited,False,{},NONE,NORMAL,SAFE,1.0,IDLE,0.0,0.0,0.0,,,0.0,False,avoidance not required,,{},,,,,,,,,,,0,safe,3.310,14.348,0.373,0,0,0.0,0.0,[],0.05570618435740471,-0.17034012079238892,8.076082229614258,0.04657392203807831,0.2175637036561966,8.073014259338379,0.043159887194633484,-0.17969165742397308,8.081037521362305
32.4,RUNNING,3,DEPARTURE_FORMATION,0.041,0.9903,158.0557,11.127,True,NORMAL,MONITOR,False,{},"[""uav2"", ""uav1"", ""uav0""]",limited,False,{},NONE,NORMAL,SAFE,1.0,IDLE,0.0,0.0,0.0,,,0.0,False,avoidance not required,,{},,,,,,,,,,,0,safe,3.314,14.380,0.398,0,0,0.0,0.0,[],0.05802091211080551,-0.21852554380893707,8.07204818725586,0.04171047732234001,0.263743132352829,8.071271896362305,0.03772348910570145,-0.23127277195453644,8.078815460205078
32.6,RUNNING,3,DEPARTURE_FORMATION,0.042,0.9901,158.0283,11.127,True,NORMAL,MONITOR,False,{},"[""uav2"", ""uav1"", ""uav0""]",limited,False,{},NONE,NORMAL,SAFE,1.0,IDLE,0.0,0.0,0.0,,,0.0,False,avoidance not required,,{},,,,,,,,,,,0,safe,3.319,14.420,0.419,0,0,0.0,0.0,[],0.0644889622926712,-0.27177947759628296,8.075743675231934,0.037536606192588806,0.30664584040641785,8.07921028137207,0.038569189608097076,-0.2891944646835327,8.08141803741455
32.8,RUNNING,3,DEPARTURE_FORMATION,0.043,0.9901,158.0283,11.127,True,NORMAL,MONITOR,False,{},"[""uav2"", ""uav1"", ""uav0""]",limited,False,{},NONE,NORMAL,SAFE,1.0,IDLE,0.0,0.0,0.0,,,0.0,False,avoidance not required,,{},,,,,,,,,,,0,safe,3.324,14.461,0.441,0,0,0.0,0.0,[],0.06764442473649979,-0.330445796251297,8.075414657592773,0.031158627942204475,0.359215646982193,8.078437805175781,0.03259548544883728,-0.35094282031059265,8.07909107208252
33.0,RUNNING,3,DEPARTURE_FORMATION,0.043,0.9901,158.0283,11.127,True,NORMAL,MONITOR,False,{},"[""uav2"", ""uav1"", ""uav0""]",limited,False,{},NONE,NORMAL,SAFE,1.0,IDLE,0.0,0.0,0.0,,,0.0,False,avoidance not required,,{},,,,,,,,,,,0,safe,3.336,14.509,0.461,0,0,0.0,0.0,[],0.07424301654100418,-0.399579793214798,8.077420234680176,0.03195250779390335,0.41118723154067993,8.079361915588379,0.031128548085689545,-0.4240821897983551,8.084181785583496
33.2,RUNNING,3,DEPARTURE_FORMATION,0.044,0.99,158.0008,11.127,True,NORMAL,MONITOR,False,{},"[""uav2"", ""uav1"", ""uav0""]",limited,False,{},NONE,NORMAL,SAFE,1.0,IDLE,0.0,0.0,0.0,,,0.0,False,avoidance not required,,{},,,,,,,,,,,0,safe,3.357,14.563,0.474,0,0,0.0,0.0,[],0.0781479924917221,-0.4712856113910675,8.074728965759277,0.028875328600406647,0.47309884428977966,8.077214241027832,0.02228556200861931,-0.49299946427345276,8.082707405090332
33.4,RUNNING,3,DEPARTURE_FORMATION,0.045,0.99,158.0008,11.127,True,NORMAL,MONITOR,False,{},"[""uav2"", ""uav1"", ""uav0""]",limited,False,{},NONE,NORMAL,SAFE,1.0,IDLE,0.0,0.0,0.0,,,0.0,False,avoidance not required,,{},,,,,,,,,,,0,safe,3.385,14.618,0.485,0,0,0.0,0.0,[],0.0905592143535614,-0.5529608726501465,8.08182144165039,0.03250623494386673,0.5392780303955078,8.082906723022461,0.01146713923662901,-0.5715655088424683,8.083795547485352
33.6,RUNNING,3,DEPARTURE_FORMATION,0.046,0.9899,157.9733,11.127,True,NORMAL,MONITOR,False,{},"[""uav2"", ""uav1"", ""uav0""]",limited,False,{},NONE,NORMAL,SAFE,1.0,IDLE,0.0,0.0,0.0,,,0.0,False,avoidance not required,,{},,,,,,,,,,,0,safe,3.421,14.682,0.504,0,0,0.0,0.0,[],0.09776195138692856,-0.633854329586029,8.083641052246094,0.03141377866268158,0.6117041110992432,8.080589294433594,-0.0036362241953611374,-0.6503657102584839,8.081130027770996
33.8,RUNNING,3,DEPARTURE_FORMATION,0.046,0.9899,157.9733,11.127,True,NORMAL,MONITOR,False,{},"[""uav2"", ""uav1"", ""uav0""]",limited,False,{},NONE,NORMAL,SAFE,1.0,IDLE,0.0,0.0,0.0,,,0.0,False,avoidance not required,,{},,,,,,,,,,,0,safe,3.465,14.749,0.518,0,0,0.0,0.0,[],0.10848931223154068,-0.7256461977958679,8.09168815612793,0.03450304642319679,0.6818561553955078,8.081812858581543,-0.014605721458792686,-0.7362509965896606,8.083135604858398
34.0,RUNNING,3,DEPARTURE_FORMATION,0.047,0.9899,157.9733,11.127,True,NORMAL,MONITOR,False,{},"[""uav2"", ""uav1"", ""uav0""]",limited,False,{},NONE,NORMAL,SAFE,1.0,IDLE,0.0,0.0,0.0,,,0.0,False,avoidance not required,,{},,,,,,,,,,,0,safe,3.520,14.819,0.536,0,0,0.0,0.0,[],0.11491227895021439,-0.8136396408081055,8.090652465820312,0.03226590156555176,0.7595685720443726,8.077767372131348,-0.029616475105285645,-0.8207310438156128,8.079597473144531
34.2,RUNNING,3,DEPARTURE_FORMATION,0.048,0.9897,157.9458,11.127,True,NORMAL,MONITOR,False,{},"[""uav2"", ""uav1"", ""uav0""]",limited,False,{},NONE,NORMAL,SAFE,1.0,IDLE,0.0,0.0,0.0,,,0.0,False,avoidance not required,,{},,,,,,,,,,,0,safe,3.581,14.891,0.546,0,0,0.0,0.0,[],0.12494757771492004,-0.9139736890792847,8.093643188476562,0.03529158607125282,0.840212881565094,8.075407981872559,-0.042666539549827576,-0.91205894947052,8.082242965698242
34.4,RUNNING,3,DEPARTURE_FORMATION,0.049,0.9897,157.9458,11.127,True,NORMAL,MONITOR,False,{},"[""uav2"", ""uav1"", ""uav0""]",limited,False,{},NONE,NORMAL,SAFE,1.0,IDLE,0.0,0.0,0.0,,,0.0,False,avoidance not required,,{},,,,,,,,,,,0,safe,3.658,14.966,0.555,0,0,0.0,0.0,[],0.13072331249713898,-1.0070431232452393,8.090563774108887,0.03328472003340721,0.9267746210098267,8.071139335632324,-0.058422017842531204,-1.000424861907959,8.080147743225098
34.6,RUNNING,3,DEPARTURE_FORMATION,0.049,0.9896,157.9183,11.127,True,NORMAL,MONITOR,False,{},"[""uav2"", ""uav1"", ""uav0""]",limited,False,{},NONE,NORMAL,SAFE,1.0,IDLE,0.0,0.0,0.0,,,0.0,False,avoidance not required,,{},,,,,,,,,,,0,safe,3.741,15.041,0.557,0,0,0.0,0.0,[],0.13879534602165222,-1.1079195737838745,8.096306800842285,0.0360502190887928,1.0199627876281738,8.07398509979248,-0.07123012095689774,-1.0940284729003906,8.085932731628418
34.8,RUNNING,3,DEPARTURE_FORMATION,0.05,0.9896,157.9183,11.127,True,NORMAL,MONITOR,False,{},"[""uav2"", ""uav1"", ""uav0""]",limited,False,{},NONE,NORMAL,SAFE,1.0,IDLE,0.0,0.0,0.0,,,0.0,False,avoidance not required,,{},,,,,,,,,,,0,safe,3.829,15.119,0.555,0,0,0.0,0.0,[],0.1431283801794052,-1.1996002197265625,8.092534065246582,0.03340283781290054,1.1183408498764038,8.07162094116211,-0.08656071126461029,-1.184311032295227,8.084360122680664
35.0,RUNNING,3,DEPARTURE_FORMATION,0.051,0.9896,157.9183,11.127,True,NORMAL,MONITOR,False,{},"[""uav2"", ""uav1"", ""uav0""]",limited,False,{},NONE,NORMAL,SAFE,1.0,IDLE,0.0,0.0,0.0,,,0.0,False,avoidance not required,,{},,,,,,,,,,,0,safe,3.926,15.195,0.546,0,0,0.0,0.0,[],0.15603916347026825,-1.2914612293243408,8.095525741577148,0.03557128831744194,1.2087229490280151,8.072460174560547,-0.10119331628084183,-1.2817020416259766,8.08578872680664
35.2,RUNNING,3,DEPARTURE_FORMATION,0.052,0.9895,157.8908,11.127,True,NORMAL,MONITOR,False,{},"[""uav2"", ""uav1"", ""uav0""]",limited,False,{},NONE,NORMAL,SAFE,1.0,IDLE,0.0,0.0,0.0,,,0.0,False,avoidance not required,,{},,,,,,,,,,,0,safe,4.026,15.277,0.545,0,0,0.0,0.0,[],0.1636187583208084,-1.3779226541519165,8.090662956237793,0.03247040510177612,1.3072501420974731,8.06961727142334,-0.11658793687820435,-1.3783584833145142,8.079791069030762
35.4,RUNNING,3,DEPARTURE_FORMATION,0.052,0.9895,157.8908,11.127,True,NORMAL,MONITOR,False,{},"[""uav2"", ""uav1"", ""uav0""]",limited,False,{},NONE,NORMAL,SAFE,1.0,IDLE,0.0,0.0,0.0,,,0.0,False,avoidance not required,,{},,,,,,,,,,,0,safe,4.140,15.359,0.534,0,0,0.0,0.0,[],0.17251528799533844,-1.473021149635315,8.09431266784668,0.02906518429517746,1.3968054056167603,8.073369026184082,-0.12505364418029785,-1.4724814891815186,8.072724342346191
35.6,RUNNING,3,DEPARTURE_FORMATION,0.053,0.9893,157.8633,11.127,True,NORMAL,MONITOR,False,{},"[""uav2"", ""uav1"", ""uav0""]",limited,False,{},NONE,NORMAL,SAFE,1.0,IDLE,0.0,0.0,0.0,,,0.0,False,avoidance not required,,{},,,,,,,,,,,0,safe,4.258,15.435,0.532,0,0,0.0,0.0,[],0.17729078233242035,-1.5608017444610596,8.089398384094238,0.031369101256132126,1.4907971620559692,8.07534408569336,-0.13405930995941162,-1.569366693496704,8.073512077331543
35.8,RUNNING,3,DEPARTURE_FORMATION,0.054,0.9893,157.8633,11.127,True,NORMAL,MONITOR,False,{},"[""uav2"", ""uav1"", ""uav0""]",limited,False,{},NONE,NORMAL,SAFE,1.0,IDLE,0.0,0.0,0.0,,,0.0,False,avoidance not required,,{},,,,,,,,,,,0,safe,4.381,15.513,0.525,0,0,0.0,0.0,[],0.18211019039154053,-1.6542552709579468,8.0902738571167,0.028877776116132736,1.5885504484176636,8.070586204528809,-0.14535973966121674,-1.659580945968628,8.071722984313965
36.0,RUNNING,3,DEPARTURE_FORMATION,0.055,0.9893,157.8633,11.127,True,NORMAL,MONITOR,False,{},"[""uav2"", ""uav1"", ""uav0""]",limited,False,{},NONE,NORMAL,SAFE,1.0,IDLE,0.0,0.0,0.0,,,0.0,False,avoidance not required,,{},,,,,,,,,,,0,safe,4.508,15.588,0.511,0,0,0.0,0.0,[],0.19317953288555145,-1.7463947534561157,8.089101791381836,0.03426632285118103,1.6797847747802734,8.06656551361084,-0.1547044962644577,-1.7507413625717163,8.072259902954102
36.2,RUNNING,3,DEPARTURE_FORMATION,0.055,0.9892,157.8359,11.127,True,NORMAL,MONITOR,False,{},"[""uav2"", ""uav1"", ""uav0""]",limited,False,{},NONE,NORMAL,SAFE,1.0,IDLE,0.0,0.0,0.0,,,0.0,False,avoidance not required,,{},,,,,,,,,,,0,safe,4.631,15.662,0.502,0,0,0.0,0.0,[],0.20033703744411469,-1.8312833309173584,8.082077980041504,0.03391093388199806,1.7733254432678223,8.06140422821045,-0.1650571972131729,-1.8364044427871704,8.06990909576416
36.4,RUNNING,3,DEPARTURE_FORMATION,0.056,0.9892,157.8359,11.127,True,NORMAL,MONITOR,False,{},"[""uav2"", ""uav1"", ""uav0""]",limited,False,{},NONE,NORMAL,SAFE,1.0,IDLE,0.0,0.0,0.0,,,0.0,False,avoidance not required,,{},,,,,,,,,,,0,safe,4.759,15.733,0.488,0,0,0.0,0.0,[],0.21688130497932434,-1.913687825202942,8.08340835571289,0.035810794681310654,1.8654565811157227,8.060497283935547,-0.1691448986530304,-1.9230518341064453,8.072172164916992
36.6,RUNNING,3,DEPARTURE_FORMATION,0.057,0.989,157.8085,11.127,True,NORMAL,MONITOR,False,{},"[""uav2"", ""uav1"", ""uav0""]",limited,False,{},NONE,NORMAL,SAFE,1.0,IDLE,0.0,0.0,0.0,,,0.0,False,avoidance not required,,{},,,,,,,,,,,0,safe,4.892,15.731,0.474,0,0,0.0,0.0,[],0.2266128808259964,-1.991702675819397,8.078034400939941,0.033153411000967026,1.9532665014266968,8.057682037353516,-0.17682820558547974,-2.0050833225250244,8.067765235900879
36.8,RUNNING,3,DEPARTURE_FORMATION,0.058,0.989,157.8085,11.127,True,NORMAL,MONITOR,False,{},"[""uav2"", ""uav1"", ""uav0""]",limited,False,{},NONE,NORMAL,SAFE,1.0,IDLE,0.0,0.0,0.0,,,0.0,False,avoidance not required,,{},,,,,,,,,,,0,safe,5.021,15.688,0.460,0,0,0.0,0.0,[],0.2383398711681366,-2.076624631881714,8.075279235839844,0.03493770211935043,2.037660837173462,8.059399604797363,-0.18184179067611694,-2.0880236625671387,8.065617561340332
37.0,RUNNING,3,DEPARTURE_FORMATION,0.058,0.989,157.8085,11.127,True,NORMAL,MONITOR,False,{},"[""uav2"", ""uav1"", ""uav0""]",limited,False,{},NONE,NORMAL,SAFE,1.0,IDLE,0.0,0.0,0.0,,,0.0,False,avoidance not required,,{},,,,,,,,,,,0,safe,5.149,15.643,0.448,0,0,0.0,0.0,[],0.24502034485340118,-2.156355857849121,8.068756103515625,0.03200184181332588,2.1233110427856445,8.057482719421387,-0.1901596188545227,-2.1661536693573,8.061543464660645
37.2,RUNNING,3,DEPARTURE_FORMATION,0.059,0.9889,157.7811,11.127,True,NORMAL,MONITOR,False,{},"[""uav2"", ""uav1"", ""uav0""]",limited,False,{},NONE,NORMAL,SAFE,1.0,IDLE,0.0,0.0,0.0,,,0.0,False,avoidance not required,,{},,,,,,,,,,,0,safe,5.277,15.602,0.430,0,0,0.0,0.0,[],0.2577396035194397,-2.236467123031616,8.067899703979492,0.03436324745416641,2.2048099040985107,8.061151504516602,-0.1957273781299591,-2.24153733253479,8.059687614440918
37.4,RUNNING,3,DEPARTURE_FORMATION,0.06,0.9889,157.7811,11.127,True,NORMAL,MONITOR,False,{},"[""uav2"", ""uav1"", ""uav0""]",limited,False,{},NONE,NORMAL,SAFE,1.0,IDLE,0.0,0.0,0.0,,,0.0,False,avoidance not required,,{},,,,,,,,,,,0,safe,5.403,15.559,0.415,0,0,0.0,0.0,[],0.2645614445209503,-2.31195330619812,8.063185691833496,0.03213811665773392,2.2845330238342285,8.058758735656738,-0.20436522364616394,-2.3144748210906982,8.05581283569336
37.6,RUNNING,3,DEPARTURE_FORMATION,0.061,0.9888,157.7538,11.127,True,NORMAL,MONITOR,False,{},"[""uav2"", ""uav1"", ""uav0""]",limited,False,{},NONE,NORMAL,SAFE,1.0,IDLE,0.0,0.0,0.0,,,0.0,False,avoidance not required,,{},,,,,,,,,,,0,safe,5.526,15.521,0.395,0,0,0.0,0.0,[],0.2756124436855316,-2.391017436981201,8.06225299835205,0.03921525180339813,2.35827374458313,8.059808731079102,-0.2110261470079422,-2.390411376953125,8.053224563598633
37.8,RUNNING,3,DEPARTURE_FORMATION,0.061,0.9888,157.7538,11.127,True,NORMAL,MONITOR,False,{},"[""uav2"", ""uav1"", ""uav0""]",limited,False,{},NONE,NORMAL,SAFE,1.0,IDLE,0.0,0.0,0.0,,,0.0,False,avoidance not required,,{},,,,,,,,,,,0,safe,5.644,15.479,0.379,0,0,0.0,0.0,[],0.29023075103759766,-2.4674952030181885,8.061890602111816,0.03903118893504143,2.431414842605591,8.055699348449707,-0.22032824158668518,-2.4651291370391846,8.049310684204102
38.0,RUNNING,3,DEPARTURE_FORMATION,0.062,0.9888,157.7538,11.127,True,NORMAL,MONITOR,False,{},"[""uav2"", ""uav1"", ""uav0""]",limited,False,{},NONE,NORMAL,SAFE,1.0,IDLE,0.0,0.0,0.0,,,0.0,False,avoidance not required,,{},,,,,,,,,,,0,safe,5.764,15.443,0.358,0,0,0.0,0.0,[],0.2975473999977112,-2.537065029144287,8.057637214660645,0.0494098961353302,2.5117130279541016,8.054342269897461,-0.22534391283988953,-2.533750057220459,8.048233032226562
38.2,RUNNING,3,DEPARTURE_FORMATION,0.063,0.9886,157.7266,11.127,True,NORMAL,MONITOR,False,{},"[""uav2"", ""uav1"", ""uav0""]",limited,False,{},NONE,NORMAL,SAFE,1.0,IDLE,0.0,0.0,0.0,,,0.0,False,avoidance not required,,{},,,,,,,,,,,0,safe,5.883,15.395,0.326,0,0,0.0,0.0,[],0.30652639269828796,-2.6043291091918945,8.05473518371582,0.05574462562799454,2.578117847442627,8.054189682006836,-0.22484037280082703,-2.5991592407226562,8.050000190734863
38.4,RUNNING,3,DEPARTURE_FORMATION,0.064,0.9886,157.7266,11.127,True,NORMAL,MONITOR,False,{},"[""uav2"", ""uav1"", ""uav0""]",limited,False,{},NONE,NORMAL,SAFE,1.0,IDLE,0.0,0.0,0.0,,,0.0,False,avoidance not required,,{},,,,,,,,,,,0,safe,5.993,15.357,0.303,0,0,0.0,0.0,[],0.3098730742931366,-2.665281057357788,8.049905776977539,0.05493763089179993,2.643744468688965,8.051058769226074,-0.2290501743555069,-2.6597397327423096,8.049382209777832
38.6,RUNNING,3,DEPARTURE_FORMATION,0.064,0.9885,157.6993,11.127,True,NORMAL,MONITOR,False,{},"[""uav2"", ""uav1"", ""uav0""]",limited,False,{},NONE,NORMAL,SAFE,1.0,IDLE,0.0,0.0,0.0,,,0.0,False,avoidance not required,,{},,,,,,,,,,,0,safe,6.061,15.326,0.275,0,0,0.0,0.0,[],0.31789645552635193,-2.7242326736450195,8.048710823059082,0.05642037093639374,2.7039692401885986,8.05222225189209,-0.23199571669101715,-2.716318130493164,8.051916122436523
38.8,RUNNING,3,DEPARTURE_FORMATION,0.065,0.9885,157.6993,11.127,True,NORMAL,MONITOR,False,{},"[""uav2"", ""uav1"", ""uav0""]",limited,False,{},NONE,NORMAL,SAFE,1.0,IDLE,0.0,0.0,0.0,,,0.0,False,avoidance not required,,{},,,,,,,,,,,0,safe,6.050,15.296,0.247,0,0,0.0,0.0,[],0.3200684189796448,-2.776825428009033,8.045809745788574,0.05196716636419296,2.7609670162200928,8.047588348388672,-0.23926375806331635,-2.768512010574341,8.052277565002441
39.0,RUNNING,3,DEPARTURE_FORMATION,0.066,0.9885,157.6993,11.127,True,NORMAL,MONITOR,False,{},"[""uav2"", ""uav1"", ""uav0""]",limited,False,{},NONE,NORMAL,SAFE,1.0,IDLE,0.0,0.0,0.0,,,0.0,False,avoidance not required,,{},,,,,,,,,,,0,safe,6.041,15.273,0.215,0,0,0.0,0.0,[],0.3250049948692322,-2.8249752521514893,8.04743480682373,0.05399917811155319,2.8116323947906494,8.045805931091309,-0.24644336104393005,-2.8191282749176025,8.058486938476562
39.2,RUNNING,3,DEPARTURE_FORMATION,0.067,0.9884,157.672,11.127,True,NORMAL,MONITOR,False,{},"[""uav2"", ""uav1"", ""uav0""]",limited,False,{},NONE,NORMAL,SAFE,1.0,IDLE,0.0,0.0,0.0,,,0.0,False,avoidance not required,,{},,,,,,,,,,,0,safe,6.029,15.247,0.185,0,0,0.0,0.0,[],0.3245594799518585,-2.8670921325683594,8.043582916259766,0.05716601014137268,2.8546175956726074,8.05494213104248,-0.2521136999130249,-2.866274356842041,8.062514305114746
39.4,RUNNING,3,DEPARTURE_FORMATION,0.067,0.9884,157.672,11.127,True,NORMAL,MONITOR,False,{},"[""uav2"", ""uav1"", ""uav0""]",limited,False,{},NONE,NORMAL,SAFE,1.0,IDLE,0.0,0.0,0.0,,,0.0,False,avoidance not required,,{},,,,,,,,,,,0,safe,6.023,15.224,0.161,0,0,0.0,0.0,[],0.32968783378601074,-2.9104394912719727,8.045520782470703,0.053967494517564774,2.895116090774536,8.055523872375488,-0.25970908999443054,-2.9062936305999756,8.060518264770508
39.6,RUNNING,4,OUTBOUND,0.068,0.9882,157.6447,11.127,True,NORMAL,MONITOR,False,{},"[""uav2"", ""uav1"", ""uav0""]",limited,False,{},NONE,NORMAL,SAFE,1.0,IDLE,0.0,0.0,0.0,,,0.0,False,avoidance not required,,{},,,,,,,,,,,0,safe,6.011,15.208,0.130,0,0,0.0,0.0,[],0.32998788356781006,-2.9456653594970703,8.043279647827148,0.05825116112828255,2.9275224208831787,8.057029724121094,-0.2638329565525055,-2.9390769004821777,8.064102172851562
39.8,RUNNING,4,OUTBOUND,0.069,0.9882,157.6447,11.127,True,NORMAL,MONITOR,False,{},"[""uav2"", ""uav1"", ""uav0""]",limited,False,{},NONE,NORMAL,SAFE,1.0,IDLE,0.0,0.0,0.0,,,0.0,False,avoidance not required,,{},,,,,,,,,,,0,safe,5.993,15.177,0.086,0,0,0.0,0.0,[],0.33669885993003845,-2.97532320022583,8.048735618591309,0.05551089346408844,2.9572854042053223,8.054521560668945,-0.270570307970047,-2.9663872718811035,8.062342643737793
40.0,RUNNING,4,OUTBOUND,0.07,0.9882,157.6447,11.127,True,NORMAL,MONITOR,False,{},"[""uav2"", ""uav1"", ""uav0""]",limited,False,{},NONE,NORMAL,SAFE,1.0,IDLE,0.0,0.0,0.0,,,0.0,False,avoidance not required,,{},,,,,,,,,,,0,safe,5.993,15.177,0.086,0,0,0.0,0.0,[],0.33703431487083435,-2.9973676204681396,8.049988746643066,0.053546592593193054,2.976912260055542,8.0562162399292,-0.2764326333999634,-2.9882898330688477,8.065153121948242
40.2,RUNNING,4,OUTBOUND,0.07,0.9881,157.6174,11.127,True,NORMAL,MONITOR,False,{},"[""uav2"", ""uav1"", ""uav0""]",limited,False,{},NONE,NORMAL,SAFE,1.0,IDLE,0.0,0.0,0.0,,,0.0,False,avoidance not required,,{},,,,,,,,,,,0,safe,5.987,15.170,0.077,0,0,0.0,0.0,[],0.3430045545101166,-3.0095560550689697,8.06513786315918,0.055706825107336044,2.992497444152832,8.062411308288574,-0.2808850109577179,-3.0005991458892822,8.071662902832031
40.4,RUNNING,4,OUTBOUND,0.071,0.9881,157.6174,11.127,True,NORMAL,MONITOR,False,{},"[""uav2"", ""uav1"", ""uav0""]",limited,False,{},NONE,NORMAL,SAFE,1.0,IDLE,0.0,0.0,0.0,,,0.0,False,avoidance not required,,{},,,,,,,,,,,0,safe,5.976,15.161,0.086,0,0,0.0,0.0,[],0.34431809186935425,-3.015235424041748,8.073397636413574,0.05336589738726616,3.007858991622925,8.066390991210938,-0.28515827655792236,-3.0069611072540283,8.076858520507812
40.6,RUNNING,4,OUTBOUND,0.072,0.988,157.5903,11.127,True,NORMAL,MONITOR,False,{},"[""uav2"", ""uav1"", ""uav0""]",limited,False,{},NONE,NORMAL,SAFE,1.0,IDLE,0.0,0.0,0.0,,,0.0,False,avoidance not required,,{},,,,,,,,,,,0,safe,5.971,15.156,0.138,0,0,0.0,0.0,[],0.3449746072292328,-3.0157089233398438,8.089943885803223,0.05644684657454491,3.0172009468078613,8.075631141662598,-0.2880360186100006,-3.0060224533081055,8.090375900268555
40.8,RUNNING,4,OUTBOUND,0.073,0.988,157.5903,11.127,True,NORMAL,MONITOR,False,{},"[""uav2"", ""uav1"", ""uav0""]",limited,False,{},NONE,NORMAL,SAFE,1.0,IDLE,0.0,0.0,0.0,,,0.0,False,avoidance not required,,{},,,,,,,,,,,0,safe,5.967,15.149,0.202,0,0,0.0,0.0,[],0.34885916113853455,-3.010120153427124,8.106121063232422,0.06377192586660385,3.02685284614563,8.094147682189941,-0.2855931222438812,-2.9974210262298584,8.104988098144531
41.0,RUNNING,4,OUTBOUND,0.073,0.988,157.5903,11.127,True,NORMAL,MONITOR,False,{},"[""uav2"", ""uav1"", ""uav0""]",limited,False,{},NONE,NORMAL,SAFE,1.0,IDLE,0.0,0.0,0.0,,,0.0,False,avoidance not required,,{},,,,,,,,,,,0,safe,5.966,15.138,0.271,0,0,0.0,0.0,[],0.35366228222846985,-2.994412660598755,8.119623184204102,0.06853777170181274,3.045553207397461,8.111900329589844,-0.2794415354728699,-2.982017993927002,8.120183944702148
41.2,RUNNING,4,OUTBOUND,0.074,0.9878,157.5557,11.127,True,NORMAL,MONITOR,False,{},"[""uav2"", ""uav1"", ""uav0""]",limited,False,{},NONE,NORMAL,SAFE,1.0,IDLE,0.0,0.0,0.0,,,0.0,False,avoidance not required,,{},,,,,,,,,,,0,safe,5.967,15.125,0.344,0,0,0.0,0.0,[],0.36481672525405884,-2.9652979373931885,8.139613151550293,0.07862067222595215,3.063431978225708,8.144428253173828,-0.2676011323928833,-2.9578003883361816,8.150300025939941
41.4,RUNNING,4,OUTBOUND,0.075,0.9878,157.5557,11.127,True,NORMAL,MONITOR,False,{},"[""uav2"", ""uav1"", ""uav0""]",limited,False,{},NONE,NORMAL,SAFE,1.0,IDLE,0.0,0.0,0.0,,,0.0,False,avoidance not required,,{},,,,,,,,,,,0,safe,5.968,15.108,0.416,0,0,0.0,0.0,[],0.3781786561012268,-2.9279117584228516,8.164898872375488,0.09008923918008804,3.093623399734497,8.173651695251465,-0.2510410249233246,-2.923999309539795,8.180083274841309
41.6,RUNNING,4,OUTBOUND,0.076,0.9876,157.5268,11.127,True,NORMAL,MONITOR,False,{},"[""uav2"", ""uav1"", ""uav0""]",limited,False,{},NONE,NORMAL,SAFE,1.0,IDLE,0.0,0.0,0.0,,,0.0,False,avoidance not required,,{},,,,,,,,,,,0,safe,5.971,15.084,0.490,0,0,0.0,0.0,[],0.39874354004859924,-2.880582809448242,8.205378532409668,0.10884467512369156,3.126781702041626,8.211284637451172,-0.2287498265504837,-2.8791346549987793,8.218389511108398
41.8,RUNNING,4,OUTBOUND,0.076,0.9876,157.5268,11.127,True,NORMAL,MONITOR,False,{},"[""uav2"", ""uav1"", ""uav0""]",limited,False,{},NONE,NORMAL,SAFE,1.0,IDLE,0.0,0.0,0.0,,,0.0,False,avoidance not required,,{},,,,,,,,,,,0,safe,5.973,15.052,0.562,0,0,0.0,0.0,[],0.42573869228363037,-2.8236939907073975,8.261436462402344,0.13111159205436707,3.1744046211242676,8.248848915100098,-0.20004701614379883,-2.8246095180511475,8.257797241210938
42.0,RUNNING,4,OUTBOUND,0.077,0.9876,157.5268,11.127,True,NORMAL,MONITOR,False,{},"[""uav2"", ""uav1"", ""uav0""]",limited,False,{},NONE,NORMAL,SAFE,1.0,IDLE,0.0,0.0,0.0,,,0.0,False,avoidance not required,,{},,,,,,,,,,,0,safe,5.974,15.011,0.633,0,0,0.0,0.0,[],0.45705297589302063,-2.7589828968048096,8.311442375183105,0.16407117247581482,3.22860050201416,8.303120613098145,-0.16249263286590576,-2.7563085556030273,8.303474426269531
42.2,RUNNING,4,OUTBOUND,0.078,0.9875,157.4971,11.127,True,NORMAL,MONITOR,False,{},"[""uav2"", ""uav1"", ""uav0""]",limited,False,{},NONE,NORMAL,SAFE,1.0,IDLE,0.0,0.0,0.0,,,0.0,False,avoidance not required,,{},,,,,,,,,,,0,safe,5.980,14.957,0.698,0,0,0.0,0.0,[],0.49541687965393066,-2.685837507247925,8.367154121398926,0.20106931030750275,3.2974894046783447,8.354808807373047,-0.11927393078804016,-2.6796014308929443,8.354310989379883
42.4,RUNNING,4,OUTBOUND,0.079,0.9875,157.4971,11.127,True,NORMAL,MONITOR,False,{},"[""uav2"", ""uav1"", ""uav0""]",limited,False,{},NONE,NORMAL,SAFE,1.0,IDLE,0.0,0.0,0.0,,,0.0,False,avoidance not required,,{},,,,,,,,,,,0,safe,5.985,14.892,0.772,0,0,0.0,0.0,[],0.5404065847396851,-2.6027708053588867,8.432373046875,0.2451511174440384,3.3761510848999023,8.41962718963623,-0.06782884895801544,-2.5875089168548584,8.417153358459473
42.6,RUNNING,4,OUTBOUND,0.079,0.9873,157.4663,11.127,True,NORMAL,MONITOR,False,{},"[""uav2"", ""uav1"", ""uav0""]",limited,False,{},NONE,NORMAL,SAFE,1.0,IDLE,0.0,0.0,0.0,,,0.0,False,avoidance not required,,{},,,,,,,,,,,0,safe,5.992,14.818,0.840,0,0,0.0,0.0,[],0.5907734036445618,-2.511457681655884,8.493088722229004,0.29367029666900635,3.468017339706421,8.481830596923828,-0.009317179210484028,-2.48592209815979,8.484967231750488
42.8,RUNNING,4,OUTBOUND,0.08,0.9873,157.4663,11.127,True,NORMAL,MONITOR,False,{},"[""uav2"", ""uav1"", ""uav0""]",limited,False,{},NONE,NORMAL,SAFE,1.0,IDLE,0.0,0.0,0.0,,,0.0,False,avoidance not required,,{},,,,,,,,,,,0,safe,6.000,14.733,0.908,0,0,0.0,0.0,[],0.6456345915794373,-2.4050793647766113,8.564736366271973,0.35120633244514465,3.566635847091675,8.556888580322266,0.05537424609065056,-2.374447822570801,8.556853294372559
43.0,RUNNING,4,OUTBOUND,0.081,0.9873,157.4663,11.127,True,NORMAL,MONITOR,False,{},"[""uav2"", ""uav1"", ""uav0""]",limited,False,{},NONE,NORMAL,SAFE,1.0,IDLE,0.0,0.0,0.0,,,0.0,False,avoidance not required,,{},,,,,,,,,,,0,safe,6.010,14.638,0.970,0,0,0.0,0.0,[],0.7065855860710144,-2.292065143585205,8.634562492370605,0.4131074547767639,3.677851438522339,8.62794017791748,0.12097137421369553,-2.259296417236328,8.632453918457031
43.2,RUNNING,4,OUTBOUND,0.082,0.9872,157.4346,11.127,True,NORMAL,MONITOR,False,{},"[""uav2"", ""uav1"", ""uav0""]",limited,False,{},NONE,NORMAL,SAFE,1.0,IDLE,0.0,0.0,0.0,,,0.0,False,avoidance not required,,{},,,,,,,,,,,0,safe,6.014,14.534,1.032,0,0,0.0,0.0,[],0.7761546969413757,-2.162928581237793,8.719635963439941,0.4853895902633667,3.7979979515075684,8.71313762664795,0.1931854784488678,-2.135784864425659,8.711417198181152
43.4,RUNNING,4,OUTBOUND,0.082,0.9872,157.4346,11.127,True,NORMAL,MONITOR,False,{},"[""uav2"", ""uav1"", ""uav0""]",limited,False,{},NONE,NORMAL,SAFE,1.0,IDLE,0.0,0.0,0.0,,,0.0,False,avoidance not required,,{},,,,,,,,,,,0,safe,6.017,14.417,1.086,0,0,0.0,0.0,[],0.850719153881073,-2.0303046703338623,8.800383567810059,0.5571199655532837,3.9298856258392334,8.801969528198242,0.27363109588623047,-2.0007565021514893,8.802173614501953
43.6,RUNNING,4,OUTBOUND,0.083,0.987,157.402,11.127,True,NORMAL,MONITOR,False,{},"[""uav2"", ""uav1"", ""uav0""]",limited,False,{},NONE,NORMAL,SAFE,1.0,IDLE,0.0,0.0,0.0,,,0.0,False,avoidance not required,,{},,,,,,,,,,,0,safe,6.023,14.296,1.140,0,0,0.0,0.0,[],0.9321523904800415,-1.8837484121322632,8.889267921447754,0.637650728225708,4.076929569244385,8.891756057739258,0.3565495014190674,-1.8616113662719727,8.892483711242676
43.8,RUNNING,4,OUTBOUND,0.084,0.987,157.402,11.127,True,NORMAL,MONITOR,False,{},"[""uav2"", ""uav1"", ""uav0""]",limited,False,{},NONE,NORMAL,SAFE,1.0,IDLE,0.0,0.0,0.0,,,0.0,False,avoidance not required,,{},,,,,,,,,,,0,safe,6.024,14.161,1.185,0,0,0.0,0.0,[],1.0181450843811035,-1.7349554300308228,8.978175163269043,0.72196364402771,4.228262901306152,8.989266395568848,0.44422033429145813,-1.7072875499725342,8.993168830871582
44.0,RUNNING,4,OUTBOUND,0.085,0.987,157.402,11.127,True,NORMAL,MONITOR,False,{},"[""uav2"", ""uav1"", ""uav0""]",limited,False,{},NONE,NORMAL,SAFE,1.0,IDLE,0.0,0.0,0.0,,,0.0,False,avoidance not required,,{},,,,,,,,,,,0,safe,6.026,14.021,1.232,0,0,0.0,0.0,[],1.1114909648895264,-1.5704834461212158,9.080839157104492,0.807227373123169,4.379720211029053,9.07776165008545,0.5339670777320862,-1.5508859157562256,9.091394424438477
44.2,RUNNING,4,OUTBOUND,0.085,0.9868,157.3684,11.127,True,NORMAL,MONITOR,False,{},"[""uav2"", ""uav1"", ""uav0""]",limited,False,{},NONE,NORMAL,SAFE,1.0,IDLE,0.0,0.0,0.0,,,0.0,False,avoidance not required,,{},,,,,,,,,,,0,safe,6.023,13.881,1.289,0,0,0.0,0.0,[],1.2090455293655396,-1.399247407913208,9.189170837402344,0.8996632695198059,4.547913551330566,9.180787086486816,0.6253135800361633,-1.379250168800354,9.199625968933105
44.4,RUNNING,4,OUTBOUND,0.086,0.9868,157.3684,11.127,True,NORMAL,MONITOR,False,{},"[""uav2"", ""uav1"", ""uav0""]",limited,False,{},NONE,NORMAL,SAFE,1.0,IDLE,0.0,0.0,0.0,,,0.0,False,avoidance not required,,{},,,,,,,,,,,0,safe,6.016,13.729,1.333,0,0,0.0,0.0,[],1.3093640804290771,-1.2293821573257446,9.291328430175781,1.0007247924804688,4.728326320648193,9.288710594177246,0.7212947607040405,-1.2077991962432861,9.306248664855957
44.6,RUNNING,4,OUTBOUND,0.087,0.9867,157.3337,11.127,True,NORMAL,MONITOR,False,{},"[""uav2"", ""uav1"", ""uav0""]",limited,False,{},NONE,NORMAL,SAFE,1.0,IDLE,0.0,0.0,0.0,,,0.0,False,avoidance not required,,{},,,,,,,,,,,0,safe,6.012,13.565,1.369,0,0,0.0,0.0,[],1.4105544090270996,-1.0462844371795654,9.402868270874023,1.100907802581787,4.910429000854492,9.404775619506836,0.8248045444488525,-1.021601676940918,9.426708221435547
44.8,RUNNING,4,OUTBOUND,0.088,0.9867,157.3337,11.127,True,NORMAL,MONITOR,False,{},"[""uav2"", ""uav1"", ""uav0""]",limited,False,{},NONE,NORMAL,SAFE,1.0,IDLE,0.0,0.0,0.0,,,0.0,False,avoidance not required,,{},,,,,,,,,,,0,safe,6.014,13.403,1.410,0,0,0.0,0.0,[],1.516144871711731,-0.8565038442611694,9.527848243713379,1.2019145488739014,5.089197635650635,9.513160705566406,0.9311607480049133,-0.8378813862800598,9.541276931762695
45.0,RUNNING,4,OUTBOUND,0.088,0.9867,157.3337,11.127,True,NORMAL,MONITOR,False,{},"[""uav2"", ""uav1"", ""uav0""]",limited,False,{},NONE,NORMAL,SAFE,1.0,IDLE,0.0,0.0,0.0,,,0.0,False,avoidance not required,,{},,,,,,,,,,,0,safe,6.015,13.242,1.462,0,0,0.0,0.0,[],1.6260473728179932,-0.6691260933876038,9.644561767578125,1.3114796876907349,5.287059307098389,9.634269714355469,1.0398006439208984,-0.6463808417320251,9.661442756652832
45.2,RUNNING,4,OUTBOUND,0.089,0.9865,157.2982,11.127,True,NORMAL,MONITOR,False,{},"[""uav2"", ""uav1"", ""uav0""]",limited,False,{},NONE,NORMAL,SAFE,1.0,IDLE,0.0,0.0,0.0,,,0.0,False,avoidance not required,,{},,,,,,,,,,,0,safe,6.014,13.068,1.497,0,0,0.0,0.0,[],1.7398176193237305,-0.4688573479652405,9.769917488098145,1.4260550737380981,5.486350059509277,9.754633903503418,1.1523659229278564,-0.45545706152915955,9.781862258911133
45.4,RUNNING,4,OUTBOUND,0.09,0.9865,157.2982,11.127,True,NORMAL,MONITOR,False,{},"[""uav2"", ""uav1"", ""uav0""]",limited,False,{},NONE,NORMAL,SAFE,1.0,IDLE,0.0,0.0,0.0,,,0.0,False,avoidance not required,,{},,,,,,,,,,,0,safe,6.013,12.890,1.535,0,0,0.0,0.0,[],1.8575464487075806,-0.2710866332054138,9.892219543457031,1.5478935241699219,5.698017120361328,9.888370513916016,1.268741250038147,-0.2509300112724304,9.914338111877441
45.6,RUNNING,4,OUTBOUND,0.091,0.9863,157.2617,11.127,True,NORMAL,MONITOR,False,{},"[""uav2"", ""uav1"", ""uav0""]",limited,False,{},NONE,NORMAL,SAFE,1.0,IDLE,0.0,0.0,0.0,,,0.0,False,avoidance not required,,{},,,,,,,,,,,0,safe,6.011,12.703,1.559,0,0,0.0,0.0,[],1.9851233959197998,-0.05980495736002922,10.025158882141113,1.6726531982421875,5.909391403198242,10.019210815429688,1.3953399658203125,-0.03826161473989487,10.047262191772461
45.8,RUNNING,4,OUTBOUND,0.091,0.9863,157.2617,11.127,True,NORMAL,MONITOR,False,{},"[""uav2"", ""uav1"", ""uav0""]",limited,False,{},NONE,NORMAL,SAFE,1.0,IDLE,0.0,0.0,0.0,,,0.0,False,avoidance not required,,{},,,,,,,,,,,0,safe,6.010,12.515,1.588,0,0,0.0,0.0,[],2.1155152320861816,0.15772363543510437,10.1620454788208,1.804486870765686,6.130066394805908,10.164128303527832,1.5196012258529663,0.1688755452632904,10.172855377197266
46.0,RUNNING,4,OUTBOUND,0.092,0.9863,157.2617,11.127,True,NORMAL,MONITOR,False,{},"[""uav2"", ""uav1"", ""uav0""]",limited,False,{},NONE,NORMAL,SAFE,1.0,IDLE,0.0,0.0,0.0,,,0.0,False,avoidance not required,,{},,,,,,,,,,,0,safe,6.004,12.319,1.603,0,0,0.0,0.0,[],2.2465527057647705,0.37202978134155273,10.294986724853516,1.9428091049194336,6.3584747314453125,10.304622650146484,1.650987148284912,0.38323765993118286,10.304943084716797
46.2,RUNNING,4,OUTBOUND,0.093,0.9861,157.2243,11.127,True,NORMAL,MONITOR,False,{},"[""uav2"", ""uav1"", ""uav0""]",limited,False,{},NONE,NORMAL,SAFE,1.0,IDLE,0.0,0.0,0.0,,,0.0,False,avoidance not required,,{},,,,,,,,,,,0,safe,6.004,12.117,1.613,0,0,0.0,0.0,[],2.380483627319336,0.5978333353996277,10.442479133605957,2.0765326023101807,6.5775251388549805,10.440767288208008,1.7877185344696045,0.6068050265312195,10.446206092834473
46.4,RUNNING,4,OUTBOUND,0.094,0.9861,157.2243,11.127,True,NORMAL,MONITOR,False,{},"[""uav2"", ""uav1"", ""uav0""]",limited,False,{},NONE,NORMAL,SAFE,1.0,IDLE,0.0,0.0,0.0,,,0.0,False,avoidance not required,,{},,,,,,,,,,,0,safe,6.007,11.925,1.637,0,0,0.0,0.0,[],2.515533208847046,0.8202080130577087,10.580894470214844,2.214801549911499,6.803653240203857,10.578822135925293,1.924957513809204,0.8296359181404114,10.58370304107666
46.6,RUNNING,4,OUTBOUND,0.094,0.9859,157.1862,11.127,True,NORMAL,MONITOR,False,{},"[""uav2"", ""uav1"", ""uav0""]",limited,False,{},NONE,NORMAL,SAFE,1.0,IDLE,0.0,0.0,0.0,,,0.0,False,avoidance not required,,{},,,,,,,,,,,0,safe,6.009,11.729,1.653,0,0,0.0,0.0,[],2.6583759784698486,1.0525518655776978,10.720437049865723,2.3555350303649902,7.03890323638916,10.728652954101562,2.0665571689605713,1.0644952058792114,10.731877326965332
46.8,RUNNING,4,OUTBOUND,0.095,0.9859,157.1862,11.127,True,NORMAL,MONITOR,False,{},"[""uav2"", ""uav1"", ""uav0""]",limited,False,{},NONE,NORMAL,SAFE,1.0,IDLE,0.0,0.0,0.0,,,0.0,False,avoidance not required,,{},,,,,,,,,,,0,safe,6.008,11.531,1.657,0,0,0.0,0.0,[],2.7999496459960938,1.2810505628585815,10.858619689941406,2.495143413543701,7.271596908569336,10.873111724853516,2.2075018882751465,1.2961958646774292,10.875627517700195
47.0,RUNNING,4,OUTBOUND,0.096,0.9859,157.1862,11.127,True,NORMAL,MONITOR,False,{},"[""uav2"", ""uav1"", ""uav0""]",limited,False,{},NONE,NORMAL,SAFE,1.0,IDLE,0.0,0.0,0.0,,,0.0,False,avoidance not required,,{},,,,,,,,,,,0,safe,6.008,11.338,1.665,0,0,0.0,0.0,[],2.948479413986206,1.5150816440582275,11.006119728088379,2.64292049407959,7.518301010131836,11.033689498901367,2.3528101444244385,1.5354976654052734,11.022220611572266
47.2,RUNNING,4,OUTBOUND,0.097,0.9857,157.1476,11.127,True,NORMAL,MONITOR,False,{},"[""uav2"", ""uav1"", ""uav0""]",limited,False,{},NONE,NORMAL,SAFE,1.0,IDLE,0.0,0.0,0.0,,,0.0,False,avoidance not required,,{},,,,,,,,,,,0,safe,6.004,11.137,1.661,0,0,0.0,0.0,[],3.0928008556365967,1.7461073398590088,11.149264335632324,2.7799434661865234,7.748178005218506,11.17924976348877,2.5002810955047607,1.7727628946304321,11.168089866638184
47.4,RUNNING,4,OUTBOUND,0.097,0.9857,157.1476,11.127,True,NORMAL,MONITOR,False,{},"[""uav2"", ""uav1"", ""uav0""]",limited,False,{},NONE,NORMAL,SAFE,1.0,IDLE,0.0,0.0,0.0,,,0.0,False,avoidance not required,,{},,,,,,,,,,,0,safe,6.008,10.954,1.666,0,0,0.0,0.0,[],3.241162061691284,1.978672742843628,11.293241500854492,2.9210104942321777,7.983682155609131,11.321929931640625,2.644340753555298,2.006376028060913,11.31109619140625
47.6,RUNNING,4,OUTBOUND,0.098,0.9855,157.109,11.127,True,NORMAL,MONITOR,False,{},"[""uav2"", ""uav1"", ""uav0""]",limited,False,{},NONE,NORMAL,SAFE,1.0,IDLE,0.0,0.0,0.0,,,0.0,False,avoidance not required,,{},,,,,,,,,,,0,safe,6.003,10.769,1.664,0,0,0.0,0.0,[],3.3850128650665283,2.2098939418792725,11.43509292602539,3.0690793991088867,8.227295875549316,11.467159271240234,2.790009021759033,2.243582248687744,11.459829330444336
47.8,RUNNING,4,OUTBOUND,0.099,0.9855,157.109,11.127,True,NORMAL,MONITOR,False,{},"[""uav2"", ""uav1"", ""uav0""]",limited,False,{},NONE,NORMAL,SAFE,1.0,IDLE,0.0,0.0,0.0,,,0.0,False,avoidance not required,,{},,,,,,,,,,,0,safe,6.005,10.580,1.666,0,0,0.0,0.0,[],3.536529779434204,2.447911500930786,11.582548141479492,3.2181813716888428,8.4746675491333,11.612215042114258,2.938263177871704,2.4868693351745605,11.610007286071777
48.0,RUNNING,4,OUTBOUND,0.1,0.9855,157.109,11.127,True,NORMAL,MONITOR,False,{},"[""uav2"", ""uav1"", ""uav0""]",limited,False,{},NONE,NORMAL,SAFE,1.0,IDLE,0.0,0.0,0.0,,,0.0,False,avoidance not required,,{},,,,,,,,,,,0,safe,6.002,10.394,1.655,0,0,0.0,0.0,[],3.6808416843414307,2.682302474975586,11.726692199707031,3.3511006832122803,8.703641891479492,11.756138801574707,3.0782716274261475,2.7166378498077393,11.751534461975098
48.2,RUNNING,4,OUTBOUND,0.1,0.9854,157.0704,11.127,True,NORMAL,MONITOR,False,{},"[""uav2"", ""uav1"", ""uav0""]",limited,False,{},NONE,NORMAL,SAFE,1.0,IDLE,0.0,0.0,0.0,,,0.0,False,avoidance not required,,{},,,,,,,,,,,0,safe,5.998,10.187,1.650,0,0,0.0,0.0,[],3.82419753074646,2.9198670387268066,11.875858306884766,3.487811326980591,8.937562942504883,11.899872779846191,3.2200767993927,2.9519236087799072,11.896903038024902
48.4,RUNNING,4,OUTBOUND,0.101,0.9854,157.0704,11.127,True,NORMAL,MONITOR,False,{},"[""uav2"", ""uav1"", ""uav0""]",limited,False,{},NONE,NORMAL,SAFE,1.0,IDLE,0.0,0.0,0.0,,,0.0,False,avoidance not required,,{},,,,,,,,,,,0,safe,5.996,9.919,1.641,0,0,0.0,0.0,[],3.962486743927002,3.1541569232940674,12.0217924118042,3.6338844299316406,9.174284934997559,12.044112205505371,3.3629448413848877,3.1888420581817627,12.048125267028809
48.6,RUNNING,4,OUTBOUND,0.102,0.9852,157.0318,11.127,True,NORMAL,MONITOR,False,{},"[""uav2"", ""uav1"", ""uav0""]",limited,False,{},NONE,NORMAL,SAFE,1.0,IDLE,0.0,0.0,0.0,,,0.0,False,avoidance not required,,{},,,,,,,,,,,0,safe,5.999,9.388,1.627,0,0,0.0,0.0,[],4.103825092315674,3.388479232788086,12.17357063293457,3.7750909328460693,9.407057762145996,12.183222770690918,3.502624273300171,3.421015977859497,12.194555282592773
48.8,RUNNING,4,OUTBOUND,0.103,0.9852,157.0318,11.127,True,NORMAL,MONITOR,False,{},"[""uav2"", ""uav1"", ""uav0""]",limited,False,{},NONE,NORMAL,SAFE,1.0,IDLE,0.0,0.0,0.0,,,0.0,False,avoidance not required,,{},,,,,,,,,,,0,safe,5.999,9.388,1.627,0,0,0.0,0.0,[],4.240097999572754,3.620004415512085,12.319313049316406,3.921541213989258,9.653043746948242,12.332287788391113,3.646780014038086,3.651276111602783,12.342432975769043
49.0,RUNNING,4,OUTBOUND,0.103,0.9852,157.0318,11.127,True,NORMAL,MONITOR,False,{},"[""uav2"", ""uav1"", ""uav0""]",limited,False,{},NONE,NORMAL,SAFE,1.0,IDLE,0.0,0.0,0.0,,,0.0,False,avoidance not required,,{},,,,,,,,,,,0,safe,6.007,9.124,1.625,0,0,0.0,0.0,[],4.380561828613281,3.8538901805877686,12.468279838562012,4.052932262420654,9.874929428100586,12.468802452087402,3.7858963012695312,3.879431962966919,12.488515853881836
49.2,RUNNING,4,OUTBOUND,0.104,0.985,156.9934,11.127,True,NORMAL,MONITOR,False,{},"[""uav2"", ""uav1"", ""uav0""]",limited,False,{},NONE,NORMAL,SAFE,1.0,IDLE,0.0,0.0,0.0,,,0.0,False,avoidance not required,,{},,,,,,,,,,,0,safe,6.005,8.866,1.618,0,0,0.0,0.0,[],4.515929698944092,4.085361003875732,12.615123748779297,4.1935930252075195,10.103503227233887,12.612316131591797,3.927326202392578,4.108816623687744,12.63768196105957
49.4,RUNNING,4,OUTBOUND,0.105,0.985,156.9934,11.127,True,NORMAL,MONITOR,False,{},"[""uav2"", ""uav1"", ""uav0""]",limited,False,{},NONE,NORMAL,SAFE,1.0,IDLE,0.0,0.0,0.0,,,0.0,False,avoidance not required,,{},,,,,,,,,,,0,safe,6.010,8.351,1.616,0,0,0.0,0.0,[],4.654040336608887,4.320425033569336,12.768815040588379,4.330800533294678,10.330018043518066,12.754488945007324,4.064291954040527,4.335666179656982,12.78256607055664
49.6,RUNNING,4,OUTBOUND,0.106,0.9848,156.9551,11.127,True,NORMAL,MONITOR,False,{},"[""uav2"", ""uav1"", ""uav0""]",limited,False,{},NONE,NORMAL,SAFE,1.0,IDLE,0.0,0.0,0.0,,,0.0,False,avoidance not required,,{},,,,,,,,,,,0,safe,6.010,8.351,1.616,0,0,0.0,0.0,[],4.787723064422607,4.5517096519470215,12.914167404174805,4.479513168334961,10.558416366577148,12.90582275390625,4.208837985992432,4.569570064544678,12.936497688293457
49.8,RUNNING,4,OUTBOUND,0.106,0.9848,156.9551,11.127,True,NORMAL,MONITOR,False,{},"[""uav2"", ""uav1"", ""uav0""]",limited,False,{},NONE,NORMAL,SAFE,1.0,IDLE,0.0,0.0,0.0,,,0.0,False,avoidance not required,,{},,,,,,,,,,,0,safe,6.021,8.086,1.609,0,0,0.0,0.0,[],4.9271626472473145,4.783557415008545,13.063720703125,4.620814323425293,10.7844820022583,13.052766799926758,4.337925910949707,4.786036014556885,13.076077461242676
50.0,RUNNING,4,OUTBOUND,0.107,0.9848,156.9551,11.127,True,NORMAL,MONITOR,False,{},"[""uav2"", ""uav1"", ""uav0""]",limited,False,{},NONE,NORMAL,SAFE,1.0,IDLE,0.0,0.0,0.0,,,0.0,False,avoidance not required,,{},,,,,,,,,,,0,safe,6.012,7.591,1.606,0,0,0.0,0.0,[],5.0615034103393555,5.012598514556885,13.208123207092285,4.770885944366455,11.01284408569336,13.207056999206543,4.473434925079346,5.017370223999023,13.224458694458008
50.2,RUNNING,4,OUTBOUND,0.108,0.9846,156.9168,11.127,True,NORMAL,MONITOR,False,{},"[""uav2"", ""uav1"", ""uav0""]",limited,False,{},NONE,NORMAL,SAFE,1.0,IDLE,0.0,0.0,0.0,,,0.0,False,avoidance not required,,{},,,,,,,,,,,0,safe,6.012,7.591,1.606,0,0,0.0,0.0,[],5.194091320037842,5.243490219116211,13.359816551208496,4.911343574523926,11.2390775680542,13.354820251464844,4.60678243637085,5.247462272644043,13.369375228881836
50.4,RUNNING,4,OUTBOUND,0.109,0.9846,156.9168,11.127,True,NORMAL,MONITOR,False,{},"[""uav2"", ""uav1"", ""uav0""]",limited,False,{},NONE,NORMAL,SAFE,1.0,IDLE,0.0,0.0,0.0,,,0.0,False,avoidance not required,,{},,,,,,,,,,,0,safe,6.013,7.340,1.606,0,0,0.0,0.0,[],5.324934005737305,5.471786022186279,13.505290985107422,5.057448863983154,11.47043228149414,13.51247501373291,4.746696949005127,5.483583927154541,13.519471168518066
50.6,RUNNING,4,OUTBOUND,0.109,0.9844,156.8786,11.127,True,NORMAL,MONITOR,False,{},"[""uav2"", ""uav1"", ""uav0""]",limited,False,{},NONE,NORMAL,SAFE,1.0,IDLE,0.0,0.0,0.0,,,0.0,False,avoidance not required,,{},,,,,,,,,,,0,safe,6.022,7.081,1.612,0,0,0.0,0.0,[],5.465268135070801,5.705063343048096,13.655948638916016,5.194056987762451,11.698714256286621,13.659714698791504,4.882143020629883,5.715801239013672,13.666534423828125
50.8,RUNNING,4,OUTBOUND,0.11,0.9844,156.8786,11.127,True,NORMAL,MONITOR,False,{},"[""uav2"", ""uav1"", ""uav0""]",limited,False,{},NONE,NORMAL,SAFE,1.0,IDLE,0.0,0.0,0.0,,,0.0,False,avoidance not required,,{},,,,,,,,,,,0,safe,6.017,6.829,1.607,0,0,0.0,0.0,[],5.600802898406982,5.934968948364258,13.7996187210083,5.335031986236572,11.932387351989746,13.811391830444336,5.018884658813477,5.947116851806641,13.820487022399902
51.0,RUNNING,4,OUTBOUND,0.111,0.9844,156.8786,11.127,True,NORMAL,MONITOR,False,{},"[""uav2"", ""uav1"", ""uav0""]",limited,False,{},NONE,NORMAL,SAFE,1.0,IDLE,0.0,0.0,0.0,,,0.0,False,avoidance not required,,{},,,,,,,,,,,0,safe,6.018,6.578,1.611,0,0,0.0,0.0,[],5.735702037811279,6.167730808258057,13.951737403869629,5.468088150024414,12.162809371948242,13.95541000366211,5.152144908905029,6.176297664642334,13.967082023620605
51.2,RUNNING,4,OUTBOUND,0.112,0.9842,156.8404,11.127,True,NORMAL,MONITOR,False,{},"[""uav2"", ""uav1"", ""uav0""]",limited,False,{},NONE,NORMAL,SAFE,1.0,IDLE,0.0,0.0,0.0,,,0.0,False,avoidance not required,,{},,,,,,,,,,,0,safe,6.016,6.333,1.607,0,0,0.0,0.0,[],5.867870807647705,6.397733688354492,14.095756530761719,5.607470512390137,12.407858848571777,14.109288215637207,5.289024353027344,6.405523777008057,14.119668006896973
51.4,RUNNING,4,OUTBOUND,0.112,0.9842,156.8404,11.127,True,NORMAL,MONITOR,False,{},"[""uav2"", ""uav1"", ""uav0""]",limited,False,{},NONE,NORMAL,SAFE,1.0,IDLE,0.0,0.0,0.0,,,0.0,False,avoidance not required,,{},,,,,,,,,,,0,safe,6.021,6.087,1.612,0,0,0.0,0.0,[],6.004617691040039,6.627804756164551,14.246881484985352,5.731613636016846,12.63071060180664,14.246335983276367,5.423398017883301,6.634149074554443,14.263075828552246
51.6,RUNNING,4,OUTBOUND,0.113,0.984,156.8022,11.127,True,NORMAL,MONITOR,False,{},"[""uav2"", ""uav1"", ""uav0""]",limited,False,{},NONE,NORMAL,SAFE,1.0,IDLE,0.0,0.0,0.0,,,0.0,False,avoidance not required,,{},,,,,,,,,,,0,safe,6.019,5.849,1.610,0,0,0.0,0.0,[],6.138619899749756,6.856240749359131,14.38988971710205,5.867187023162842,12.864928245544434,14.396004676818848,5.563438415527344,6.865847110748291,14.406332015991211
51.8,RUNNING,4,OUTBOUND,0.114,0.984,156.8022,11.127,True,NORMAL,MONITOR,False,{},"[""uav2"", ""uav1"", ""uav0""]",limited,False,{},NONE,NORMAL,SAFE,1.0,IDLE,0.0,0.0,0.0,,,0.0,False,avoidance not required,,{},,,,,,,,,,,0,safe,6.025,5.611,1.615,0,0,0.0,0.0,[],6.276298522949219,7.088454246520996,14.540212631225586,5.998169422149658,13.09546184539795,14.539925575256348,5.699963092803955,7.096621036529541,14.546987533569336
52.0,RUNNING,4,OUTBOUND,0.115,0.984,156.8022,11.127,True,NORMAL,MONITOR,False,{},"[""uav2"", ""uav1"", ""uav0""]",limited,False,{},NONE,NORMAL,SAFE,1.0,IDLE,0.0,0.0,0.0,,,0.0,False,avoidance not required,,{},,,,,,,,,,,0,safe,6.024,5.383,1.613,0,0,0.0,0.0,[],6.41107177734375,7.318593502044678,14.682734489440918,6.137516021728516,13.327268600463867,14.696885108947754,5.84182071685791,7.331591606140137,14.691678047180176
52.2,RUNNING,4,OUTBOUND,0.115,0.9838,156.7637,11.127,True,NORMAL,MONITOR,False,{},"[""uav2"", ""uav1"", ""uav0""]",limited,False,{},NONE,NORMAL,SAFE,1.0,IDLE,0.0,0.0,0.0,,,0.0,False,avoidance not required,,{},,,,,,,,,,,0,safe,6.031,5.157,1.616,0,0,0.0,0.0,[],6.550362586975098,7.552238941192627,14.829883575439453,6.2703752517700195,13.555843353271484,14.842023849487305,5.977968692779541,7.564051151275635,14.837013244628906
52.4,RUNNING,4,OUTBOUND,0.116,0.9838,156.7637,11.127,True,NORMAL,MONITOR,False,{},"[""uav2"", ""uav1"", ""uav0""]",limited,False,{},NONE,NORMAL,SAFE,1.0,IDLE,0.0,0.0,0.0,,,0.0,False,avoidance not required,,{},,,,,,,,,,,0,safe,6.028,4.946,1.611,0,0,0.0,0.0,[],6.6856770515441895,7.7831597328186035,14.972394943237305,6.4156999588012695,13.798832893371582,14.997432708740234,6.112337112426758,7.7974395751953125,14.987117767333984
52.6,RUNNING,4,OUTBOUND,0.117,0.9836,156.7255,11.127,True,NORMAL,MONITOR,False,{},"[""uav2"", ""uav1"", ""uav0""]",limited,False,{},NONE,NORMAL,SAFE,1.0,IDLE,0.0,0.0,0.0,,,0.0,False,avoidance not required,,{},,,,,,,,,,,0,safe,6.027,4.747,1.597,0,0,0.0,0.0,[],6.823302268981934,8.017112731933594,15.11525821685791,6.54358434677124,14.01943302154541,15.132472038269043,6.244228839874268,8.029007911682129,15.130223274230957
52.8,RUNNING,4,OUTBOUND,0.118,0.9836,156.7255,11.127,True,NORMAL,MONITOR,False,{},"[""uav2"", ""uav1"", ""uav0""]",limited,False,{},NONE,NORMAL,SAFE,1.0,IDLE,0.0,0.0,0.0,,,0.0,False,avoidance not required,,{},,,,,,,,,,,0,safe,6.021,4.562,1.549,0,0,0.0,0.0,[],6.957272529602051,8.247182846069336,15.250117301940918,6.6824235916137695,14.255640983581543,15.278634071350098,6.379223823547363,8.26257610321045,15.273398399353027
53.0,RUNNING,4,OUTBOUND,0.118,0.9836,156.7255,11.127,True,NORMAL,MONITOR,False,{},"[""uav2"", ""uav1"", ""uav0""]",limited,False,{},NONE,NORMAL,SAFE,1.0,IDLE,0.0,0.0,0.0,,,0.0,False,avoidance not required,,{},,,,,,,,,,,0,safe,6.022,4.386,1.479,0,0,0.0,0.0,[],7.0953240394592285,8.479668617248535,15.389481544494629,6.813928604125977,14.483558654785156,15.410981178283691,6.510000228881836,8.489907264709473,15.407815933227539
53.2,RUNNING,4,OUTBOUND,0.119,0.9834,156.6878,11.127,True,NORMAL,MONITOR,False,{},"[""uav2"", ""uav1"", ""uav0""]",limited,False,{},NONE,NORMAL,SAFE,1.0,IDLE,0.0,0.0,0.0,,,0.0,False,avoidance not required,,{},,,,,,,,,,,0,safe,6.015,4.228,1.376,0,0,0.0,0.0,[],7.2253923416137695,8.7025785446167,15.518491744995117,6.946650981903076,14.708550453186035,15.5462646484375,6.639778137207031,8.70999526977539,15.54318618774414
53.4,RUNNING,4,OUTBOUND,0.12,0.9834,156.6878,11.127,True,NORMAL,MONITOR,False,{},"[""uav2"", ""uav1"", ""uav0""]",limited,False,{},NONE,NORMAL,SAFE,1.0,IDLE,0.0,0.0,0.0,,,0.0,False,avoidance not required,,{},,,,,,,,,,,0,safe,6.014,4.089,1.261,0,0,0.0,0.0,[],7.356312274932861,8.918596267700195,15.643392562866211,7.068251132965088,14.920705795288086,15.66728687286377,6.76142692565918,8.920565605163574,15.667814254760742
53.6,RUNNING,4,OUTBOUND,0.121,0.9833,156.6518,11.127,True,NORMAL,MONITOR,False,{},"[""uav2"", ""uav1"", ""uav0""]",limited,False,{},NONE,NORMAL,SAFE,1.0,IDLE,0.0,0.0,0.0,,,0.0,False,avoidance not required,,{},,,,,,,,,,,0,safe,6.005,3.971,1.132,0,0,0.0,0.0,[],7.475386142730713,9.12060260772705,15.756162643432617,7.1872782707214355,15.127685546875,15.787435531616211,6.878104209899902,9.123090744018555,15.788419723510742
53.8,RUNNING,4,OUTBOUND,0.121,0.9833,156.6518,11.127,True,NORMAL,MONITOR,False,{},"[""uav2"", ""uav1"", ""uav0""]",limited,False,{},NONE,NORMAL,SAFE,1.0,IDLE,0.0,0.0,0.0,,,0.0,False,avoidance not required,,{},,,,,,,,,,,0,safe,6.003,3.873,1.014,0,0,0.0,0.0,[],7.594667434692383,9.31296443939209,15.862785339355469,7.29393196105957,15.31712818145752,15.887594223022461,6.985135555267334,9.312166213989258,15.890520095825195
54.0,RUNNING,4,OUTBOUND,0.122,0.9833,156.6518,11.127,True,NORMAL,MONITOR,False,{},"[""uav2"", ""uav1"", ""uav0""]",limited,False,{},NONE,NORMAL,SAFE,1.0,IDLE,0.0,0.0,0.0,,,0.0,False,avoidance not required,,{},,,,,,,,,,,0,safe,5.991,3.792,0.909,0,0,0.0,0.0,[],7.703426361083984,9.489846229553223,15.957525253295898,7.39601469039917,15.49405574798584,15.981425285339355,7.088314056396484,9.494140625,15.982115745544434
54.2,RUNNING,4,OUTBOUND,0.123,0.9831,156.6184,11.127,True,NORMAL,MONITOR,False,{},"[""uav2"", ""uav1"", ""uav0""]",limited,False,{},NONE,NORMAL,SAFE,1.0,IDLE,0.0,0.0,0.0,,,0.0,False,avoidance not required,,{},,,,,,,,,,,0,safe,5.985,3.724,0.840,0,0,0.0,0.0,[],7.801624298095703,9.65022087097168,16.030330657958984,7.489982604980469,15.653828620910645,16.050745010375977,7.185125827789307,9.65826416015625,16.05335235595703
54.4,RUNNING,4,OUTBOUND,0.124,0.9831,156.6184,11.127,True,NORMAL,MONITOR,False,{},"[""uav2"", ""uav1"", ""uav0""]",limited,False,{},NONE,NORMAL,SAFE,1.0,IDLE,0.0,0.0,0.0,,,0.0,False,avoidance not required,,{},,,,,,,,,,,0,safe,5.984,3.664,0.822,0,0,0.0,0.0,[],7.901572227478027,9.801458358764648,16.09507179260254,7.587486267089844,15.807762145996094,16.111392974853516,7.283593654632568,9.810530662536621,16.11539649963379
54.6,RUNNING,4,OUTBOUND,0.124,0.9829,156.5877,11.127,True,NORMAL,MONITOR,False,{},"[""uav2"", ""uav1"", ""uav0""]",limited,False,{},NONE,NORMAL,SAFE,1.0,IDLE,0.0,0.0,0.0,,,0.0,False,avoidance not required,,{},,,,,,,,,,,0,safe,5.982,3.608,0.854,0,0,0.0,0.0,[],7.99880313873291,9.93968677520752,16.137014389038086,7.687888145446777,15.954558372497559,16.158504486083984,7.381725788116455,9.94955825805664,16.157621383666992
54.8,RUNNING,4,OUTBOUND,0.125,0.9829,156.5877,11.127,True,NORMAL,MONITOR,False,{},"[""uav2"", ""uav1"", ""uav0""]",limited,False,{},NONE,NORMAL,SAFE,1.0,IDLE,0.0,0.0,0.0,,,0.0,False,avoidance not required,,{},,,,,,,,,,,0,safe,5.983,3.550,0.934,0,0,0.0,0.0,[],8.10667610168457,10.071564674377441,16.176044464111328,7.789880752563477,16.087860107421875,16.18562126159668,7.4871602058410645,10.082108497619629,16.194927215576172
55.0,RUNNING,4,OUTBOUND,0.126,0.9829,156.5877,11.127,True,NORMAL,MONITOR,False,{},"[""uav2"", ""uav1"", ""uav0""]",limited,False,{},NONE,NORMAL,SAFE,1.0,IDLE,0.0,0.0,0.0,,,0.0,False,avoidance not required,,{},,,,,,,,,,,0,safe,5.981,3.490,1.046,0,0,0.0,0.0,[],8.218141555786133,10.1979398727417,16.20119857788086,7.902943134307861,16.22129249572754,16.212478637695312,7.600213527679443,10.2099027633667,16.21893310546875
55.2,RUNNING,4,OUTBOUND,0.127,0.9828,156.5581,11.127,True,NORMAL,MONITOR,False,{},"[""uav2"", ""uav1"", ""uav0""]",limited,False,{},NONE,NORMAL,SAFE,1.0,IDLE,0.0,0.0,0.0,,,0.0,False,avoidance not required,,{},,,,,,,,,,,0,safe,5.982,3.418,1.181,0,0,0.0,0.0,[],8.33936595916748,10.325146675109863,16.22993278503418,8.02580451965332,16.351816177368164,16.23635482788086,7.7266082763671875,10.340898513793945,16.2436466217041
55.4,RUNNING,4,OUTBOUND,0.127,0.9828,156.5581,11.127,True,NORMAL,MONITOR,False,{},"[""uav2"", ""uav1"", ""uav0""]",limited,False,{},NONE,NORMAL,SAFE,1.0,IDLE,0.0,0.0,0.0,,,0.0,False,avoidance not required,,{},,,,,,,,,,,0,safe,5.987,3.339,1.313,0,0,0.0,0.0,[],8.472408294677734,10.456706047058105,16.246685028076172,8.165517807006836,16.488636016845703,16.24957275390625,7.865446090698242,10.475139617919922,16.25861167907715
55.6,RUNNING,4,OUTBOUND,0.128,0.9826,156.5278,11.127,True,NORMAL,MONITOR,False,{},"[""uav2"", ""uav1"", ""uav0""]",limited,False,{},NONE,NORMAL,SAFE,1.0,IDLE,0.0,0.0,0.0,,,0.0,False,avoidance not required,,{},,,,,,,,,,,0,safe,5.993,3.248,1.438,0,0,0.0,0.0,[],8.62501049041748,10.600115776062012,16.272287368774414,8.305249214172363,16.624052047729492,16.260976791381836,8.020127296447754,10.618684768676758,16.274797439575195
55.8,RUNNING,4,OUTBOUND,0.129,0.9826,156.5278,11.127,True,NORMAL,MONITOR,False,{},"[""uav2"", ""uav1"", ""uav0""]",limited,False,{},NONE,NORMAL,SAFE,1.0,IDLE,0.0,0.0,0.0,,,0.0,False,avoidance not required,,{},,,,,,,,,,,0,safe,5.995,3.151,1.540,0,0,0.0,0.0,[],8.790985107421875,10.751760482788086,16.283842086791992,8.467248916625977,16.771503448486328,16.26616668701172,8.188745498657227,10.77037239074707,16.28297996520996
56.0,RUNNING,4,OUTBOUND,0.13,0.9826,156.5278,11.127,True,NORMAL,MONITOR,False,{},"[""uav2"", ""uav1"", ""uav0""]",limited,False,{},NONE,NORMAL,SAFE,1.0,IDLE,0.0,0.0,0.0,,,0.0,False,avoidance not required,,{},,,,,,,,,,,0,safe,5.998,3.043,1.633,0,0,0.0,0.0,[],8.976932525634766,10.917287826538086,16.296152114868164,8.644672393798828,16.929752349853516,16.28173065185547,8.378348350524902,10.939579010009766,16.294408798217773
56.2,RUNNING,4,OUTBOUND,0.13,0.9825,156.4962,11.127,True,NORMAL,MONITOR,False,{},"[""uav2"", ""uav1"", ""uav0""]",limited,False,{},NONE,NORMAL,SAFE,1.0,IDLE,0.0,0.0,0.0,,,0.0,False,avoidance not required,,{},,,,,,,,,,,0,safe,6.001,2.930,1.706,0,0,0.0,0.0,[],9.173160552978516,11.09037971496582,16.29983901977539,8.836642265319824,17.09664535522461,16.289880752563477,8.566156387329102,11.10455322265625,16.300626754760742
56.4,RUNNING,4,OUTBOUND,0.131,0.9825,156.4962,11.127,True,NORMAL,MONITOR,False,{},"[""uav2"", ""uav1"", ""uav0""]",limited,False,{},NONE,NORMAL,SAFE,1.0,IDLE,0.0,0.0,0.0,,,0.0,False,avoidance not required,,{},,,,,,,,,,,0,safe,5.993,2.822,1.764,0,0,0.0,0.0,[],9.381091117858887,11.271917343139648,16.311065673828125,9.043824195861816,17.283506393432617,16.29688262939453,8.774227142333984,11.288153648376465,16.31671714782715
56.6,RUNNING,4,OUTBOUND,0.132,0.9823,156.4635,11.127,True,NORMAL,MONITOR,False,{},"[""uav2"", ""uav1"", ""uav0""]",limited,False,{},NONE,NORMAL,SAFE,1.0,IDLE,0.0,0.0,0.0,,,0.0,False,avoidance not required,,{},,,,,,,,,,,0,safe,5.993,2.720,1.796,0,0,0.0,0.0,[],9.596553802490234,11.460885047912598,16.31563949584961,9.260645866394043,17.473615646362305,16.29791831970215,8.99086856842041,11.478466033935547,16.323993682861328
56.8,RUNNING,4,OUTBOUND,0.133,0.9823,156.4635,11.127,True,NORMAL,MONITOR,False,{},"[""uav2"", ""uav1"", ""uav0""]",limited,False,{},NONE,NORMAL,SAFE,1.0,IDLE,0.0,0.0,0.0,,,0.0,False,avoidance not required,,{},,,,,,,,,,,0,safe,5.994,2.620,1.819,0,0,0.0,0.0,[],9.8234281539917,11.665322303771973,16.3222713470459,9.480610847473145,17.679933547973633,16.30718994140625,9.222190856933594,11.686274528503418,16.333484649658203
57.0,RUNNING,4,OUTBOUND,0.133,0.9823,156.4635,11.127,True,NORMAL,MONITOR,False,{},"[""uav2"", ""uav1"", ""uav0""]",limited,False,{},NONE,NORMAL,SAFE,1.0,IDLE,0.0,0.0,0.0,,,0.0,False,avoidance not required,,{},,,,,,,,,,,0,safe,5.999,2.530,1.829,0,0,0.0,0.0,[],10.053462028503418,11.871207237243652,16.322141647338867,9.708951950073242,17.884777069091797,16.31093978881836,9.442305564880371,11.882325172424316,16.334430694580078
57.2,RUNNING,4,OUTBOUND,0.134,0.9822,156.4303,11.127,True,NORMAL,MONITOR,False,{},"[""uav2"", ""uav1"", ""uav0""]",limited,False,{},NONE,NORMAL,SAFE,1.0,IDLE,0.0,0.0,0.0,,,0.0,False,avoidance not required,,{},,,,,,,,,,,0,safe,5.989,2.454,1.834,0,0,0.0,0.0,[],10.282856941223145,12.08581829071045,16.33075523376465,9.940793991088867,18.101665496826172,16.323211669921875,9.676332473754883,12.098344802856445,16.34064483642578
57.4,RUNNING,4,OUTBOUND,0.135,0.9822,156.4303,11.127,True,NORMAL,MONITOR,False,{},"[""uav2"", ""uav1"", ""uav0""]",limited,False,{},NONE,NORMAL,SAFE,1.0,IDLE,0.0,0.0,0.0,,,0.0,False,avoidance not required,,{},,,,,,,,,,,0,safe,5.993,2.399,1.828,0,0,0.0,0.0,[],10.515586853027344,12.303587913513184,16.3419132232666,10.181114196777344,18.324630737304688,16.337745666503906,9.91257381439209,12.319256782531738,16.349258422851562
57.6,RUNNING,4,OUTBOUND,0.136,0.982,156.3967,11.127,True,NORMAL,MONITOR,False,{},"[""uav2"", ""uav1"", ""uav0""]",limited,False,{},NONE,NORMAL,SAFE,1.0,IDLE,0.0,0.0,0.0,,,0.0,False,avoidance not required,,{},,,,,,,,,,,0,safe,5.997,2.367,1.812,0,0,0.0,0.0,[],10.750950813293457,12.518386840820312,16.344106674194336,10.4235200881958,18.540924072265625,16.342880249023438,10.151850700378418,12.536554336547852,16.35208511352539
57.8,RUNNING,4,OUTBOUND,0.136,0.982,156.3967,11.127,True,NORMAL,MONITOR,False,{},"[""uav2"", ""uav1"", ""uav0""]",limited,False,{},NONE,NORMAL,SAFE,1.0,IDLE,0.0,0.0,0.0,,,0.0,False,avoidance not required,,{},,,,,,,,,,,0,safe,6.001,2.353,1.799,0,0,0.0,0.0,[],10.99075984954834,12.739408493041992,16.353973388671875,10.662918090820312,18.76331901550293,16.353137969970703,10.391858100891113,12.755051612854004,16.35980224609375
58.0,RUNNING,4,OUTBOUND,0.137,0.982,156.3967,11.127,True,NORMAL,MONITOR,False,{},"[""uav2"", ""uav1"", ""uav0""]",limited,False,{},NONE,NORMAL,SAFE,1.0,IDLE,0.0,0.0,0.0,,,0.0,False,avoidance not required,,{},,,,,,,,,,,0,safe,6.001,2.360,1.784,0,0,0.0,0.0,[],11.230780601501465,12.955729484558105,16.35625648498535,10.904086112976074,18.97821807861328,16.35573387145996,10.633264541625977,12.970309257507324,16.362218856811523
58.2,RUNNING,4,OUTBOUND,0.138,0.9818,156.3633,11.127,True,NORMAL,MONITOR,False,{},"[""uav2"", ""uav1"", ""uav0""]",limited,False,{},NONE,NORMAL,SAFE,1.0,IDLE,0.0,0.0,0.0,,,0.0,False,avoidance not required,,{},,,,,,,,,,,0,safe,6.003,2.362,1.773,0,0,0.0,0.0,[],11.464344024658203,13.175844192504883,16.366544723510742,11.146417617797852,19.1976375579834,16.361515045166016,10.875530242919922,13.188512802124023,16.37040901184082
58.4,RUNNING,4,OUTBOUND,0.139,0.9818,156.3633,11.127,True,NORMAL,MONITOR,False,{},"[""uav2"", ""uav1"", ""uav0""]",limited,False,{},NONE,NORMAL,SAFE,1.0,IDLE,0.0,0.0,0.0,,,0.0,False,avoidance not required,,{},,,,,,,,,,,0,safe,6.011,2.370,1.759,0,0,0.0,0.0,[],11.699746131896973,13.390722274780273,16.369035720825195,11.38864803314209,19.409442901611328,16.3629093170166,11.116780281066895,13.402955055236816,16.372211456298828
58.6,RUNNING,4,OUTBOUND,0.139,0.9817,156.33,11.127,True,NORMAL,MONITOR,False,{},"[""uav2"", ""uav1"", ""uav0""]",limited,False,{},NONE,NORMAL,SAFE,1.0,IDLE,0.0,0.0,0.0,,,0.0,False,avoidance not required,,{},,,,,,,,,,,0,safe,6.017,2.372,1.751,0,0,0.0,0.0,[],11.936409950256348,13.603860855102539,16.373308181762695,11.638086318969727,19.634424209594727,16.370874404907227,11.353934288024902,13.619293212890625,16.37771987915039
58.8,RUNNING,4,OUTBOUND,0.14,0.9817,156.33,11.127,True,NORMAL,MONITOR,False,{},"[""uav2"", ""uav1"", ""uav0""]",limited,False,{},NONE,NORMAL,SAFE,1.0,IDLE,0.0,0.0,0.0,,,0.0,False,avoidance not required,,{},,,,,,,,,,,0,safe,6.018,2.378,1.745,0,0,0.0,0.0,[],12.17347240447998,13.814091682434082,16.375011444091797,11.867913246154785,19.83549690246582,16.3713321685791,11.591297149658203,13.831174850463867,16.37886619567871
59.0,RUNNING,4,OUTBOUND,0.141,0.9817,156.33,11.127,True,NORMAL,MONITOR,False,{},"[""uav2"", ""uav1"", ""uav0""]",limited,False,{},NONE,NORMAL,SAFE,1.0,IDLE,0.0,0.0,0.0,,,0.0,False,avoidance not required,,{},,,,,,,,,,,0,safe,6.018,2.379,1.740,0,0,0.0,0.0,[],12.406840324401855,14.027682304382324,16.384075164794922,12.105441093444824,20.046342849731445,16.37470245361328,11.826523780822754,14.04089069366455,16.382795333862305
59.2,RUNNING,4,OUTBOUND,0.142,0.9815,156.2968,11.127,True,NORMAL,MONITOR,False,{},"[""uav2"", ""uav1"", ""uav0""]",limited,False,{},NONE,NORMAL,SAFE,1.0,IDLE,0.0,0.0,0.0,,,0.0,False,avoidance not required,,{},,,,,,,,,,,0,safe,6.020,2.383,1.736,0,0,0.0,0.0,[],12.641538619995117,14.237546920776367,16.38463592529297,12.342339515686035,20.252161026000977,16.375526428222656,12.061347961425781,14.24815845489502,16.382863998413086
59.4,RUNNING,4,OUTBOUND,0.142,0.9815,156.2968,11.127,True,NORMAL,MONITOR,False,{},"[""uav2"", ""uav1"", ""uav0""]",limited,False,{},NONE,NORMAL,SAFE,1.0,IDLE,0.0,0.0,0.0,,,0.0,False,avoidance not required,,{},,,,,,,,,,,0,safe,6.020,2.383,1.733,0,0,0.0,0.0,[],12.871667861938477,14.447505950927734,16.388324737548828,12.5840425491333,20.466693878173828,16.38083267211914,12.291926383972168,14.455055236816406,16.38715362548828
59.6,RUNNING,4,OUTBOUND,0.143,0.9813,156.2638,11.127,True,NORMAL,MONITOR,False,{},"[""uav2"", ""uav1"", ""uav0""]",limited,False,{},NONE,NORMAL,SAFE,1.0,IDLE,0.0,0.0,0.0,,,0.0,False,avoidance not required,,{},,,,,,,,,,,0,safe,6.020,2.387,1.733,0,0,0.0,0.0,[],13.103974342346191,14.655128479003906,16.388402938842773,12.817168235778809,20.670358657836914,16.384052276611328,12.523639678955078,14.661449432373047,16.388322830200195
59.8,RUNNING,4,OUTBOUND,0.144,0.9813,156.2638,11.127,True,NORMAL,MONITOR,False,{},"[""uav2"", ""uav1"", ""uav0""]",limited,False,{},NONE,NORMAL,SAFE,1.0,IDLE,0.0,0.0,0.0,,,0.0,False,avoidance not required,,{},,,,,,,,,,,0,safe,6.020,2.388,1.734,0,0,0.0,0.0,[],13.334732055664062,14.862920761108398,16.392980575561523,13.03613567352295,20.867401123046875,16.39473533630371,12.761643409729004,14.876727104187012,16.3950138092041
60.0,RUNNING,4,OUTBOUND,0.145,0.9813,156.2638,11.127,True,NORMAL,MONITOR,False,{},"[""uav2"", ""uav1"", ""uav0""]",limited,False,{},NONE,NORMAL,SAFE,1.0,IDLE,0.0,0.0,0.0,,,0.0,False,avoidance not required,,{},,,,,,,,,,,0,safe,6.027,2.395,1.735,0,0,0.0,0.0,[],13.568041801452637,15.069528579711914,16.3949031829834,13.26689338684082,21.07128143310547,16.398672103881836,12.992432594299316,15.083571434020996,16.398303985595703
60.2,RUNNING,4,OUTBOUND,0.145,0.9812,156.2307,11.127,True,NORMAL,MONITOR,False,{},"[""uav2"", ""uav1"", ""uav0""]",limited,False,{},NONE,NORMAL,SAFE,1.0,IDLE,0.0,0.0,0.0,,,0.0,False,avoidance not required,,{},,,,,,,,,,,0,safe,6.024,2.398,1.736,0,0,0.0,0.0,[],13.798406600952148,15.275408744812012,16.40555763244629,13.505463600158691,21.286426544189453,16.407825469970703,13.211748123168945,15.282233238220215,16.402938842773438
60.4,RUNNING,4,OUTBOUND,0.146,0.9812,156.2307,11.127,True,NORMAL,MONITOR,False,{},"[""uav2"", ""uav1"", ""uav0""]",limited,False,{},NONE,NORMAL,SAFE,1.0,IDLE,0.0,0.0,0.0,,,0.0,False,avoidance not required,,{},,,,,,,,,,,0,safe,6.013,2.403,1.739,0,0,0.0,0.0,[],14.031314849853516,15.481463432312012,16.40988540649414,13.727635383605957,21.483642578125,16.408401489257812,13.442102432250977,15.489667892456055,16.403724670410156
60.6,RUNNING,4,OUTBOUND,0.147,0.981,156.1976,11.127,True,NORMAL,MONITOR,False,{},"[""uav2"", ""uav1"", ""uav0""]",limited,False,{},NONE,NORMAL,SAFE,1.0,IDLE,0.0,0.0,0.0,,,0.0,False,avoidance not required,,{},,,,,,,,,,,0,safe,6.011,2.404,1.741,0,0,0.0,0.0,[],14.2643404006958,15.686969757080078,16.42389678955078,13.956147193908691,21.685483932495117,16.40996551513672,13.666988372802734,15.69668960571289,16.40299415588379
60.8,RUNNING,4,OUTBOUND,0.148,0.981,156.1976,11.127,True,NORMAL,MONITOR,False,{},"[""uav2"", ""uav1"", ""uav0""]",limited,False,{},NONE,NORMAL,SAFE,1.0,IDLE,0.0,0.0,0.0,,,0.0,False,avoidance not required,,{},,,,,,,,,,,0,safe,6.003,2.403,1.749,0,0,0.0,0.0,[],14.49802017211914,15.893454551696777,16.42576789855957,14.187506675720215,21.888992309570312,16.407861709594727,13.8964204788208,15.904245376586914,16.40141487121582
61.0,RUNNING,4,OUTBOUND,0.148,0.981,156.1976,11.127,True,NORMAL,MONITOR,False,{},"[""uav2"", ""uav1"", ""uav0""]",limited,False,{},NONE,NORMAL,SAFE,1.0,IDLE,0.0,0.0,0.0,,,0.0,False,avoidance not required,,{},,,,,,,,,,,0,safe,5.998,2.401,1.752,0,0,0.0,0.0,[],14.723549842834473,16.099781036376953,16.426279067993164,14.415746688842773,22.094247817993164,16.41176986694336,14.125015258789062,16.108753204345703,16.402498245239258
61.2,RUNNING,4,OUTBOUND,0.149,0.9808,156.1645,11.127,True,NORMAL,MONITOR,False,{},"[""uav2"", ""uav1"", ""uav0""]",limited,False,{},NONE,NORMAL,SAFE,1.0,IDLE,0.0,0.0,0.0,,,0.0,False,avoidance not required,,{},,,,,,,,,,,0,safe,6.002,2.402,1.757,0,0,0.0,0.0,[],14.953258514404297,16.307552337646484,16.423032760620117,14.647300720214844,22.30089569091797,16.41365623474121,14.358181953430176,16.315567016601562,16.403284072875977
61.4,RUNNING,4,OUTBOUND,0.15,0.9808,156.1645,11.127,True,NORMAL,MONITOR,False,{},"[""uav2"", ""uav1"", ""uav0""]",limited,False,{},NONE,NORMAL,SAFE,1.0,IDLE,0.0,0.0,0.0,,,0.0,False,avoidance not required,,{},,,,,,,,,,,0,safe,6.005,2.403,1.759,0,0,0.0,0.0,[],15.183736801147461,16.513315200805664,16.421884536743164,14.872086524963379,22.505157470703125,16.421260833740234,14.593070030212402,16.523900985717773,16.409482955932617
61.6,RUNNING,4,OUTBOUND,0.151,0.9807,156.1313,11.127,True,NORMAL,MONITOR,False,{},"[""uav2"", ""uav1"", ""uav0""]",limited,False,{},NONE,NORMAL,SAFE,1.0,IDLE,0.0,0.0,0.0,,,0.0,False,avoidance not required,,{},,,,,,,,,,,0,safe,6.009,2.409,1.768,0,0,0.0,0.0,[],15.416762351989746,16.721363067626953,16.42104148864746,15.101780891418457,22.712167739868164,16.42302131652832,14.828625679016113,16.732877731323242,16.412992477416992
61.8,RUNNING,4,OUTBOUND,0.151,0.9807,156.1313,11.127,True,NORMAL,MONITOR,False,{},"[""uav2"", ""uav1"", ""uav0""]",limited,False,{},NONE,NORMAL,SAFE,1.0,IDLE,0.0,0.0,0.0,,,0.0,False,avoidance not required,,{},,,,,,,,,,,0,safe,6.012,2.413,1.770,0,0,0.0,0.0,[],15.645859718322754,16.92755126953125,16.427072525024414,15.326552391052246,22.917478561401367,16.428110122680664,15.059962272644043,16.935543060302734,16.41681671142578
62.0,RUNNING,4,OUTBOUND,0.152,0.9807,156.1313,11.127,True,NORMAL,MONITOR,False,{},"[""uav2"", ""uav1"", ""uav0""]",limited,False,{},NONE,NORMAL,SAFE,1.0,IDLE,0.0,0.0,0.0,,,0.0,False,avoidance not required,,{},,,,,,,,,,,0,safe,6.014,2.417,1.778,0,0,0.0,0.0,[],15.878349304199219,17.13691520690918,16.428253173828125,15.557082176208496,23.12617301940918,16.43120574951172,15.293713569641113,17.14143943786621,16.41957664489746
62.2,RUNNING,4,OUTBOUND,0.153,0.9805,156.098,11.127,True,NORMAL,MONITOR,False,{},"[""uav2"", ""uav1"", ""uav0""]",limited,False,{},NONE,NORMAL,SAFE,1.0,IDLE,0.0,0.0,0.0,,,0.0,False,avoidance not required,,{},,,,,,,,,,,0,safe,6.015,2.421,1.779,0,0,0.0,0.0,[],16.108135223388672,17.3398380279541,16.435815811157227,15.785490989685059,23.331464767456055,16.443540573120117,15.527478218078613,17.343469619750977,16.42685890197754
62.4,RUNNING,4,OUTBOUND,0.154,0.9805,156.098,11.127,True,NORMAL,MONITOR,False,{},"[""uav2"", ""uav1"", ""uav0""]",limited,False,{},NONE,NORMAL,SAFE,1.0,IDLE,0.0,0.0,0.0,,,0.0,False,avoidance not required,,{},,,,,,,,,,,0,safe,6.019,2.444,1.784,0,0,0.0,0.0,[],16.34113883972168,17.547822952270508,16.440326690673828,16.01844024658203,23.540544509887695,16.446842193603516,15.761484146118164,17.550399780273438,16.430278778076172
62.6,RUNNING,4,OUTBOUND,0.154,0.9803,156.0648,11.127,True,NORMAL,MONITOR,False,{},"[""uav2"", ""uav1"", ""uav0""]",limited,False,{},NONE,NORMAL,SAFE,1.0,IDLE,0.0,0.0,0.0,,,0.0,False,avoidance not required,,{},,,,,,,,,,,0,safe,6.020,2.447,1.783,0,0,0.0,0.0,[],16.572973251342773,17.756418228149414,16.446910858154297,16.248764038085938,23.74949836730957,16.45504379272461,15.988410949707031,17.754240036010742,16.436216354370117
62.8,RUNNING,4,OUTBOUND,0.155,0.9803,156.0648,11.127,True,NORMAL,MONITOR,False,{},"[""uav2"", ""uav1"", ""uav0""]",limited,False,{},NONE,NORMAL,SAFE,1.0,IDLE,0.0,0.0,0.0,,,0.0,False,avoidance not required,,{},,,,,,,,,,,0,safe,6.015,2.455,1.784,0,0,0.0,0.0,[],16.807125091552734,17.968046188354492,16.44791030883789,16.47624397277832,23.954679489135742,16.463577270507812,16.216527938842773,17.959068298339844,16.444171905517578
63.0,RUNNING,4,OUTBOUND,0.156,0.9803,156.0648,11.127,True,NORMAL,MONITOR,False,{},"[""uav2"", ""uav1"", ""uav0""]",limited,False,{},NONE,NORMAL,SAFE,1.0,IDLE,0.0,0.0,0.0,,,0.0,False,avoidance not required,,{},,,,,,,,,,,0,safe,6.009,2.448,1.790,0,0,0.0,0.0,[],17.039548873901367,18.173358917236328,16.45352554321289,16.708898544311523,24.164255142211914,16.463321685791016,16.448184967041016,18.16920280456543,16.446327209472656
63.2,RUNNING,4,OUTBOUND,0.157,0.9802,156.0314,11.127,True,NORMAL,MONITOR,False,{},"[""uav2"", ""uav1"", ""uav0""]",limited,False,{},NONE,NORMAL,SAFE,1.0,IDLE,0.0,0.0,0.0,,,0.0,False,avoidance not required,,{},,,,,,,,,,,0,safe,6.009,2.454,1.789,0,0,0.0,0.0,[],17.273841857910156,18.382997512817383,16.45332145690918,16.941020965576172,24.3732852935791,16.46478271484375,16.679258346557617,18.37795066833496,16.45145606994629
63.4,RUNNING,4,OUTBOUND,0.157,0.9802,156.0314,11.127,True,NORMAL,MONITOR,False,{},"[""uav2"", ""uav1"", ""uav0""]",limited,False,{},NONE,NORMAL,SAFE,1.0,IDLE,0.0,0.0,0.0,,,0.0,False,avoidance not required,,{},,,,,,,,,,,0,safe,6.005,2.453,1.789,0,0,0.0,0.0,[],17.50641632080078,18.58429527282715,16.458587646484375,17.17650032043457,24.585430145263672,16.46259880065918,16.912242889404297,18.591142654418945,16.455856323242188
63.6,RUNNING,4,OUTBOUND,0.158,0.98,155.9981,11.127,True,NORMAL,MONITOR,False,{},"[""uav2"", ""uav1"", ""uav0""]",limited,False,{},NONE,NORMAL,SAFE,1.0,IDLE,0.0,0.0,0.0,,,0.0,False,avoidance not required,,{},,,,,,,,,,,0,safe,6.006,2.459,1.784,0,0,0.0,0.0,[],17.740625381469727,18.792757034301758,16.46006965637207,17.411357879638672,24.79416847229004,16.46537208557129,17.14217758178711,18.803226470947266,16.465179443359375
63.8,RUNNING,4,OUTBOUND,0.159,0.98,155.9981,11.127,True,NORMAL,MONITOR,False,{},"[""uav2"", ""uav1"", ""uav0""]",limited,False,{},NONE,NORMAL,SAFE,1.0,IDLE,0.0,0.0,0.0,,,0.0,False,avoidance not required,,{},,,,,,,,,,,0,safe,6.002,2.460,1.782,0,0,0.0,0.0,[],17.971881866455078,18.996278762817383,16.46868133544922,17.648143768310547,25.006412506103516,16.46383285522461,17.375165939331055,19.017879486083984,16.46867561340332
64.0,RUNNING,4,OUTBOUND,0.16,0.98,155.9981,11.127,True,NORMAL,MONITOR,False,{},"[""uav2"", ""uav1"", ""uav0""]",limited,False,{},NONE,NORMAL,SAFE,1.0,IDLE,0.0,0.0,0.0,,,0.0,False,avoidance not required,,{},,,,,,,,,,,0,safe,6.003,2.464,1.776,0,0,0.0,0.0,[],18.204692840576172,19.206022262573242,16.4711971282959,17.892799377441406,25.22452163696289,16.468612670898438,17.609272003173828,19.22937774658203,16.473594665527344
64.2,RUNNING,4,OUTBOUND,0.16,0.9798,155.9647,11.127,True,NORMAL,MONITOR,False,{},"[""uav2"", ""uav1"", ""uav0""]",limited,False,{},NONE,NORMAL,SAFE,1.0,IDLE,0.0,0.0,0.0,,,0.0,False,avoidance not required,,{},,,,,,,,,,,0,safe,6.005,2.469,1.763,0,0,0.0,0.0,[],18.434032440185547,19.411884307861328,16.480443954467773,18.128873825073242,25.436132431030273,16.47057342529297,17.844158172607422,19.442861557006836,16.47614288330078
64.4,RUNNING,4,OUTBOUND,0.161,0.9798,155.9647,11.127,True,NORMAL,MONITOR,False,{},"[""uav2"", ""uav1"", ""uav0""]",limited,False,{},NONE,NORMAL,SAFE,1.0,IDLE,0.0,0.0,0.0,,,0.0,False,avoidance not required,,{},,,,,,,,,,,0,safe,6.010,2.471,1.768,0,0,0.0,0.0,[],18.6656436920166,19.623628616333008,16.483516693115234,18.35272789001465,25.629255294799805,16.47665023803711,18.075124740600586,19.649904251098633,16.481971740722656
64.6,RUNNING,4,OUTBOUND,0.162,0.9797,155.9314,11.127,True,NORMAL,MONITOR,False,{},"[""uav2"", ""uav1"", ""uav0""]",limited,False,{},NONE,NORMAL,SAFE,1.0,IDLE,0.0,0.0,0.0,,,0.0,False,avoidance not required,,{},,,,,,,,,,,0,safe,6.010,2.477,1.772,0,0,0.0,0.0,[],18.89533042907715,19.83188247680664,16.49241065979004,18.58733558654785,25.837055206298828,16.476469039916992,18.307653427124023,19.860820770263672,16.48415184020996
64.8,RUNNING,4,OUTBOUND,0.163,0.9797,155.9314,11.127,True,NORMAL,MONITOR,False,{},"[""uav2"", ""uav1"", ""uav0""]",limited,False,{},NONE,NORMAL,SAFE,1.0,IDLE,0.0,0.0,0.0,,,0.0,False,avoidance not required,,{},,,,,,,,,,,0,safe,6.012,2.476,1.771,0,0,0.0,0.0,[],19.127355575561523,20.045400619506836,16.49363136291504,18.819833755493164,26.035350799560547,16.48219108581543,18.53842544555664,20.068653106689453,16.48779296875
65.0,RUNNING,4,OUTBOUND,0.163,0.9797,155.9314,11.127,True,NORMAL,MONITOR,False,{},"[""uav2"", ""uav1"", ""uav0""]",limited,False,{},NONE,NORMAL,SAFE,1.0,IDLE,0.0,0.0,0.0,,,0.0,False,avoidance not required,,{},,,,,,,,,,,0,safe,6.011,2.482,1.778,0,0,0.0,0.0,[],19.359107971191406,20.253149032592773,16.496198654174805,19.05347442626953,26.24248504638672,16.483909606933594,18.77137565612793,20.2800235748291,16.48917007446289
65.2,RUNNING,4,OUTBOUND,0.164,0.9795,155.8981,11.127,True,NORMAL,MONITOR,False,{},"[""uav2"", ""uav1"", ""uav0""]",limited,False,{},NONE,NORMAL,SAFE,1.0,IDLE,0.0,0.0,0.0,,,0.0,False,avoidance not required,,{},,,,,,,,,,,0,safe,6.012,2.484,1.778,0,0,0.0,0.0,[],19.59219741821289,20.466222763061523,16.49490737915039,19.286088943481445,26.445354461669922,16.489870071411133,19.005416870117188,20.485902786254883,16.493553161621094
65.4,RUNNING,4,OUTBOUND,0.165,0.9795,155.8981,11.127,True,NORMAL,MONITOR,False,{},"[""uav2"", ""uav1"", ""uav0""]",limited,False,{},NONE,NORMAL,SAFE,1.0,IDLE,0.0,0.0,0.0,,,0.0,False,avoidance not required,,{},,,,,,,,,,,0,safe,6.013,2.490,1.782,0,0,0.0,0.0,[],19.82401466369629,20.671772003173828,16.499879837036133,19.51959991455078,26.656503677368164,16.489486694335938,19.240066528320312,20.696605682373047,16.49580192565918
65.6,RUNNING,4,OUTBOUND,0.166,0.9793,155.8648,11.127,True,NORMAL,MONITOR,False,{},"[""uav2"", ""uav1"", ""uav0""]",limited,False,{},NONE,NORMAL,SAFE,1.0,IDLE,0.0,0.0,0.0,,,0.0,False,avoidance not required,,{},,,,,,,,,,,0,safe,6.018,2.491,1.777,0,0,0.0,0.0,[],20.056896209716797,20.88430404663086,16.499631881713867,19.756444931030273,26.862455368041992,16.491376876831055,19.474674224853516,20.904495239257812,16.50025749206543
65.8,RUNNING,4,OUTBOUND,0.166,0.9793,155.8648,11.127,True,NORMAL,MONITOR,False,{},"[""uav2"", ""uav1"", ""uav0""]",limited,False,{},NONE,NORMAL,SAFE,1.0,IDLE,0.0,0.0,0.0,,,0.0,False,avoidance not required,,{},,,,,,,,,,,0,safe,6.018,2.491,1.777,0,0,0.0,0.0,[],20.288375854492188,21.08926010131836,16.5053653717041,19.99184226989746,27.076045989990234,16.489139556884766,19.709003448486328,21.116369247436523,16.50105094909668
66.0,RUNNING,4,OUTBOUND,0.167,0.9793,155.8648,11.127,True,NORMAL,MONITOR,False,{},"[""uav2"", ""uav1"", ""uav0""]",limited,False,{},NONE,NORMAL,SAFE,1.0,IDLE,0.0,0.0,0.0,,,0.0,False,avoidance not required,,{},,,,,,,,,,,0,safe,6.021,2.489,1.772,0,0,0.0,0.0,[],20.520965576171875,21.301280975341797,16.50393295288086,20.230886459350586,27.288389205932617,16.486183166503906,19.941936492919922,21.323272705078125,16.506534576416016
66.2,RUNNING,4,OUTBOUND,0.168,0.9792,155.8315,11.127,True,NORMAL,MONITOR,False,{},"[""uav2"", ""uav1"", ""uav0""]",limited,False,{},NONE,NORMAL,SAFE,1.0,IDLE,0.0,0.0,0.0,,,0.0,False,avoidance not required,,{},,,,,,,,,,,0,safe,6.021,2.486,1.764,0,0,0.0,0.0,[],20.755252838134766,21.511754989624023,16.505651473999023,20.466829299926758,27.50551414489746,16.484600067138672,20.173686981201172,21.53431510925293,16.507266998291016
66.4,RUNNING,4,OUTBOUND,0.169,0.9792,155.8315,11.127,True,NORMAL,MONITOR,False,{},"[""uav2"", ""uav1"", ""uav0""]",limited,False,{},NONE,NORMAL,SAFE,1.0,IDLE,0.0,0.0,0.0,,,0.0,False,avoidance not required,,{},,,,,,,,,,,0,safe,6.018,2.485,1.761,0,0,0.0,0.0,[],20.988805770874023,21.727401733398438,16.50246238708496,20.70171546936035,27.718515396118164,16.48999786376953,20.401891708374023,21.7386417388916,16.51346778869629
66.6,RUNNING,4,OUTBOUND,0.169,0.979,155.7982,11.127,True,NORMAL,MONITOR,False,{},"[""uav2"", ""uav1"", ""uav0""]",limited,False,{},NONE,NORMAL,SAFE,1.0,IDLE,0.0,0.0,0.0,,,0.0,False,avoidance not required,,{},,,,,,,,,,,0,safe,6.013,2.490,1.755,0,0,0.0,0.0,[],21.2235107421875,21.940086364746094,16.502431869506836,20.934301376342773,27.935054779052734,16.49104118347168,20.63196563720703,21.94936180114746,16.51675796508789
66.8,RUNNING,4,OUTBOUND,0.17,0.979,155.7982,11.127,True,NORMAL,MONITOR,False,{},"[""uav2"", ""uav1"", ""uav0""]",limited,False,{},NONE,NORMAL,SAFE,1.0,IDLE,0.0,0.0,0.0,,,0.0,False,avoidance not required,,{},,,,,,,,,,,0,safe,6.008,2.491,1.750,0,0,0.0,0.0,[],21.457143783569336,22.156906127929688,16.501617431640625,21.16988182067871,28.145376205444336,16.494464874267578,20.87424087524414,22.168359756469727,16.5220947265625
67.0,RUNNING,4,OUTBOUND,0.171,0.979,155.7982,11.127,True,NORMAL,MONITOR,False,{},"[""uav2"", ""uav1"", ""uav0""]",limited,False,{},NONE,NORMAL,SAFE,1.0,IDLE,0.0,0.0,0.0,,,0.0,False,avoidance not required,,{},,,,,,,,,,,0,safe,6.017,2.499,1.743,0,0,0.0,0.0,[],21.687156677246094,22.368223190307617,16.504932403564453,21.402490615844727,28.360023498535156,16.495298385620117,21.09819984436035,22.37421989440918,16.522249221801758
67.2,RUNNING,4,OUTBOUND,0.172,0.9788,155.7649,11.127,True,NORMAL,MONITOR,False,{},"[""uav2"", ""uav1"", ""uav0""]",limited,False,{},NONE,NORMAL,SAFE,1.0,IDLE,0.0,0.0,0.0,,,0.0,False,avoidance not required,,{},,,,,,,,,,,0,safe,6.011,2.505,1.743,0,0,0.0,0.0,[],21.917675018310547,22.583072662353516,16.50464630126953,21.637420654296875,28.571304321289062,16.498882293701172,21.33180809020996,22.582448959350586,16.523420333862305
67.4,RUNNING,4,OUTBOUND,0.172,0.9788,155.7649,11.127,True,NORMAL,MONITOR,False,{},"[""uav2"", ""uav1"", ""uav0""]",limited,False,{},NONE,NORMAL,SAFE,1.0,IDLE,0.0,0.0,0.0,,,0.0,False,avoidance not required,,{},,,,,,,,,,,0,safe,6.014,2.505,1.741,0,0,0.0,0.0,[],22.147504806518555,22.791540145874023,16.507179260253906,21.872783660888672,28.784809112548828,16.503145217895508,21.56548500061035,22.789642333984375,16.527637481689453
67.6,RUNNING,4,OUTBOUND,0.173,0.9787,155.7316,11.127,True,NORMAL,MONITOR,False,{},"[""uav2"", ""uav1"", ""uav0""]",limited,False,{},NONE,NORMAL,SAFE,1.0,IDLE,0.0,0.0,0.0,,,0.0,False,avoidance not required,,{},,,,,,,,,,,0,safe,6.018,2.507,1.743,0,0,0.0,0.0,[],22.3780574798584,23.004100799560547,16.50754165649414,22.113996505737305,29.00907325744629,16.504005432128906,21.808351516723633,23.009990692138672,16.527507781982422
67.8,RUNNING,4,OUTBOUND,0.174,0.9787,155.7316,11.127,True,NORMAL,MONITOR,False,{},"[""uav2"", ""uav1"", ""uav0""]",limited,False,{},NONE,NORMAL,SAFE,1.0,IDLE,0.0,0.0,0.0,,,0.0,False,avoidance not required,,{},,,,,,,,,,,0,safe,6.030,2.508,1.741,0,0,0.0,0.0,[],22.609283447265625,23.21178436279297,16.51353645324707,22.336397171020508,29.215986251831055,16.50677490234375,22.03443145751953,23.211153030395508,16.52675437927246
68.0,RUNNING,4,OUTBOUND,0.175,0.9787,155.7316,11.127,True,NORMAL,MONITOR,False,{},"[""uav2"", ""uav1"", ""uav0""]",limited,False,{},NONE,NORMAL,SAFE,1.0,IDLE,0.0,0.0,0.0,,,0.0,False,avoidance not required,,{},,,,,,,,,,,0,safe,6.025,2.514,1.743,0,0,0.0,0.0,[],22.840953826904297,23.423946380615234,16.514976501464844,22.565711975097656,29.43254280090332,16.506925582885742,22.26841926574707,23.42561912536621,16.52435874938965
68.2,RUNNING,4,OUTBOUND,0.175,0.9785,155.6983,11.127,True,NORMAL,MONITOR,False,{},"[""uav2"", ""uav1"", ""uav0""]",limited,False,{},NONE,NORMAL,SAFE,1.0,IDLE,0.0,0.0,0.0,,,0.0,False,avoidance not required,,{},,,,,,,,,,,0,safe,6.027,2.515,1.741,0,0,0.0,0.0,[],23.073007583618164,23.63442611694336,16.52056312561035,22.78827476501465,29.647323608398438,16.510345458984375,22.50065040588379,23.640600204467773,16.52302360534668
68.4,RUNNING,4,OUTBOUND,0.176,0.9785,155.6983,11.127,True,NORMAL,MONITOR,False,{},"[""uav2"", ""uav1"", ""uav0""]",limited,False,{},NONE,NORMAL,SAFE,1.0,IDLE,0.0,0.0,0.0,,,0.0,False,avoidance not required,,{},,,,,,,,,,,0,safe,6.028,2.521,1.740,0,0,0.0,0.0,[],23.305200576782227,23.848634719848633,16.520675659179688,23.012941360473633,29.86258316040039,16.511520385742188,22.732519149780273,23.85761833190918,16.522302627563477
68.6,RUNNING,4,OUTBOUND,0.177,0.9783,155.6651,11.127,True,NORMAL,MONITOR,False,{},"[""uav2"", ""uav1"", ""uav0""]",limited,False,{},NONE,NORMAL,SAFE,1.0,IDLE,0.0,0.0,0.0,,,0.0,False,avoidance not required,,{},,,,,,,,,,,0,safe,6.027,2.521,1.736,0,0,0.0,0.0,[],23.540685653686523,24.062484741210938,16.519983291625977,23.241792678833008,30.07680320739746,16.51380729675293,22.965757369995117,24.072460174560547,16.52974510192871
68.8,RUNNING,4,OUTBOUND,0.178,0.9783,155.6651,11.127,True,NORMAL,MONITOR,False,{},"[""uav2"", ""uav1"", ""uav0""]",limited,False,{},NONE,NORMAL,SAFE,1.0,IDLE,0.0,0.0,0.0,,,0.0,False,avoidance not required,,{},,,,,,,,,,,0,safe,6.025,2.520,1.730,0,0,0.0,0.0,[],23.775270462036133,24.278308868408203,16.518722534179688,23.47116470336914,30.29122543334961,16.51402473449707,23.19746208190918,24.28838348388672,16.53443717956543
69.0,RUNNING,4,OUTBOUND,0.178,0.9783,155.6651,11.127,True,NORMAL,MONITOR,False,{},"[""uav2"", ""uav1"", ""uav0""]",limited,False,{},NONE,NORMAL,SAFE,1.0,IDLE,0.0,0.0,0.0,,,0.0,False,avoidance not required,,{},,,,,,,,,,,0,safe,6.022,2.519,1.724,0,0,0.0,0.0,[],24.013423919677734,24.492122650146484,16.519332885742188,23.694849014282227,30.500425338745117,16.511981964111328,23.42521095275879,24.49965476989746,16.538660049438477
69.2,RUNNING,4,OUTBOUND,0.179,0.9782,155.6319,11.127,True,NORMAL,MONITOR,False,{},"[""uav2"", ""uav1"", ""uav0""]",limited,False,{},NONE,NORMAL,SAFE,1.0,IDLE,0.0,0.0,0.0,,,0.0,False,avoidance not required,,{},,,,,,,,,,,0,safe,6.012,2.519,1.724,0,0,0.0,0.0,[],24.248958587646484,24.707351684570312,16.51920509338379,23.92113494873047,30.711057662963867,16.509883880615234,23.65326690673828,24.712636947631836,16.538944244384766
69.4,RUNNING,4,OUTBOUND,0.18,0.9782,155.6319,11.127,True,NORMAL,MONITOR,False,{},"[""uav2"", ""uav1"", ""uav0""]",limited,False,{},NONE,NORMAL,SAFE,1.0,IDLE,0.0,0.0,0.0,,,0.0,False,avoidance not required,,{},,,,,,,,,,,0,safe,5.999,2.524,1.730,0,0,0.0,0.0,[],24.479829788208008,24.91935157775879,16.52399444580078,24.151023864746094,30.91888427734375,16.512006759643555,23.878753662109375,24.92143440246582,16.542484283447266
69.6,RUNNING,4,OUTBOUND,0.181,0.978,155.5988,11.127,True,NORMAL,MONITOR,False,{},"[""uav2"", ""uav1"", ""uav0""]",limited,False,{},NONE,NORMAL,SAFE,1.0,IDLE,0.0,0.0,0.0,,,0.0,False,avoidance not required,,{},,,,,,,,,,,0,safe,5.999,2.524,1.730,0,0,0.0,0.0,[],24.709800720214844,25.132604598999023,16.523475646972656,24.381881713867188,31.128387451171875,16.510948181152344,24.10618019104004,25.13236427307129,16.54102325439453
69.8,RUNNING,4,OUTBOUND,0.181,0.978,155.5988,11.127,True,NORMAL,MONITOR,False,{},"[""uav2"", ""uav1"", ""uav0""]",limited,False,{},NONE,NORMAL,SAFE,1.0,IDLE,0.0,0.0,0.0,,,0.0,False,avoidance not required,,{},,,,,,,,,,,0,safe,5.996,2.523,1.730,0,0,0.0,0.0,[],24.934537887573242,25.34287452697754,16.523956298828125,24.608694076538086,31.339153289794922,16.51024055480957,24.333703994750977,25.338973999023438,16.53641700744629
70.0,RUNNING,4,OUTBOUND,0.182,0.978,155.5988,11.127,True,NORMAL,MONITOR,False,{},"[""uav2"", ""uav1"", ""uav0""]",limited,False,{},NONE,NORMAL,SAFE,1.0,IDLE,0.0,0.0,0.0,,,0.0,False,avoidance not required,,{},,,,,,,,,,,0,safe,5.999,2.524,1.734,0,0,0.0,0.0,[],25.161231994628906,25.554397583007812,16.520414352416992,24.837421417236328,31.550060272216797,16.50868034362793,24.5628662109375,25.548919677734375,16.53037452697754
70.2,RUNNING,4,OUTBOUND,0.183,0.9778,155.5657,11.127,True,NORMAL,MONITOR,False,{},"[""uav2"", ""uav1"", ""uav0""]",limited,False,{},NONE,NORMAL,SAFE,1.0,IDLE,0.0,0.0,0.0,,,0.0,False,avoidance not required,,{},,,,,,,,,,,0,safe,6.002,2.520,1.735,0,0,0.0,0.0,[],25.385910034179688,25.763769149780273,16.5175724029541,25.07220458984375,31.76756477355957,16.504688262939453,24.792709350585938,25.757678985595703,16.520998001098633
70.4,RUNNING,4,OUTBOUND,0.184,0.9778,155.5657,11.127,True,NORMAL,MONITOR,False,{},"[""uav2"", ""uav1"", ""uav0""]",limited,False,{},NONE,NORMAL,SAFE,1.0,IDLE,0.0,0.0,0.0,,,0.0,False,avoidance not required,,{},,,,,,,,,,,0,safe,6.007,2.518,1.728,0,0,0.0,0.0,[],25.61290168762207,25.974384307861328,16.51420783996582,25.292203903198242,31.969148635864258,16.502485275268555,25.023656845092773,25.968961715698242,16.514930725097656
70.6,RUNNING,4,OUTBOUND,0.184,0.9777,155.5325,11.127,True,NORMAL,MONITOR,False,{},"[""uav2"", ""uav1"", ""uav0""]",limited,False,{},NONE,NORMAL,SAFE,1.0,IDLE,0.0,0.0,0.0,,,0.0,False,avoidance not required,,{},,,,,,,,,,,0,safe,6.011,2.514,1.742,0,0,0.0,0.0,[],25.839860916137695,26.18690299987793,16.51399803161621,25.520275115966797,32.18006896972656,16.500019073486328,25.253814697265625,26.178407669067383,16.50856590270996
70.8,RUNNING,4,OUTBOUND,0.185,0.9777,155.5325,11.127,True,NORMAL,MONITOR,False,{},"[""uav2"", ""uav1"", ""uav0""]",limited,False,{},NONE,NORMAL,SAFE,1.0,IDLE,0.0,0.0,0.0,,,0.0,False,avoidance not required,,{},,,,,,,,,,,0,safe,6.014,2.514,1.744,0,0,0.0,0.0,[],26.069087982177734,26.39927101135254,16.511259078979492,25.751331329345703,32.39103698730469,16.498579025268555,25.485349655151367,26.389646530151367,16.502910614013672
71.0,RUNNING,4,OUTBOUND,0.186,0.9777,155.5325,11.127,True,NORMAL,MONITOR,False,{},"[""uav2"", ""uav1"", ""uav0""]",limited,False,{},NONE,NORMAL,SAFE,1.0,IDLE,0.0,0.0,0.0,,,0.0,False,avoidance not required,,{},,,,,,,,,,,0,safe,6.016,2.511,1.743,0,0,0.0,0.0,[],26.298540115356445,26.609617233276367,16.50234031677246,25.986207962036133,32.601051330566406,16.498924255371094,25.718849182128906,26.597681045532227,16.499483108520508
71.2,RUNNING,4,OUTBOUND,0.187,0.9775,155.4994,11.127,True,NORMAL,MONITOR,False,{},"[""uav2"", ""uav1"", ""uav0""]",limited,False,{},NONE,NORMAL,SAFE,1.0,IDLE,0.0,0.0,0.0,,,0.0,False,avoidance not required,,{},,,,,,,,,,,0,safe,6.020,2.502,1.741,0,0,0.0,0.0,[],26.529972076416016,26.820505142211914,16.496755599975586,26.221466064453125,32.8116340637207,16.49786376953125,25.952518463134766,26.80957794189453,16.497713088989258
71.4,RUNNING,4,OUTBOUND,0.187,0.9775,155.4994,11.127,True,NORMAL,MONITOR,False,{},"[""uav2"", ""uav1"", ""uav0""]",limited,False,{},NONE,NORMAL,SAFE,1.0,IDLE,0.0,0.0,0.0,,,0.0,False,avoidance not required,,{},,,,,,,,,,,0,safe,6.023,2.497,1.738,0,0,0.0,0.0,[],26.76189422607422,27.032413482666016,16.492504119873047,26.454097747802734,33.024105072021484,16.497779846191406,26.1842098236084,27.025253295898438,16.49706268310547
71.6,RUNNING,4,OUTBOUND,0.188,0.9773,155.4664,11.127,True,NORMAL,MONITOR,False,{},"[""uav2"", ""uav1"", ""uav0""]",limited,False,{},NONE,NORMAL,SAFE,1.0,IDLE,0.0,0.0,0.0,,,0.0,False,avoidance not required,,{},,,,,,,,,,,0,safe,6.022,2.493,1.735,0,0,0.0,0.0,[],26.994731903076172,27.244386672973633,16.490053176879883,26.687217712402344,33.2360954284668,16.49652099609375,26.415159225463867,27.240989685058594,16.496158599853516
71.8,RUNNING,4,OUTBOUND,0.189,0.9773,155.4664,11.127,True,NORMAL,MONITOR,False,{},"[""uav2"", ""uav1"", ""uav0""]",limited,False,{},NONE,NORMAL,SAFE,1.0,IDLE,0.0,0.0,0.0,,,0.0,False,avoidance not required,,{},,,,,,,,,,,0,safe,6.020,2.490,1.733,0,0,0.0,0.0,[],27.22732162475586,27.45227813720703,16.4838809967041,26.914531707763672,33.453102111816406,16.485923767089844,26.6403751373291,27.45613670349121,16.494291305541992
72.0,RUNNING,4,OUTBOUND,0.19,0.9773,155.4664,11.127,True,NORMAL,MONITOR,False,{},"[""uav2"", ""uav1"", ""uav0""]",limited,False,{},NONE,NORMAL,SAFE,1.0,IDLE,0.0,0.0,0.0,,,0.0,False,avoidance not required,,{},,,,,,,,,,,0,safe,6.013,2.484,1.731,0,0,0.0,0.0,[],27.460147857666016,27.6619930267334,16.481019973754883,27.144193649291992,33.66752243041992,16.48002052307129,26.868690490722656,27.671236038208008,16.49124526977539
72.2,RUNNING,4,OUTBOUND,0.19,0.9772,155.4334,11.127,True,NORMAL,MONITOR,False,{},"[""uav2"", ""uav1"", ""uav0""]",limited,False,{},NONE,NORMAL,SAFE,1.0,IDLE,0.0,0.0,0.0,,,0.0,False,avoidance not required,,{},,,,,,,,,,,0,safe,6.013,2.506,1.729,0,0,0.0,0.0,[],27.687915802001953,27.876428604125977,16.47593879699707,27.374059677124023,33.87971496582031,16.47812271118164,27.100799560546875,27.887723922729492,16.48733139038086
72.4,RUNNING,4,OUTBOUND,0.191,0.9772,155.4334,11.127,True,NORMAL,MONITOR,False,{},"[""uav2"", ""uav1"", ""uav0""]",limited,False,{},NONE,NORMAL,SAFE,1.0,IDLE,0.0,0.0,0.0,,,0.0,False,avoidance not required,,{},,,,,,,,,,,0,safe,6.013,2.506,1.729,0,0,0.0,0.0,[],27.917577743530273,28.0898380279541,16.474199295043945,27.605398178100586,34.09095001220703,16.47848892211914,27.33312225341797,28.103759765625,16.484045028686523
72.6,RUNNING,4,OUTBOUND,0.192,0.977,155.4004,11.127,True,NORMAL,MONITOR,False,{},"[""uav2"", ""uav1"", ""uav0""]",limited,False,{},NONE,NORMAL,SAFE,1.0,IDLE,0.0,0.0,0.0,,,0.0,False,avoidance not required,,{},,,,,,,,,,,0,safe,6.016,2.552,1.729,0,0,0.0,0.0,[],28.14912223815918,28.302181243896484,16.474143981933594,27.83634376525879,34.30459213256836,16.479745864868164,27.56471061706543,28.324161529541016,16.47971534729004
72.8,RUNNING,4,OUTBOUND,0.193,0.977,155.4004,11.127,True,NORMAL,MONITOR,False,{},"[""uav2"", ""uav1"", ""uav0""]",limited,False,{},NONE,NORMAL,SAFE,1.0,IDLE,0.0,0.0,0.0,,,0.0,False,avoidance not required,,{},,,,,,,,,,,0,safe,6.016,2.750,1.717,0,0,0.0,0.0,[],28.38132095336914,28.514028549194336,16.475358963012695,28.07775115966797,34.52458190917969,16.481712341308594,27.79705047607422,28.54120445251465,16.47967529296875
73.0,RUNNING,4,OUTBOUND,0.193,0.977,155.4004,11.127,True,NORMAL,MONITOR,False,{},"[""uav2"", ""uav1"", ""uav0""]",limited,False,{},NONE,NORMAL,SAFE,1.0,IDLE,0.0,0.0,0.0,,,0.0,False,avoidance not required,,{},,,,,,,,,,,0,safe,6.016,2.750,1.717,1,1,0.523,0.0,"[""lidar_target_29""]",28.615585327148438,28.72673988342285,16.47690773010254,28.299560546875,34.729366302490234,16.4826602935791,28.03078269958496,28.758609771728516,16.48098373413086
73.2,DYNAMIC_HOLD,4,OUTBOUND,0.193,0.9768,155.3674,11.127,True,NORMAL,MONITOR,False,{},"[""uav2"", ""uav1"", ""uav0""]",limited,False,{},NONE,HOLD,CRITICAL,0.0,HOLD,0.0,0.0,0.0,"no collective offset satisfies dynamic, static and fleet separation constraints",collective_offset,0.0,False,"no collective offset satisfies dynamic, static and fleet separation constraints",39.5,"{""DYNAMIC_CONFLICT"": 8}",,,,,,,,6.0,10.66,,0,safe,6.015,2.897,1.723,1,0,0.455,0.2,"[""lidar_target_29""]",28.84963035583496,28.93876075744629,16.47991180419922,28.531314849853516,34.94058609008789,16.48398780822754,28.2640323638916,28.972209930419922,16.482872009277344
73.4,DYNAMIC_HOLD,4,OUTBOUND,0.193,0.9768,155.3674,11.127,True,NORMAL,MONITOR,False,{},"[""uav2"", ""uav1"", ""uav0""]",limited,False,{},NONE,HOLD,CRITICAL,0.0,CONFIRMING,0.0,0.0,0.0,"no collective offset satisfies dynamic, static and fleet separation constraints",collective_offset,0.0,True,safe collective offset found,39.179,{},,,,,,,,6.0,10.967,,0,safe,6.014,3.071,0.316,1,0,0.395,0.4,"[""lidar_target_29""]",29.069026947021484,29.137685775756836,16.490602493286133,28.74724578857422,35.13505554199219,16.49015998840332,28.475141525268555,29.16463851928711,16.492040634155273
73.6,DYNAMIC_HOLD,4,OUTBOUND,0.193,0.9767,155.3364,11.127,True,NORMAL,MONITOR,True,{},"[""uav2"", ""uav1"", ""uav0""]",limited,False,{},NONE,HOLD,CRITICAL,0.0,CONFIRMING,0.0,0.0,0.0,"no collective offset satisfies dynamic, static and fleet separation constraints",collective_offset,0.0,True,safe collective offset found,39.179,{},,,,,,,,6.0,11.257,,0,safe,6.006,3.260,0.612,1,0,0.344,0.6,"[""lidar_target_29""]",29.208391189575195,29.263172149658203,16.485679626464844,28.891489028930664,35.26313781738281,16.48063087463379,28.614469528198242,29.28994369506836,16.48473358154297
73.8,DYNAMIC_HOLD,4,OUTBOUND,0.193,0.9767,155.3364,11.127,True,NORMAL,MONITOR,True,{},"[""uav2"", ""uav1"", ""uav0""]",limited,False,{},NONE,HOLD,CRITICAL,0.0,CONFIRMING,0.0,0.0,0.0,"no collective offset satisfies dynamic, static and fleet separation constraints",collective_offset,0.0,True,safe collective offset found,39.179,{},,,,,,,,6.0,11.439,,0,safe,6.006,3.379,0.800,1,0,0.299,0.8,"[""lidar_target_29""]",29.295120239257812,29.331056594848633,16.470691680908203,28.971689224243164,35.3283576965332,16.471248626708984,28.690208435058594,29.35453224182129,16.476016998291016
74.0,DYNAMIC_AVOID,4,OUTBOUND,0.194,0.9767,155.3364,11.127,True,NORMAL,MONITOR,True,{},"[""uav2"", ""uav1"", ""uav0""]",limited,False,{},NONE,AVOID,CRITICAL,0.35,APPLYING,-0.009,0.01,0.0,"no collective offset satisfies dynamic, static and fleet separation constraints",collective_offset,0.0,True,safe collective offset found,39.179,{},,,,,,,,5.995,11.543,,0,safe,5.995,3.443,0.909,1,0,0.26,1.0,"[""lidar_target_29""]",29.32296371459961,29.350263595581055,16.462997436523438,28.99964714050293,35.3482666015625,16.46825408935547,28.717723846435547,29.374256134033203,16.47435760498047
74.2,DYNAMIC_AVOID,4,OUTBOUND,0.194,0.9765,155.3062,11.127,True,NORMAL,MONITOR,False,{},"[""uav2"", ""uav1"", ""uav0""]",limited,False,{},NONE,AVOID,SAFE,0.35,RECOVERING,-0.016,0.018,0.0,"no collective offset satisfies dynamic, static and fleet separation constraints",,0.0,False,avoidance not required,,{},,,,,,,,5.995,11.574,,0,safe,5.995,3.461,0.947,1,0,0.226,1.2,"[""lidar_target_29""]",29.341930389404297,29.34555435180664,16.466196060180664,29.012184143066406,35.33995056152344,16.47740364074707,28.73459815979004,29.3734130859375,16.486244201660156
74.4,DYNAMIC_AVOID,4,OUTBOUND,0.194,0.9765,155.3062,11.127,True,NORMAL,MONITOR,False,{},"[""uav2"", ""uav1"", ""uav0""]",limited,False,{},NONE,AVOID,SAFE,0.35,RECOVERING,-0.016,0.018,0.0,"no collective offset satisfies dynamic, static and fleet separation constraints",,0.0,False,avoidance not required,,{},,,,,,,,5.993,11.582,,0,safe,5.993,3.473,1.054,1,0,0.196,1.4,"[""lidar_target_29""]",29.393409729003906,29.380037307739258,16.468204498291016,29.057533264160156,35.37024688720703,16.47904396057129,28.785709381103516,29.40792465209961,16.489749908447266
74.6,DYNAMIC_AVOID,4,OUTBOUND,0.194,0.9764,155.2768,11.127,True,NORMAL,MONITOR,False,{},"[""uav2"", ""uav1"", ""uav0""]",limited,False,{},NONE,AVOID,SAFE,0.35,RECOVERING,-0.016,0.017,0.0,"no collective offset satisfies dynamic, static and fleet separation constraints",,0.0,False,avoidance not required,,{},,,,,,,,5.992,11.641,,0,safe,5.992,3.518,1.109,0,0,0.0,0.0,[],29.472396850585938,29.432043075561523,16.47264862060547,29.13968276977539,35.42439270019531,16.471403121948242,28.865392684936523,29.461299896240234,16.486045837402344
74.8,DYNAMIC_AVOID,4,OUTBOUND,0.195,0.9764,155.2768,11.127,True,NORMAL,MONITOR,False,{},"[""uav2"", ""uav1"", ""uav0""]",limited,False,{},NONE,AVOID,SAFE,0.35,RECOVERING,-0.015,0.016,0.0,"no collective offset satisfies dynamic, static and fleet separation constraints",,0.0,False,avoidance not required,,{},,,,,,,,,,,0,safe,5.993,3.589,1.121,0,0,0.0,0.0,[],29.567626953125,29.51362419128418,16.474401473999023,29.23762321472168,35.507080078125,16.467098236083984,28.956754684448242,29.537723541259766,16.481355667114258
75.0,DYNAMIC_AVOID,4,OUTBOUND,0.195,0.9764,155.2768,11.127,True,NORMAL,MONITOR,False,{},"[""uav2"", ""uav1"", ""uav0""]",limited,False,{},NONE,AVOID,SAFE,0.35,RECOVERING,-0.014,0.015,0.0,"no collective offset satisfies dynamic, static and fleet separation constraints",,0.0,False,avoidance not required,,{},,,,,,,,,,,0,safe,5.989,3.682,1.103,0,0,0.0,0.0,[],29.67264747619629,29.607555389404297,16.469470977783203,29.347909927368164,35.59894561767578,16.463115692138672,29.0675048828125,29.63399314880371,16.474103927612305
75.2,DYNAMIC_AVOID,4,OUTBOUND,0.195,0.9762,155.2474,11.127,True,NORMAL,MONITOR,False,{},"[""uav2"", ""uav1"", ""uav0""]",limited,False,{},NONE,AVOID,SAFE,0.35,RECOVERING,-0.013,0.014,0.0,"no collective offset satisfies dynamic, static and fleet separation constraints",,0.0,False,avoidance not required,,{},,,,,,,,,,,0,safe,5.995,3.783,1.070,0,0,0.0,0.0,[],29.78790855407715,29.7195987701416,16.467180252075195,29.471290588378906,35.71174621582031,16.460905075073242,29.187543869018555,29.746442794799805,16.46846580505371
75.4,DYNAMIC_AVOID,4,OUTBOUND,0.196,0.9762,155.2474,11.127,True,NORMAL,MONITOR,False,{},"[""uav2"", ""uav1"", ""uav0""]",limited,False,{},NONE,AVOID,SAFE,0.35,RECOVERING,-0.012,0.013,0.0,"no collective offset satisfies dynamic, static and fleet separation constraints",,0.0,False,avoidance not required,,{},,,,,,,,,,,0,safe,6.000,3.903,1.012,0,0,0.0,0.0,[],29.905662536621094,29.838346481323242,16.465288162231445,29.600723266601562,35.83140563964844,16.460464477539062,29.311481475830078,29.866849899291992,16.460052490234375
75.6,DYNAMIC_AVOID,4,OUTBOUND,0.196,0.9761,155.2183,11.127,True,NORMAL,MONITOR,False,{},"[""uav2"", ""uav1"", ""uav0""]",limited,False,{},NONE,AVOID,SAFE,0.35,RECOVERING,-0.011,0.012,0.0,"no collective offset satisfies dynamic, static and fleet separation constraints",,0.0,False,avoidance not required,,{},,,,,,,,,,,0,safe,6.006,4.031,0.945,0,0,0.0,0.0,[],30.026254653930664,29.96234893798828,16.46412467956543,29.726552963256836,35.95219039916992,16.46339988708496,29.438268661499023,29.983739852905273,16.45479393005371
75.8,DYNAMIC_AVOID,4,OUTBOUND,0.196,0.9761,155.2183,11.127,True,NORMAL,MONITOR,False,{},"[""uav2"", ""uav1"", ""uav0""]",limited,False,{},NONE,AVOID,SAFE,0.35,RECOVERING,-0.01,0.011,0.0,"no collective offset satisfies dynamic, static and fleet separation constraints",,0.0,False,avoidance not required,,{},,,,,,,,,,,0,safe,6.012,4.166,0.880,0,0,0.0,0.0,[],30.148326873779297,30.080368041992188,16.46210479736328,29.850440979003906,36.07472610473633,16.466487884521484,29.56271743774414,30.102615356445312,16.454383850097656
76.0,DYNAMIC_AVOID,4,OUTBOUND,0.196,0.9761,155.2183,11.127,True,NORMAL,MONITOR,False,{},"[""uav2"", ""uav1"", ""uav0""]",limited,False,{},NONE,AVOID,SAFE,0.35,RECOVERING,-0.009,0.009,0.0,"no collective offset satisfies dynamic, static and fleet separation constraints",,0.0,False,avoidance not required,,{},,,,,,,,,,,0,safe,6.014,4.301,0.815,0,0,0.0,0.0,[],30.267309188842773,30.197895050048828,16.463428497314453,29.976327896118164,36.199493408203125,16.468687057495117,29.684648513793945,30.222888946533203,16.456363677978516
76.2,DYNAMIC_AVOID,4,OUTBOUND,0.197,0.9759,155.1894,11.127,True,NORMAL,MONITOR,False,{},"[""uav2"", ""uav1"", ""uav0""]",limited,False,{},NONE,AVOID,SAFE,0.35,RECOVERING,-0.007,0.008,0.0,"no collective offset satisfies dynamic, static and fleet separation constraints",,0.0,False,avoidance not required,,{},,,,,,,,,,,0,safe,6.020,4.575,0.703,0,0,0.0,0.0,[],30.38092613220215,30.311376571655273,16.469585418701172,30.09479522705078,36.31816482543945,16.47064208984375,29.800437927246094,30.336795806884766,16.46085548400879
76.4,DYNAMIC_AVOID,4,OUTBOUND,0.197,0.9759,155.1894,11.127,True,NORMAL,MONITOR,False,{},"[""uav2"", ""uav1"", ""uav0""]",limited,False,{},NONE,AVOID,SAFE,0.35,RECOVERING,-0.006,0.007,0.0,"no collective offset satisfies dynamic, static and fleet separation constraints",,0.0,False,avoidance not required,,{},,,,,,,,,,,0,safe,6.020,4.575,0.703,0,0,0.0,0.0,[],30.490137100219727,30.42044448852539,16.474523544311523,30.207063674926758,36.431129455566406,16.471139907836914,29.90923309326172,30.438770294189453,16.46776008605957
76.6,DYNAMIC_AVOID,4,OUTBOUND,0.197,0.9758,155.1608,11.127,True,NORMAL,MONITOR,False,{},"[""uav2"", ""uav1"", ""uav0""]",limited,False,{},NONE,AVOID,SAFE,0.35,RECOVERING,-0.005,0.005,0.0,"no collective offset satisfies dynamic, static and fleet separation constraints",,0.0,False,avoidance not required,,{},,,,,,,,,,,0,safe,6.019,4.707,0.658,0,0,0.0,0.0,[],30.59474754333496,30.52613639831543,16.483600616455078,30.312185287475586,36.53605270385742,16.472179412841797,30.012479782104492,30.53632164001465,16.471288681030273
76.8,DYNAMIC_AVOID,4,OUTBOUND,0.197,0.9758,155.1608,11.127,True,NORMAL,MONITOR,False,{},"[""uav2"", ""uav1"", ""uav0""]",limited,False,{},NONE,AVOID,SAFE,0.35,RECOVERING,-0.004,0.004,0.0,"no collective offset satisfies dynamic, static and fleet separation constraints",,0.0,False,avoidance not required,,{},,,,,,,,,,,0,safe,6.018,4.838,0.619,0,0,0.0,0.0,[],30.694826126098633,30.62457275390625,16.4866943359375,30.416078567504883,36.64139938354492,16.471858978271484,30.10936737060547,30.630136489868164,16.47267723083496
77.0,DYNAMIC_AVOID,4,OUTBOUND,0.198,0.9758,155.1608,11.127,True,NORMAL,MONITOR,False,{},"[""uav2"", ""uav1"", ""uav0""]",limited,False,{},NONE,AVOID,SAFE,0.35,RECOVERING,-0.003,0.003,0.0,"no collective offset satisfies dynamic, static and fleet separation constraints",,0.0,False,avoidance not required,,{},,,,,,,,,,,0,safe,6.015,4.960,0.588,0,0,0.0,0.0,[],30.788089752197266,30.71967124938965,16.486051559448242,30.506309509277344,36.730140686035156,16.47314453125,30.20283317565918,30.718292236328125,16.4727783203125
77.2,DYNAMIC_AVOID,4,OUTBOUND,0.198,0.9757,155.1327,11.127,True,NORMAL,MONITOR,False,{},"[""uav2"", ""uav1"", ""uav0""]",limited,False,{},NONE,AVOID,SAFE,0.35,RECOVERING,-0.002,0.002,0.0,"no collective offset satisfies dynamic, static and fleet separation constraints",,0.0,False,avoidance not required,,{},,,,,,,,,,,0,safe,6.015,5.074,0.565,0,0,0.0,0.0,[],30.878671646118164,30.80765151977539,16.483455657958984,30.594839096069336,36.8173942565918,16.47280502319336,30.296295166015625,30.79898452758789,16.4747314453125
77.4,DYNAMIC_AVOID,4,OUTBOUND,0.198,0.9757,155.1327,11.127,True,NORMAL,MONITOR,False,{},"[""uav2"", ""uav1"", ""uav0""]",limited,False,{},NONE,AVOID,SAFE,0.35,RECOVERING,-0.001,0.001,0.0,"no collective offset satisfies dynamic, static and fleet separation constraints",,0.0,False,avoidance not required,,{},,,,,,,,,,,0,safe,6.018,5.182,0.548,0,0,0.0,0.0,[],30.971986770629883,30.891502380371094,16.479719161987305,30.679676055908203,36.89746856689453,16.473926544189453,30.385120391845703,30.87689971923828,16.474332809448242
77.6,DYNAMIC_AVOID,4,OUTBOUND,0.198,0.9755,155.1049,11.127,True,NORMAL,MONITOR,False,{},"[""uav2"", ""uav1"", ""uav0""]",limited,False,{},NONE,AVOID,SAFE,0.35,RECOVERING,-0.001,0.001,0.0,"no collective offset satisfies dynamic, static and fleet separation constraints",,0.0,False,avoidance not required,,{},,,,,,,,,,,0,safe,6.013,5.291,0.532,0,0,0.0,0.0,[],31.060585021972656,30.96929931640625,16.476848602294922,30.761497497558594,36.972084045410156,16.476110458374023,30.470500946044922,30.953981399536133,16.473308563232422
77.8,DYNAMIC_AVOID,4,OUTBOUND,0.199,0.9755,155.1049,11.127,True,NORMAL,MONITOR,False,{},"[""uav2"", ""uav1"", ""uav0""]",limited,False,{},NONE,AVOID,SAFE,0.35,RECOVERING,-0.0,0.0,0.0,"no collective offset satisfies dynamic, static and fleet separation constraints",,0.0,False,avoidance not required,,{},,,,,,,,,,,0,safe,6.010,5.394,0.527,0,0,0.0,0.0,[],31.145748138427734,31.042844772338867,16.47476577758789,30.841472625732422,37.042476654052734,16.475271224975586,30.551095962524414,31.027175903320312,16.471586227416992
78.0,DYNAMIC_AVOID,4,OUTBOUND,0.199,0.9755,155.1049,11.127,True,NORMAL,MONITOR,False,{},"[""uav2"", ""uav1"", ""uav0""]",limited,False,{},NONE,AVOID,SAFE,0.35,RECOVERING,-0.0,0.0,0.0,"no collective offset satisfies dynamic, static and fleet separation constraints",,0.0,False,avoidance not required,,{},,,,,,,,,,,0,safe,6.005,5.493,0.528,0,0,0.0,0.0,[],31.227869033813477,31.11275863647461,16.473594665527344,30.91931915283203,37.11438751220703,16.474536895751953,30.63025665283203,31.09812355041504,16.46836280822754
78.2,RUNNING,4,OUTBOUND,0.2,0.9754,155.0773,11.127,True,NORMAL,MONITOR,False,{},"[""uav2"", ""uav1"", ""uav0""]",limited,False,{},NONE,NORMAL,SAFE,1.0,IDLE,0.0,0.0,0.0,,,0.0,False,avoidance not required,,{},,,,,,,,,,,0,safe,6.002,5.589,0.531,0,0,0.0,0.0,[],31.30548095703125,31.17799186706543,16.473482131958008,30.996856689453125,37.18290710449219,16.474506378173828,30.7088565826416,31.16842269897461,16.467472076416016
78.4,RUNNING,4,OUTBOUND,0.2,0.9754,155.0773,11.127,True,NORMAL,MONITOR,False,{},"[""uav2"", ""uav1"", ""uav0""]",limited,False,{},NONE,NORMAL,SAFE,1.0,IDLE,0.0,0.0,0.0,,,0.0,False,avoidance not required,,{},,,,,,,,,,,0,safe,6.003,5.680,0.689,0,0,0.0,0.0,[],31.38317108154297,31.243820190429688,16.4742488861084,31.079559326171875,37.25553512573242,16.470563888549805,30.787212371826172,31.23859214782715,16.46744728088379
78.6,RUNNING,4,OUTBOUND,0.201,0.9752,155.0495,11.127,True,NORMAL,MONITOR,False,{},"[""uav2"", ""uav1"", ""uav0""]",limited,False,{},NONE,NORMAL,SAFE,1.0,IDLE,0.0,0.0,0.0,,,0.0,False,avoidance not required,,{},,,,,,,,,,,0,safe,6.004,5.772,0.897,0,0,0.0,0.0,[],31.458330154418945,31.323734283447266,16.478052139282227,31.16666603088379,37.33045959472656,16.46915054321289,30.870410919189453,31.316593170166016,16.466915130615234
78.8,RUNNING,4,OUTBOUND,0.202,0.9752,155.0495,11.127,True,NORMAL,MONITOR,False,{},"[""uav2"", ""uav1"", ""uav0""]",limited,False,{},NONE,NORMAL,SAFE,1.0,IDLE,0.0,0.0,0.0,,,0.0,False,avoidance not required,,{},,,,,,,,,,,0,safe,6.012,5.872,1.100,0,0,0.0,0.0,[],31.550846099853516,31.41333770751953,16.478853225708008,31.261493682861328,37.41925048828125,16.47417449951172,30.96800994873047,31.4069881439209,16.467832565307617
79.0,RUNNING,4,OUTBOUND,0.203,0.9752,155.0495,11.127,True,NORMAL,MONITOR,False,{},"[""uav2"", ""uav1"", ""uav0""]",limited,False,{},NONE,NORMAL,SAFE,1.0,IDLE,0.0,0.0,0.0,,,0.0,False,avoidance not required,,{},,,,,,,,,,,0,safe,6.017,5.989,1.285,0,0,0.0,0.0,[],31.65702247619629,31.52361488342285,16.47900390625,31.37430763244629,37.52128219604492,16.477310180664062,31.083293914794922,31.522104263305664,16.47195053100586
79.2,RUNNING,4,OUTBOUND,0.203,0.9751,155.02,11.127,True,NORMAL,MONITOR,False,{},"[""uav2"", ""uav1"", ""uav0""]",limited,False,{},NONE,NORMAL,SAFE,1.0,IDLE,0.0,0.0,0.0,,,0.0,False,avoidance not required,,{},,,,,,,,,,,0,safe,6.026,6.127,1.445,0,0,0.0,0.0,[],31.78766441345215,31.647001266479492,16.47895622253418,31.505184173583984,37.6480598449707,16.481721878051758,31.21564292907715,31.649860382080078,16.473766326904297
79.4,RUNNING,4,OUTBOUND,0.204,0.9751,155.02,11.127,True,NORMAL,MONITOR,False,{},"[""uav2"", ""uav1"", ""uav0""]",limited,False,{},NONE,NORMAL,SAFE,1.0,IDLE,0.0,0.0,0.0,,,0.0,False,avoidance not required,,{},,,,,,,,,,,0,safe,6.028,6.292,1.579,0,0,0.0,0.0,[],31.926095962524414,31.791921615600586,16.47996711730957,31.656097412109375,37.78800582885742,16.484575271606445,31.360294342041016,31.795806884765625,16.475019454956055
79.6,RUNNING,4,OUTBOUND,0.205,0.9749,154.9887,11.127,True,NORMAL,MONITOR,False,{},"[""uav2"", ""uav1"", ""uav0""]",limited,False,{},NONE,NORMAL,SAFE,1.0,IDLE,0.0,0.0,0.0,,,0.0,False,avoidance not required,,{},,,,,,,,,,,0,safe,6.034,6.475,1.691,0,0,0.0,0.0,[],32.09083938598633,31.949512481689453,16.478580474853516,31.815336227416992,37.95241165161133,16.490234375,31.53075408935547,31.960180282592773,16.47589874267578
79.8,RUNNING,4,OUTBOUND,0.206,0.9749,154.9887,11.127,True,NORMAL,MONITOR,False,{},"[""uav2"", ""uav1"", ""uav0""]",limited,False,{},NONE,NORMAL,SAFE,1.0,IDLE,0.0,0.0,0.0,,,0.0,False,avoidance not required,,{},,,,,,,,,,,0,safe,6.040,6.685,1.777,0,0,0.0,0.0,[],32.2691650390625,32.13432693481445,16.485498428344727,31.996084213256836,38.126243591308594,16.49067497253418,31.713520050048828,32.14940643310547,16.478939056396484
80.0,RUNNING,4,OUTBOUND,0.206,0.9749,154.9887,11.127,True,NORMAL,MONITOR,False,{},"[""uav2"", ""uav1"", ""uav0""]",limited,False,{},NONE,NORMAL,SAFE,1.0,IDLE,0.0,0.0,0.0,,,0.0,False,avoidance not required,,{},,,,,,,,,,,0,safe,6.044,6.926,1.834,0,0,0.0,0.0,[],32.46992111206055,32.32368469238281,16.485942840576172,32.18950653076172,38.32765579223633,16.489625930786133,31.90957260131836,32.355709075927734,16.4798641204834
80.2,RUNNING,4,OUTBOUND,0.207,0.9748,154.9561,11.127,True,NORMAL,MONITOR,False,{},"[""uav2"", ""uav1"", ""uav0""]",limited,False,{},NONE,NORMAL,SAFE,1.0,IDLE,0.0,0.0,0.0,,,0.0,False,avoidance not required,,{},,,,,,,,,,,0,safe,6.040,7.183,1.871,0,0,0.0,0.0,[],32.67620086669922,32.53750991821289,16.486398696899414,32.400089263916016,38.530391693115234,16.486173629760742,32.121002197265625,32.56317138671875,16.476959228515625
80.4,RUNNING,4,OUTBOUND,0.208,0.9748,154.9561,11.127,True,NORMAL,MONITOR,False,{},"[""uav2"", ""uav1"", ""uav0""]",limited,False,{},NONE,NORMAL,SAFE,1.0,IDLE,0.0,0.0,0.0,,,0.0,False,avoidance not required,,{},,,,,,,,,,,0,safe,6.045,7.462,1.889,0,0,0.0,0.0,[],32.899898529052734,32.7499885559082,16.48167610168457,32.61819839477539,38.751033782958984,16.481754302978516,32.33711624145508,32.78775405883789,16.47759246826172
80.6,RUNNING,4,OUTBOUND,0.209,0.9746,154.9227,11.127,True,NORMAL,MONITOR,False,{},"[""uav2"", ""uav1"", ""uav0""]",limited,False,{},NONE,NORMAL,SAFE,1.0,IDLE,0.0,0.0,0.0,,,0.0,False,avoidance not required,,{},,,,,,,,,,,0,safe,6.037,7.751,1.894,0,0,0.0,0.0,[],33.131629943847656,32.98652648925781,16.473222732543945,32.84547424316406,38.977054595947266,16.48096466064453,32.558258056640625,33.01420211791992,16.47357177734375
80.8,RUNNING,4,OUTBOUND,0.209,0.9746,154.9227,11.127,True,NORMAL,MONITOR,False,{},"[""uav2"", ""uav1"", ""uav0""]",limited,False,{},NONE,NORMAL,SAFE,1.0,IDLE,0.0,0.0,0.0,,,0.0,False,avoidance not required,,{},,,,,,,,,,,0,safe,6.027,8.062,1.877,0,0,0.0,0.0,[],33.368309020996094,33.22563552856445,16.465587615966797,33.08279800415039,39.19575881958008,16.4773006439209,32.791259765625,33.23439025878906,16.46717643737793
81.0,RUNNING,4,OUTBOUND,0.21,0.9746,154.9227,11.127,True,NORMAL,MONITOR,False,{},"[""uav2"", ""uav1"", ""uav0""]",limited,False,{},NONE,NORMAL,SAFE,1.0,IDLE,0.0,0.0,0.0,,,0.0,False,avoidance not required,,{},,,,,,,,,,,0,safe,6.023,8.379,1.862,0,0,0.0,0.0,[],33.61396789550781,33.45151138305664,16.457855224609375,33.32236099243164,39.42490768432617,16.47471809387207,33.0274772644043,33.45975112915039,16.464712142944336
81.2,RUNNING,4,OUTBOUND,0.211,0.9744,154.889,11.127,True,NORMAL,MONITOR,False,{},"[""uav2"", ""uav1"", ""uav0""]",limited,False,{},NONE,NORMAL,SAFE,1.0,IDLE,0.0,0.0,0.0,,,0.0,False,avoidance not required,,{},,,,,,,,,,,0,safe,6.014,8.696,1.845,0,0,0.0,0.0,[],33.86253356933594,33.682193756103516,16.45663070678711,33.567474365234375,39.6447868347168,16.46891212463379,33.27104949951172,33.67866516113281,16.460491180419922
81.4,RUNNING,4,OUTBOUND,0.212,0.9744,154.889,11.127,True,NORMAL,MONITOR,False,{},"[""uav2"", ""uav1"", ""uav0""]",limited,False,{},NONE,NORMAL,SAFE,1.0,IDLE,0.0,0.0,0.0,,,0.0,False,avoidance not required,,{},,,,,,,,,,,0,safe,6.009,9.022,1.828,0,0,0.0,0.0,[],34.11440658569336,33.900943756103516,16.453033447265625,33.81122589111328,39.871517181396484,16.466045379638672,33.51618957519531,33.90620040893555,16.456071853637695
81.6,RUNNING,4,OUTBOUND,0.212,0.9743,154.8554,11.127,True,NORMAL,MONITOR,False,{},"[""uav2"", ""uav1"", ""uav0""]",limited,False,{},NONE,NORMAL,SAFE,1.0,IDLE,0.0,0.0,0.0,,,0.0,False,avoidance not required,,{},,,,,,,,,,,0,safe,6.002,9.342,1.809,0,0,0.0,0.0,[],34.36656951904297,34.12514114379883,16.451566696166992,34.057373046875,40.08944320678711,16.459829330444336,33.76605987548828,34.13624572753906,16.451385498046875
81.8,RUNNING,4,OUTBOUND,0.213,0.9743,154.8554,11.127,True,NORMAL,MONITOR,False,{},"[""uav2"", ""uav1"", ""uav0""]",limited,False,{},NONE,NORMAL,SAFE,1.0,IDLE,0.0,0.0,0.0,,,0.0,False,avoidance not required,,{},,,,,,,,,,,0,safe,6.000,9.668,1.792,0,0,0.0,0.0,[],34.61824417114258,34.3392219543457,16.447952270507812,34.296871185302734,40.313079833984375,16.459394454956055,34.01742935180664,34.35471725463867,16.44510841369629
82.0,RUNNING,4,OUTBOUND,0.214,0.9743,154.8554,11.127,True,NORMAL,MONITOR,False,{},"[""uav2"", ""uav1"", ""uav0""]",limited,False,{},NONE,NORMAL,SAFE,1.0,IDLE,0.0,0.0,0.0,,,0.0,False,avoidance not required,,{},,,,,,,,,,,0,safe,5.999,9.987,1.778,0,0,0.0,0.0,[],34.86573028564453,34.55398941040039,16.44643211364746,34.539371490478516,40.5274658203125,16.45584487915039,34.269657135009766,34.56932830810547,16.43976402282715
82.2,RUNNING,4,OUTBOUND,0.215,0.9741,154.822,11.127,True,NORMAL,MONITOR,False,{},"[""uav2"", ""uav1"", ""uav0""]",limited,False,{},NONE,NORMAL,SAFE,1.0,IDLE,0.0,0.0,0.0,,,0.0,False,avoidance not required,,{},,,,,,,,,,,0,safe,6.004,10.304,1.767,0,0,0.0,0.0,[],35.11240005493164,34.760902404785156,16.44356918334961,34.77495193481445,40.74271774291992,16.454364776611328,34.51899337768555,34.77669906616211,16.435546875
82.4,RUNNING,4,OUTBOUND,0.215,0.9741,154.822,11.127,True,NORMAL,MONITOR,False,{},"[""uav2"", ""uav1"", ""uav0""]",limited,False,{},NONE,NORMAL,SAFE,1.0,IDLE,0.0,0.0,0.0,,,0.0,False,avoidance not required,,{},,,,,,,,,,,0,safe,6.007,10.617,1.761,0,0,0.0,0.0,[],35.35256576538086,34.97077178955078,16.444250106811523,35.014381408691406,40.95094299316406,16.45021629333496,34.76005554199219,34.98392868041992,16.433536529541016
82.6,RUNNING,4,OUTBOUND,0.216,0.9739,154.7888,11.127,True,NORMAL,MONITOR,False,{},"[""uav2"", ""uav1"", ""uav0""]",limited,False,{},NONE,NORMAL,SAFE,1.0,IDLE,0.0,0.0,0.0,,,0.0,False,avoidance not required,,{},,,,,,,,,,,0,safe,6.008,10.927,1.757,0,0,0.0,0.0,[],35.592952728271484,35.17497634887695,16.4401912689209,35.25811767578125,41.15955352783203,16.44899559020996,35.00068664550781,35.18734359741211,16.429977416992188
82.8,RUNNING,4,OUTBOUND,0.217,0.9739,154.7888,11.127,True,NORMAL,MONITOR,False,{},"[""uav2"", ""uav1"", ""uav0""]",limited,False,{},NONE,NORMAL,SAFE,1.0,IDLE,0.0,0.0,0.0,,,0.0,False,avoidance not required,,{},,,,,,,,,,,0,safe,6.008,11.234,1.749,0,0,0.0,0.0,[],35.829219818115234,35.37849426269531,16.434194564819336,35.511112213134766,41.372737884521484,16.442481994628906,35.23774719238281,35.39301681518555,16.425180435180664
83.0,RUNNING,4,OUTBOUND,0.218,0.9739,154.7888,11.127,True,NORMAL,MONITOR,False,{},"[""uav2"", ""uav1"", ""uav0""]",limited,False,{},NONE,NORMAL,SAFE,1.0,IDLE,0.0,0.0,0.0,,,0.0,False,avoidance not required,,{},,,,,,,,,,,0,safe,6.009,11.538,1.732,0,0,0.0,0.0,[],36.06573486328125,35.57958221435547,16.4271297454834,35.74066925048828,41.57486343383789,16.43330955505371,35.47512435913086,35.595672607421875,16.419967651367188
83.2,RUNNING,4,OUTBOUND,0.218,0.9738,154.7558,11.127,True,NORMAL,MONITOR,False,{},"[""uav2"", ""uav1"", ""uav0""]",limited,False,{},NONE,NORMAL,SAFE,1.0,IDLE,0.0,0.0,0.0,,,0.0,False,avoidance not required,,{},,,,,,,,,,,0,safe,6.009,11.840,1.739,0,0,0.0,0.0,[],36.29924011230469,35.7849006652832,16.424882888793945,35.9799690246582,41.78142547607422,16.423830032348633,35.71101760864258,35.79885482788086,16.417049407958984
83.4,RUNNING,4,OUTBOUND,0.219,0.9738,154.7558,11.127,True,NORMAL,MONITOR,False,{},"[""uav2"", ""uav1"", ""uav0""]",limited,False,{},NONE,NORMAL,SAFE,1.0,IDLE,0.0,0.0,0.0,,,0.0,False,avoidance not required,,{},,,,,,,,,,,0,safe,6.012,12.144,1.736,0,0,0.0,0.0,[],36.53380584716797,35.98835754394531,16.418689727783203,36.217529296875,41.99216079711914,16.421524047851562,35.94651794433594,36.00170135498047,16.412126541137695
83.6,RUNNING,4,OUTBOUND,0.22,0.9736,154.7228,11.127,True,NORMAL,MONITOR,False,{},"[""uav2"", ""uav1"", ""uav0""]",limited,False,{},NONE,NORMAL,SAFE,1.0,IDLE,0.0,0.0,0.0,,,0.0,False,avoidance not required,,{},,,,,,,,,,,0,safe,6.013,12.447,1.732,0,0,0.0,0.0,[],36.76304626464844,36.19371795654297,16.415956497192383,36.45438766479492,42.19896697998047,16.41460418701172,36.17893600463867,36.20843505859375,16.409954071044922
83.8,RUNNING,4,OUTBOUND,0.221,0.9736,154.7228,11.127,True,NORMAL,MONITOR,False,{},"[""uav2"", ""uav1"", ""uav0""]",limited,False,{},NONE,NORMAL,SAFE,1.0,IDLE,0.0,0.0,0.0,,,0.0,False,avoidance not required,,{},,,,,,,,,,,0,safe,6.016,12.748,1.732,0,0,0.0,0.0,[],36.99435043334961,36.39844512939453,16.409683227539062,36.68316650390625,42.40282440185547,16.408235549926758,36.41130447387695,36.413631439208984,16.403305053710938
84.0,RUNNING,4,OUTBOUND,0.221,0.9736,154.7228,11.127,True,NORMAL,MONITOR,False,{},"[""uav2"", ""uav1"", ""uav0""]",limited,False,{},NONE,NORMAL,SAFE,1.0,IDLE,0.0,0.0,0.0,,,0.0,False,avoidance not required,,{},,,,,,,,,,,0,safe,6.017,13.051,1.739,0,0,0.0,0.0,[],37.22372817993164,36.60541534423828,16.399885177612305,36.91421890258789,42.605960845947266,16.39982032775879,36.63896179199219,36.61744689941406,16.396629333496094
84.2,RUNNING,4,OUTBOUND,0.222,0.9734,154.6898,11.127,True,NORMAL,MONITOR,False,{},"[""uav2"", ""uav1"", ""uav0""]",limited,False,{},NONE,NORMAL,SAFE,1.0,IDLE,0.0,0.0,0.0,,,0.0,False,avoidance not required,,{},,,,,,,,,,,0,safe,6.015,13.353,1.745,0,0,0.0,0.0,[],37.45527648925781,36.812252044677734,16.390403747558594,37.14313888549805,42.8133544921875,16.398151397705078,36.868526458740234,36.82282257080078,16.389978408813477
84.4,RUNNING,4,OUTBOUND,0.223,0.9734,154.6898,11.127,True,NORMAL,MONITOR,False,{},"[""uav2"", ""uav1"", ""uav0""]",limited,False,{},NONE,NORMAL,SAFE,1.0,IDLE,0.0,0.0,0.0,,,0.0,False,avoidance not required,,{},,,,,,,,,,,0,safe,6.013,13.656,1.750,0,0,0.0,0.0,[],37.686038970947266,37.02068328857422,16.384201049804688,37.37425994873047,43.02044677734375,16.390382766723633,37.09711837768555,37.034725189208984,16.38860511779785
84.6,RUNNING,4,OUTBOUND,0.224,0.9733,154.6567,11.127,True,NORMAL,MONITOR,False,{},"[""uav2"", ""uav1"", ""uav0""]",limited,False,{},NONE,NORMAL,SAFE,1.0,IDLE,0.0,0.0,0.0,,,0.0,False,avoidance not required,,{},,,,,,,,,,,0,safe,6.011,13.962,1.753,0,0,0.0,0.0,[],37.917991638183594,37.229122161865234,16.3757266998291,37.60655975341797,43.22901916503906,16.382001876831055,37.32719802856445,37.245418548583984,16.381494522094727
84.8,RUNNING,4,OUTBOUND,0.224,0.9733,154.6567,11.127,True,NORMAL,MONITOR,False,{},"[""uav2"", ""uav1"", ""uav0""]",limited,False,{},NONE,NORMAL,SAFE,1.0,IDLE,0.0,0.0,0.0,,,0.0,False,avoidance not required,,{},,,,,,,,,,,0,safe,6.009,14.268,1.754,0,0,0.0,0.0,[],38.139957427978516,37.43562316894531,16.36762237548828,37.83732223510742,43.436065673828125,16.378389358520508,37.555076599121094,37.45522689819336,16.373031616210938
85.0,RUNNING,4,OUTBOUND,0.225,0.9733,154.6567,11.127,True,NORMAL,MONITOR,False,{},"[""uav2"", ""uav1"", ""uav0""]",limited,False,{},NONE,NORMAL,SAFE,1.0,IDLE,0.0,0.0,0.0,,,0.0,False,avoidance not required,,{},,,,,,,,,,,0,safe,6.015,14.232,1.758,0,0,0.0,0.0,[],38.36655044555664,37.64374923706055,16.35812759399414,38.069095611572266,43.643775939941406,16.371410369873047,37.78506851196289,37.66458511352539,16.3632869720459
85.2,RUNNING,4,OUTBOUND,0.226,0.9731,154.6235,11.127,True,NORMAL,MONITOR,False,{},"[""uav2"", ""uav1"", ""uav0""]",limited,False,{},NONE,NORMAL,SAFE,1.0,IDLE,0.0,0.0,0.0,,,0.0,False,avoidance not required,,{},,,,,,,,,,,0,safe,6.019,14.103,1.762,0,0,0.0,0.0,[],38.591434478759766,37.853939056396484,16.354278564453125,38.31109619140625,43.85597229003906,16.367835998535156,38.01424789428711,37.871212005615234,16.357568740844727
85.4,RUNNING,4,OUTBOUND,0.227,0.9731,154.6235,11.127,True,NORMAL,MONITOR,False,{},"[""uav2"", ""uav1"", ""uav0""]",limited,False,{},NONE,NORMAL,SAFE,1.0,IDLE,0.0,0.0,0.0,,,0.0,False,avoidance not required,,{},,,,,,,,,,,0,safe,6.023,13.979,1.768,0,0,0.0,0.0,[],38.82059097290039,38.065162658691406,16.348426818847656,38.5438232421875,44.06269073486328,16.359760284423828,38.24555206298828,38.079856872558594,16.350717544555664
85.6,RUNNING,4,OUTBOUND,0.227,0.973,154.5904,11.127,True,NORMAL,MONITOR,False,{},"[""uav2"", ""uav1"", ""uav0""]",limited,False,{},NONE,NORMAL,SAFE,1.0,IDLE,0.0,0.0,0.0,,,0.0,False,avoidance not required,,{},,,,,,,,,,,0,safe,6.025,13.859,1.769,0,0,0.0,0.0,[],39.05021667480469,38.27717590332031,16.342573165893555,38.76448440551758,44.263755798339844,16.352977752685547,38.47922897338867,38.29254150390625,16.34808349609375
85.8,RUNNING,4,OUTBOUND,0.228,0.973,154.5904,11.127,True,NORMAL,MONITOR,False,{},"[""uav2"", ""uav1"", ""uav0""]",limited,False,{},NONE,NORMAL,SAFE,1.0,IDLE,0.0,0.0,0.0,,,0.0,False,avoidance not required,,{},,,,,,,,,,,0,safe,6.029,13.746,1.771,0,0,0.0,0.0,[],39.28306198120117,38.48936080932617,16.334747314453125,38.99522018432617,44.475101470947266,16.342565536499023,38.71316146850586,38.50513458251953,16.341360092163086
86.0,RUNNING,4,OUTBOUND,0.229,0.973,154.5904,11.127,True,NORMAL,MONITOR,False,{},"[""uav2"", ""uav1"", ""uav0""]",limited,False,{},NONE,NORMAL,SAFE,1.0,IDLE,0.0,0.0,0.0,,,0.0,False,avoidance not required,,{},,,,,,,,,,,0,safe,6.030,13.638,1.770,0,0,0.0,0.0,[],39.51308059692383,38.70289611816406,16.330856323242188,39.22574996948242,44.68916702270508,16.331945419311523,38.9458122253418,38.716609954833984,16.337459564208984
86.2,RUNNING,4,OUTBOUND,0.23,0.9728,154.5572,11.127,True,NORMAL,MONITOR,False,{},"[""uav2"", ""uav1"", ""uav0""]",limited,False,{},NONE,NORMAL,SAFE,1.0,IDLE,0.0,0.0,0.0,,,0.0,False,avoidance not required,,{},,,,,,,,,,,0,safe,6.033,13.538,1.768,0,0,0.0,0.0,[],39.74577331542969,38.91642761230469,16.323762893676758,39.459632873535156,44.90735626220703,16.322904586791992,39.18935775756836,38.93992614746094,16.329578399658203
86.4,RUNNING,4,OUTBOUND,0.23,0.9728,154.5572,11.127,True,NORMAL,MONITOR,False,{},"[""uav2"", ""uav1"", ""uav0""]",limited,False,{},NONE,NORMAL,SAFE,1.0,IDLE,0.0,0.0,0.0,,,0.0,False,avoidance not required,,{},,,,,,,,,,,0,safe,6.044,13.441,1.767,0,0,0.0,0.0,[],39.980220794677734,39.12725830078125,16.323116302490234,39.69325256347656,45.12451934814453,16.31279754638672,39.4141731262207,39.1456298828125,16.31934928894043
86.6,RUNNING,4,OUTBOUND,0.231,0.9726,154.5239,11.127,True,NORMAL,MONITOR,False,{},"[""uav2"", ""uav1"", ""uav0""]",limited,False,{},NONE,NORMAL,SAFE,1.0,IDLE,0.0,0.0,0.0,,,0.0,False,avoidance not required,,{},,,,,,,,,,,0,safe,6.034,13.358,1.765,0,0,0.0,0.0,[],40.21572494506836,39.339508056640625,16.315364837646484,39.9288330078125,45.33897018432617,16.30451011657715,39.6501350402832,39.358436584472656,16.31147575378418
86.8,RUNNING,4,OUTBOUND,0.232,0.9726,154.5239,11.127,True,NORMAL,MONITOR,False,{},"[""uav2"", ""uav1"", ""uav0""]",limited,False,{},NONE,NORMAL,SAFE,1.0,IDLE,0.0,0.0,0.0,,,0.0,False,avoidance not required,,{},,,,,,,,,,,0,safe,6.034,13.276,1.762,0,0,0.0,0.0,[],40.45226287841797,39.549415588378906,16.3133602142334,40.1729736328125,45.561519622802734,16.295917510986328,39.88483428955078,39.571529388427734,16.30476951599121
87.0,RUNNING,4,OUTBOUND,0.233,0.9725,154.4907,11.127,True,NORMAL,MONITOR,False,{},"[""uav2"", ""uav1"", ""uav0""]",limited,False,{},NONE,NORMAL,SAFE,1.0,IDLE,0.0,0.0,0.0,,,0.0,False,avoidance not required,,{},,,,,,,,,,,0,safe,6.033,13.202,1.759,0,0,0.0,0.0,[],40.6885986328125,39.76142883300781,16.30669593811035,40.40106201171875,45.76185607910156,16.295703887939453,40.11918640136719,39.78351974487305,16.303686141967773
87.2,RUNNING,4,OUTBOUND,0.233,0.9725,154.4907,11.127,True,NORMAL,MONITOR,False,{},"[""uav2"", ""uav1"", ""uav0""]",limited,False,{},NONE,NORMAL,SAFE,1.0,IDLE,0.0,0.0,0.0,,,0.0,False,avoidance not required,,{},,,,,,,,,,,0,safe,6.024,13.077,1.750,0,0,0.0,0.0,[],40.927894592285156,39.974613189697266,16.298215866088867,40.645599365234375,45.98094177246094,16.2906494140625,40.35234451293945,39.99610900878906,16.295743942260742
87.4,RUNNING,4,OUTBOUND,0.234,0.9725,154.4907,11.127,True,NORMAL,MONITOR,False,{},"[""uav2"", ""uav1"", ""uav0""]",limited,False,{},NONE,NORMAL,SAFE,1.0,IDLE,0.0,0.0,0.0,,,0.0,False,avoidance not required,,{},,,,,,,,,,,0,safe,6.024,13.077,1.750,0,0,0.0,0.0,[],41.16500473022461,40.188655853271484,16.28453826904297,40.87416076660156,46.18227767944336,16.291370391845703,40.58456039428711,40.207828521728516,16.291927337646484
87.6,RUNNING,4,OUTBOUND,0.235,0.9723,154.4575,11.127,True,NORMAL,MONITOR,False,{},"[""uav2"", ""uav1"", ""uav0""]",limited,False,{},NONE,NORMAL,SAFE,1.0,IDLE,0.0,0.0,0.0,,,0.0,False,avoidance not required,,{},,,,,,,,,,,0,safe,6.020,13.027,1.745,0,0,0.0,0.0,[],41.4024658203125,40.40571212768555,16.27773666381836,41.10834503173828,46.39375686645508,16.282421112060547,40.82616424560547,40.429195404052734,16.282943725585938
87.8,RUNNING,4,OUTBOUND,0.236,0.9723,154.4575,11.127,True,NORMAL,MONITOR,False,{},"[""uav2"", ""uav1"", ""uav0""]",limited,False,{},NONE,NORMAL,SAFE,1.0,IDLE,0.0,0.0,0.0,,,0.0,False,avoidance not required,,{},,,,,,,,,,,0,safe,6.016,12.946,1.733,0,0,0.0,0.0,[],41.63714599609375,40.62208557128906,16.266490936279297,41.349979400634766,46.61050796508789,16.27803611755371,41.05299377441406,40.6338996887207,16.27391815185547
88.0,RUNNING,4,OUTBOUND,0.236,0.9723,154.4575,11.127,True,NORMAL,MONITOR,False,{},"[""uav2"", ""uav1"", ""uav0""]",limited,False,{},NONE,NORMAL,SAFE,1.0,IDLE,0.0,0.0,0.0,,,0.0,False,avoidance not required,,{},,,,,,,,,,,0,safe,6.016,12.946,1.733,0,0,0.0,0.0,[],41.87578201293945,40.83810806274414,16.26068687438965,41.57979965209961,46.82203674316406,16.266250610351562,41.2871208190918,40.84701919555664,16.260635375976562
88.2,RUNNING,4,OUTBOUND,0.237,0.9721,154.4242,11.127,True,NORMAL,MONITOR,False,{},"[""uav2"", ""uav1"", ""uav0""]",limited,False,{},NONE,NORMAL,SAFE,1.0,IDLE,0.0,0.0,0.0,,,0.0,False,avoidance not required,,{},,,,,,,,,,,0,safe,6.011,12.918,1.734,0,0,0.0,0.0,[],42.110774993896484,41.05290222167969,16.24786376953125,41.79841232299805,47.02595901489258,16.259010314941406,41.522666931152344,41.059078216552734,16.250471115112305
88.4,RUNNING,4,OUTBOUND,0.238,0.9721,154.4242,11.127,True,NORMAL,MONITOR,False,{},"[""uav2"", ""uav1"", ""uav0""]",limited,False,{},NONE,NORMAL,SAFE,1.0,IDLE,0.0,0.0,0.0,,,0.0,False,avoidance not required,,{},,,,,,,,,,,0,safe,6.012,12.895,1.750,0,0,0.0,0.0,[],42.34434509277344,41.26382827758789,16.238758087158203,42.025390625,47.24024963378906,16.245712280273438,41.75590896606445,41.271602630615234,16.23682403564453
88.6,RUNNING,4,OUTBOUND,0.239,0.972,154.391,11.127,True,NORMAL,MONITOR,False,{},"[""uav2"", ""uav1"", ""uav0""]",limited,False,{},NONE,NORMAL,SAFE,1.0,IDLE,0.0,0.0,0.0,,,0.0,False,avoidance not required,,{},,,,,,,,,,,0,safe,6.017,12.873,1.756,0,0,0.0,0.0,[],42.57517623901367,41.47587585449219,16.224502563476562,42.25040054321289,47.45377731323242,16.23972511291504,41.992279052734375,41.481536865234375,16.226491928100586
88.8,RUNNING,4,OUTBOUND,0.239,0.972,154.391,11.127,True,NORMAL,MONITOR,False,{},"[""uav2"", ""uav1"", ""uav0""]",limited,False,{},NONE,NORMAL,SAFE,1.0,IDLE,0.0,0.0,0.0,,,0.0,False,avoidance not required,,{},,,,,,,,,,,0,safe,6.017,12.873,1.756,0,0,0.0,0.0,[],42.80758285522461,41.68775939941406,16.21337890625,42.47652816772461,47.669097900390625,16.225093841552734,42.225582122802734,41.69341278076172,16.213138580322266
89.0,RUNNING,4,OUTBOUND,0.24,0.972,154.391,11.127,True,NORMAL,MONITOR,False,{},"[""uav2"", ""uav1"", ""uav0""]",limited,False,{},NONE,NORMAL,SAFE,1.0,IDLE,0.0,0.0,0.0,,,0.0,False,avoidance not required,,{},,,,,,,,,,,0,safe,6.018,12.875,1.758,0,0,0.0,0.0,[],43.037841796875,41.90098190307617,16.199146270751953,42.70833969116211,47.883544921875,16.211708068847656,42.46082305908203,41.90375518798828,16.200563430786133
89.2,RUNNING,4,OUTBOUND,0.241,0.9718,154.3578,11.127,True,NORMAL,MONITOR,False,{},"[""uav2"", ""uav1"", ""uav0""]",limited,False,{},NONE,NORMAL,SAFE,1.0,IDLE,0.0,0.0,0.0,,,0.0,False,avoidance not required,,{},,,,,,,,,,,0,safe,6.023,12.883,1.756,0,0,0.0,0.0,[],43.27326202392578,42.117584228515625,16.184579849243164,42.93903350830078,48.09904861450195,16.19329833984375,42.69279479980469,42.115943908691406,16.185861587524414
89.4,RUNNING,4,OUTBOUND,0.242,0.9718,154.3578,11.127,True,NORMAL,MONITOR,False,{},"[""uav2"", ""uav1"", ""uav0""]",limited,False,{},NONE,NORMAL,SAFE,1.0,IDLE,0.0,0.0,0.0,,,0.0,False,avoidance not required,,{},,,,,,,,,,,0,safe,6.020,12.901,1.755,0,0,0.0,0.0,[],43.50502395629883,42.33344268798828,16.167686462402344,43.18427276611328,48.32003402709961,16.17308807373047,42.93650817871094,42.33571243286133,16.177331924438477
89.6,RUNNING,4,OUTBOUND,0.242,0.9716,154.3246,11.127,True,NORMAL,MONITOR,False,{},"[""uav2"", ""uav1"", ""uav0""]",limited,False,{},NONE,NORMAL,SAFE,1.0,IDLE,0.0,0.0,0.0,,,0.0,False,avoidance not required,,{},,,,,,,,,,,0,safe,6.031,12.927,1.738,0,0,0.0,0.0,[],43.7385368347168,42.544227600097656,16.158720016479492,43.408443450927734,48.5257453918457,16.152687072753906,43.15806198120117,42.540645599365234,16.165225982666016
89.8,RUNNING,4,OUTBOUND,0.243,0.9716,154.3246,11.127,True,NORMAL,MONITOR,False,{},"[""uav2"", ""uav1"", ""uav0""]",limited,False,{},NONE,NORMAL,SAFE,1.0,IDLE,0.0,0.0,0.0,,,0.0,False,avoidance not required,,{},,,,,,,,,,,0,safe,6.020,12.961,1.748,0,0,0.0,0.0,[],43.96873474121094,42.756290435791016,16.14653205871582,43.64403533935547,48.738121032714844,16.146263122558594,43.38846206665039,42.75380325317383,16.150724411010742
90.0,RUNNING,4,OUTBOUND,0.244,0.9716,154.3246,11.127,True,NORMAL,MONITOR,False,{},"[""uav2"", ""uav1"", ""uav0""]",limited,False,{},NONE,NORMAL,SAFE,1.0,IDLE,0.0,0.0,0.0,,,0.0,False,avoidance not required,,{},,,,,,,,,,,0,safe,6.015,13.057,1.744,0,0,0.0,0.0,[],44.20145034790039,42.97344207763672,16.134822845458984,43.87660217285156,48.9522590637207,16.13326072692871,43.61664962768555,42.968780517578125,16.135406494140625
90.2,RUNNING,4,OUTBOUND,0.245,0.9715,154.2915,11.127,True,NORMAL,MONITOR,False,{},"[""uav2"", ""uav1"", ""uav0""]",limited,False,{},NONE,NORMAL,SAFE,1.0,IDLE,0.0,0.0,0.0,,,0.0,False,avoidance not required,,{},,,,,,,,,,,0,safe,6.015,13.057,1.744,0,0,0.0,0.0,[],44.43101501464844,43.189727783203125,16.11956024169922,44.11212921142578,49.164268493652344,16.118982315063477,43.846900939941406,43.18416976928711,16.126197814941406
90.4,RUNNING,4,OUTBOUND,0.245,0.9715,154.2915,11.127,True,NORMAL,MONITOR,False,{},"[""uav2"", ""uav1"", ""uav0""]",limited,False,{},NONE,NORMAL,SAFE,1.0,IDLE,0.0,0.0,0.0,,,0.0,False,avoidance not required,,{},,,,,,,,,,,0,safe,6.016,13.117,1.741,0,0,0.0,0.0,[],44.66191101074219,43.40443420410156,16.10718536376953,44.343994140625,49.378631591796875,16.10256004333496,44.07406234741211,43.400108337402344,16.112239837646484
90.6,RUNNING,4,OUTBOUND,0.246,0.9713,154.2583,11.127,True,NORMAL,MONITOR,False,{},"[""uav2"", ""uav1"", ""uav0""]",limited,False,{},NONE,NORMAL,SAFE,1.0,IDLE,0.0,0.0,0.0,,,0.0,False,avoidance not required,,{},,,,,,,,,,,0,safe,6.012,13.186,1.739,0,0,0.0,0.0,[],44.89175796508789,43.61996841430664,16.09522819519043,44.57884979248047,49.5864143371582,16.094379425048828,44.297550201416016,43.6143798828125,16.101726531982422
90.8,RUNNING,4,OUTBOUND,0.247,0.9713,154.2583,11.127,True,NORMAL,MONITOR,False,{},"[""uav2"", ""uav1"", ""uav0""]",limited,False,{},NONE,NORMAL,SAFE,1.0,IDLE,0.0,0.0,0.0,,,0.0,False,avoidance not required,,{},,,,,,,,,,,0,safe,6.006,13.262,1.740,0,0,0.0,0.0,[],45.11932373046875,43.83481216430664,16.080530166625977,44.8095588684082,49.79835891723633,16.0806941986084,44.522003173828125,43.83015441894531,16.089323043823242
91.0,RUNNING,4,OUTBOUND,0.248,0.9713,154.2583,11.127,True,NORMAL,MONITOR,False,{},"[""uav2"", ""uav1"", ""uav0""]",limited,False,{},NONE,NORMAL,SAFE,1.0,IDLE,0.0,0.0,0.0,,,0.0,False,avoidance not required,,{},,,,,,,,,,,0,safe,6.003,13.346,1.742,0,0,0.0,0.0,[],45.34716033935547,44.047119140625,16.067447662353516,45.042423248291016,50.00936508178711,16.069183349609375,44.75178909301758,44.04669189453125,16.073989868164062
91.2,RUNNING,4,OUTBOUND,0.248,0.9711,154.2251,11.127,True,NORMAL,MONITOR,False,{},"[""uav2"", ""uav1"", ""uav0""]",limited,False,{},NONE,NORMAL,SAFE,1.0,IDLE,0.0,0.0,0.0,,,0.0,False,avoidance not required,,{},,,,,,,,,,,0,safe,6.005,13.435,1.741,0,0,0.0,0.0,[],45.57375717163086,44.25968551635742,16.051809310913086,45.2718391418457,50.223941802978516,16.05472183227539,44.98062515258789,44.26337814331055,16.05680274963379
91.4,RUNNING,4,OUTBOUND,0.249,0.9711,154.2251,11.127,True,NORMAL,MONITOR,False,{},"[""uav2"", ""uav1"", ""uav0""]",limited,False,{},NONE,NORMAL,SAFE,1.0,IDLE,0.0,0.0,0.0,,,0.0,False,avoidance not required,,{},,,,,,,,,,,0,safe,6.007,13.532,1.741,0,0,0.0,0.0,[],45.80036544799805,44.46765899658203,16.039457321166992,45.50139617919922,50.43593978881836,16.048044204711914,45.21181106567383,44.47815704345703,16.047061920166016
91.6,RUNNING,4,OUTBOUND,0.25,0.971,154.1919,11.127,True,NORMAL,MONITOR,False,{},"[""uav2"", ""uav1"", ""uav0""]",limited,False,{},NONE,NORMAL,SAFE,1.0,IDLE,0.0,0.0,0.0,,,0.0,False,avoidance not required,,{},,,,,,,,,,,0,safe,6.011,13.632,1.744,0,0,0.0,0.0,[],46.026634216308594,44.67847442626953,16.02565574645996,45.72916030883789,50.651206970214844,16.035463333129883,45.441627502441406,44.6929931640625,16.033218383789062
91.8,RUNNING,4,OUTBOUND,0.251,0.971,154.1919,11.127,True,NORMAL,MONITOR,False,{},"[""uav2"", ""uav1"", ""uav0""]",limited,False,{},NONE,NORMAL,SAFE,1.0,IDLE,0.0,0.0,0.0,,,0.0,False,avoidance not required,,{},,,,,,,,,,,0,safe,6.015,13.739,1.746,0,0,0.0,0.0,[],46.254669189453125,44.88478469848633,16.014135360717773,45.97260284423828,50.86937713623047,16.024850845336914,45.673370361328125,44.90372848510742,16.019851684570312
92.0,RUNNING,4,OUTBOUND,0.251,0.971,154.1919,11.127,True,NORMAL,MONITOR,False,{},"[""uav2"", ""uav1"", ""uav0""]",limited,False,{},NONE,NORMAL,SAFE,1.0,IDLE,0.0,0.0,0.0,,,0.0,False,avoidance not required,,{},,,,,,,,,,,0,safe,6.019,13.848,1.737,0,0,0.0,0.0,[],46.48292922973633,45.089576721191406,16.00933265686035,46.1939582824707,51.07528305053711,16.007396697998047,45.913726806640625,45.12370681762695,16.002925872802734
92.2,RUNNING,4,OUTBOUND,0.252,0.9708,154.1586,11.127,True,NORMAL,MONITOR,False,{},"[""uav2"", ""uav1"", ""uav0""]",limited,False,{},NONE,NORMAL,SAFE,1.0,IDLE,0.0,0.0,0.0,,,0.0,False,avoidance not required,,{},,,,,,,,,,,0,safe,6.031,13.969,1.748,0,0,0.0,0.0,[],46.71110534667969,45.299522399902344,15.996053695678711,46.421875,51.28298568725586,15.988310813903809,46.14875411987305,45.33087921142578,15.986981391906738
92.4,RUNNING,4,OUTBOUND,0.253,0.9708,154.1586,11.127,True,NORMAL,MONITOR,False,{},"[""uav2"", ""uav1"", ""uav0""]",limited,False,{},NONE,NORMAL,SAFE,1.0,IDLE,0.0,0.0,0.0,,,0.0,False,avoidance not required,,{},,,,,,,,,,,0,safe,6.038,14.086,1.755,0,0,0.0,0.0,[],46.94184494018555,45.5075798034668,15.982108116149902,46.648101806640625,51.49641799926758,15.96574592590332,46.37171936035156,45.53235626220703,15.968804359436035
92.6,RUNNING,4,OUTBOUND,0.254,0.9706,154.1253,11.127,True,NORMAL,MONITOR,False,{},"[""uav2"", ""uav1"", ""uav0""]",limited,False,{},NONE,NORMAL,SAFE,1.0,IDLE,0.0,0.0,0.0,,,0.0,False,avoidance not required,,{},,,,,,,,,,,0,safe,6.030,14.208,1.759,0,0,0.0,0.0,[],47.171958923339844,45.720924377441406,15.961835861206055,46.88022994995117,51.701412200927734,15.941993713378906,46.60429000854492,45.73368453979492,15.952484130859375
92.8,RUNNING,4,OUTBOUND,0.254,0.9706,154.1253,11.127,True,NORMAL,MONITOR,False,{},"[""uav2"", ""uav1"", ""uav0""]",limited,False,{},NONE,NORMAL,SAFE,1.0,IDLE,0.0,0.0,0.0,,,0.0,False,avoidance not required,,{},,,,,,,,,,,0,safe,6.032,14.331,1.764,0,0,0.0,0.0,[],47.40201187133789,45.93159484863281,15.94114875793457,47.109981536865234,51.91426086425781,15.918794631958008,46.83841323852539,45.93596267700195,15.932881355285645
93.0,RUNNING,4,OUTBOUND,0.255,0.9706,154.1253,11.127,True,NORMAL,MONITOR,False,{},"[""uav2"", ""uav1"", ""uav0""]",limited,False,{},NONE,NORMAL,SAFE,1.0,IDLE,0.0,0.0,0.0,,,0.0,False,avoidance not required,,{},,,,,,,,,,,0,safe,6.036,14.461,1.766,0,0,0.0,0.0,[],47.631778717041016,46.147010803222656,15.917806625366211,47.341156005859375,52.12114715576172,15.894014358520508,47.069602966308594,46.14607238769531,15.910633087158203
93.2,RUNNING,4,OUTBOUND,0.256,0.9705,154.0918,11.127,True,NORMAL,MONITOR,False,{},"[""uav2"", ""uav1"", ""uav0""]",limited,False,{},NONE,NORMAL,SAFE,1.0,IDLE,0.0,0.0,0.0,,,0.0,False,avoidance not required,,{},,,,,,,,,,,0,safe,6.038,14.604,1.771,0,0,0.0,0.0,[],47.86140060424805,46.36183166503906,15.902381896972656,47.570152282714844,52.33600616455078,15.870349884033203,47.30995559692383,46.36730194091797,15.883708953857422
93.4,RUNNING,4,OUTBOUND,0.257,0.9705,154.0918,11.127,True,NORMAL,MONITOR,False,{},"[""uav2"", ""uav1"", ""uav0""]",limited,False,{},NONE,NORMAL,SAFE,1.0,IDLE,0.0,0.0,0.0,,,0.0,False,avoidance not required,,{},,,,,,,,,,,0,safe,6.049,14.762,1.772,0,0,0.0,0.0,[],48.09100341796875,46.580257415771484,15.87969970703125,47.803504943847656,52.54302215576172,15.852874755859375,47.529476165771484,46.57510757446289,15.860800743103027
93.6,RUNNING,4,OUTBOUND,0.257,0.9703,154.0584,11.127,True,NORMAL,MONITOR,False,{},"[""uav2"", ""uav1"", ""uav0""]",limited,False,{},NONE,NORMAL,SAFE,1.0,IDLE,0.0,0.0,0.0,,,0.0,False,avoidance not required,,{},,,,,,,,,,,0,safe,6.039,14.916,1.775,0,0,0.0,0.0,[],48.326019287109375,46.79121780395508,15.85451602935791,48.039794921875,52.75006866455078,15.832206726074219,47.76547622680664,46.79410171508789,15.83633804321289
93.8,RUNNING,4,OUTBOUND,0.258,0.9703,154.0584,11.127,True,NORMAL,MONITOR,False,{},"[""uav2"", ""uav1"", ""uav0""]",limited,False,{},NONE,NORMAL,SAFE,1.0,IDLE,0.0,0.0,0.0,,,0.0,False,avoidance not required,,{},,,,,,,,,,,0,safe,6.039,15.082,1.776,0,0,0.0,0.0,[],48.559051513671875,47.0069580078125,15.828424453735352,48.27179718017578,52.96603775024414,15.808362007141113,47.99262237548828,47.00916290283203,15.813472747802734
94.0,RUNNING,4,OUTBOUND,0.259,0.9703,154.0584,11.127,True,NORMAL,MONITOR,False,{},"[""uav2"", ""uav1"", ""uav0""]",limited,False,{},NONE,NORMAL,SAFE,1.0,IDLE,0.0,0.0,0.0,,,0.0,False,avoidance not required,,{},,,,,,,,,,,0,safe,6.034,15.251,1.775,0,0,0.0,0.0,[],48.79556655883789,47.218345642089844,15.809372901916504,48.504451751708984,53.1782112121582,15.788365364074707,48.213138580322266,47.21058654785156,15.798317909240723
94.2,RUNNING,4,OUTBOUND,0.26,0.9701,154.0249,11.127,True,NORMAL,MONITOR,False,{},"[""uav2"", ""uav1"", ""uav0""]",limited,False,{},NONE,NORMAL,SAFE,1.0,IDLE,0.0,0.0,0.0,,,0.0,False,avoidance not required,,{},,,,,,,,,,,0,safe,6.018,15.413,1.775,0,0,0.0,0.0,[],49.029388427734375,47.43450927734375,15.785463333129883,48.74547576904297,53.40213394165039,15.768325805664062,48.4457893371582,47.41977310180664,15.782105445861816
94.4,RUNNING,4,OUTBOUND,0.26,0.9701,154.0249,11.127,True,NORMAL,MONITOR,False,{},"[""uav2"", ""uav1"", ""uav0""]",limited,False,{},NONE,NORMAL,SAFE,1.0,IDLE,0.0,0.0,0.0,,,0.0,False,avoidance not required,,{},,,,,,,,,,,0,safe,6.016,15.584,1.761,0,0,0.0,0.0,[],49.267364501953125,47.64384460449219,15.759231567382812,48.96516799926758,53.61410903930664,15.748766899108887,48.685909271240234,47.64442825317383,15.760591506958008
94.6,RUNNING,4,OUTBOUND,0.261,0.97,153.9913,11.127,True,NORMAL,MONITOR,False,{},"[""uav2"", ""uav1"", ""uav0""]",limited,False,{},NONE,NORMAL,SAFE,1.0,IDLE,0.0,0.0,0.0,,,0.0,False,avoidance not required,,{},,,,,,,,,,,0,safe,6.019,15.774,1.771,0,0,0.0,0.0,[],49.501304626464844,47.858680725097656,15.73530387878418,49.19533157348633,53.83014678955078,15.731302261352539,48.90895080566406,47.85342788696289,15.737142562866211
94.8,RUNNING,4,OUTBOUND,0.262,0.97,153.9913,11.127,True,NORMAL,MONITOR,False,{},"[""uav2"", ""uav1"", ""uav0""]",limited,False,{},NONE,NORMAL,SAFE,1.0,IDLE,0.0,0.0,0.0,,,0.0,False,avoidance not required,,{},,,,,,,,,,,0,safe,6.008,15.954,1.771,0,0,0.0,0.0,[],49.73542404174805,48.06684112548828,15.714800834655762,49.423404693603516,54.05093765258789,15.71149730682373,49.13978576660156,48.07353210449219,15.71408748626709
95.0,RUNNING,4,OUTBOUND,0.263,0.97,153.9913,11.127,True,NORMAL,MONITOR,False,{},"[""uav2"", ""uav1"", ""uav0""]",limited,False,{},NONE,NORMAL,SAFE,1.0,IDLE,0.0,0.0,0.0,,,0.0,False,avoidance not required,,{},,,,,,,,,,,0,safe,6.004,16.149,1.768,0,0,0.0,0.0,[],49.95685577392578,48.273277282714844,15.69421100616455,49.655574798583984,54.26666259765625,15.69144344329834,49.37359619140625,48.28602600097656,15.693167686462402
95.2,RUNNING,4,OUTBOUND,0.263,0.9698,153.9579,11.127,True,NORMAL,MONITOR,False,{},"[""uav2"", ""uav1"", ""uav0""]",limited,False,{},NONE,NORMAL,SAFE,1.0,IDLE,0.0,0.0,0.0,,,0.0,False,avoidance not required,,{},,,,,,,,,,,0,safe,6.017,16.340,1.766,0,0,0.0,0.0,[],50.19218444824219,48.47187805175781,15.67989730834961,49.884429931640625,54.486637115478516,15.6714448928833,49.60528564453125,48.50282669067383,15.674424171447754
95.4,RUNNING,4,OUTBOUND,0.264,0.9698,153.9579,11.127,True,NORMAL,MONITOR,False,{},"[""uav2"", ""uav1"", ""uav0""]",limited,False,{},NONE,NORMAL,SAFE,1.0,IDLE,0.0,0.0,0.0,,,0.0,False,avoidance not required,,{},,,,,,,,,,,0,safe,6.013,16.539,1.769,0,0,0.0,0.0,[],50.43245315551758,48.689476013183594,15.662050247192383,50.11668014526367,54.70103454589844,15.653289794921875,49.84074783325195,48.71501922607422,15.66144847869873
95.6,RUNNING,4,OUTBOUND,0.265,0.9696,153.9244,11.127,True,NORMAL,MONITOR,False,{},"[""uav2"", ""uav1"", ""uav0""]",limited,False,{},NONE,NORMAL,SAFE,1.0,IDLE,0.0,0.0,0.0,,,0.0,False,avoidance not required,,{},,,,,,,,,,,0,safe,6.008,16.737,1.763,0,0,0.0,0.0,[],50.65712356567383,48.88695526123047,15.646424293518066,50.346134185791016,54.919864654541016,15.631123542785645,50.07258605957031,48.9321174621582,15.643482208251953
95.8,RUNNING,4,OUTBOUND,0.266,0.9696,153.9244,11.127,True,NORMAL,MONITOR,False,{},"[""uav2"", ""uav1"", ""uav0""]",limited,False,{},NONE,NORMAL,SAFE,1.0,IDLE,0.0,0.0,0.0,,,0.0,False,avoidance not required,,{},,,,,,,,,,,0,safe,6.016,16.944,1.777,0,0,0.0,0.0,[],50.896484375,49.11040496826172,15.625638961791992,50.58065414428711,55.13621520996094,15.61259937286377,50.31443786621094,49.156131744384766,15.61959457397461
96.0,RUNNING,4,OUTBOUND,0.266,0.9696,153.9244,11.127,True,NORMAL,MONITOR,False,{},"[""uav2"", ""uav1"", ""uav0""]",limited,False,{},NONE,NORMAL,SAFE,1.0,IDLE,0.0,0.0,0.0,,,0.0,False,avoidance not required,,{},,,,,,,,,,,0,safe,6.018,17.160,1.766,0,0,0.0,0.0,[],51.123138427734375,49.31258010864258,15.604544639587402,50.8114013671875,55.35529708862305,15.589375495910645,50.53543472290039,49.36628723144531,15.596901893615723
96.2,RUNNING,4,OUTBOUND,0.267,0.9695,153.8909,11.127,True,NORMAL,MONITOR,False,{},"[""uav2"", ""uav1"", ""uav0""]",limited,False,{},NONE,NORMAL,SAFE,1.0,IDLE,0.0,0.0,0.0,,,0.0,False,avoidance not required,,{},,,,,,,,,,,0,safe,6.013,17.367,1.779,0,0,0.0,0.0,[],51.36343002319336,49.53947448730469,15.578743934631348,51.0460319519043,55.56769943237305,15.558528900146484,50.76951217651367,49.58292007446289,15.569368362426758
96.4,RUNNING,4,OUTBOUND,0.268,0.9695,153.8909,11.127,True,NORMAL,MONITOR,False,{},"[""uav2"", ""uav1"", ""uav0""]",limited,False,{},NONE,NORMAL,SAFE,1.0,IDLE,0.0,0.0,0.0,,,0.0,False,avoidance not required,,{},,,,,,,,,,,0,safe,6.006,17.583,1.766,0,0,0.0,0.0,[],51.588890075683594,49.74571228027344,15.551656723022461,51.27652359008789,55.78419876098633,15.529444694519043,51.010108947753906,49.810691833496094,15.5393648147583
96.6,RUNNING,4,OUTBOUND,0.269,0.9693,153.8575,11.127,True,NORMAL,MONITOR,False,{},"[""uav2"", ""uav1"", ""uav0""]",limited,False,{},NONE,NORMAL,SAFE,1.0,IDLE,0.0,0.0,0.0,,,0.0,False,avoidance not required,,{},,,,,,,,,,,0,safe,6.022,17.811,1.777,0,0,0.0,0.0,[],51.81809616088867,49.966670989990234,15.5201416015625,51.513328552246094,56.00011444091797,15.498161315917969,51.23665237426758,50.01869583129883,15.513972282409668
96.8,RUNNING,4,OUTBOUND,0.269,0.9693,153.8575,11.127,True,NORMAL,MONITOR,False,{},"[""uav2"", ""uav1"", ""uav0""]",limited,False,{},NONE,NORMAL,SAFE,1.0,IDLE,0.0,0.0,0.0,,,0.0,False,avoidance not required,,{},,,,,,,,,,,0,safe,6.019,18.019,1.774,0,0,0.0,0.0,[],52.045135498046875,50.183250427246094,15.489335060119629,51.7449836730957,56.21826171875,15.468128204345703,51.46891784667969,50.23773193359375,15.484461784362793
97.0,RUNNING,4,OUTBOUND,0.27,0.9693,153.8575,11.127,True,NORMAL,MONITOR,False,{},"[""uav2"", ""uav1"", ""uav0""]",limited,False,{},NONE,NORMAL,SAFE,1.0,IDLE,0.0,0.0,0.0,,,0.0,False,avoidance not required,,{},,,,,,,,,,,0,safe,6.024,18.238,1.776,0,0,0.0,0.0,[],52.26979446411133,50.40484619140625,15.458307266235352,51.980140686035156,56.43796157836914,15.443326950073242,51.70606994628906,50.455970764160156,15.450366020202637
97.2,RUNNING,4,OUTBOUND,0.271,0.9691,153.8241,11.127,True,NORMAL,MONITOR,False,{},"[""uav2"", ""uav1"", ""uav0""]",limited,False,{},NONE,NORMAL,SAFE,1.0,IDLE,0.0,0.0,0.0,,,0.0,False,avoidance not required,,{},,,,,,,,,,,0,safe,6.036,18.456,1.777,0,0,0.0,0.0,[],52.498313903808594,50.62460708618164,15.42619514465332,52.20967483520508,56.657955169677734,15.416613578796387,51.938072204589844,50.6755485534668,15.419696807861328
97.4,RUNNING,4,OUTBOUND,0.272,0.9691,153.8241,11.127,True,NORMAL,MONITOR,False,{},"[""uav2"", ""uav1"", ""uav0""]",limited,False,{},NONE,NORMAL,SAFE,1.0,IDLE,0.0,0.0,0.0,,,0.0,False,avoidance not required,,{},,,,,,,,,,,0,safe,6.040,18.676,1.775,0,0,0.0,0.0,[],52.724735260009766,50.84710693359375,15.396060943603516,52.43928527832031,56.884742736816406,15.381793975830078,52.17127227783203,50.89411544799805,15.389446258544922
97.6,RUNNING,4,OUTBOUND,0.272,0.969,153.7908,11.127,True,NORMAL,MONITOR,False,{},"[""uav2"", ""uav1"", ""uav0""]",limited,False,{},NONE,NORMAL,SAFE,1.0,IDLE,0.0,0.0,0.0,,,0.0,False,avoidance not required,,{},,,,,,,,,,,0,safe,6.047,18.894,1.774,0,0,0.0,0.0,[],52.95793914794922,51.071659088134766,15.363516807556152,52.66566467285156,57.107933044433594,15.352429389953613,52.41041564941406,51.12190246582031,15.359881401062012
97.8,RUNNING,4,OUTBOUND,0.273,0.969,153.7908,11.127,True,NORMAL,MONITOR,False,{},"[""uav2"", ""uav1"", ""uav0""]",limited,False,{},NONE,NORMAL,SAFE,1.0,IDLE,0.0,0.0,0.0,,,0.0,False,avoidance not required,,{},,,,,,,,,,,0,safe,6.053,19.122,1.766,0,0,0.0,0.0,[],53.1870002746582,51.2961540222168,15.332072257995605,52.89824295043945,57.334999084472656,15.3251371383667,52.6373176574707,51.33125686645508,15.338642120361328
98.0,RUNNING,4,OUTBOUND,0.274,0.969,153.7908,11.127,True,NORMAL,MONITOR,False,{},"[""uav2"", ""uav1"", ""uav0""]",limited,False,{},NONE,NORMAL,SAFE,1.0,IDLE,0.0,0.0,0.0,,,0.0,False,avoidance not required,,{},,,,,,,,,,,0,safe,6.050,19.331,1.762,0,0,0.0,0.0,[],53.42326354980469,51.522701263427734,15.303533554077148,53.126426696777344,57.55647277832031,15.297154426574707,52.86868667602539,51.54969024658203,15.31262493133545
98.2,RUNNING,4,OUTBOUND,0.275,0.9688,153.7575,11.127,True,NORMAL,MONITOR,False,{},"[""uav2"", ""uav1"", ""uav0""]",limited,False,{},NONE,NORMAL,SAFE,1.0,IDLE,0.0,0.0,0.0,,,0.0,False,avoidance not required,,{},,,,,,,,,,,0,safe,6.045,19.550,1.751,0,0,0.0,0.0,[],53.65485763549805,51.746768951416016,15.276368141174316,53.36079406738281,57.782108306884766,15.265765190124512,53.10342788696289,51.770347595214844,15.279160499572754
98.4,RUNNING,4,OUTBOUND,0.275,0.9688,153.7575,11.127,True,NORMAL,MONITOR,False,{},"[""uav2"", ""uav1"", ""uav0""]",limited,False,{},NONE,NORMAL,SAFE,1.0,IDLE,0.0,0.0,0.0,,,0.0,False,avoidance not required,,{},,,,,,,,,,,0,safe,6.049,19.770,1.745,0,0,0.0,0.0,[],53.89076232910156,51.97627258300781,15.248128890991211,53.59122848510742,58.002479553222656,15.23767375946045,53.33209228515625,51.98991394042969,15.247370719909668
98.6,RUNNING,4,OUTBOUND,0.276,0.9686,153.7244,11.127,True,NORMAL,MONITOR,False,{},"[""uav2"", ""uav1"", ""uav0""]",limited,False,{},NONE,NORMAL,SAFE,1.0,IDLE,0.0,0.0,0.0,,,0.0,False,avoidance not required,,{},,,,,,,,,,,0,safe,6.041,19.990,1.732,0,0,0.0,0.0,[],54.121315002441406,52.200069427490234,15.218878746032715,53.83134460449219,58.23055648803711,15.210758209228516,53.55815124511719,52.212947845458984,15.21880054473877
98.8,RUNNING,4,OUTBOUND,0.277,0.9686,153.7244,11.127,True,NORMAL,MONITOR,False,{},"[""uav2"", ""uav1"", ""uav0""]",limited,False,{},NONE,NORMAL,SAFE,1.0,IDLE,0.0,0.0,0.0,,,0.0,False,avoidance not required,,{},,,,,,,,,,,0,safe,6.029,20.433,1.719,0,0,0.0,0.0,[],54.353431701660156,52.426273345947266,15.189800262451172,54.06440734863281,58.45041275024414,15.184635162353516,53.78247833251953,52.43263244628906,15.19115924835205
99.0,RUNNING,4,OUTBOUND,0.278,0.9686,153.7244,11.127,True,NORMAL,MONITOR,False,{},"[""uav2"", ""uav1"", ""uav0""]",limited,False,{},NONE,NORMAL,SAFE,1.0,IDLE,0.0,0.0,0.0,,,0.0,False,avoidance not required,,{},,,,,,,,,,,0,safe,6.029,20.433,1.719,0,0,0.0,0.0,[],54.58140563964844,52.64636993408203,15.16204833984375,54.30192947387695,58.674076080322266,15.158750534057617,54.01423645019531,52.65407943725586,15.161675453186035
99.2,RUNNING,4,OUTBOUND,0.278,0.9685,153.6912,11.127,True,NORMAL,MONITOR,False,{},"[""uav2"", ""uav1"", ""uav0""]",limited,False,{},NONE,NORMAL,SAFE,1.0,IDLE,0.0,0.0,0.0,,,0.0,False,avoidance not required,,{},,,,,,,,,,,0,safe,6.033,20.654,1.719,0,0,0.0,0.0,[],54.81541442871094,52.86714172363281,15.132415771484375,54.54159164428711,58.9004020690918,15.125679969787598,54.257259368896484,52.885292053222656,15.133872032165527
99.4,RUNNING,4,OUTBOUND,0.279,0.9685,153.6912,11.127,True,NORMAL,MONITOR,False,{},"[""uav2"", ""uav1"", ""uav0""]",limited,False,{},NONE,NORMAL,SAFE,1.0,IDLE,0.0,0.0,0.0,,,0.0,False,avoidance not required,,{},,,,,,,,,,,0,safe,6.042,20.885,1.713,0,0,0.0,0.0,[],55.044857025146484,53.08268356323242,15.104039192199707,54.77290344238281,59.116676330566406,15.096635818481445,54.477256774902344,53.095436096191406,15.107739448547363
99.6,RUNNING,4,OUTBOUND,0.28,0.9683,153.6581,11.127,True,NORMAL,MONITOR,False,{},"[""uav2"", ""uav1"", ""uav0""]",limited,False,{},NONE,NORMAL,SAFE,1.0,IDLE,0.0,0.0,0.0,,,0.0,False,avoidance not required,,{},,,,,,,,,,,0,safe,6.023,21.319,1.706,0,0,0.0,0.0,[],55.283546447753906,53.30204391479492,15.06973648071289,55.00731658935547,59.34017562866211,15.073217391967773,54.706703186035156,53.31896209716797,15.079179763793945
99.8,RUNNING,4,OUTBOUND,0.281,0.9683,153.6581,11.127,True,NORMAL,MONITOR,False,{},"[""uav2"", ""uav1"", ""uav0""]",limited,False,{},NONE,NORMAL,SAFE,1.0,IDLE,0.0,0.0,0.0,,,0.0,False,avoidance not required,,{},,,,,,,,,,,0,safe,6.023,21.319,1.706,0,0,0.0,0.0,[],55.5191535949707,53.52714920043945,15.038684844970703,55.23512649536133,59.55362319946289,15.04765510559082,54.93403625488281,53.53755187988281,15.051198959350586
100.0,RUNNING,4,OUTBOUND,0.281,0.9683,153.6581,11.127,True,NORMAL,MONITOR,False,{},"[""uav2"", ""uav1"", ""uav0""]",limited,False,{},NONE,NORMAL,SAFE,1.0,IDLE,0.0,0.0,0.0,,,0.0,False,avoidance not required,,{},,,,,,,,,,,0,safe,6.015,21.538,1.697,0,0,0.0,0.0,[],55.74907684326172,53.744728088378906,15.010176658630371,55.46207046508789,59.77288818359375,15.018153190612793,55.1661491394043,53.75996017456055,15.025565147399902
100.2,RUNNING,4,OUTBOUND,0.282,0.9681,153.625,11.127,True,NORMAL,MONITOR,False,{},"[""uav2"", ""uav1"", ""uav0""]",limited,False,{},NONE,NORMAL,SAFE,1.0,IDLE,0.0,0.0,0.0,,,0.0,False,avoidance not required,,{},,,,,,,,,,,0,safe,6.017,21.760,1.699,0,0,0.0,0.0,[],55.98374938964844,53.96735763549805,14.984480857849121,55.68577575683594,59.984073638916016,14.987676620483398,55.394893646240234,53.97801971435547,14.997310638427734
100.4,RUNNING,4,OUTBOUND,0.283,0.9681,153.625,11.127,True,NORMAL,MONITOR,False,{},"[""uav2"", ""uav1"", ""uav0""]",limited,False,{},NONE,NORMAL,SAFE,1.0,IDLE,0.0,0.0,0.0,,,0.0,False,avoidance not required,,{},,,,,,,,,,,0,safe,6.011,21.978,1.694,0,0,0.0,0.0,[],56.2193489074707,54.1928596496582,14.953238487243652,55.91606140136719,60.20706558227539,14.955634117126465,55.624412536621094,54.20521545410156,14.968856811523438
100.6,RUNNING,4,OUTBOUND,0.284,0.968,153.5918,11.127,True,NORMAL,MONITOR,False,{},"[""uav2"", ""uav1"", ""uav0""]",limited,False,{},NONE,NORMAL,SAFE,1.0,IDLE,0.0,0.0,0.0,,,0.0,False,avoidance not required,,{},,,,,,,,,,,0,safe,6.005,22.205,1.686,0,0,0.0,0.0,[],56.44880676269531,54.40916061401367,14.920839309692383,56.14229965209961,60.420249938964844,14.922317504882812,55.8520393371582,54.42470932006836,14.935752868652344
100.8,RUNNING,4,OUTBOUND,0.284,0.968,153.5918,11.127,True,NORMAL,MONITOR,False,{},"[""uav2"", ""uav1"", ""uav0""]",limited,False,{},NONE,NORMAL,SAFE,1.0,IDLE,0.0,0.0,0.0,,,0.0,False,avoidance not required,,{},,,,,,,,,,,0,safe,6.003,22.425,1.688,0,0,0.0,0.0,[],56.68012237548828,54.63212203979492,14.88155460357666,56.373573303222656,60.64337921142578,14.889411926269531,56.09491729736328,54.65967559814453,14.897451400756836
101.0,RUNNING,4,OUTBOUND,0.285,0.968,153.5918,11.127,True,NORMAL,MONITOR,False,{},"[""uav2"", ""uav1"", ""uav0""]",limited,False,{},NONE,NORMAL,SAFE,1.0,IDLE,0.0,0.0,0.0,,,0.0,False,avoidance not required,,{},,,,,,,,,,,0,safe,6.015,22.641,1.684,0,0,0.0,0.0,[],56.9068717956543,54.84585952758789,14.846060752868652,56.60288619995117,60.87042236328125,14.857208251953125,56.321414947509766,54.878387451171875,14.862948417663574
101.2,RUNNING,4,OUTBOUND,0.286,0.9678,153.5586,11.127,True,NORMAL,MONITOR,False,{},"[""uav2"", ""uav1"", ""uav0""]",limited,False,{},NONE,NORMAL,SAFE,1.0,IDLE,0.0,0.0,0.0,,,0.0,False,avoidance not required,,{},,,,,,,,,,,0,safe,6.015,22.849,1.690,0,0,0.0,0.0,[],57.1455192565918,55.077125549316406,14.80484390258789,56.828887939453125,61.0850944519043,14.822930335998535,56.552852630615234,55.09769821166992,14.826573371887207
101.4,RUNNING,4,OUTBOUND,0.287,0.9678,153.5586,11.127,True,NORMAL,MONITOR,False,{},"[""uav2"", ""uav1"", ""uav0""]",limited,False,{},NONE,NORMAL,SAFE,1.0,IDLE,0.0,0.0,0.0,,,0.0,False,avoidance not required,,{},,,,,,,,,,,0,safe,6.007,23.078,1.683,0,0,0.0,0.0,[],57.36235427856445,55.281982421875,14.77088451385498,57.059425354003906,61.30660629272461,14.777698516845703,56.78556442260742,55.32597351074219,14.788599967956543
101.6,RUNNING,4,OUTBOUND,0.287,0.9676,153.5255,11.127,True,NORMAL,MONITOR,False,{},"[""uav2"", ""uav1"", ""uav0""]",limited,False,{},NONE,NORMAL,SAFE,1.0,IDLE,0.0,0.0,0.0,,,0.0,False,avoidance not required,,{},,,,,,,,,,,0,safe,6.023,23.282,1.694,0,0,0.0,0.0,[],57.595821380615234,55.510406494140625,14.739198684692383,57.286888122558594,61.51780319213867,14.737509727478027,57.014366149902344,55.54391860961914,14.749008178710938
101.8,RUNNING,4,OUTBOUND,0.288,0.9676,153.5255,11.127,True,NORMAL,MONITOR,False,{},"[""uav2"", ""uav1"", ""uav0""]",limited,False,{},NONE,NORMAL,SAFE,1.0,IDLE,0.0,0.0,0.0,,,0.0,False,avoidance not required,,{},,,,,,,,,,,0,safe,6.019,23.510,1.687,0,0,0.0,0.0,[],57.82453918457031,55.726375579833984,14.706005096435547,57.51517868041992,61.742156982421875,14.699624061584473,57.24150848388672,55.769798278808594,14.707205772399902
102.0,RUNNING,4,OUTBOUND,0.289,0.9676,153.5255,11.127,True,NORMAL,MONITOR,False,{},"[""uav2"", ""uav1"", ""uav0""]",limited,False,{},NONE,NORMAL,SAFE,1.0,IDLE,0.0,0.0,0.0,,,0.0,False,avoidance not required,,{},,,,,,,,,,,0,safe,6.017,23.726,1.689,0,0,0.0,0.0,[],58.05641174316406,55.95186996459961,14.66890811920166,57.74483108520508,61.96605682373047,14.657842636108398,57.469078063964844,55.99779510498047,14.66649341583252
102.2,RUNNING,4,OUTBOUND,0.29,0.9675,153.4925,11.127,True,NORMAL,MONITOR,False,{},"[""uav2"", ""uav1"", ""uav0""]",limited,False,{},NONE,NORMAL,SAFE,1.0,IDLE,0.0,0.0,0.0,,,0.0,False,avoidance not required,,{},,,,,,,,,,,0,safe,6.013,23.952,1.683,0,0,0.0,0.0,[],58.28404235839844,56.16572952270508,14.633188247680664,57.97188186645508,62.177093505859375,14.620545387268066,57.695152282714844,56.21364974975586,14.626402854919434
102.4,RUNNING,4,OUTBOUND,0.29,0.9675,153.4925,11.127,True,NORMAL,MONITOR,False,{},"[""uav2"", ""uav1"", ""uav0""]",limited,False,{},NONE,NORMAL,SAFE,1.0,IDLE,0.0,0.0,0.0,,,0.0,False,avoidance not required,,{},,,,,,,,,,,0,safe,6.011,24.166,1.688,0,0,0.0,0.0,[],58.511741638183594,56.38887405395508,14.591730117797852,58.199851989746094,62.396236419677734,14.5829496383667,57.92181396484375,56.433528900146484,14.584816932678223
102.6,RUNNING,4,OUTBOUND,0.291,0.9673,153.4596,11.127,True,NORMAL,MONITOR,False,{},"[""uav2"", ""uav1"", ""uav0""]",limited,False,{},NONE,NORMAL,SAFE,1.0,IDLE,0.0,0.0,0.0,,,0.0,False,avoidance not required,,{},,,,,,,,,,,0,safe,6.010,24.389,1.689,0,0,0.0,0.0,[],58.73704528808594,56.60110092163086,14.554521560668945,58.42621994018555,62.60450744628906,14.547503471374512,58.14794158935547,56.64445114135742,14.545679092407227
102.8,RUNNING,4,OUTBOUND,0.292,0.9673,153.4596,11.127,True,NORMAL,MONITOR,False,{},"[""uav2"", ""uav1"", ""uav0""]",limited,False,{},NONE,NORMAL,SAFE,1.0,IDLE,0.0,0.0,0.0,,,0.0,False,avoidance not required,,{},,,,,,,,,,,0,safe,6.011,24.601,1.700,0,0,0.0,0.0,[],58.96742630004883,56.82556915283203,14.52043628692627,58.6538200378418,62.824256896972656,14.509393692016602,58.37618637084961,56.865013122558594,14.5068941116333
103.0,RUNNING,4,OUTBOUND,0.293,0.9673,153.4596,11.127,True,NORMAL,MONITOR,False,{},"[""uav2"", ""uav1"", ""uav0""]",limited,False,{},NONE,NORMAL,SAFE,1.0,IDLE,0.0,0.0,0.0,,,0.0,False,avoidance not required,,{},,,,,,,,,,,0,safe,6.009,24.826,1.700,0,0,0.0,0.0,[],59.19488525390625,57.038265228271484,14.486384391784668,58.88050079345703,63.033172607421875,14.473440170288086,58.6043586730957,57.075435638427734,14.468995094299316
103.2,RUNNING,4,OUTBOUND,0.293,0.9671,153.4267,11.127,True,NORMAL,MONITOR,False,{},"[""uav2"", ""uav1"", ""uav0""]",limited,False,{},NONE,NORMAL,SAFE,1.0,IDLE,0.0,0.0,0.0,,,0.0,False,avoidance not required,,{},,,,,,,,,,,0,safe,6.010,25.038,1.710,0,0,0.0,0.0,[],59.42790985107422,57.263484954833984,14.451437950134277,59.10772705078125,63.25371170043945,14.433372497558594,58.837589263916016,57.288761138916016,14.426152229309082
103.4,RUNNING,4,OUTBOUND,0.294,0.9671,153.4267,11.127,True,NORMAL,MONITOR,False,{},"[""uav2"", ""uav1"", ""uav0""]",limited,False,{},NONE,NORMAL,SAFE,1.0,IDLE,0.0,0.0,0.0,,,0.0,False,avoidance not required,,{},,,,,,,,,,,0,safe,6.010,25.263,1.710,0,0,0.0,0.0,[],59.66924285888672,57.499427795410156,14.410338401794434,59.334877014160156,63.46477127075195,14.397964477539062,59.06930160522461,57.4960823059082,14.389728546142578
103.6,RUNNING,4,OUTBOUND,0.295,0.967,153.3938,11.127,True,NORMAL,MONITOR,False,{},"[""uav2"", ""uav1"", ""uav0""]",limited,False,{},NONE,NORMAL,SAFE,1.0,IDLE,0.0,0.0,0.0,,,0.0,False,avoidance not required,,{},,,,,,,,,,,0,safe,6.000,25.496,1.717,0,0,0.0,0.0,[],59.888450622558594,57.7038459777832,14.375164031982422,59.571842193603516,63.68983840942383,14.367396354675293,59.30604934692383,57.714805603027344,14.353653907775879
103.8,RUNNING,4,OUTBOUND,0.296,0.967,153.3938,11.127,True,NORMAL,MONITOR,False,{},"[""uav2"", ""uav1"", ""uav0""]",limited,False,{},NONE,NORMAL,SAFE,1.0,IDLE,0.0,0.0,0.0,,,0.0,False,avoidance not required,,{},,,,,,,,,,,0,safe,6.018,25.704,1.709,0,0,0.0,0.0,[],60.12311553955078,57.92917251586914,14.336475372314453,59.80514144897461,63.90340805053711,14.333643913269043,59.539520263671875,57.92564010620117,14.318126678466797
104.0,RUNNING,4,OUTBOUND,0.296,0.967,153.3938,11.127,True,NORMAL,MONITOR,False,{},"[""uav2"", ""uav1"", ""uav0""]",limited,False,{},NONE,NORMAL,SAFE,1.0,IDLE,0.0,0.0,0.0,,,0.0,False,avoidance not required,,{},,,,,,,,,,,0,safe,6.016,25.926,1.711,0,0,0.0,0.0,[],60.36244583129883,58.150447845458984,14.295796394348145,60.04204559326172,64.12640380859375,14.292668342590332,59.77695846557617,58.14350509643555,14.280253410339355
104.2,RUNNING,4,OUTBOUND,0.297,0.9668,153.3608,11.127,True,NORMAL,MONITOR,False,{},"[""uav2"", ""uav1"", ""uav0""]",limited,False,{},NONE,NORMAL,SAFE,1.0,IDLE,0.0,0.0,0.0,,,0.0,False,avoidance not required,,{},,,,,,,,,,,0,safe,6.015,26.144,1.705,0,0,0.0,0.0,[],60.58371353149414,58.363616943359375,14.254962921142578,60.274192810058594,64.33780670166016,14.25010871887207,60.01011276245117,58.35505676269531,14.240567207336426
104.4,RUNNING,4,OUTBOUND,0.298,0.9668,153.3608,11.127,True,NORMAL,MONITOR,False,{},"[""uav2"", ""uav1"", ""uav0""]",limited,False,{},NONE,NORMAL,SAFE,1.0,IDLE,0.0,0.0,0.0,,,0.0,False,avoidance not required,,{},,,,,,,,,,,0,safe,6.026,26.355,1.710,0,0,0.0,0.0,[],60.811004638671875,58.573272705078125,14.211922645568848,60.509742736816406,64.5626220703125,14.196428298950195,60.24517822265625,58.57828903198242,14.196383476257324
104.6,RUNNING,4,OUTBOUND,0.299,0.9666,153.3277,11.127,True,NORMAL,MONITOR,False,{},"[""uav2"", ""uav1"", ""uav0""]",limited,False,{},NONE,NORMAL,SAFE,1.0,IDLE,0.0,0.0,0.0,,,0.0,False,avoidance not required,,{},,,,,,,,,,,0,safe,6.034,26.573,1.702,0,0,0.0,0.0,[],61.04591751098633,58.79813003540039,14.168599128723145,60.74114990234375,64.77611541748047,14.15097713470459,60.47629165649414,58.79371643066406,14.15466594696045
104.8,RUNNING,4,OUTBOUND,0.299,0.9666,153.3277,11.127,True,NORMAL,MONITOR,False,{},"[""uav2"", ""uav1"", ""uav0""]",limited,False,{},NONE,NORMAL,SAFE,1.0,IDLE,0.0,0.0,0.0,,,0.0,False,avoidance not required,,{},,,,,,,,,,,0,safe,6.030,26.794,1.705,0,0,0.0,0.0,[],61.27558898925781,59.009334564208984,14.126358032226562,60.97856521606445,65.00228118896484,14.110321044921875,60.71145248413086,59.02132797241211,14.11422061920166
105.0,RUNNING,4,OUTBOUND,0.3,0.9666,153.3277,11.127,True,NORMAL,MONITOR,False,{},"[""uav2"", ""uav1"", ""uav0""]",limited,False,{},NONE,NORMAL,SAFE,1.0,IDLE,0.0,0.0,0.0,,,0.0,False,avoidance not required,,{},,,,,,,,,,,0,safe,6.036,27.009,1.696,0,0,0.0,0.0,[],61.51091384887695,59.22869873046875,14.080214500427246,61.210792541503906,65.21642303466797,14.070512771606445,60.94267654418945,59.23897171020508,14.073246955871582
105.2,RUNNING,4,OUTBOUND,0.301,0.9665,153.2946,11.127,True,NORMAL,MONITOR,False,{},"[""uav2"", ""uav1"", ""uav0""]",limited,False,{},NONE,NORMAL,SAFE,1.0,IDLE,0.0,0.0,0.0,,,0.0,False,avoidance not required,,{},,,,,,,,,,,0,safe,6.032,27.229,1.699,0,0,0.0,0.0,[],61.740966796875,59.436500549316406,14.03707504272461,61.44694519042969,65.43975067138672,14.027813911437988,61.17757797241211,59.46656799316406,14.02690601348877
105.4,RUNNING,4,OUTBOUND,0.302,0.9665,153.2946,11.127,True,NORMAL,MONITOR,False,{},"[""uav2"", ""uav1"", ""uav0""]",limited,False,{},NONE,NORMAL,SAFE,1.0,IDLE,0.0,0.0,0.0,,,0.0,False,avoidance not required,,{},,,,,,,,,,,0,safe,6.037,27.437,1.701,0,0,0.0,0.0,[],61.98647689819336,59.67085266113281,13.989115715026855,61.67753219604492,65.65203094482422,13.984313011169434,61.407108306884766,59.68316650390625,13.984050750732422
105.6,RUNNING,4,OUTBOUND,0.302,0.9663,153.2616,11.127,True,NORMAL,MONITOR,False,{},"[""uav2"", ""uav1"", ""uav0""]",limited,False,{},NONE,NORMAL,SAFE,1.0,IDLE,0.0,0.0,0.0,,,0.0,False,avoidance not required,,{},,,,,,,,,,,0,safe,6.021,27.671,1.698,0,0,0.0,0.0,[],62.21669006347656,59.88390350341797,13.946022033691406,61.913944244384766,65.87737274169922,13.941668510437012,61.63649368286133,59.905120849609375,13.939702987670898
105.8,RUNNING,4,OUTBOUND,0.303,0.9663,153.2616,11.127,True,NORMAL,MONITOR,False,{},"[""uav2"", ""uav1"", ""uav0""]",limited,False,{},NONE,NORMAL,SAFE,1.0,IDLE,0.0,0.0,0.0,,,0.0,False,avoidance not required,,{},,,,,,,,,,,0,safe,6.020,27.884,1.690,0,0,0.0,0.0,[],62.45241165161133,60.10781478881836,13.900148391723633,62.143680572509766,66.0898666381836,13.897553443908691,61.8630485534668,60.11846160888672,13.895873069763184
106.0,RUNNING,4,OUTBOUND,0.304,0.9663,153.2616,11.127,True,NORMAL,MONITOR,False,{},"[""uav2"", ""uav1"", ""uav0""]",limited,False,{},NONE,NORMAL,SAFE,1.0,IDLE,0.0,0.0,0.0,,,0.0,False,avoidance not required,,{},,,,,,,,,,,0,safe,6.011,28.108,1.696,0,0,0.0,0.0,[],62.672672271728516,60.310691833496094,13.857863426208496,62.37714767456055,66.31792449951172,13.846491813659668,62.09398651123047,60.343326568603516,13.847921371459961
106.2,RUNNING,4,OUTBOUND,0.305,0.9661,153.2287,11.127,True,NORMAL,MONITOR,False,{},"[""uav2"", ""uav1"", ""uav0""]",limited,False,{},NONE,NORMAL,SAFE,1.0,IDLE,0.0,0.0,0.0,,,0.0,False,avoidance not required,,{},,,,,,,,,,,0,safe,6.021,28.311,1.697,0,0,0.0,0.0,[],62.90577697753906,60.539306640625,13.811541557312012,62.60557556152344,66.53288269042969,13.800836563110352,62.32184600830078,60.55793762207031,13.799960136413574
106.4,RUNNING,4,OUTBOUND,0.305,0.9661,153.2287,11.127,True,NORMAL,MONITOR,False,{},"[""uav2"", ""uav1"", ""uav0""]",limited,False,{},NONE,NORMAL,SAFE,1.0,IDLE,0.0,0.0,0.0,,,0.0,False,avoidance not required,,{},,,,,,,,,,,0,safe,6.016,28.539,1.692,0,0,0.0,0.0,[],63.1329460144043,60.75325393676758,13.765016555786133,62.84349060058594,66.75627899169922,13.754464149475098,62.553977966308594,60.7784423828125,13.750582695007324
106.6,RUNNING,4,OUTBOUND,0.306,0.966,153.1957,11.127,True,NORMAL,MONITOR,False,{},"[""uav2"", ""uav1"", ""uav0""]",limited,False,{},NONE,NORMAL,SAFE,1.0,IDLE,0.0,0.0,0.0,,,0.0,False,avoidance not required,,{},,,,,,,,,,,0,safe,6.021,28.753,1.695,0,0,0.0,0.0,[],63.37390899658203,60.978858947753906,13.720977783203125,63.07380676269531,66.96719360351562,13.71224594116211,62.78352355957031,60.9904899597168,13.706868171691895
106.8,RUNNING,4,OUTBOUND,0.307,0.966,153.1957,11.127,True,NORMAL,MONITOR,False,{},"[""uav2"", ""uav1"", ""uav0""]",limited,False,{},NONE,NORMAL,SAFE,1.0,IDLE,0.0,0.0,0.0,,,0.0,False,avoidance not required,,{},,,,,,,,,,,0,safe,6.010,28.979,1.690,0,0,0.0,0.0,[],63.60609817504883,61.190757751464844,13.677313804626465,63.310340881347656,67.19322204589844,13.672106742858887,63.02867889404297,61.218894958496094,13.665928840637207
107.0,RUNNING,4,OUTBOUND,0.308,0.966,153.1957,11.127,True,NORMAL,MONITOR,False,{},"[""uav2"", ""uav1"", ""uav0""]",limited,False,{},NONE,NORMAL,SAFE,1.0,IDLE,0.0,0.0,0.0,,,0.0,False,avoidance not required,,{},,,,,,,,,,,0,safe,6.023,29.191,1.687,0,0,0.0,0.0,[],63.845863342285156,61.42119216918945,13.629355430603027,63.539676666259766,67.4067153930664,13.631467819213867,63.25080490112305,61.4227180480957,13.626315116882324
107.2,RUNNING,4,OUTBOUND,0.308,0.9658,153.1627,11.127,True,NORMAL,MONITOR,False,{},"[""uav2"", ""uav1"", ""uav0""]",limited,False,{},NONE,NORMAL,SAFE,1.0,IDLE,0.0,0.0,0.0,,,0.0,False,avoidance not required,,{},,,,,,,,,,,0,safe,6.005,29.421,1.687,0,0,0.0,0.0,[],64.08576202392578,61.64430618286133,13.582330703735352,63.77764129638672,67.63497161865234,13.58919620513916,63.4867057800293,61.646095275878906,13.583479881286621
107.4,RUNNING,4,OUTBOUND,0.309,0.9658,153.1627,11.127,True,NORMAL,MONITOR,False,{},"[""uav2"", ""uav1"", ""uav0""]",limited,False,{},NONE,NORMAL,SAFE,1.0,IDLE,0.0,0.0,0.0,,,0.0,False,avoidance not required,,{},,,,,,,,,,,0,safe,6.001,29.644,1.676,0,0,0.0,0.0,[],64.31488800048828,61.86577224731445,13.53445816040039,64.00726318359375,67.85027313232422,13.546146392822266,63.717716217041016,61.861141204833984,13.540885925292969
107.6,RUNNING,4,OUTBOUND,0.31,0.9656,153.1296,11.127,True,NORMAL,MONITOR,False,{},"[""uav2"", ""uav1"", ""uav0""]",limited,False,{},NONE,NORMAL,SAFE,1.0,IDLE,0.0,0.0,0.0,,,0.0,False,avoidance not required,,{},,,,,,,,,,,0,safe,6.003,29.861,1.681,0,0,0.0,0.0,[],64.54413604736328,62.080352783203125,13.489818572998047,64.23683166503906,68.0803451538086,13.497576713562012,63.955204010009766,62.08792495727539,13.49623966217041
107.8,RUNNING,4,OUTBOUND,0.311,0.9656,153.1296,11.127,True,NORMAL,MONITOR,False,{},"[""uav2"", ""uav1"", ""uav0""]",limited,False,{},NONE,NORMAL,SAFE,1.0,IDLE,0.0,0.0,0.0,,,0.0,False,avoidance not required,,{},,,,,,,,,,,0,safe,6.011,30.080,1.676,0,0,0.0,0.0,[],64.78128051757812,62.30949783325195,13.444136619567871,64.46076202392578,68.294677734375,13.449934959411621,64.18649291992188,62.30487060546875,13.449058532714844
108.0,RUNNING,4,OUTBOUND,0.311,0.9656,153.1296,11.127,True,NORMAL,MONITOR,False,{},"[""uav2"", ""uav1"", ""uav0""]",limited,False,{},NONE,NORMAL,SAFE,1.0,IDLE,0.0,0.0,0.0,,,0.0,False,avoidance not required,,{},,,,,,,,,,,0,safe,6.005,30.305,1.686,0,0,0.0,0.0,[],65.00929260253906,62.52244567871094,13.397211074829102,64.69905853271484,68.517822265625,13.4020414352417,64.42092895507812,62.53352355957031,13.40188217163086
108.2,RUNNING,4,OUTBOUND,0.312,0.9655,153.0965,11.127,True,NORMAL,MONITOR,False,{},"[""uav2"", ""uav1"", ""uav0""]",limited,False,{},NONE,NORMAL,SAFE,1.0,IDLE,0.0,0.0,0.0,,,0.0,False,avoidance not required,,{},,,,,,,,,,,0,safe,6.012,30.522,1.680,0,0,0.0,0.0,[],65.24070739746094,62.74833297729492,13.346027374267578,64.92861938476562,68.72761535644531,13.354907989501953,64.64947509765625,62.750892639160156,13.352072715759277
108.4,RUNNING,4,OUTBOUND,0.313,0.9655,153.0965,11.127,True,NORMAL,MONITOR,False,{},"[""uav2"", ""uav1"", ""uav0""]",limited,False,{},NONE,NORMAL,SAFE,1.0,IDLE,0.0,0.0,0.0,,,0.0,False,avoidance not required,,{},,,,,,,,,,,0,safe,6.009,30.748,1.689,0,0,0.0,0.0,[],65.47494506835938,62.96946334838867,13.294626235961914,65.1700668334961,68.95035552978516,13.300806045532227,64.88007354736328,62.97712707519531,13.298355102539062
108.6,RUNNING,4,OUTBOUND,0.314,0.9653,153.0635,11.127,True,NORMAL,MONITOR,False,{},"[""uav2"", ""uav1"", ""uav0""]",limited,False,{},NONE,NORMAL,SAFE,1.0,IDLE,0.0,0.0,0.0,,,0.0,False,avoidance not required,,{},,,,,,,,,,,0,safe,6.005,30.969,1.679,0,0,0.0,0.0,[],65.69725799560547,63.18416213989258,13.24539852142334,65.40137481689453,69.16191864013672,13.249046325683594,65.11555480957031,63.202728271484375,13.245465278625488
108.8,RUNNING,4,OUTBOUND,0.314,0.9653,153.0635,11.127,True,NORMAL,MONITOR,False,{},"[""uav2"", ""uav1"", ""uav0""]",limited,False,{},NONE,NORMAL,SAFE,1.0,IDLE,0.0,0.0,0.0,,,0.0,False,avoidance not required,,{},,,,,,,,,,,0,safe,6.018,31.184,1.685,0,0,0.0,0.0,[],65.92174530029297,63.39458084106445,13.197160720825195,65.63762664794922,69.3921127319336,13.196300506591797,65.33678436279297,63.41917037963867,13.197898864746094
109.0,RUNNING,4,OUTBOUND,0.315,0.9653,153.0635,11.127,True,NORMAL,MONITOR,False,{},"[""uav2"", ""uav1"", ""uav0""]",limited,False,{},NONE,NORMAL,SAFE,1.0,IDLE,0.0,0.0,0.0,,,0.0,False,avoidance not required,,{},,,,,,,,,,,0,safe,6.015,31.395,1.685,0,0,0.0,0.0,[],66.15411376953125,63.6181755065918,13.141563415527344,65.86515045166016,69.60853576660156,13.145346641540527,65.5635757446289,63.63520812988281,13.147171974182129
109.2,RUNNING,4,OUTBOUND,0.316,0.9652,153.0305,11.127,True,NORMAL,MONITOR,False,{},"[""uav2"", ""uav1"", ""uav0""]",limited,False,{},NONE,NORMAL,SAFE,1.0,IDLE,0.0,0.0,0.0,,,0.0,False,avoidance not required,,{},,,,,,,,,,,0,safe,6.009,31.618,1.681,0,0,0.0,0.0,[],66.37973022460938,63.828895568847656,13.090356826782227,66.09556579589844,69.83528900146484,13.099170684814453,65.7949447631836,63.86248016357422,13.093092918395996
109.4,RUNNING,4,OUTBOUND,0.317,0.9652,153.0305,11.127,True,NORMAL,MONITOR,False,{},"[""uav2"", ""uav1"", ""uav0""]",limited,False,{},NONE,NORMAL,SAFE,1.0,IDLE,0.0,0.0,0.0,,,0.0,False,avoidance not required,,{},,,,,,,,,,,0,safe,6.015,31.829,1.692,0,0,0.0,0.0,[],66.61610412597656,64.05279541015625,13.040159225463867,66.31873321533203,70.04828643798828,13.0509614944458,66.02259826660156,64.07814025878906,13.039891242980957
109.6,RUNNING,4,OUTBOUND,0.317,0.965,152.9974,11.127,True,NORMAL,MONITOR,False,{},"[""uav2"", ""uav1"", ""uav0""]",limited,False,{},NONE,NORMAL,SAFE,1.0,IDLE,0.0,0.0,0.0,,,0.0,False,avoidance not required,,{},,,,,,,,,,,0,safe,6.007,32.053,1.689,0,0,0.0,0.0,[],66.84386444091797,64.2640380859375,12.990572929382324,66.54685974121094,70.27617645263672,12.997633934020996,66.25711822509766,64.29837799072266,12.988386154174805
109.8,RUNNING,4,OUTBOUND,0.318,0.965,152.9974,11.127,True,NORMAL,MONITOR,False,{},"[""uav2"", ""uav1"", ""uav0""]",limited,False,{},NONE,NORMAL,SAFE,1.0,IDLE,0.0,0.0,0.0,,,0.0,False,avoidance not required,,{},,,,,,,,,,,0,safe,6.013,32.264,1.695,0,0,0.0,0.0,[],67.08150482177734,64.48421478271484,12.94507884979248,66.7701644897461,70.49119567871094,12.94682788848877,66.48747253417969,64.51062774658203,12.93800163269043
110.0,RUNNING,4,OUTBOUND,0.319,0.965,152.9974,11.127,True,NORMAL,MONITOR,False,{},"[""uav2"", ""uav1"", ""uav0""]",limited,False,{},NONE,NORMAL,SAFE,1.0,IDLE,0.0,0.0,0.0,,,0.0,False,avoidance not required,,{},,,,,,,,,,,0,safe,6.006,32.484,1.695,0,0,0.0,0.0,[],67.31824493408203,64.7085189819336,12.893832206726074,67.00370025634766,70.71812438964844,12.89600658416748,66.73585510253906,64.7425537109375,12.884892463684082
110.2,RUNNING,4,OUTBOUND,0.32,0.9648,152.9643,11.127,True,NORMAL,MONITOR,False,{},"[""uav2"", ""uav1"", ""uav0""]",limited,False,{},NONE,NORMAL,SAFE,1.0,IDLE,0.0,0.0,0.0,,,0.0,False,avoidance not required,,{},,,,,,,,,,,0,safe,6.018,32.709,1.689,0,0,0.0,0.0,[],67.5461196899414,64.92120361328125,12.843892097473145,67.23028564453125,70.93135070800781,12.844191551208496,66.95890045166016,64.94816589355469,12.834550857543945
110.4,RUNNING,4,OUTBOUND,0.32,0.9648,152.9643,11.127,True,NORMAL,MONITOR,False,{},"[""uav2"", ""uav1"", ""uav0""]",limited,False,{},NONE,NORMAL,SAFE,1.0,IDLE,0.0,0.0,0.0,,,0.0,False,avoidance not required,,{},,,,,,,,,,,0,safe,6.013,32.921,1.697,0,0,0.0,0.0,[],67.78985595703125,65.15386962890625,12.7857027053833,67.46812438964844,71.1536865234375,12.792027473449707,67.19489288330078,65.16827392578125,12.780074119567871
110.6,RUNNING,4,OUTBOUND,0.321,0.9647,152.9313,11.127,True,NORMAL,MONITOR,False,{},"[""uav2"", ""uav1"", ""uav0""]",limited,False,{},NONE,NORMAL,SAFE,1.0,IDLE,0.0,0.0,0.0,,,0.0,False,avoidance not required,,{},,,,,,,,,,,0,safe,6.005,33.154,1.691,0,0,0.0,0.0,[],68.00714874267578,65.357666015625,12.735060691833496,67.69705963134766,71.36449432373047,12.739572525024414,67.4339828491211,65.38997650146484,12.724812507629395
110.8,RUNNING,4,OUTBOUND,0.322,0.9647,152.9313,11.127,True,NORMAL,MONITOR,False,{},"[""uav2"", ""uav1"", ""uav0""]",limited,False,{},NONE,NORMAL,SAFE,1.0,IDLE,0.0,0.0,0.0,,,0.0,False,avoidance not required,,{},,,,,,,,,,,0,safe,6.027,33.358,1.699,0,0,0.0,0.0,[],68.23936462402344,65.57652282714844,12.6815824508667,67.93004608154297,71.58983612060547,12.688324928283691,67.65798950195312,65.60074615478516,12.674195289611816
111.0,RUNNING,4,OUTBOUND,0.323,0.9647,152.9313,11.127,True,NORMAL,MONITOR,False,{},"[""uav2"", ""uav1"", ""uav0""]",limited,False,{},NONE,NORMAL,SAFE,1.0,IDLE,0.0,0.0,0.0,,,0.0,False,avoidance not required,,{},,,,,,,,,,,0,safe,6.019,33.577,1.695,0,0,0.0,0.0,[],68.46432495117188,65.78630065917969,12.629941940307617,68.1568603515625,71.80406188964844,12.636585235595703,67.88628387451172,65.81401824951172,12.622056007385254
111.2,RUNNING,4,OUTBOUND,0.323,0.9645,152.8982,11.127,True,NORMAL,MONITOR,False,{},"[""uav2"", ""uav1"", ""uav0""]",limited,False,{},NONE,NORMAL,SAFE,1.0,IDLE,0.0,0.0,0.0,,,0.0,False,avoidance not required,,{},,,,,,,,,,,0,safe,6.022,33.786,1.708,0,0,0.0,0.0,[],68.69828796386719,66.01131439208984,12.581815719604492,68.39253997802734,72.02942657470703,12.580486297607422,68.12025451660156,66.03620910644531,12.5681791305542
111.4,RUNNING,4,OUTBOUND,0.324,0.9645,152.8982,11.127,True,NORMAL,MONITOR,False,{},"[""uav2"", ""uav1"", ""uav0""]",limited,False,{},NONE,NORMAL,SAFE,1.0,IDLE,0.0,0.0,0.0,,,0.0,False,avoidance not required,,{},,,,,,,,,,,0,safe,6.022,34.011,1.705,0,0,0.0,0.0,[],68.93431854248047,66.2350082397461,12.530168533325195,68.63200378417969,72.25615692138672,12.523575782775879,68.34913635253906,66.25047302246094,12.513517379760742
111.6,RUNNING,4,OUTBOUND,0.325,0.9643,152.865,11.127,True,NORMAL,MONITOR,False,{},"[""uav2"", ""uav1"", ""uav0""]",limited,False,{},NONE,NORMAL,SAFE,1.0,IDLE,0.0,0.0,0.0,,,0.0,False,avoidance not required,,{},,,,,,,,,,,0,safe,6.015,34.235,1.701,0,0,0.0,0.0,[],69.15679931640625,66.44990539550781,12.476475715637207,68.86205291748047,72.47013854980469,12.468232154846191,68.58463287353516,66.4691390991211,12.453200340270996
111.8,RUNNING,4,OUTBOUND,0.326,0.9643,152.865,11.127,True,NORMAL,MONITOR,False,{},"[""uav2"", ""uav1"", ""uav0""]",limited,False,{},NONE,NORMAL,SAFE,1.0,IDLE,0.0,0.0,0.0,,,0.0,False,avoidance not required,,{},,,,,,,,,,,0,safe,6.028,34.450,1.713,0,0,0.0,0.0,[],69.38211059570312,66.66405487060547,12.420339584350586,69.09941101074219,72.68777465820312,12.409045219421387,68.81403350830078,66.68301391601562,12.397420883178711
112.0,RUNNING,4,OUTBOUND,0.326,0.9643,152.865,11.127,True,NORMAL,MONITOR,False,{},"[""uav2"", ""uav1"", ""uav0""]",limited,False,{},NONE,NORMAL,SAFE,1.0,IDLE,0.0,0.0,0.0,,,0.0,False,avoidance not required,,{},,,,,,,,,,,0,safe,6.038,34.888,1.724,0,0,0.0,0.0,[],69.60989379882812,66.88792419433594,12.364901542663574,69.32810974121094,72.8967514038086,12.35297679901123,69.04789733886719,66.90824890136719,12.345135688781738
112.2,RUNNING,4,OUTBOUND,0.327,0.9642,152.8317,11.127,True,NORMAL,MONITOR,False,{},"[""uav2"", ""uav1"", ""uav0""]",limited,False,{},NONE,NORMAL,SAFE,1.0,IDLE,0.0,0.0,0.0,,,0.0,False,avoidance not required,,{},,,,,,,,,,,0,safe,6.038,34.888,1.724,0,0,0.0,0.0,[],69.84554290771484,67.11551666259766,12.310574531555176,69.55543518066406,73.11857604980469,12.296122550964355,69.27637481689453,67.12684631347656,12.293107986450195
112.4,RUNNING,4,OUTBOUND,0.328,0.9642,152.8317,11.127,True,NORMAL,MONITOR,False,{},"[""uav2"", ""uav1"", ""uav0""]",limited,False,{},NONE,NORMAL,SAFE,1.0,IDLE,0.0,0.0,0.0,,,0.0,False,avoidance not required,,{},,,,,,,,,,,0,safe,6.031,35.116,1.717,0,0,0.0,0.0,[],70.0743179321289,67.33235931396484,12.254777908325195,69.77845764160156,73.33182525634766,12.241582870483398,69.51040649414062,67.35525512695312,12.240909576416016
112.6,RUNNING,4,OUTBOUND,0.329,0.964,152.7984,11.127,True,NORMAL,MONITOR,False,{},"[""uav2"", ""uav1"", ""uav0""]",limited,False,{},NONE,NORMAL,SAFE,1.0,IDLE,0.0,0.0,0.0,,,0.0,False,avoidance not required,,{},,,,,,,,,,,0,safe,6.036,35.332,1.723,0,0,0.0,0.0,[],70.30875396728516,67.55996704101562,12.19990348815918,70.00936889648438,73.54930877685547,12.191219329833984,69.73843383789062,67.57536315917969,12.186413764953613
112.8,RUNNING,4,OUTBOUND,0.329,0.964,152.7984,11.127,True,NORMAL,MONITOR,False,{},"[""uav2"", ""uav1"", ""uav0""]",limited,False,{},NONE,NORMAL,SAFE,1.0,IDLE,0.0,0.0,0.0,,,0.0,False,avoidance not required,,{},,,,,,,,,,,0,safe,6.030,35.560,1.721,0,0,0.0,0.0,[],70.53929901123047,67.78826904296875,12.139945030212402,70.2414321899414,73.77008056640625,12.139129638671875,69.96842956542969,67.80254364013672,12.129655838012695
113.0,RUNNING,4,OUTBOUND,0.33,0.964,152.7984,11.127,True,NORMAL,MONITOR,False,{},"[""uav2"", ""uav1"", ""uav0""]",limited,False,{},NONE,NORMAL,SAFE,1.0,IDLE,0.0,0.0,0.0,,,0.0,False,avoidance not required,,{},,,,,,,,,,,0,safe,6.029,35.788,1.723,0,0,0.0,0.0,[],70.77326202392578,68.01348876953125,12.07761287689209,70.46761322021484,73.98326110839844,12.08383846282959,70.19416809082031,68.02116394042969,12.072927474975586
113.2,RUNNING,4,OUTBOUND,0.331,0.9638,152.7651,11.127,True,NORMAL,MONITOR,False,{},"[""uav2"", ""uav1"", ""uav0""]",limited,False,{},NONE,NORMAL,SAFE,1.0,IDLE,0.0,0.0,0.0,,,0.0,False,avoidance not required,,{},,,,,,,,,,,0,safe,6.021,36.013,1.733,0,0,0.0,0.0,[],70.99115753173828,68.22533416748047,12.021370887756348,70.6950454711914,74.2012710571289,12.02596378326416,70.42436218261719,68.24569702148438,12.017918586730957
113.4,RUNNING,4,OUTBOUND,0.332,0.9638,152.7651,11.127,True,NORMAL,MONITOR,False,{},"[""uav2"", ""uav1"", ""uav0""]",limited,False,{},NONE,NORMAL,SAFE,1.0,IDLE,0.0,0.0,0.0,,,0.0,False,avoidance not required,,{},,,,,,,,,,,0,safe,6.033,36.225,1.737,0,0,0.0,0.0,[],71.2146987915039,68.43732452392578,11.964373588562012,70.9189224243164,74.41320037841797,11.966156959533691,70.6502685546875,68.4624252319336,11.959976196289062
113.6,RUNNING,4,OUTBOUND,0.332,0.9637,152.7318,11.127,True,NORMAL,MONITOR,False,{},"[""uav2"", ""uav1"", ""uav0""]",limited,False,{},NONE,NORMAL,SAFE,1.0,IDLE,0.0,0.0,0.0,,,0.0,False,avoidance not required,,{},,,,,,,,,,,0,safe,6.036,36.437,1.749,0,0,0.0,0.0,[],71.44549560546875,68.6593246459961,11.908236503601074,71.14884948730469,74.63195037841797,11.907968521118164,70.87931060791016,68.68556213378906,11.901619911193848
113.8,RUNNING,4,OUTBOUND,0.333,0.9637,152.7318,11.127,True,NORMAL,MONITOR,False,{},"[""uav2"", ""uav1"", ""uav0""]",limited,False,{},NONE,NORMAL,SAFE,1.0,IDLE,0.0,0.0,0.0,,,0.0,False,avoidance not required,,{},,,,,,,,,,,0,safe,6.034,36.660,1.752,0,0,0.0,0.0,[],71.67240905761719,68.87295532226562,11.849934577941895,71.37865447998047,74.85901641845703,11.850664138793945,71.1066665649414,68.91189575195312,11.84684944152832
114.0,RUNNING,4,OUTBOUND,0.334,0.9637,152.7318,11.127,True,NORMAL,MONITOR,False,{},"[""uav2"", ""uav1"", ""uav0""]",limited,False,{},NONE,NORMAL,SAFE,1.0,IDLE,0.0,0.0,0.0,,,0.0,False,avoidance not required,,{},,,,,,,,,,,0,safe,6.034,36.875,1.749,0,0,0.0,0.0,[],71.90514373779297,69.09275817871094,11.7940092086792,71.6051025390625,75.07797241210938,11.791747093200684,71.3317642211914,69.12985229492188,11.78809928894043
114.2,RUNNING,4,OUTBOUND,0.335,0.9635,152.6984,11.127,True,NORMAL,MONITOR,False,{},"[""uav2"", ""uav1"", ""uav0""]",limited,False,{},NONE,NORMAL,SAFE,1.0,IDLE,0.0,0.0,0.0,,,0.0,False,avoidance not required,,{},,,,,,,,,,,0,safe,6.027,37.098,1.754,0,0,0.0,0.0,[],72.1338119506836,69.30538940429688,11.735919952392578,71.8361587524414,75.30529022216797,11.737071990966797,71.5595932006836,69.35310363769531,11.725796699523926
114.4,RUNNING,4,OUTBOUND,0.335,0.9635,152.6984,11.127,True,NORMAL,MONITOR,False,{},"[""uav2"", ""uav1"", ""uav0""]",limited,False,{},NONE,NORMAL,SAFE,1.0,IDLE,0.0,0.0,0.0,,,0.0,False,avoidance not required,,{},,,,,,,,,,,0,safe,6.026,37.315,1.752,0,0,0.0,0.0,[],72.3634262084961,69.53079223632812,11.677581787109375,72.06360626220703,75.52340698242188,11.677691459655762,71.78504943847656,69.56930541992188,11.664813041687012
114.6,RUNNING,4,OUTBOUND,0.336,0.9633,152.665,11.127,True,NORMAL,MONITOR,False,{},"[""uav2"", ""uav1"", ""uav0""]",limited,False,{},NONE,NORMAL,SAFE,1.0,IDLE,0.0,0.0,0.0,,,0.0,False,avoidance not required,,{},,,,,,,,,,,0,safe,6.022,37.546,1.756,0,0,0.0,0.0,[],72.58983612060547,69.74734497070312,11.618294715881348,72.29180908203125,75.75281524658203,11.620321273803711,72.02183532714844,69.8034896850586,11.603584289550781
114.8,RUNNING,4,OUTBOUND,0.337,0.9633,152.665,11.127,True,NORMAL,MONITOR,False,{},"[""uav2"", ""uav1"", ""uav0""]",limited,False,{},NONE,NORMAL,SAFE,1.0,IDLE,0.0,0.0,0.0,,,0.0,False,avoidance not required,,{},,,,,,,,,,,0,safe,6.032,37.769,1.758,0,0,0.0,0.0,[],72.8262710571289,69.9846420288086,11.55871295928955,72.51615142822266,75.98639678955078,11.562538146972656,72.2503433227539,70.03094482421875,11.543901443481445
115.0,RUNNING,4,OUTBOUND,0.338,0.9633,152.665,11.127,True,NORMAL,MONITOR,False,{},"[""uav2"", ""uav1"", ""uav0""]",limited,False,{},NONE,NORMAL,SAFE,1.0,IDLE,0.0,0.0,0.0,,,0.0,False,avoidance not required,,{},,,,,,,,,,,0,safe,6.024,38.015,1.751,0,0,0.0,0.0,[],73.04329681396484,70.19436645507812,11.500310897827148,72.74030303955078,76.2083969116211,11.503470420837402,72.46849822998047,70.24169921875,11.48786449432373
115.2,RUNNING,4,OUTBOUND,0.338,0.9632,152.6315,11.127,True,NORMAL,MONITOR,False,{},"[""uav2"", ""uav1"", ""uav0""]",limited,False,{},NONE,NORMAL,SAFE,1.0,IDLE,0.0,0.0,0.0,,,0.0,False,avoidance not required,,{},,,,,,,,,,,0,safe,6.025,38.234,1.764,0,0,0.0,0.0,[],73.27090454101562,70.42611694335938,11.439275741577148,72.9690933227539,76.43314361572266,11.445321083068848,72.69903564453125,70.46821594238281,11.433175086975098
115.4,RUNNING,4,OUTBOUND,0.339,0.9632,152.6315,11.127,True,NORMAL,MONITOR,False,{},"[""uav2"", ""uav1"", ""uav0""]",limited,False,{},NONE,NORMAL,SAFE,1.0,IDLE,0.0,0.0,0.0,,,0.0,False,avoidance not required,,{},,,,,,,,,,,0,safe,6.028,38.477,1.761,0,0,0.0,0.0,[],73.49752044677734,70.64696502685547,11.379472732543945,73.19710540771484,76.64910888671875,11.384273529052734,72.92830657958984,70.68583679199219,11.374632835388184
115.6,RUNNING,4,OUTBOUND,0.34,0.963,152.5979,11.127,True,NORMAL,MONITOR,False,{},"[""uav2"", ""uav1"", ""uav0""]",limited,False,{},NONE,NORMAL,SAFE,1.0,IDLE,0.0,0.0,0.0,,,0.0,False,avoidance not required,,{},,,,,,,,,,,0,safe,6.031,38.709,1.766,0,0,0.0,0.0,[],73.72650909423828,70.87982940673828,11.32194709777832,73.4249267578125,76.87089538574219,11.32835578918457,73.16232299804688,70.90497589111328,11.315740585327148
115.8,RUNNING,4,OUTBOUND,0.341,0.963,152.5979,11.127,True,NORMAL,MONITOR,False,{},"[""uav2"", ""uav1"", ""uav0""]",limited,False,{},NONE,NORMAL,SAFE,1.0,IDLE,0.0,0.0,0.0,,,0.0,False,avoidance not required,,{},,,,,,,,,,,0,safe,6.038,39.191,1.778,0,0,0.0,0.0,[],73.9551010131836,71.10143280029297,11.26196575164795,73.65280151367188,77.08659362792969,11.269024848937988,73.392822265625,71.11883544921875,11.255166053771973
116.0,RUNNING,4,OUTBOUND,0.341,0.963,152.5979,11.127,True,NORMAL,MONITOR,False,{},"[""uav2"", ""uav1"", ""uav0""]",limited,False,{},NONE,NORMAL,SAFE,1.0,IDLE,0.0,0.0,0.0,,,0.0,False,avoidance not required,,{},,,,,,,,,,,0,safe,6.038,39.191,1.778,0,0,0.0,0.0,[],74.18793487548828,71.32984924316406,11.20763874053955,73.88111877441406,77.31048583984375,11.218360900878906,73.63213348388672,71.3482894897461,11.200736045837402
116.2,RUNNING,4,OUTBOUND,0.342,0.9628,152.5643,11.127,True,NORMAL,MONITOR,False,{},"[""uav2"", ""uav1"", ""uav0""]",limited,False,{},NONE,NORMAL,SAFE,1.0,IDLE,0.0,0.0,0.0,,,0.0,False,avoidance not required,,{},,,,,,,,,,,0,safe,6.044,39.436,1.782,0,0,0.0,0.0,[],74.42227172851562,71.55744934082031,11.155302047729492,74.11091613769531,77.53466033935547,11.161989212036133,73.85209655761719,71.56060791015625,11.153763771057129
116.4,RUNNING,4,OUTBOUND,0.343,0.9628,152.5643,11.127,True,NORMAL,MONITOR,False,{},"[""uav2"", ""uav1"", ""uav0""]",limited,False,{},NONE,NORMAL,SAFE,1.0,IDLE,0.0,0.0,0.0,,,0.0,False,avoidance not required,,{},,,,,,,,,,,0,safe,6.030,39.680,1.783,0,0,0.0,0.0,[],74.65377044677734,71.77458190917969,11.09469223022461,74.34054565429688,77.75121307373047,11.098764419555664,74.08021545410156,71.77628326416016,11.095980644226074
116.6,RUNNING,4,OUTBOUND,0.344,0.9627,152.5305,11.127,True,NORMAL,MONITOR,False,{},"[""uav2"", ""uav1"", ""uav0""]",limited,False,{},NONE,NORMAL,SAFE,1.0,IDLE,0.0,0.0,0.0,,,0.0,False,avoidance not required,,{},,,,,,,,,,,0,safe,6.026,39.916,1.788,0,0,0.0,0.0,[],74.88838195800781,71.99610900878906,11.03465461730957,74.57237243652344,77.97349548339844,11.039522171020508,74.31209564208984,71.99471282958984,11.035735130310059
116.8,RUNNING,4,OUTBOUND,0.344,0.9627,152.5305,11.127,True,NORMAL,MONITOR,False,{},"[""uav2"", ""uav1"", ""uav0""]",limited,False,{},NONE,NORMAL,SAFE,1.0,IDLE,0.0,0.0,0.0,,,0.0,False,avoidance not required,,{},,,,,,,,,,,0,safe,6.024,40.157,1.788,0,0,0.0,0.0,[],75.12023162841797,72.21004486083984,10.97109603881836,74.80322265625,78.19005584716797,10.975921630859375,74.54198455810547,72.20972442626953,10.971169471740723
117.0,RUNNING,4,OUTBOUND,0.345,0.9627,152.5305,11.127,True,NORMAL,MONITOR,False,{},"[""uav2"", ""uav1"", ""uav0""]",limited,False,{},NONE,NORMAL,SAFE,1.0,IDLE,0.0,0.0,0.0,,,0.0,False,avoidance not required,,{},,,,,,,,,,,0,safe,6.022,40.391,1.793,0,0,0.0,0.0,[],75.35679626464844,72.434326171875,10.909469604492188,75.03398895263672,78.41458892822266,10.918477058410645,74.77120971679688,72.4306411743164,10.912810325622559
117.2,RUNNING,4,OUTBOUND,0.346,0.9625,152.4966,11.127,True,NORMAL,MONITOR,False,{},"[""uav2"", ""uav1"", ""uav0""]",limited,False,{},NONE,NORMAL,SAFE,1.0,IDLE,0.0,0.0,0.0,,,0.0,False,avoidance not required,,{},,,,,,,,,,,0,safe,6.014,40.637,1.792,0,0,0.0,0.0,[],75.58950805664062,72.65091705322266,10.845338821411133,75.2649917602539,78.63265991210938,10.854242324829102,75.00000762939453,72.64752197265625,10.849023818969727
117.4,RUNNING,4,OUTBOUND,0.347,0.9625,152.4966,11.127,True,NORMAL,MONITOR,False,{},"[""uav2"", ""uav1"", ""uav0""]",limited,False,{},NONE,NORMAL,SAFE,1.0,IDLE,0.0,0.0,0.0,,,0.0,False,avoidance not required,,{},,,,,,,,,,,0,safe,6.011,40.877,1.795,0,0,0.0,0.0,[],75.82958984375,72.8847427368164,10.782066345214844,75.50257873535156,78.8580093383789,10.78451156616211,75.23127746582031,72.86869812011719,10.787394523620605
117.6,RUNNING,4,OUTBOUND,0.347,0.9623,152.4627,11.127,True,NORMAL,MONITOR,False,{},"[""uav2"", ""uav1"", ""uav0""]",limited,False,{},NONE,NORMAL,SAFE,1.0,IDLE,0.0,0.0,0.0,,,0.0,False,avoidance not required,,{},,,,,,,,,,,0,safe,6.002,41.135,1.787,0,0,0.0,0.0,[],76.04940795898438,73.09294891357422,10.72107219696045,75.73722076416016,79.07622528076172,10.714401245117188,75.46134185791016,73.08642578125,10.720036506652832
117.8,RUNNING,4,OUTBOUND,0.348,0.9623,152.4627,11.127,True,NORMAL,MONITOR,False,{},"[""uav2"", ""uav1"", ""uav0""]",limited,False,{},NONE,NORMAL,SAFE,1.0,IDLE,0.0,0.0,0.0,,,0.0,False,avoidance not required,,{},,,,,,,,,,,0,safe,6.012,41.367,1.786,0,0,0.0,0.0,[],76.28136444091797,73.31656646728516,10.667027473449707,75.97167205810547,79.30302429199219,10.647333145141602,75.70135498046875,73.31868743896484,10.647865295410156
118.0,RUNNING,4,OUTBOUND,0.349,0.9623,152.4627,11.127,True,NORMAL,MONITOR,False,{},"[""uav2"", ""uav1"", ""uav0""]",limited,False,{},NONE,NORMAL,SAFE,1.0,IDLE,0.0,0.0,0.0,,,0.0,False,avoidance not required,,{},,,,,,,,,,,0,safe,6.020,41.616,1.780,0,0,0.0,0.0,[],76.5110092163086,73.53264617919922,10.604275703430176,76.2042465209961,79.5217056274414,10.579806327819824,75.9225082397461,73.5298080444336,10.583993911743164
118.2,RUNNING,4,OUTBOUND,0.35,0.9621,152.4288,11.127,True,NORMAL,MONITOR,False,{},"[""uav2"", ""uav1"", ""uav0""]",limited,False,{},NONE,NORMAL,SAFE,1.0,IDLE,0.0,0.0,0.0,,,0.0,False,avoidance not required,,{},,,,,,,,,,,0,safe,6.012,41.858,1.782,0,0,0.0,0.0,[],76.75296783447266,73.75977325439453,10.538313865661621,76.43719482421875,79.75033569335938,10.518924713134766,76.15464782714844,73.75838470458984,10.526000022888184
118.4,RUNNING,4,OUTBOUND,0.35,0.9621,152.4288,11.127,True,NORMAL,MONITOR,False,{},"[""uav2"", ""uav1"", ""uav0""]",limited,False,{},NONE,NORMAL,SAFE,1.0,IDLE,0.0,0.0,0.0,,,0.0,False,avoidance not required,,{},,,,,,,,,,,0,safe,6.002,42.114,1.778,0,0,0.0,0.0,[],76.9742431640625,73.9639892578125,10.472224235534668,76.6689682006836,79.9797134399414,10.461493492126465,76.39088439941406,73.98965454101562,10.467573165893555
118.6,RUNNING,4,OUTBOUND,0.351,0.962,152.3948,11.127,True,NORMAL,MONITOR,False,{},"[""uav2"", ""uav1"", ""uav0""]",limited,False,{},NONE,NORMAL,SAFE,1.0,IDLE,0.0,0.0,0.0,,,0.0,False,avoidance not required,,{},,,,,,,,,,,0,safe,6.017,42.346,1.785,0,0,0.0,0.0,[],77.20686340332031,74.18891906738281,10.41161823272705,76.89948272705078,80.19971466064453,10.396383285522461,76.6243667602539,74.21334838867188,10.400995254516602
118.8,RUNNING,4,OUTBOUND,0.352,0.962,152.3948,11.127,True,NORMAL,MONITOR,False,{},"[""uav2"", ""uav1"", ""uav0""]",limited,False,{},NONE,NORMAL,SAFE,1.0,IDLE,0.0,0.0,0.0,,,0.0,False,avoidance not required,,{},,,,,,,,,,,0,safe,6.018,42.600,1.784,0,0,0.0,0.0,[],77.43719482421875,74.4068832397461,10.344259262084961,77.12693786621094,80.42635345458984,10.329103469848633,76.86835479736328,74.44905090332031,10.334282875061035
119.0,RUNNING,4,OUTBOUND,0.353,0.962,152.3948,11.127,True,NORMAL,MONITOR,False,{},"[""uav2"", ""uav1"", ""uav0""]",limited,False,{},NONE,NORMAL,SAFE,1.0,IDLE,0.0,0.0,0.0,,,0.0,False,avoidance not required,,{},,,,,,,,,,,0,safe,6.031,42.849,1.787,0,0,0.0,0.0,[],77.66671752929688,74.63273620605469,10.273643493652344,77.35470581054688,80.64551544189453,10.260608673095703,77.09077453613281,74.66182708740234,10.267717361450195
119.2,RUNNING,4,OUTBOUND,0.353,0.9618,152.3609,11.127,True,NORMAL,MONITOR,False,{},"[""uav2"", ""uav1"", ""uav0""]",limited,False,{},NONE,NORMAL,SAFE,1.0,IDLE,0.0,0.0,0.0,,,0.0,False,avoidance not required,,{},,,,,,,,,,,0,safe,6.024,43.106,1.786,0,0,0.0,0.0,[],77.89533996582031,74.85218811035156,10.202439308166504,77.58041381835938,80.87236785888672,10.196154594421387,77.32019805908203,74.8909683227539,10.201321601867676
119.4,RUNNING,4,OUTBOUND,0.354,0.9618,152.3609,11.127,True,NORMAL,MONITOR,False,{},"[""uav2"", ""uav1"", ""uav0""]",limited,False,{},NONE,NORMAL,SAFE,1.0,IDLE,0.0,0.0,0.0,,,0.0,False,avoidance not required,,{},,,,,,,,,,,0,safe,6.025,43.357,1.789,0,0,0.0,0.0,[],78.12033081054688,75.08151245117188,10.137547492980957,77.80763244628906,81.09147644042969,10.129365921020508,77.54890441894531,75.11381530761719,10.127262115478516
119.6,RUNNING,4,OUTBOUND,0.355,0.9616,152.327,11.127,True,NORMAL,MONITOR,False,{},"[""uav2"", ""uav1"", ""uav0""]",limited,False,{},NONE,NORMAL,SAFE,1.0,IDLE,0.0,0.0,0.0,,,0.0,False,avoidance not required,,{},,,,,,,,,,,0,safe,6.029,43.618,1.791,0,0,0.0,0.0,[],78.34608459472656,75.30331420898438,10.066713333129883,78.03829956054688,81.3180160522461,10.0670804977417,77.78080749511719,75.34259796142578,10.053540229797363
119.8,RUNNING,4,OUTBOUND,0.356,0.9616,152.327,11.127,True,NORMAL,MONITOR,False,{},"[""uav2"", ""uav1"", ""uav0""]",limited,False,{},NONE,NORMAL,SAFE,1.0,IDLE,0.0,0.0,0.0,,,0.0,False,avoidance not required,,{},,,,,,,,,,,0,safe,6.035,43.873,1.793,0,0,0.0,0.0,[],78.58247375488281,75.54650115966797,10.000365257263184,78.2691650390625,81.5367202758789,10.000385284423828,78.01171875,75.56471252441406,9.983304977416992
120.0,RUNNING,4,OUTBOUND,0.356,0.9616,152.327,11.127,True,NORMAL,MONITOR,False,{},"[""uav2"", ""uav1"", ""uav0""]",limited,False,{},NONE,NORMAL,SAFE,1.0,IDLE,0.0,0.0,0.0,,,0.0,False,avoidance not required,,{},,,,,,,,,,,0,safe,6.029,44.151,1.792,0,0,0.0,0.0,[],78.81058502197266,75.77006530761719,9.934616088867188,78.4988784790039,81.75914001464844,9.933134078979492,78.24651336669922,75.7923583984375,9.916597366333008
120.2,RUNNING,4,OUTBOUND,0.357,0.9615,152.2931,11.127,True,NORMAL,MONITOR,False,{},"[""uav2"", ""uav1"", ""uav0""]",limited,False,{},NONE,NORMAL,SAFE,1.0,IDLE,0.0,0.0,0.0,,,0.0,False,avoidance not required,,{},,,,,,,,,,,0,safe,6.036,44.410,1.793,0,0,0.0,0.0,[],79.025634765625,75.99065399169922,9.874200820922852,78.72840118408203,81.98579406738281,9.865612983703613,78.47904968261719,76.01758575439453,9.84839153289795
120.4,RUNNING,4,OUTBOUND,0.358,0.9615,152.2931,11.127,True,NORMAL,MONITOR,False,{},"[""uav2"", ""uav1"", ""uav0""]",limited,False,{},NONE,NORMAL,SAFE,1.0,IDLE,0.0,0.0,0.0,,,0.0,False,avoidance not required,,{},,,,,,,,,,,0,safe,6.054,44.664,1.793,0,0,0.0,0.0,[],79.25225830078125,76.2115707397461,9.805262565612793,78.95883178710938,82.20524597167969,9.796592712402344,78.7088394165039,76.23651123046875,9.779032707214355
120.6,RUNNING,4,OUTBOUND,0.359,0.9613,152.2593,11.127,True,NORMAL,MONITOR,False,{},"[""uav2"", ""uav1"", ""uav0""]",limited,False,{},NONE,NORMAL,SAFE,1.0,IDLE,0.0,0.0,0.0,,,0.0,False,avoidance not required,,{},,,,,,,,,,,0,safe,6.057,44.921,1.797,0,0,0.0,0.0,[],79.48474884033203,76.43894958496094,9.734798431396484,79.18885803222656,82.42974090576172,9.732913970947266,78.93553924560547,76.45951843261719,9.714492797851562
120.8,RUNNING,4,OUTBOUND,0.359,0.9613,152.2593,11.127,True,NORMAL,MONITOR,False,{},"[""uav2"", ""uav1"", ""uav0""]",limited,False,{},NONE,NORMAL,SAFE,1.0,IDLE,0.0,0.0,0.0,,,0.0,False,avoidance not required,,{},,,,,,,,,,,0,safe,6.051,45.186,1.795,0,0,0.0,0.0,[],79.71766662597656,76.65839385986328,9.663740158081055,79.4173812866211,82.65819549560547,9.666712760925293,79.17227172851562,76.6894302368164,9.646615028381348
121.0,RUNNING,4,OUTBOUND,0.36,0.9613,152.2593,11.127,True,NORMAL,MONITOR,False,{},"[""uav2"", ""uav1"", ""uav0""]",limited,False,{},NONE,NORMAL,SAFE,1.0,IDLE,0.0,0.0,0.0,,,0.0,False,avoidance not required,,{},,,,,,,,,,,0,safe,6.055,45.445,1.794,0,0,0.0,0.0,[],79.94770812988281,76.88282012939453,9.60006332397461,79.64769744873047,82.87840270996094,9.595788955688477,79.40069580078125,76.90664672851562,9.578057289123535
121.2,RUNNING,4,OUTBOUND,0.361,0.9611,152.2254,11.127,True,NORMAL,MONITOR,False,{},"[""uav2"", ""uav1"", ""uav0""]",limited,False,{},NONE,NORMAL,SAFE,1.0,IDLE,0.0,0.0,0.0,,,0.0,False,avoidance not required,,{},,,,,,,,,,,0,safe,6.053,45.708,1.795,0,0,0.0,0.0,[],80.1790542602539,77.10050201416016,9.5325345993042,79.88118743896484,83.10232543945312,9.523842811584473,79.62191772460938,77.11927795410156,9.51290512084961
121.4,RUNNING,4,OUTBOUND,0.362,0.9611,152.2254,11.127,True,NORMAL,MONITOR,False,{},"[""uav2"", ""uav1"", ""uav0""]",limited,False,{},NONE,NORMAL,SAFE,1.0,IDLE,0.0,0.0,0.0,,,0.0,False,avoidance not required,,{},,,,,,,,,,,0,safe,6.043,45.966,1.796,0,0,0.0,0.0,[],80.41915130615234,77.33314514160156,9.45985221862793,80.11481475830078,83.3202896118164,9.452834129333496,79.85147857666016,77.33718872070312,9.441075325012207
121.6,RUNNING,4,OUTBOUND,0.362,0.961,152.1915,11.127,True,NORMAL,MONITOR,False,{},"[""uav2"", ""uav1"", ""uav0""]",limited,False,{},NONE,NORMAL,SAFE,1.0,IDLE,0.0,0.0,0.0,,,0.0,False,avoidance not required,,{},,,,,,,,,,,0,safe,6.032,46.241,1.793,0,0,0.0,0.0,[],80.6512451171875,77.55094146728516,9.387054443359375,80.35221862792969,83.5436782836914,9.3814115524292,80.08750915527344,77.56961822509766,9.366501808166504
121.8,RUNNING,4,OUTBOUND,0.363,0.961,152.1915,11.127,True,NORMAL,MONITOR,False,{},"[""uav2"", ""uav1"", ""uav0""]",limited,False,{},NONE,NORMAL,SAFE,1.0,IDLE,0.0,0.0,0.0,,,0.0,False,avoidance not required,,{},,,,,,,,,,,0,safe,6.036,46.501,1.788,0,0,0.0,0.0,[],80.87459564208984,77.76470184326172,9.3193998336792,80.58781433105469,83.76221466064453,9.309222221374512,80.30635070800781,77.77999114990234,9.299103736877441
122.0,RUNNING,4,OUTBOUND,0.364,0.961,152.1915,11.127,True,NORMAL,MONITOR,False,{},"[""uav2"", ""uav1"", ""uav0""]",limited,False,{},NONE,NORMAL,SAFE,1.0,IDLE,0.0,0.0,0.0,,,0.0,False,avoidance not required,,{},,,,,,,,,,,0,safe,6.032,46.756,1.801,0,0,0.0,0.0,[],81.10765838623047,77.98213958740234,9.249624252319336,80.82027435302734,83.98606872558594,9.241146087646484,80.53486633300781,78.00016784667969,9.22950553894043
122.2,RUNNING,4,OUTBOUND,0.365,0.9608,152.1576,11.127,True,NORMAL,MONITOR,False,{},"[""uav2"", ""uav1"", ""uav0""]",limited,False,{},NONE,NORMAL,SAFE,1.0,IDLE,0.0,0.0,0.0,,,0.0,False,avoidance not required,,{},,,,,,,,,,,0,safe,6.027,47.016,1.804,0,0,0.0,0.0,[],81.34149932861328,78.20960998535156,9.178214073181152,81.05216979980469,84.2049331665039,9.173345565795898,80.76460266113281,78.21812438964844,9.159863471984863
122.4,RUNNING,4,OUTBOUND,0.365,0.9608,152.1576,11.127,True,NORMAL,MONITOR,False,{},"[""uav2"", ""uav1"", ""uav0""]",limited,False,{},NONE,NORMAL,SAFE,1.0,IDLE,0.0,0.0,0.0,,,0.0,False,avoidance not required,,{},,,,,,,,,,,0,safe,6.023,47.288,1.792,0,0,0.0,0.0,[],81.57505798339844,78.43050384521484,9.108232498168945,81.28692626953125,84.42445373535156,9.10986328125,80.99657440185547,78.4412612915039,9.088988304138184
122.6,RUNNING,4,OUTBOUND,0.366,0.9606,152.1236,11.127,True,NORMAL,MONITOR,False,{},"[""uav2"", ""uav1"", ""uav0""]",limited,False,{},NONE,NORMAL,SAFE,1.0,IDLE,0.0,0.0,0.0,,,0.0,False,avoidance not required,,{},,,,,,,,,,,0,safe,6.022,47.554,1.775,0,0,0.0,0.0,[],81.80622863769531,78.65050506591797,9.042153358459473,81.51978302001953,84.64127349853516,9.04417896270752,81.22816467285156,78.66102600097656,9.020578384399414
122.8,RUNNING,4,OUTBOUND,0.367,0.9606,152.1236,11.127,True,NORMAL,MONITOR,False,{},"[""uav2"", ""uav1"", ""uav0""]",limited,False,{},NONE,NORMAL,SAFE,1.0,IDLE,0.0,0.0,0.0,,,0.0,False,avoidance not required,,{},,,,,,,,,,,0,safe,6.022,47.819,1.746,0,0,0.0,0.0,[],82.03649139404297,78.8663558959961,8.976550102233887,81.75328063964844,84.86280059814453,8.981095314025879,81.46058654785156,78.88002014160156,8.951436996459961
123.0,RUNNING,4,OUTBOUND,0.368,0.9606,152.1236,11.127,True,NORMAL,MONITOR,False,{},"[""uav2"", ""uav1"", ""uav0""]",limited,False,{},NONE,NORMAL,SAFE,1.0,IDLE,0.0,0.0,0.0,,,0.0,False,avoidance not required,,{},,,,,,,,,,,0,safe,6.024,48.080,1.710,0,0,0.0,0.0,[],82.26217651367188,79.08151245117188,8.909577369689941,81.98225402832031,85.07958221435547,8.912588119506836,81.6895751953125,79.09660339355469,8.883865356445312
123.2,RUNNING,4,OUTBOUND,0.368,0.9604,152.0898,11.127,True,NORMAL,MONITOR,False,{},"[""uav2"", ""uav1"", ""uav0""]",limited,False,{},NONE,NORMAL,SAFE,1.0,IDLE,0.0,0.0,0.0,,,0.0,False,avoidance not required,,{},,,,,,,,,,,0,safe,6.027,48.341,1.664,0,0,0.0,0.0,[],82.48612976074219,79.2924575805664,8.843393325805664,82.2022933959961,85.29722595214844,8.839720726013184,81.91224670410156,79.31623077392578,8.815101623535156
123.4,RUNNING,4,OUTBOUND,0.369,0.9604,152.0898,11.127,True,NORMAL,MONITOR,False,{},"[""uav2"", ""uav1"", ""uav0""]",limited,False,{},NONE,NORMAL,SAFE,1.0,IDLE,0.0,0.0,0.0,,,0.0,False,avoidance not required,,{},,,,,,,,,,,0,safe,6.026,48.597,1.610,0,0,0.0,0.0,[],82.70166015625,79.50354766845703,8.777026176452637,82.41925811767578,85.50804901123047,8.772769927978516,82.13094329833984,79.5287094116211,8.75002670288086
123.6,RUNNING,4,OUTBOUND,0.37,0.9603,152.0564,11.127,True,NORMAL,MONITOR,False,{},"[""uav2"", ""uav1"", ""uav0""]",limited,False,{},NONE,NORMAL,SAFE,1.0,IDLE,0.0,0.0,0.0,,,0.0,False,avoidance not required,,{},,,,,,,,,,,0,safe,6.029,48.853,1.549,0,0,0.0,0.0,[],82.91462707519531,79.708251953125,8.71334171295166,82.62630462646484,85.71837615966797,8.701869010925293,82.34355926513672,79.73538208007812,8.68692398071289
123.8,RUNNING,4,OUTBOUND,0.371,0.9603,152.0564,11.127,True,NORMAL,MONITOR,False,{},"[""uav2"", ""uav1"", ""uav0""]",limited,False,{},NONE,NORMAL,SAFE,1.0,IDLE,0.0,0.0,0.0,,,0.0,False,avoidance not required,,{},,,,,,,,,,,0,safe,6.029,49.102,1.481,0,0,0.0,0.0,[],83.12483978271484,79.9114990234375,8.650972366333008,82.83030700683594,85.91984558105469,8.640034675598145,82.55184936523438,79.93470764160156,8.628267288208008
124.0,RUNNING,4,OUTBOUND,0.371,0.9603,152.0564,11.127,True,NORMAL,MONITOR,False,{},"[""uav2"", ""uav1"", ""uav0""]",limited,False,{},NONE,NORMAL,SAFE,1.0,IDLE,0.0,0.0,0.0,,,0.0,False,avoidance not required,,{},,,,,,,,,,,0,safe,6.027,49.349,1.404,0,0,0.0,0.0,[],83.32864379882812,80.10569763183594,8.5928316116333,83.0308837890625,86.11251068115234,8.589240074157715,82.75828552246094,80.1292724609375,8.572481155395508
124.2,RUNNING,4,OUTBOUND,0.372,0.9601,152.0239,11.127,True,NORMAL,MONITOR,False,{},"[""uav2"", ""uav1"", ""uav0""]",limited,False,{},NONE,NORMAL,SAFE,1.0,IDLE,0.0,0.0,0.0,,,0.0,False,avoidance not required,,{},,,,,,,,,,,0,safe,6.030,49.587,1.325,0,0,0.0,0.0,[],83.52645874023438,80.2942123413086,8.535694122314453,83.22512817382812,86.29656982421875,8.537614822387695,82.95564270019531,80.31517791748047,8.520659446716309
124.4,RUNNING,4,OUTBOUND,0.373,0.9601,152.0239,11.127,True,NORMAL,MONITOR,False,{},"[""uav2"", ""uav1"", ""uav0""]",limited,False,{},NONE,NORMAL,SAFE,1.0,IDLE,0.0,0.0,0.0,,,0.0,False,avoidance not required,,{},,,,,,,,,,,0,safe,6.029,49.818,1.240,0,0,0.0,0.0,[],83.7154541015625,80.47323608398438,8.48389720916748,83.41128540039062,86.4758529663086,8.487642288208008,83.1463394165039,80.49444580078125,8.47156047821045
124.6,RUNNING,4,OUTBOUND,0.374,0.96,151.9923,11.127,True,NORMAL,MONITOR,False,{},"[""uav2"", ""uav1"", ""uav0""]",limited,False,{},NONE,NORMAL,SAFE,1.0,IDLE,0.0,0.0,0.0,,,0.0,False,avoidance not required,,{},,,,,,,,,,,0,safe,6.031,50.038,1.159,0,0,0.0,0.0,[],83.8951644897461,80.64580535888672,8.437554359436035,83.58976745605469,86.64543151855469,8.43869686126709,83.32669830322266,80.66319274902344,8.424172401428223
124.8,RUNNING,4,OUTBOUND,0.374,0.96,151.9923,11.127,True,NORMAL,MONITOR,False,{},"[""uav2"", ""uav1"", ""uav0""]",limited,False,{},NONE,NORMAL,SAFE,1.0,IDLE,0.0,0.0,0.0,,,0.0,False,avoidance not required,,{},,,,,,,,,,,0,safe,6.032,50.250,1.076,0,0,0.0,0.0,[],84.06503295898438,80.80742645263672,8.391979217529297,83.7625961303711,86.80709075927734,8.389354705810547,83.5014877319336,80.82154846191406,8.380274772644043
125.0,RUNNING,4,OUTBOUND,0.375,0.96,151.9923,11.127,True,NORMAL,MONITOR,False,{},"[""uav2"", ""uav1"", ""uav0""]",limited,False,{},NONE,NORMAL,SAFE,1.0,IDLE,0.0,0.0,0.0,,,0.0,False,avoidance not required,,{},,,,,,,,,,,0,safe,6.036,50.449,0.989,0,0,0.0,0.0,[],84.22770690917969,80.95929718017578,8.348834037780762,83.92494201660156,86.95855712890625,8.342058181762695,83.66976165771484,80.97655487060547,8.33377742767334
125.2,RUNNING,4,OUTBOUND,0.376,0.9598,151.9616,11.127,True,NORMAL,MONITOR,False,{},"[""uav2"", ""uav1"", ""uav0""]",limited,False,{},NONE,NORMAL,SAFE,1.0,IDLE,0.0,0.0,0.0,,,0.0,False,avoidance not required,,{},,,,,,,,,,,0,safe,6.042,50.637,0.903,0,0,0.0,0.0,[],84.38516998291016,81.10655212402344,8.30490779876709,84.07616424560547,87.09721374511719,8.299065589904785,83.81547546386719,81.11101531982422,8.290698051452637
125.4,RUNNING,4,OUTBOUND,0.377,0.9598,151.9616,11.127,True,NORMAL,MONITOR,False,{},"[""uav2"", ""uav1"", ""uav0""]",limited,False,{},NONE,NORMAL,SAFE,1.0,IDLE,0.0,0.0,0.0,,,0.0,False,avoidance not required,,{},,,,,,,,,,,0,safe,6.030,50.820,0.820,0,0,0.0,0.0,[],84.52082061767578,81.23424530029297,8.265939712524414,84.21721649169922,87.21847534179688,8.254426002502441,83.95316314697266,81.23829650878906,8.252169609069824
125.6,RUNNING,4,OUTBOUND,0.377,0.9597,151.9319,11.127,True,NORMAL,MONITOR,False,{},"[""uav2"", ""uav1"", ""uav0""]",limited,False,{},NONE,NORMAL,SAFE,1.0,IDLE,0.0,0.0,0.0,,,0.0,False,avoidance not required,,{},,,,,,,,,,,0,safe,6.032,50.978,0.742,0,0,0.0,0.0,[],84.65088653564453,81.35726928710938,8.23048210144043,84.34754180908203,87.33460998535156,8.218626022338867,84.0792007446289,81.35749816894531,8.217041969299316
125.8,RUNNING,4,OUTBOUND,0.378,0.9597,151.9319,11.127,True,NORMAL,MONITOR,False,{},"[""uav2"", ""uav1"", ""uav0""]",limited,False,{},NONE,NORMAL,SAFE,1.0,IDLE,0.0,0.0,0.0,,,0.0,False,avoidance not required,,{},,,,,,,,,,,0,safe,6.028,51.131,0.663,0,0,0.0,0.0,[],84.77522277832031,81.46574401855469,8.190114974975586,84.47109985351562,87.44097900390625,8.184358596801758,84.19329071044922,81.46688079833984,8.18559741973877
126.0,RUNNING,4,OUTBOUND,0.379,0.9597,151.9319,11.127,True,NORMAL,MONITOR,False,{},"[""uav2"", ""uav1"", ""uav0""]",limited,False,{},NONE,NORMAL,SAFE,1.0,IDLE,0.0,0.0,0.0,,,0.0,False,avoidance not required,,{},,,,,,,,,,,0,safe,6.018,51.268,0.582,0,0,0.0,0.0,[],84.88761901855469,81.56147003173828,8.158832550048828,84.58208465576172,87.54190826416016,8.154891967773438,84.29656982421875,81.56812286376953,8.156885147094727
126.2,RUNNING,4,OUTBOUND,0.38,0.9595,151.9029,11.127,True,NORMAL,MONITOR,False,{},"[""uav2"", ""uav1"", ""uav0""]",limited,False,{},NONE,NORMAL,SAFE,1.0,IDLE,0.0,0.0,0.0,,,0.0,False,avoidance not required,,{},,,,,,,,,,,0,safe,6.009,51.390,0.501,0,0,0.0,0.0,[],84.98706817626953,81.65077209472656,8.132892608642578,84.6771469116211,87.63587951660156,8.126317024230957,84.39176177978516,81.66170501708984,8.126375198364258
126.4,RUNNING,4,OUTBOUND,0.38,0.9595,151.9029,11.127,True,NORMAL,MONITOR,False,{},"[""uav2"", ""uav1"", ""uav0""]",limited,False,{},NONE,NORMAL,SAFE,1.0,IDLE,0.0,0.0,0.0,,,0.0,False,avoidance not required,,{},,,,,,,,,,,0,safe,6.005,51.503,0.420,0,0,0.0,0.0,[],85.07524108886719,81.72742462158203,8.109569549560547,84.7599105834961,87.7164077758789,8.102336883544922,84.4703369140625,81.73612976074219,8.100279808044434
126.6,RUNNING,4,OUTBOUND,0.381,0.9594,151.8746,11.127,True,NORMAL,MONITOR,False,{},"[""uav2"", ""uav1"", ""uav0""]",limited,False,{},NONE,NORMAL,SAFE,1.0,IDLE,0.0,0.0,0.0,,,0.0,False,avoidance not required,,{},,,,,,,,,,,0,safe,5.995,51.600,0.345,0,0,0.0,0.0,[],85.15209197998047,81.7984848022461,8.088616371154785,84.83458709716797,87.79078674316406,8.082250595092773,84.5427017211914,81.80660247802734,8.07836627960205
126.8,RUNNING,4,OUTBOUND,0.382,0.9594,151.8746,11.127,True,NORMAL,MONITOR,False,{},"[""uav2"", ""uav1"", ""uav0""]",limited,False,{},NONE,NORMAL,SAFE,1.0,IDLE,0.0,0.0,0.0,,,0.0,False,avoidance not required,,{},,,,,,,,,,,0,safe,5.991,51.689,0.265,0,0,0.0,0.0,[],85.2159652709961,81.85897827148438,8.06702709197998,84.89813995361328,87.85515594482422,8.063948631286621,84.60388946533203,81.8642807006836,8.058342933654785
127.0,RUNNING,5,DELIVERY_FORMATION,0.383,0.9594,151.8746,11.127,True,NORMAL,MONITOR,False,{},"[""uav2"", ""uav1"", ""uav0""]",limited,False,{},NONE,NORMAL,SAFE,1.0,IDLE,0.0,0.0,0.0,,,0.0,False,avoidance not required,,{},,,,,,,,,,,0,safe,5.987,51.831,0.110,0,0,0.0,0.0,[],85.27011108398438,81.91325378417969,8.051100730895996,84.9535903930664,87.9127426147461,8.04745101928711,84.65664672851562,81.91592407226562,8.042275428771973
127.2,RUNNING,5,DELIVERY_FORMATION,0.383,0.9592,151.8469,11.127,True,NORMAL,MONITOR,False,{},"[""uav2"", ""uav1"", ""uav0""]",limited,False,{},NONE,NORMAL,SAFE,1.0,IDLE,0.0,0.0,0.0,,,0.0,False,avoidance not required,,{},,,,,,,,,,,0,safe,5.987,51.831,0.110,0,0,0.0,0.0,[],85.31024169921875,81.9537353515625,8.040982246398926,84.9976577758789,87.9567642211914,8.03210163116455,84.70060729980469,81.9579849243164,8.023092269897461
127.4,RUNNING,5,DELIVERY_FORMATION,0.384,0.9592,151.8469,11.127,True,NORMAL,MONITOR,False,{},"[""uav2"", ""uav1"", ""uav0""]",limited,False,{},NONE,NORMAL,SAFE,1.0,IDLE,0.0,0.0,0.0,,,0.0,False,avoidance not required,,{},,,,,,,,,,,0,safe,5.990,51.881,0.094,0,0,0.0,0.0,[],85.34362030029297,81.99075317382812,8.030863761901855,85.03385162353516,87.99331665039062,8.023396492004395,84.7332763671875,81.99105834960938,8.014988899230957
127.6,RUNNING,5,DELIVERY_FORMATION,0.385,0.9591,151.8193,11.127,True,NORMAL,MONITOR,False,{},"[""uav2"", ""uav1"", ""uav0""]",limited,False,{},NONE,NORMAL,SAFE,1.0,IDLE,0.0,0.0,0.0,,,0.0,False,avoidance not required,,{},,,,,,,,,,,0,safe,5.990,51.926,0.120,0,0,0.0,0.0,[],85.36475372314453,82.0135726928711,8.021163940429688,85.05646514892578,88.01534271240234,8.016976356506348,84.75713348388672,82.0166015625,8.013419151306152
127.8,RUNNING,5,DELIVERY_FORMATION,0.386,0.9591,151.8193,11.127,True,NORMAL,MONITOR,False,{},"[""uav2"", ""uav1"", ""uav0""]",limited,False,{},NONE,NORMAL,SAFE,1.0,IDLE,0.0,0.0,0.0,,,0.0,False,avoidance not required,,{},,,,,,,,,,,0,safe,5.992,51.954,0.198,0,0,0.0,0.0,[],85.38079071044922,82.0392837524414,8.016159057617188,85.07443237304688,88.02706909179688,8.01181411743164,84.77513885498047,82.04268646240234,8.011495590209961
128.0,RUNNING,5,DELIVERY_FORMATION,0.386,0.9591,151.8193,11.127,True,NORMAL,MONITOR,False,{},"[""uav2"", ""uav1"", ""uav0""]",limited,False,{},NONE,NORMAL,SAFE,1.0,IDLE,0.0,0.0,0.0,,,0.0,False,avoidance not required,,{},,,,,,,,,,,0,safe,5.994,51.983,0.310,0,0,0.0,0.0,[],85.38668060302734,82.06024169921875,8.012962341308594,85.08383178710938,88.01929473876953,8.009942054748535,84.78372955322266,82.0665512084961,8.006756782531738
128.2,RUNNING,5,DELIVERY_FORMATION,0.387,0.959,151.7915,11.127,True,NORMAL,MONITOR,False,{},"[""uav2"", ""uav1"", ""uav0""]",limited,False,{},NONE,NORMAL,SAFE,1.0,IDLE,0.0,0.0,0.0,,,0.0,False,avoidance not required,,{},,,,,,,,,,,0,safe,5.997,52.004,0.419,0,0,0.0,0.0,[],85.38872528076172,82.08992004394531,8.009987831115723,85.09075164794922,87.99988555908203,8.007906913757324,84.79025268554688,82.09867095947266,8.004319190979004
128.4,RUNNING,5,DELIVERY_FORMATION,0.388,0.959,151.7915,11.127,True,NORMAL,MONITOR,False,{},"[""uav2"", ""uav1"", ""uav0""]",limited,False,{},NONE,NORMAL,SAFE,1.0,IDLE,0.0,0.0,0.0,,,0.0,False,avoidance not required,,{},,,,,,,,,,,0,safe,6.008,52.065,0.638,0,0,0.0,0.0,[],85.38105773925781,82.12423706054688,8.003175735473633,85.08639526367188,87.9608383178711,8.005277633666992,84.7889633178711,82.13774871826172,8.0023193359375
128.6,RUNNING,5,DELIVERY_FORMATION,0.389,0.9588,151.7634,11.127,True,NORMAL,MONITOR,False,{},"[""uav2"", ""uav1"", ""uav0""]",limited,False,{},NONE,NORMAL,SAFE,1.0,IDLE,0.0,0.0,0.0,,,0.0,False,avoidance not required,,{},,,,,,,,,,,0,safe,6.008,52.065,0.638,0,0,0.0,0.0,[],85.37277221679688,82.17354583740234,8.000255584716797,85.08306121826172,87.90721130371094,8.002622604370117,84.79007720947266,82.18865203857422,8.002878189086914
128.8,RUNNING,5,DELIVERY_FORMATION,0.389,0.9588,151.7634,11.127,True,NORMAL,MONITOR,False,{},"[""uav2"", ""uav1"", ""uav0""]",limited,False,{},NONE,NORMAL,SAFE,1.0,IDLE,0.0,0.0,0.0,,,0.0,False,avoidance not required,,{},,,,,,,,,,,0,safe,6.017,52.110,0.742,0,0,0.0,0.0,[],85.35185241699219,82.23758697509766,7.999223232269287,85.0714340209961,87.83499145507812,7.997950553894043,84.79008483886719,82.25659942626953,8.000697135925293
129.0,RUNNING,5,DELIVERY_FORMATION,0.39,0.9588,151.7634,11.127,True,NORMAL,MONITOR,False,{},"[""uav2"", ""uav1"", ""uav0""]",limited,False,{},NONE,NORMAL,SAFE,1.0,IDLE,0.0,0.0,0.0,,,0.0,False,avoidance not required,,{},,,,,,,,,,,0,safe,6.038,52.166,0.835,0,0,0.0,0.0,[],85.33409118652344,82.32146453857422,7.99916410446167,85.06387329101562,87.7459487915039,7.9951324462890625,84.79215240478516,82.33678436279297,7.998215198516846
129.2,RUNNING,5,DELIVERY_FORMATION,0.391,0.9587,151.7353,11.127,True,NORMAL,MONITOR,False,{},"[""uav2"", ""uav1"", ""uav0""]",limited,False,{},NONE,NORMAL,SAFE,1.0,IDLE,0.0,0.0,0.0,,,0.0,False,avoidance not required,,{},,,,,,,,,,,0,safe,6.058,52.242,0.918,0,0,0.0,0.0,[],85.3052978515625,82.41651916503906,7.99646520614624,85.04871368408203,87.63095092773438,7.990519046783447,84.78602600097656,82.43106842041016,7.997501373291016
129.4,RUNNING,5,DELIVERY_FORMATION,0.392,0.9587,151.7353,11.127,True,NORMAL,MONITOR,False,{},"[""uav2"", ""uav1"", ""uav0""]",limited,False,{},NONE,NORMAL,SAFE,1.0,IDLE,0.0,0.0,0.0,,,0.0,False,avoidance not required,,{},,,,,,,,,,,0,safe,6.022,52.326,0.980,0,0,0.0,0.0,[],85.28211975097656,82.53663635253906,7.995601177215576,85.03971099853516,87.50365447998047,7.989218235015869,84.78535461425781,82.54478454589844,7.996888637542725
129.6,RUNNING,5,DELIVERY_FORMATION,0.392,0.9585,151.7066,11.127,True,NORMAL,MONITOR,False,{},"[""uav2"", ""uav1"", ""uav0""]",limited,False,{},NONE,NORMAL,SAFE,1.0,IDLE,0.0,0.0,0.0,,,0.0,False,avoidance not required,,{},,,,,,,,,,,0,safe,5.597,52.536,1.071,0,0,0.0,0.0,[],85.24664306640625,82.65087890625,7.993235111236572,85.02433013916016,87.36367797851562,7.990939617156982,84.77305603027344,82.67033386230469,7.993433952331543
129.8,RUNNING,5,DELIVERY_FORMATION,0.393,0.9585,151.7066,11.127,True,NORMAL,MONITOR,False,{},"[""uav2"", ""uav1"", ""uav0""]",limited,False,{},NONE,NORMAL,SAFE,1.0,IDLE,0.0,0.0,0.0,,,0.0,False,avoidance not required,,{},,,,,,,,,,,0,safe,5.597,52.536,1.071,0,0,0.0,0.0,[],85.21881103515625,82.79647064208984,7.9936041831970215,85.01628112792969,87.21240234375,7.992480278015137,84.77108001708984,82.8145751953125,7.991561412811279
130.0,RUNNING,5,DELIVERY_FORMATION,0.394,0.9585,151.7066,11.127,True,NORMAL,MONITOR,False,{},"[""uav2"", ""uav1"", ""uav0""]",limited,False,{},NONE,NORMAL,SAFE,1.0,IDLE,0.0,0.0,0.0,,,0.0,False,avoidance not required,,{},,,,,,,,,,,0,safe,5.355,52.669,1.097,0,0,0.0,0.0,[],85.18009185791016,82.94206237792969,7.99592399597168,85.00189208984375,87.0484848022461,7.996210098266602,84.76142883300781,82.97357940673828,7.987864971160889
130.2,RUNNING,5,DELIVERY_FORMATION,0.395,0.9584,151.6774,11.127,True,NORMAL,MONITOR,False,{},"[""uav2"", ""uav1"", ""uav0""]",limited,False,{},NONE,NORMAL,SAFE,1.0,IDLE,0.0,0.0,0.0,,,0.0,False,avoidance not required,,{},,,,,,,,,,,0,safe,5.096,52.799,1.117,0,0,0.0,0.0,[],85.15252685546875,83.10823059082031,7.997533798217773,84.99688720703125,86.87712860107422,7.997650146484375,84.76595306396484,83.14421844482422,7.985751152038574
130.4,RUNNING,5,DELIVERY_FORMATION,0.395,0.9584,151.6774,11.127,True,NORMAL,MONITOR,False,{},"[""uav2"", ""uav1"", ""uav0""]",limited,False,{},NONE,NORMAL,SAFE,1.0,IDLE,0.0,0.0,0.0,,,0.0,False,avoidance not required,,{},,,,,,,,,,,0,safe,4.833,52.952,1.115,0,0,0.0,0.0,[],85.11659240722656,83.28692626953125,7.996283531188965,84.98228454589844,86.70003509521484,7.996037483215332,84.77171325683594,83.32373046875,7.984187126159668
130.6,RUNNING,5,DELIVERY_FORMATION,0.396,0.9582,151.6479,11.127,True,NORMAL,MONITOR,False,{},"[""uav2"", ""uav1"", ""uav0""]",limited,False,{},NONE,NORMAL,SAFE,1.0,IDLE,0.0,0.0,0.0,,,0.0,False,avoidance not required,,{},,,,,,,,,,,0,safe,4.576,53.115,1.090,0,0,0.0,0.0,[],85.09386444091797,83.47138977050781,7.995827674865723,84.97799682617188,86.51919555664062,7.994357109069824,84.78688049316406,83.50804901123047,7.984966278076172
130.8,RUNNING,5,DELIVERY_FORMATION,0.397,0.9582,151.6479,11.127,True,NORMAL,MONITOR,False,{},"[""uav2"", ""uav1"", ""uav0""]",limited,False,{},NONE,NORMAL,SAFE,1.0,IDLE,0.0,0.0,0.0,,,0.0,False,avoidance not required,,{},,,,,,,,,,,0,safe,4.328,53.288,1.048,0,0,0.0,0.0,[],85.061279296875,83.6679458618164,7.993114471435547,84.97276306152344,86.33686065673828,7.9923930168151855,84.79537963867188,83.70561218261719,7.984719753265381
131.0,RUNNING,5,DELIVERY_FORMATION,0.398,0.9582,151.6479,11.127,True,NORMAL,MONITOR,False,{},"[""uav2"", ""uav1"", ""uav0""]",limited,False,{},NONE,NORMAL,SAFE,1.0,IDLE,0.0,0.0,0.0,,,0.0,False,avoidance not required,,{},,,,,,,,,,,0,safe,4.083,53.469,0.985,0,0,0.0,0.0,[],85.04261779785156,83.85897827148438,7.991877555847168,84.97510528564453,86.1554946899414,7.991877555847168,84.81272888183594,83.8846664428711,7.984857559204102
131.2,RUNNING,5,DELIVERY_FORMATION,0.398,0.9581,151.6187,11.127,True,NORMAL,MONITOR,False,{},"[""uav2"", ""uav1"", ""uav0""]",limited,False,{},NONE,NORMAL,SAFE,1.0,IDLE,0.0,0.0,0.0,,,0.0,False,avoidance not required,,{},,,,,,,,,,,0,safe,3.873,53.649,0.916,0,0,0.0,0.0,[],85.01656341552734,84.05150604248047,7.990804672241211,84.97264099121094,85.97708892822266,7.990067958831787,84.82727813720703,84.0772705078125,7.984431743621826
131.4,RUNNING,5,DELIVERY_FORMATION,0.399,0.9581,151.6187,11.127,True,NORMAL,MONITOR,False,{},"[""uav2"", ""uav1"", ""uav0""]",limited,False,{},NONE,NORMAL,SAFE,1.0,IDLE,0.0,0.0,0.0,,,0.0,False,avoidance not required,,{},,,,,,,,,,,0,safe,3.683,53.828,0.831,0,0,0.0,0.0,[],85.0028305053711,84.23121643066406,7.990810871124268,84.97606658935547,85.80583953857422,7.989639759063721,84.8478012084961,84.2454605102539,7.9838032722473145
131.6,RUNNING,5,DELIVERY_FORMATION,0.4,0.9579,151.5898,11.127,True,NORMAL,MONITOR,False,{},"[""uav2"", ""uav1"", ""uav0""]",limited,False,{},NONE,NORMAL,SAFE,1.0,IDLE,0.0,0.0,0.0,,,0.0,False,avoidance not required,,{},,,,,,,,,,,0,safe,3.535,53.999,0.732,0,0,0.0,0.0,[],84.98202514648438,84.40546417236328,7.988621711730957,84.97372436523438,85.64945220947266,7.989568710327148,84.86449432373047,84.41267395019531,7.979879379272461
131.8,RUNNING,5,DELIVERY_FORMATION,0.401,0.9579,151.5898,11.127,True,NORMAL,MONITOR,False,{},"[""uav2"", ""uav1"", ""uav0""]",limited,False,{},NONE,NORMAL,SAFE,1.0,IDLE,0.0,0.0,0.0,,,0.0,False,avoidance not required,,{},,,,,,,,,,,0,safe,3.422,54.162,0.625,0,0,0.0,0.0,[],84.97261047363281,84.56111907958984,7.9886908531188965,84.9775161743164,85.50236511230469,7.990999221801758,84.88713836669922,84.56571960449219,7.979790210723877
132.0,RUNNING,6,DELIVERY_DESCENT,0.401,0.9579,151.5898,11.127,True,NORMAL,MONITOR,False,{},"[""uav2"", ""uav1"", ""uav0""]",limited,False,{},NONE,NORMAL,SAFE,1.0,IDLE,0.0,0.0,0.0,,,0.0,False,avoidance not required,,{},,,,,,,,,,,0,safe,3.344,54.310,0.501,0,0,0.0,0.0,[],84.96192169189453,84.71451568603516,7.987514972686768,84.97817993164062,85.37188720703125,7.995724201202393,84.9052505493164,84.71312713623047,7.9794392585754395
132.2,RUNNING,6,DELIVERY_DESCENT,0.402,0.9578,151.5612,11.127,True,NORMAL,MONITOR,False,{},"[""uav2"", ""uav1"", ""uav0""]",limited,False,{},NONE,NORMAL,SAFE,1.0,IDLE,0.0,0.0,0.0,,,0.0,False,avoidance not required,,{},,,,,,,,,,,0,safe,3.294,54.456,0.373,0,0,0.0,0.0,[],84.96052551269531,84.8403549194336,7.9877424240112305,84.98303985595703,85.25514221191406,7.9979777336120605,84.92665100097656,84.83733367919922,7.980169773101807
132.4,RUNNING,6,DELIVERY_DESCENT,0.403,0.9578,151.5612,11.127,True,NORMAL,MONITOR,False,{},"[""uav2"", ""uav1"", ""uav0""]",limited,False,{},NONE,NORMAL,SAFE,1.0,IDLE,0.0,0.0,0.0,,,0.0,False,avoidance not required,,{},,,,,,,,,,,0,safe,3.272,54.686,0.179,0,0,0.0,0.0,[],84.9566650390625,84.95368194580078,7.984299659729004,84.97896575927734,85.16207885742188,7.990733623504639,84.9443130493164,84.94698333740234,7.973470211029053
132.6,RUNNING,6,DELIVERY_DESCENT,0.404,0.9577,151.5329,11.127,True,NORMAL,MONITOR,False,{},"[""uav2"", ""uav1"", ""uav0""]",limited,False,{},NONE,NORMAL,SAFE,1.0,IDLE,0.0,0.0,0.0,,,0.0,False,avoidance not required,,{},,,,,,,,,,,0,safe,3.272,54.686,0.179,0,0,0.0,0.0,[],84.9599380493164,85.03707122802734,7.9744768142700195,84.98095703125,85.08302307128906,7.97782039642334,84.96343994140625,85.03053283691406,7.963022232055664
132.8,RUNNING,6,DELIVERY_DESCENT,0.404,0.9577,151.5329,11.127,True,NORMAL,MONITOR,False,{},"[""uav2"", ""uav1"", ""uav0""]",limited,False,{},NONE,NORMAL,SAFE,1.0,IDLE,0.0,0.0,0.0,,,0.0,False,avoidance not required,,{},,,,,,,,,,,0,safe,3.283,54.768,0.153,0,0,0.0,0.0,[],84.95954895019531,85.11215209960938,7.947226524353027,84.97688293457031,85.0311279296875,7.96067476272583,84.98074340820312,85.09967041015625,7.9497761726379395
133.0,RUNNING,6,DELIVERY_DESCENT,0.405,0.9577,151.5329,11.127,True,NORMAL,MONITOR,False,{},"[""uav2"", ""uav1"", ""uav0""]",limited,False,{},NONE,NORMAL,SAFE,1.0,IDLE,0.0,0.0,0.0,,,0.0,False,avoidance not required,,{},,,,,,,,,,,0,safe,3.305,54.841,0.213,0,0,0.0,0.0,[],84.96404266357422,85.15538024902344,7.913703441619873,84.97840881347656,84.9881591796875,7.928437232971191,84.99641418457031,85.1452407836914,7.919070243835449
133.2,RUNNING,6,DELIVERY_DESCENT,0.406,0.9575,151.5043,11.127,True,NORMAL,MONITOR,False,{},"[""uav2"", ""uav1"", ""uav0""]",limited,False,{},NONE,NORMAL,SAFE,1.0,IDLE,0.0,0.0,0.0,,,0.0,False,avoidance not required,,{},,,,,,,,,,,0,safe,3.319,54.884,0.282,0,0,0.0,0.0,[],84.97211456298828,85.19756317138672,7.872249126434326,84.9709701538086,84.96343994140625,7.883847236633301,85.00725555419922,85.17839050292969,7.873367786407471
133.4,RUNNING,6,DELIVERY_DESCENT,0.407,0.9575,151.5043,11.127,True,NORMAL,MONITOR,False,{},"[""uav2"", ""uav1"", ""uav0""]",limited,False,{},NONE,NORMAL,SAFE,1.0,IDLE,0.0,0.0,0.0,,,0.0,False,avoidance not required,,{},,,,,,,,,,,0,safe,3.307,54.926,0.350,0,0,0.0,0.0,[],84.98138427734375,85.21497344970703,7.818098068237305,84.9705810546875,84.94406127929688,7.825538158416748,85.01738739013672,85.19326782226562,7.8164143562316895
133.6,RUNNING,6,DELIVERY_DESCENT,0.407,0.9574,151.4759,11.127,True,NORMAL,MONITOR,False,{},"[""uav2"", ""uav1"", ""uav0""]",limited,False,{},NONE,NORMAL,SAFE,1.0,IDLE,0.0,0.0,0.0,,,0.0,False,avoidance not required,,{},,,,,,,,,,,0,safe,3.300,54.946,0.397,0,0,0.0,0.0,[],84.98931884765625,85.22770690917969,7.751742362976074,84.96273040771484,84.94226837158203,7.763611316680908,85.03021240234375,85.2033920288086,7.7478766441345215
133.8,RUNNING,6,DELIVERY_DESCENT,0.408,0.9574,151.4759,11.127,True,NORMAL,MONITOR,False,{},"[""uav2"", ""uav1"", ""uav0""]",limited,False,{},NONE,NORMAL,SAFE,1.0,IDLE,0.0,0.0,0.0,,,0.0,False,avoidance not required,,{},,,,,,,,,,,0,safe,3.286,54.960,0.431,0,0,0.0,0.0,[],84.9970932006836,85.22262573242188,7.676946640014648,84.95697021484375,84.95063781738281,7.685689449310303,85.03943634033203,85.19984436035156,7.671757221221924
134.0,RUNNING,6,DELIVERY_DESCENT,0.409,0.9574,151.4759,11.127,True,NORMAL,MONITOR,False,{},"[""uav2"", ""uav1"", ""uav0""]",limited,False,{},NONE,NORMAL,SAFE,1.0,IDLE,0.0,0.0,0.0,,,0.0,False,avoidance not required,,{},,,,,,,,,,,0,safe,3.271,54.957,0.446,0,0,0.0,0.0,[],85.01049041748047,85.22238159179688,7.599728584289551,84.95800018310547,84.9560546875,7.603420734405518,85.04804992675781,85.19461822509766,7.589280128479004
134.2,RUNNING,6,DELIVERY_DESCENT,0.41,0.9572,151.4419,11.127,True,NORMAL,MONITOR,False,{},"[""uav2"", ""uav1"", ""uav0""]",limited,False,{},NONE,NORMAL,SAFE,1.0,IDLE,0.0,0.0,0.0,,,0.0,False,avoidance not required,,{},,,,,,,,,,,0,safe,3.258,54.960,0.455,0,0,0.0,0.0,[],85.02020263671875,85.20743560791016,7.519262313842773,84.9586181640625,84.97132110595703,7.521308422088623,85.05409240722656,85.17869567871094,7.5028977394104
134.4,RUNNING,6,DELIVERY_DESCENT,0.41,0.9572,151.4419,11.127,True,NORMAL,MONITOR,False,{},"[""uav2"", ""uav1"", ""uav0""]",limited,False,{},NONE,NORMAL,SAFE,1.0,IDLE,0.0,0.0,0.0,,,0.0,False,avoidance not required,,{},,,,,,,,,,,0,safe,3.247,54.948,0.444,0,0,0.0,0.0,[],85.03551483154297,85.19613647460938,7.439545154571533,84.96321868896484,84.9805679321289,7.439464092254639,85.06207275390625,85.16169738769531,7.425756931304932
134.6,RUNNING,6,DELIVERY_DESCENT,0.411,0.9571,151.4135,11.127,True,NORMAL,MONITOR,False,{},"[""uav2"", ""uav1"", ""uav0""]",limited,False,{},NONE,NORMAL,SAFE,1.0,IDLE,0.0,0.0,0.0,,,0.0,False,avoidance not required,,{},,,,,,,,,,,0,safe,3.235,54.941,0.424,0,0,0.0,0.0,[],85.04425048828125,85.17457580566406,7.362061977386475,84.96998596191406,84.99526977539062,7.36488676071167,85.06561279296875,85.14014434814453,7.348658561706543
134.8,RUNNING,6,DELIVERY_DESCENT,0.412,0.9571,151.4135,11.127,True,NORMAL,MONITOR,False,{},"[""uav2"", ""uav1"", ""uav0""]",limited,False,{},NONE,NORMAL,SAFE,1.0,IDLE,0.0,0.0,0.0,,,0.0,False,avoidance not required,,{},,,,,,,,,,,0,safe,3.231,54.922,0.384,0,0,0.0,0.0,[],85.05390167236328,85.15910339355469,7.287773132324219,84.97434997558594,85.0168228149414,7.299566745758057,85.07028198242188,85.12171173095703,7.280057907104492
135.0,RUNNING,7,DELIVERY_RELEASE,0.413,0.9571,151.4135,11.127,True,NORMAL,MONITOR,False,{},"[""uav2"", ""uav1"", ""uav0""]",limited,False,{},NONE,NORMAL,SAFE,1.0,IDLE,0.0,0.0,0.0,,,0.0,False,avoidance not required,,{},,,,,,,,,,,0,safe,3.224,54.910,0.332,0,0,0.0,0.0,[],85.05810546875,85.1373519897461,7.223895072937012,84.98069763183594,85.02836608886719,7.2383222579956055,85.07083892822266,85.1014175415039,7.2198333740234375
135.2,RUNNING,7,DELIVERY_RELEASE,0.413,0.9569,151.3853,11.127,True,NORMAL,MONITOR,False,{},"[""uav2"", ""uav1"", ""uav0""]",limited,False,{},NONE,NORMAL,SAFE,1.0,IDLE,0.0,0.0,0.0,,,0.0,False,avoidance not required,,{},,,,,,,,,,,0,safe,3.224,54.890,0.269,0,0,0.0,0.0,[],85.06788635253906,85.12395477294922,7.173312187194824,84.99083709716797,85.04424285888672,7.1857147216796875,85.07341003417969,85.08528137207031,7.174156188964844
135.4,RUNNING,7,DELIVERY_RELEASE,0.414,0.9569,151.3853,11.127,True,NORMAL,MONITOR,False,{},"[""uav2"", ""uav1"", ""uav0""]",limited,False,{},NONE,NORMAL,SAFE,1.0,IDLE,0.0,0.0,0.0,,,0.0,False,avoidance not required,,{},,,,,,,,,,,0,safe,3.224,54.879,0.224,0,0,0.0,0.0,[],85.07086181640625,85.105712890625,7.135032653808594,84.99983215332031,85.04979705810547,7.1458740234375,85.07206726074219,85.06942749023438,7.138180255889893
135.6,RUNNING,7,DELIVERY_RELEASE,0.415,0.9568,151.3573,11.127,True,NORMAL,MONITOR,False,{},"[""uav2"", ""uav1"", ""uav0""]",limited,False,{},NONE,NORMAL,SAFE,1.0,IDLE,0.0,0.0,0.0,,,0.0,False,avoidance not required,,{},,,,,,,,,,,0,safe,3.229,54.862,0.186,0,0,0.0,0.0,[],85.07714080810547,85.09733581542969,7.105828285217285,85.00799560546875,85.05777740478516,7.114283084869385,85.07258605957031,85.06116485595703,7.114380359649658
135.8,RUNNING,7,DELIVERY_RELEASE,0.416,0.9568,151.3573,11.127,True,NORMAL,MONITOR,False,{},"[""uav2"", ""uav1"", ""uav0""]",limited,False,{},NONE,NORMAL,SAFE,1.0,IDLE,0.0,0.0,0.0,,,0.0,False,avoidance not required,,{},,,,,,,,,,,0,safe,3.231,54.856,0.163,0,0,0.0,0.0,[],85.07655334472656,85.0835952758789,7.085400104522705,85.01444244384766,85.05752563476562,7.091489791870117,85.06995391845703,85.05229187011719,7.095590114593506
136.0,RUNNING,7,DELIVERY_RELEASE,0.416,0.9568,151.3573,11.127,True,NORMAL,MONITOR,False,{},"[""uav2"", ""uav1"", ""uav0""]",limited,False,{},NONE,NORMAL,SAFE,1.0,IDLE,0.0,0.0,0.0,,,0.0,False,avoidance not required,,{},,,,,,,,,,,0,safe,3.238,54.842,0.142,0,0,0.0,0.0,[],85.07743072509766,85.07772064208984,7.071519374847412,85.02214050292969,85.05950927734375,7.078760147094727,85.06947326660156,85.05021667480469,7.083837032318115
136.2,RUNNING,7,DELIVERY_RELEASE,0.417,0.9566,151.3297,11.127,True,NORMAL,MONITOR,False,{},"[""uav2"", ""uav1"", ""uav0""]",limited,False,{},NONE,NORMAL,SAFE,1.0,IDLE,0.0,0.0,0.0,,,0.0,False,avoidance not required,,{},,,,,,,,,,,0,safe,3.245,54.837,0.131,0,0,0.0,0.0,[],85.07337951660156,85.06709289550781,7.061358451843262,85.02741241455078,85.05477905273438,7.066640853881836,85.06582641601562,85.04568481445312,7.071779251098633
136.4,RUNNING,7,DELIVERY_RELEASE,0.418,0.9566,151.3297,11.127,True,NORMAL,MONITOR,False,{},"[""uav2"", ""uav1"", ""uav0""]",limited,False,{},NONE,NORMAL,SAFE,1.0,IDLE,0.0,0.0,0.0,,,0.0,False,avoidance not required,,{},,,,,,,,,,,0,safe,3.254,54.825,0.117,0,0,0.0,0.0,[],85.07244873046875,85.06288146972656,7.054184436798096,85.03839111328125,85.05733489990234,7.058343410491943,85.06534576416016,85.04827117919922,7.059912204742432
136.6,RUNNING,7,DELIVERY_RELEASE,0.419,0.9565,151.3023,11.127,True,NORMAL,MONITOR,False,{},"[""uav2"", ""uav1"", ""uav0""]",limited,False,{},NONE,NORMAL,SAFE,1.0,IDLE,0.0,0.0,0.0,,,0.0,False,avoidance not required,,{},,,,,,,,,,,0,safe,3.266,54.821,0.110,0,0,0.0,0.0,[],85.06713104248047,85.05353546142578,7.0468339920043945,85.04338073730469,85.05280303955078,7.052070140838623,85.06177520751953,85.0466079711914,7.051052093505859
136.8,RUNNING,7,DELIVERY_RELEASE,0.419,0.9565,151.3023,11.127,True,NORMAL,MONITOR,False,{},"[""uav2"", ""uav1"", ""uav0""]",limited,False,{},NONE,NORMAL,SAFE,1.0,IDLE,0.0,0.0,0.0,,,0.0,False,avoidance not required,,{},,,,,,,,,,,0,safe,3.276,54.811,0.098,0,0,0.0,0.0,[],85.0654067993164,85.05638122558594,7.041050434112549,85.05601501464844,85.0496826171875,7.05052375793457,85.06279754638672,85.04801940917969,7.04482889175415
137.0,RUNNING,7,DELIVERY_RELEASE,0.42,0.9565,151.3023,11.127,True,NORMAL,MONITOR,False,{},"[""uav2"", ""uav1"", ""uav0""]",limited,False,{},NONE,NORMAL,SAFE,1.0,IDLE,0.0,0.0,0.0,,,0.0,False,avoidance not required,,{},,,,,,,,,,,0,safe,3.291,54.813,0.096,0,0,0.0,0.0,[],85.0593032836914,85.05282592773438,7.0377092361450195,85.06092071533203,85.04187774658203,7.047790050506592,85.06004333496094,85.04590606689453,7.0407867431640625
137.2,RUNNING,7,DELIVERY_RELEASE,0.421,0.9564,151.2753,11.127,True,NORMAL,MONITOR,False,{},"[""uav2"", ""uav1"", ""uav0""]",limited,False,{},NONE,NORMAL,SAFE,1.0,IDLE,0.0,0.0,0.0,,,0.0,False,avoidance not required,,{},,,,,,,,,,,0,safe,3.299,54.808,0.088,0,0,0.0,0.0,[],85.06242370605469,85.05622863769531,7.038630962371826,85.06910705566406,85.04039764404297,7.047258377075195,85.06059265136719,85.04930114746094,7.042881011962891
137.4,RUNNING,7,DELIVERY_RELEASE,0.422,0.9564,151.2753,11.127,True,NORMAL,MONITOR,False,{},"[""uav2"", ""uav1"", ""uav0""]",limited,False,{},NONE,NORMAL,SAFE,1.0,IDLE,0.0,0.0,0.0,,,0.0,False,avoidance not required,,{},,,,,,,,,,,0,safe,3.292,54.812,0.093,0,0,0.0,0.0,[],85.06024169921875,85.05902862548828,7.043204307556152,85.07779693603516,85.04470825195312,7.04708194732666,85.06122589111328,85.0528793334961,7.041596412658691
137.6,RUNNING,7,DELIVERY_RELEASE,0.422,0.9562,151.2484,11.127,True,NORMAL,MONITOR,False,{},"[""uav2"", ""uav1"", ""uav0""]",limited,False,{},NONE,NORMAL,SAFE,1.0,IDLE,0.0,0.0,0.0,,,0.0,False,avoidance not required,,{},,,,,,,,,,,0,safe,3.283,54.814,0.101,0,0,0.0,0.0,[],85.0541000366211,85.05509948730469,7.042050838470459,85.07791900634766,85.04216766357422,7.043328285217285,85.05818176269531,85.05194091796875,7.037311553955078
137.8,RUNNING,7,DELIVERY_RELEASE,0.423,0.9562,151.2484,11.127,True,NORMAL,MONITOR,False,{},"[""uav2"", ""uav1"", ""uav0""]",limited,False,{},NONE,NORMAL,SAFE,1.0,IDLE,0.0,0.0,0.0,,,0.0,False,avoidance not required,,{},,,,,,,,,,,0,safe,3.280,54.809,0.099,0,0,0.0,0.0,[],85.05396270751953,85.05612182617188,7.041824817657471,85.08061218261719,85.0442886352539,7.0430097579956055,85.05792236328125,85.0571060180664,7.032454967498779
138.0,RUNNING,7,DELIVERY_RELEASE,0.424,0.9562,151.2484,11.127,True,NORMAL,MONITOR,False,{},"[""uav2"", ""uav1"", ""uav0""]",limited,False,{},NONE,NORMAL,SAFE,1.0,IDLE,0.0,0.0,0.0,,,0.0,False,avoidance not required,,{},,,,,,,,,,,0,safe,3.277,54.810,0.102,0,0,0.0,0.0,[],85.04949951171875,85.0514907836914,7.039222240447998,85.07676696777344,85.04042053222656,7.040820121765137,85.05453491210938,85.0565185546875,7.029074668884277
138.2,RUNNING,7,DELIVERY_RELEASE,0.425,0.9561,151.2216,11.127,True,NORMAL,MONITOR,False,{},"[""uav2"", ""uav1"", ""uav0""]",limited,False,{},NONE,NORMAL,SAFE,1.0,IDLE,0.0,0.0,0.0,,,0.0,False,avoidance not required,,{},,,,,,,,,,,0,safe,3.278,54.804,0.096,0,0,0.0,0.0,[],85.05035400390625,85.05015563964844,7.040131092071533,85.07774353027344,85.042236328125,7.039475917816162,85.05611419677734,85.059814453125,7.031720161437988
138.4,RUNNING,7,DELIVERY_RELEASE,0.425,0.9561,151.2216,11.127,True,NORMAL,MONITOR,False,{},"[""uav2"", ""uav1"", ""uav0""]",limited,False,{},NONE,NORMAL,SAFE,1.0,IDLE,0.0,0.0,0.0,,,0.0,False,avoidance not required,,{},,,,,,,,,,,0,safe,3.278,54.803,0.097,0,0,0.0,0.0,[],85.05317687988281,85.0486068725586,7.04155969619751,85.07705688476562,85.04229736328125,7.035543918609619,85.05659484863281,85.06228637695312,7.036158561706543
138.6,RUNNING,7,DELIVERY_RELEASE,0.426,0.956,151.1945,11.127,True,NORMAL,MONITOR,False,{},"[""uav2"", ""uav1"", ""uav0""]",limited,False,{},NONE,NORMAL,SAFE,1.0,IDLE,0.0,0.0,0.0,,,0.0,False,avoidance not required,,{},,,,,,,,,,,0,safe,3.280,54.802,0.095,0,0,0.0,0.0,[],85.05094909667969,85.04279327392578,7.04011344909668,85.07063293457031,85.03694915771484,7.031274795532227,85.05342102050781,85.05970001220703,7.035523891448975
138.8,RUNNING,7,DELIVERY_RELEASE,0.427,0.956,151.1945,11.127,True,NORMAL,MONITOR,False,{},"[""uav2"", ""uav1"", ""uav0""]",limited,False,{},NONE,NORMAL,SAFE,1.0,IDLE,0.0,0.0,0.0,,,0.0,False,avoidance not required,,{},,,,,,,,,,,0,safe,3.283,54.796,0.088,0,0,0.0,0.0,[],85.04961395263672,85.03877258300781,7.038107395172119,85.06731414794922,85.03276062011719,7.031253337860107,85.05289459228516,85.06063079833984,7.034816741943359
139.0,RUNNING,8,DELIVERY_ASCENT,0.428,0.956,151.1945,11.127,True,NORMAL,MONITOR,False,{},"[""uav2"", ""uav1"", ""uav0""]",limited,False,{},NONE,NORMAL,SAFE,1.0,IDLE,0.0,0.0,0.0,,,0.0,False,avoidance not required,,{},,,,,,,,,,,0,safe,3.290,54.784,0.080,0,0,0.0,0.0,[],85.0444107055664,85.0314712524414,7.034951686859131,85.05960083007812,85.02578735351562,7.030026435852051,85.04961395263672,85.05718994140625,7.032283782958984
139.2,RUNNING,8,DELIVERY_ASCENT,0.428,0.9558,151.1676,11.127,True,NORMAL,MONITOR,False,{},"[""uav2"", ""uav1"", ""uav0""]",limited,False,{},NONE,NORMAL,SAFE,1.0,IDLE,0.0,0.0,0.0,,,0.0,False,avoidance not required,,{},,,,,,,,,,,0,safe,3.290,54.784,0.080,0,0,0.0,0.0,[],85.04581451416016,85.03176879882812,7.0362138748168945,85.05839538574219,85.0245590209961,7.0278191566467285,85.05098724365234,85.05979919433594,7.032490253448486
139.4,RUNNING,8,DELIVERY_ASCENT,0.429,0.9558,151.1676,11.127,True,NORMAL,MONITOR,False,{},"[""uav2"", ""uav1"", ""uav0""]",limited,False,{},NONE,NORMAL,SAFE,1.0,IDLE,0.0,0.0,0.0,,,0.0,False,avoidance not required,,{},,,,,,,,,,,0,safe,3.293,54.784,0.079,0,0,0.0,0.0,[],85.04320526123047,85.02867126464844,7.039478778839111,85.05298614501953,85.02046203613281,7.0297932624816895,85.04833984375,85.0566177368164,7.035491943359375
139.6,RUNNING,8,DELIVERY_ASCENT,0.43,0.9557,151.1402,11.127,True,NORMAL,MONITOR,False,{},"[""uav2"", ""uav1"", ""uav0""]",limited,False,{},NONE,NORMAL,SAFE,1.0,IDLE,0.0,0.0,0.0,,,0.0,False,avoidance not required,,{},,,,,,,,,,,0,safe,3.296,54.781,0.088,0,0,0.0,0.0,[],85.04390716552734,85.0300521850586,7.047980308532715,85.0531234741211,85.02242279052734,7.041991710662842,85.04743957519531,85.05339050292969,7.0508575439453125
139.8,RUNNING,8,DELIVERY_ASCENT,0.431,0.9557,151.1402,11.127,True,NORMAL,MONITOR,False,{},"[""uav2"", ""uav1"", ""uav0""]",limited,False,{},NONE,NORMAL,SAFE,1.0,IDLE,0.0,0.0,0.0,,,0.0,False,avoidance not required,,{},,,,,,,,,,,0,safe,3.294,54.782,0.122,0,0,0.0,0.0,[],85.04068756103516,85.02752685546875,7.067069053649902,85.04840087890625,85.02020263671875,7.061068058013916,85.0438232421875,85.04743957519531,7.071044921875
140.0,RUNNING,8,DELIVERY_ASCENT,0.431,0.9557,151.1402,11.127,True,NORMAL,MONITOR,False,{},"[""uav2"", ""uav1"", ""uav0""]",limited,False,{},NONE,NORMAL,SAFE,1.0,IDLE,0.0,0.0,0.0,,,0.0,False,avoidance not required,,{},,,,,,,,,,,0,safe,3.290,54.782,0.233,0,0,0.0,0.0,[],85.04496002197266,85.0293960571289,7.105990409851074,85.05416107177734,85.02397918701172,7.0933709144592285,85.04431915283203,85.04547882080078,7.0986409187316895
140.2,RUNNING,8,DELIVERY_ASCENT,0.432,0.9556,151.1112,11.127,True,NORMAL,MONITOR,False,{},"[""uav2"", ""uav1"", ""uav0""]",limited,False,{},NONE,NORMAL,SAFE,1.0,IDLE,0.0,0.0,0.0,,,0.0,False,avoidance not required,,{},,,,,,,,,,,0,safe,3.290,54.782,0.233,0,0,0.0,0.0,[],85.04412841796875,85.02739715576172,7.149866104125977,85.05358123779297,85.02306365966797,7.13502311706543,85.04185485839844,85.04061126708984,7.136983394622803
140.4,RUNNING,8,DELIVERY_ASCENT,0.433,0.9556,151.1112,11.127,True,NORMAL,MONITOR,False,{},"[""uav2"", ""uav1"", ""uav0""]",limited,False,{},NONE,NORMAL,SAFE,1.0,IDLE,0.0,0.0,0.0,,,0.0,False,avoidance not required,,{},,,,,,,,,,,0,safe,3.288,54.780,0.287,0,0,0.0,0.0,[],85.04519653320312,85.02935028076172,7.20595121383667,85.0604019165039,85.02531433105469,7.1896514892578125,85.04521179199219,85.04205322265625,7.190258502960205
140.6,RUNNING,8,DELIVERY_ASCENT,0.434,0.9554,151.0806,11.127,True,NORMAL,MONITOR,False,{},"[""uav2"", ""uav1"", ""uav0""]",limited,False,{},NONE,NORMAL,SAFE,1.0,IDLE,0.0,0.0,0.0,,,0.0,False,avoidance not required,,{},,,,,,,,,,,0,safe,3.285,54.782,0.332,0,0,0.0,0.0,[],85.04203796386719,85.02762603759766,7.266754150390625,85.06654357910156,85.03015899658203,7.2543792724609375,85.05113983154297,85.0456771850586,7.252808570861816
140.8,RUNNING,8,DELIVERY_ASCENT,0.434,0.9554,151.0806,11.127,True,NORMAL,MONITOR,False,{},"[""uav2"", ""uav1"", ""uav0""]",limited,False,{},NONE,NORMAL,SAFE,1.0,IDLE,0.0,0.0,0.0,,,0.0,False,avoidance not required,,{},,,,,,,,,,,0,safe,3.285,54.779,0.368,0,0,0.0,0.0,[],85.04289245605469,85.03828430175781,7.334599494934082,85.06475830078125,85.03007507324219,7.324686050415039,85.05248260498047,85.04421997070312,7.324733257293701
141.0,RUNNING,8,DELIVERY_ASCENT,0.435,0.9554,151.0806,11.127,True,NORMAL,MONITOR,False,{},"[""uav2"", ""uav1"", ""uav0""]",limited,False,{},NONE,NORMAL,SAFE,1.0,IDLE,0.0,0.0,0.0,,,0.0,False,avoidance not required,,{},,,,,,,,,,,0,safe,3.288,54.790,0.391,0,0,0.0,0.0,[],85.03956604003906,85.04202270507812,7.40972900390625,85.06676483154297,85.02740478515625,7.403130054473877,85.05866241455078,85.04168701171875,7.401429176330566
141.2,RUNNING,8,DELIVERY_ASCENT,0.436,0.9552,151.0495,11.127,True,NORMAL,MONITOR,False,{},"[""uav2"", ""uav1"", ""uav0""]",limited,False,{},NONE,NORMAL,SAFE,1.0,IDLE,0.0,0.0,0.0,,,0.0,False,avoidance not required,,{},,,,,,,,,,,0,safe,3.292,54.793,0.402,0,0,0.0,0.0,[],85.04476928710938,85.04143524169922,7.491032600402832,85.06189727783203,85.02227020263672,7.482381820678711,85.05883026123047,85.03668975830078,7.480998516082764
141.4,RUNNING,8,DELIVERY_ASCENT,0.437,0.9552,151.0495,11.127,True,NORMAL,MONITOR,False,{},"[""uav2"", ""uav1"", ""uav0""]",limited,False,{},NONE,NORMAL,SAFE,1.0,IDLE,0.0,0.0,0.0,,,0.0,False,avoidance not required,,{},,,,,,,,,,,0,safe,3.297,54.793,0.398,0,0,0.0,0.0,[],85.04378509521484,85.03720092773438,7.56641960144043,85.06912994384766,85.02277374267578,7.564479827880859,85.0620346069336,85.03474426269531,7.562463760375977
141.6,RUNNING,8,DELIVERY_ASCENT,0.437,0.9551,151.0182,11.127,True,NORMAL,MONITOR,False,{},"[""uav2"", ""uav1"", ""uav0""]",limited,False,{},NONE,NORMAL,SAFE,1.0,IDLE,0.0,0.0,0.0,,,0.0,False,avoidance not required,,{},,,,,,,,,,,0,safe,3.293,54.789,0.379,0,0,0.0,0.0,[],85.04954528808594,85.0379867553711,7.6517720222473145,85.0671157836914,85.02027893066406,7.63966178894043,85.05938720703125,85.03107452392578,7.641112804412842
141.8,RUNNING,8,DELIVERY_ASCENT,0.438,0.9551,151.0182,11.127,True,NORMAL,MONITOR,False,{},"[""uav2"", ""uav1"", ""uav0""]",limited,False,{},NONE,NORMAL,SAFE,1.0,IDLE,0.0,0.0,0.0,,,0.0,False,avoidance not required,,{},,,,,,,,,,,0,safe,3.292,54.791,0.345,0,0,0.0,0.0,[],85.04830932617188,85.03462982177734,7.726175308227539,85.07023620605469,85.01974487304688,7.721123695373535,85.0583724975586,85.03341674804688,7.719546318054199
142.0,RUNNING,9,CRUISE_REFORMATION,0.439,0.9551,151.0182,11.127,True,NORMAL,MONITOR,False,{},"[""uav2"", ""uav1"", ""uav0""]",limited,False,{},NONE,NORMAL,SAFE,1.0,IDLE,0.0,0.0,0.0,,,0.0,False,avoidance not required,,{},,,,,,,,,,,0,safe,3.288,54.788,0.287,0,0,0.0,0.0,[],85.0503158569336,85.03280639648438,7.794061183929443,85.06554412841797,85.01704406738281,7.788132190704346,85.05413055419922,85.0324478149414,7.782773494720459
142.2,RUNNING,9,CRUISE_REFORMATION,0.44,0.9549,150.9895,10.517,True,NORMAL,MONITOR,False,{},"[""uav2"", ""uav1"", ""uav0""]",limited,False,{},NONE,NORMAL,SAFE,1.0,IDLE,0.0,0.0,0.0,,,0.0,False,avoidance not required,,{},,,,,,,,,,,0,safe,3.289,54.786,0.227,0,0,0.0,0.0,[],85.0460205078125,85.0279769897461,7.845981121063232,85.06855773925781,85.01640319824219,7.838918209075928,85.05891418457031,85.03565216064453,7.844033241271973
142.4,RUNNING,9,CRUISE_REFORMATION,0.44,0.9549,150.9895,10.517,True,NORMAL,MONITOR,False,{},"[""uav2"", ""uav1"", ""uav0""]",limited,False,{},NONE,NORMAL,SAFE,1.0,IDLE,0.0,0.0,0.0,,,0.0,False,avoidance not required,,{},,,,,,,,,,,0,safe,3.290,54.781,0.182,0,0,0.0,0.0,[],85.05142974853516,85.02971649169922,7.892462253570557,85.0628890991211,85.01445770263672,7.8772759437561035,85.05769348144531,85.03466033935547,7.885244846343994
142.6,RUNNING,9,CRUISE_REFORMATION,0.441,0.9548,150.9623,10.517,True,NORMAL,MONITOR,False,{},"[""uav2"", ""uav1"", ""uav0""]",limited,False,{},NONE,NORMAL,SAFE,1.0,IDLE,0.0,0.0,0.0,,,0.0,False,avoidance not required,,{},,,,,,,,,,,0,safe,3.295,54.784,0.184,0,0,0.0,0.0,[],85.04940795898438,85.02545166015625,7.924023151397705,85.06855010986328,85.01985931396484,7.912848949432373,85.0617446899414,85.03499603271484,7.927051067352295
142.8,RUNNING,9,CRUISE_REFORMATION,0.442,0.9548,150.9623,10.517,True,NORMAL,MONITOR,False,{},"[""uav2"", ""uav1"", ""uav0""]",limited,False,{},NONE,NORMAL,SAFE,1.0,IDLE,0.0,0.0,0.0,,,0.0,False,avoidance not required,,{},,,,,,,,,,,0,safe,3.293,54.779,0.235,0,0,0.0,0.0,[],85.05231475830078,85.0219497680664,7.95454740524292,85.06560516357422,85.02700805664062,7.938500881195068,85.05936431884766,85.0273208618164,7.954308986663818
143.0,RUNNING,9,CRUISE_REFORMATION,0.443,0.9548,150.9623,10.517,True,NORMAL,MONITOR,False,{},"[""uav2"", ""uav1"", ""uav0""]",limited,False,{},NONE,NORMAL,SAFE,1.0,IDLE,0.0,0.0,0.0,,,0.0,False,avoidance not required,,{},,,,,,,,,,,0,safe,3.294,54.776,0.316,0,0,0.0,0.0,[],85.0495376586914,85.00678253173828,7.9740071296691895,85.07378387451172,85.03998565673828,7.966665267944336,85.06293487548828,85.0151596069336,7.987222194671631
143.2,RUNNING,9,CRUISE_REFORMATION,0.443,0.9547,150.9354,10.517,True,NORMAL,MONITOR,False,{},"[""uav2"", ""uav1"", ""uav0""]",limited,False,{},NONE,NORMAL,SAFE,1.0,IDLE,0.0,0.0,0.0,,,0.0,False,avoidance not required,,{},,,,,,,,,,,0,safe,3.289,54.761,0.419,0,0,0.0,0.0,[],85.05718231201172,84.98587036132812,8.001888275146484,85.07172393798828,85.06250762939453,7.984388828277588,85.0596923828125,84.98983001708984,8.006742477416992
143.4,RUNNING,9,CRUISE_REFORMATION,0.444,0.9547,150.9354,10.517,True,NORMAL,MONITOR,False,{},"[""uav2"", ""uav1"", ""uav0""]",limited,False,{},NONE,NORMAL,SAFE,1.0,IDLE,0.0,0.0,0.0,,,0.0,False,avoidance not required,,{},,,,,,,,,,,0,safe,3.289,54.743,0.527,0,0,0.0,0.0,[],85.05884552001953,84.94769287109375,8.017538070678711,85.07877349853516,85.0960464477539,8.006986618041992,85.06720733642578,84.95448303222656,8.029146194458008
143.6,RUNNING,9,CRUISE_REFORMATION,0.445,0.9545,150.9091,10.517,True,NORMAL,MONITOR,False,{},"[""uav2"", ""uav1"", ""uav0""]",limited,False,{},NONE,NORMAL,SAFE,1.0,IDLE,0.0,0.0,0.0,,,0.0,False,avoidance not required,,{},,,,,,,,,,,0,safe,3.292,54.706,0.641,0,0,0.0,0.0,[],85.0704116821289,84.8988037109375,8.036276817321777,85.08678436279297,85.14848327636719,8.029003143310547,85.0740966796875,84.89969635009766,8.047198295593262
143.8,RUNNING,9,CRUISE_REFORMATION,0.446,0.9545,150.9091,10.517,True,NORMAL,MONITOR,False,{},"[""uav2"", ""uav1"", ""uav0""]",limited,False,{},NONE,NORMAL,SAFE,1.0,IDLE,0.0,0.0,0.0,,,0.0,False,avoidance not required,,{},,,,,,,,,,,0,safe,3.297,54.662,0.748,0,0,0.0,0.0,[],85.07444763183594,84.82926940917969,8.043549537658691,85.08312225341797,85.21627044677734,8.039752960205078,85.06887817382812,84.82976531982422,8.052874565124512
144.0,RUNNING,9,CRUISE_REFORMATION,0.446,0.9545,150.9091,10.517,True,NORMAL,MONITOR,False,{},"[""uav2"", ""uav1"", ""uav0""]",limited,False,{},NONE,NORMAL,SAFE,1.0,IDLE,0.0,0.0,0.0,,,0.0,False,avoidance not required,,{},,,,,,,,,,,0,safe,3.308,54.595,0.845,0,0,0.0,0.0,[],85.09513854980469,84.74772644042969,8.053996086120605,85.0865707397461,85.29863739013672,8.056392669677734,85.06692504882812,84.74275970458984,8.059860229492188
144.2,RUNNING,9,CRUISE_REFORMATION,0.447,0.9544,150.8824,10.517,True,NORMAL,MONITOR,False,{},"[""uav2"", ""uav1"", ""uav0""]",limited,False,{},NONE,NORMAL,SAFE,1.0,IDLE,0.0,0.0,0.0,,,0.0,False,avoidance not required,,{},,,,,,,,,,,0,safe,3.327,54.522,0.933,0,0,0.0,0.0,[],85.10620880126953,84.6445541381836,8.05555534362793,85.08037567138672,85.39834594726562,8.0613431930542,85.05439758300781,84.63531494140625,8.060269355773926
144.4,RUNNING,9,CRUISE_REFORMATION,0.448,0.9544,150.8824,10.517,True,NORMAL,MONITOR,False,{},"[""uav2"", ""uav1"", ""uav0""]",limited,False,{},NONE,NORMAL,SAFE,1.0,IDLE,0.0,0.0,0.0,,,0.0,False,avoidance not required,,{},,,,,,,,,,,0,safe,3.360,54.425,1.003,0,0,0.0,0.0,[],85.13175201416016,84.52782440185547,8.058688163757324,85.08143615722656,85.51380157470703,8.06561279296875,85.0484390258789,84.51129150390625,8.065333366394043
144.6,RUNNING,9,CRUISE_REFORMATION,0.449,0.9543,150.8552,10.517,True,NORMAL,MONITOR,False,{},"[""uav2"", ""uav1"", ""uav0""]",limited,False,{},NONE,NORMAL,SAFE,1.0,IDLE,0.0,0.0,0.0,,,0.0,False,avoidance not required,,{},,,,,,,,,,,0,safe,3.396,54.318,1.061,0,0,0.0,0.0,[],85.14730834960938,84.38577270507812,8.057022094726562,85.07384490966797,85.64553833007812,8.063919067382812,85.03304290771484,84.36376190185547,8.0651216506958
144.8,RUNNING,9,CRUISE_REFORMATION,0.449,0.9543,150.8552,10.517,True,NORMAL,MONITOR,False,{},"[""uav2"", ""uav1"", ""uav0""]",limited,False,{},NONE,NORMAL,SAFE,1.0,IDLE,0.0,0.0,0.0,,,0.0,False,avoidance not required,,{},,,,,,,,,,,0,safe,3.464,54.185,1.095,0,0,0.0,0.0,[],85.17932891845703,84.2343978881836,8.059975624084473,85.07318115234375,85.79376220703125,8.067566871643066,85.02887725830078,84.21271514892578,8.068111419677734
145.0,RUNNING,9,CRUISE_REFORMATION,0.45,0.9543,150.8552,10.517,True,NORMAL,MONITOR,False,{},"[""uav2"", ""uav1"", ""uav0""]",limited,False,{},NONE,NORMAL,SAFE,1.0,IDLE,0.0,0.0,0.0,,,0.0,False,avoidance not required,,{},,,,,,,,,,,0,safe,3.554,54.047,1.120,0,0,0.0,0.0,[],85.19763946533203,84.06603240966797,8.058246612548828,85.06416320800781,85.9533462524414,8.066864013671875,85.01284790039062,84.04420471191406,8.067588806152344
145.2,RUNNING,9,CRUISE_REFORMATION,0.451,0.9541,150.8276,10.517,True,NORMAL,MONITOR,False,{},"[""uav2"", ""uav1"", ""uav0""]",limited,False,{},NONE,NORMAL,SAFE,1.0,IDLE,0.0,0.0,0.0,,,0.0,False,avoidance not required,,{},,,,,,,,,,,0,safe,3.686,53.889,1.124,0,0,0.0,0.0,[],85.23188018798828,83.88683319091797,8.064130783081055,85.0661849975586,86.12623596191406,8.06953239440918,85.00564575195312,83.86486053466797,8.077829360961914
145.4,RUNNING,9,CRUISE_REFORMATION,0.452,0.9541,150.8276,10.517,True,NORMAL,MONITOR,False,{},"[""uav2"", ""uav1"", ""uav0""]",limited,False,{},NONE,NORMAL,SAFE,1.0,IDLE,0.0,0.0,0.0,,,0.0,False,avoidance not required,,{},,,,,,,,,,,0,safe,3.852,53.725,1.112,0,0,0.0,0.0,[],85.2492446899414,83.70278930664062,8.064875602722168,85.05945587158203,86.30445861816406,8.066008567810059,84.98553466796875,83.68106079101562,8.078092575073242
145.6,RUNNING,9,CRUISE_REFORMATION,0.452,0.954,150.8,10.517,True,NORMAL,MONITOR,False,{},"[""uav2"", ""uav1"", ""uav0""]",limited,False,{},NONE,NORMAL,SAFE,1.0,IDLE,0.0,0.0,0.0,,,0.0,False,avoidance not required,,{},,,,,,,,,,,0,safe,4.055,53.551,1.082,0,0,0.0,0.0,[],85.28269958496094,83.51288604736328,8.0685396194458,85.06202697753906,86.48909759521484,8.067964553833008,84.96939849853516,83.49577331542969,8.08221435546875
145.8,RUNNING,9,CRUISE_REFORMATION,0.453,0.954,150.8,10.517,True,NORMAL,MONITOR,False,{},"[""uav2"", ""uav1"", ""uav0""]",limited,False,{},NONE,NORMAL,SAFE,1.0,IDLE,0.0,0.0,0.0,,,0.0,False,avoidance not required,,{},,,,,,,,,,,0,safe,4.283,53.377,1.041,0,0,0.0,0.0,[],85.29917907714844,83.32438659667969,8.065862655639648,85.05673217773438,86.6732177734375,8.064862251281738,84.94476318359375,83.30964660644531,8.078758239746094
146.0,RUNNING,9,CRUISE_REFORMATION,0.454,0.954,150.8,10.517,True,NORMAL,MONITOR,False,{},"[""uav2"", ""uav1"", ""uav0""]",limited,False,{},NONE,NORMAL,SAFE,1.0,IDLE,0.0,0.0,0.0,,,0.0,False,avoidance not required,,{},,,,,,,,,,,0,safe,4.535,53.199,0.983,0,0,0.0,0.0,[],85.32901763916016,83.13057708740234,8.067251205444336,85.0571517944336,86.8575668334961,8.06501293182373,84.93376159667969,83.12226867675781,8.078840255737305
146.2,RUNNING,9,CRUISE_REFORMATION,0.455,0.9539,150.7725,10.517,True,NORMAL,MONITOR,False,{},"[""uav2"", ""uav1"", ""uav0""]",limited,False,{},NONE,NORMAL,SAFE,1.0,IDLE,0.0,0.0,0.0,,,0.0,False,avoidance not required,,{},,,,,,,,,,,0,safe,4.802,53.020,0.910,0,0,0.0,0.0,[],85.34130096435547,82.94586944580078,8.064146995544434,85.0510025024414,87.03606414794922,8.06169319152832,84.91197967529297,82.94049835205078,8.072966575622559
146.4,RUNNING,9,CRUISE_REFORMATION,0.455,0.9539,150.7725,10.517,True,NORMAL,MONITOR,False,{},"[""uav2"", ""uav1"", ""uav0""]",limited,False,{},NONE,NORMAL,SAFE,1.0,IDLE,0.0,0.0,0.0,,,0.0,False,avoidance not required,,{},,,,,,,,,,,0,safe,5.078,52.845,0.821,0,0,0.0,0.0,[],85.36504364013672,82.76406860351562,8.065552711486816,85.0506820678711,87.2060317993164,8.062829971313477,84.89580535888672,82.76231384277344,8.069457054138184
146.6,RUNNING,9,CRUISE_REFORMATION,0.456,0.9537,150.7453,10.517,True,NORMAL,MONITOR,False,{},"[""uav2"", ""uav1"", ""uav0""]",limited,False,{},NONE,NORMAL,SAFE,1.0,IDLE,0.0,0.0,0.0,,,0.0,False,avoidance not required,,{},,,,,,,,,,,0,safe,5.352,52.677,0.724,0,0,0.0,0.0,[],85.37223052978516,82.59783172607422,8.063488960266113,85.04473114013672,87.36640167236328,8.056984901428223,84.8712158203125,82.59700012207031,8.06213665008545
146.8,RUNNING,9,CRUISE_REFORMATION,0.457,0.9537,150.7453,10.517,True,NORMAL,MONITOR,False,{},"[""uav2"", ""uav1"", ""uav0""]",limited,False,{},NONE,NORMAL,SAFE,1.0,IDLE,0.0,0.0,0.0,,,0.0,False,avoidance not required,,{},,,,,,,,,,,0,safe,5.619,52.518,0.613,0,0,0.0,0.0,[],85.38675689697266,82.44358825683594,8.067463874816895,85.05162048339844,87.52117919921875,8.056516647338867,84.85240173339844,82.44233703613281,8.054572105407715
147.0,RUNNING,10,RETURN,0.458,0.9537,150.7453,10.517,True,NORMAL,MONITOR,False,{},"[""uav2"", ""uav1"", ""uav0""]",limited,False,{},NONE,NORMAL,SAFE,1.0,IDLE,0.0,0.0,0.0,,,0.0,False,avoidance not required,,{},,,,,,,,,,,0,safe,5.880,52.374,0.483,0,0,0.0,0.0,[],85.38762664794922,82.30304718017578,8.063809394836426,85.0503921508789,87.6591796875,8.050869941711426,84.82784271240234,82.30503845214844,8.04711627960205
147.2,RUNNING,10,RETURN,0.458,0.9536,150.7184,10.517,True,NORMAL,MONITOR,False,{},"[""uav2"", ""uav1"", ""uav0""]",limited,False,{},NONE,NORMAL,SAFE,1.0,IDLE,0.0,0.0,0.0,,,0.0,False,avoidance not required,,{},,,,,,,,,,,0,safe,6.040,52.238,0.346,0,0,0.0,0.0,[],85.39897155761719,82.18666076660156,8.066370010375977,85.05645751953125,87.78669738769531,8.041646957397461,84.80944061279297,82.18215942382812,8.044421195983887
147.4,RUNNING,10,RETURN,0.459,0.9536,150.7184,10.517,True,NORMAL,MONITOR,False,{},"[""uav2"", ""uav1"", ""uav0""]",limited,False,{},NONE,NORMAL,SAFE,1.0,IDLE,0.0,0.0,0.0,,,0.0,False,avoidance not required,,{},,,,,,,,,,,0,safe,6.011,52.129,0.238,0,0,0.0,0.0,[],85.39728546142578,82.08765411376953,8.063279151916504,85.06626892089844,87.89549255371094,8.033282279968262,84.79401397705078,82.08151245117188,8.044639587402344
147.6,RUNNING,10,RETURN,0.46,0.9535,150.692,10.517,True,NORMAL,MONITOR,False,{},"[""uav2"", ""uav1"", ""uav0""]",limited,False,{},NONE,NORMAL,SAFE,1.0,IDLE,0.0,0.0,0.0,,,0.0,False,avoidance not required,,{},,,,,,,,,,,0,safe,5.997,52.034,0.188,0,0,0.0,0.0,[],85.39732360839844,82.00352478027344,8.058599472045898,85.06443786621094,87.97822570800781,8.028083801269531,84.77410888671875,82.00202178955078,8.043291091918945
147.8,RUNNING,10,RETURN,0.461,0.9535,150.692,10.517,True,NORMAL,MONITOR,False,{},"[""uav2"", ""uav1"", ""uav0""]",limited,False,{},NONE,NORMAL,SAFE,1.0,IDLE,0.0,0.0,0.0,,,0.0,False,avoidance not required,,{},,,,,,,,,,,0,safe,5.977,51.953,0.183,0,0,0.0,0.0,[],85.38640594482422,81.94437408447266,8.055169105529785,85.06856536865234,88.04497528076172,8.02529525756836,84.75657653808594,81.93875122070312,8.045608520507812
148.0,RUNNING,10,RETURN,0.461,0.9535,150.692,10.517,True,NORMAL,MONITOR,False,{},"[""uav2"", ""uav1"", ""uav0""]",limited,False,{},NONE,NORMAL,SAFE,1.0,IDLE,0.0,0.0,0.0,,,0.0,False,avoidance not required,,{},,,,,,,,,,,0,safe,5.970,51.893,0.234,0,0,0.0,0.0,[],85.37581634521484,81.89008331298828,8.05867862701416,85.05986785888672,88.086181640625,8.026394844055176,84.7334213256836,81.8922348022461,8.047123908996582
148.2,RUNNING,10,RETURN,0.462,0.9533,150.6656,10.517,True,NORMAL,MONITOR,False,{},"[""uav2"", ""uav1"", ""uav0""]",limited,False,{},NONE,NORMAL,SAFE,1.0,IDLE,0.0,0.0,0.0,,,0.0,False,avoidance not required,,{},,,,,,,,,,,0,safe,5.958,51.838,0.330,0,0,0.0,0.0,[],85.35417175292969,81.85023498535156,8.06224250793457,85.05101776123047,88.10755157470703,8.027267456054688,84.70594024658203,81.8625717163086,8.051064491271973
148.4,RUNNING,10,RETURN,0.463,0.9533,150.6656,10.517,True,NORMAL,MONITOR,False,{},"[""uav2"", ""uav1"", ""uav0""]",limited,False,{},NONE,NORMAL,SAFE,1.0,IDLE,0.0,0.0,0.0,,,0.0,False,avoidance not required,,{},,,,,,,,,,,0,safe,5.952,51.793,0.428,0,0,0.0,0.0,[],85.3255844116211,81.82433319091797,8.069147109985352,85.0282974243164,88.10736083984375,8.032114028930664,84.67418670654297,81.83789825439453,8.055580139160156
148.6,RUNNING,10,RETURN,0.464,0.9532,150.639,10.517,True,NORMAL,MONITOR,False,{},"[""uav2"", ""uav1"", ""uav0""]",limited,False,{},NONE,NORMAL,SAFE,1.0,IDLE,0.0,0.0,0.0,,,0.0,False,avoidance not required,,{},,,,,,,,,,,0,safe,5.949,51.761,0.514,0,0,0.0,0.0,[],85.28809356689453,81.80204010009766,8.076096534729004,85.01290893554688,88.09307861328125,8.041613578796387,84.63849639892578,81.81511688232422,8.062027931213379
148.8,RUNNING,10,RETURN,0.464,0.9532,150.639,10.517,True,NORMAL,MONITOR,False,{},"[""uav2"", ""uav1"", ""uav0""]",limited,False,{},NONE,NORMAL,SAFE,1.0,IDLE,0.0,0.0,0.0,,,0.0,False,avoidance not required,,{},,,,,,,,,,,0,safe,5.950,51.729,0.608,0,0,0.0,0.0,[],85.24260711669922,81.77996063232422,8.081494331359863,84.98038482666016,88.06104278564453,8.055123329162598,84.59671783447266,81.79093933105469,8.071966171264648
149.0,RUNNING,10,RETURN,0.465,0.9532,150.639,10.517,True,NORMAL,MONITOR,False,{},"[""uav2"", ""uav1"", ""uav0""]",limited,False,{},NONE,NORMAL,SAFE,1.0,IDLE,0.0,0.0,0.0,,,0.0,False,avoidance not required,,{},,,,,,,,,,,0,safe,5.954,51.696,0.690,0,0,0.0,0.0,[],85.1868667602539,81.7530746459961,8.09262752532959,84.94718933105469,88.01702880859375,8.075607299804688,84.54914855957031,81.76519775390625,8.083925247192383
149.2,RUNNING,10,RETURN,0.466,0.9531,150.6126,10.517,True,NORMAL,MONITOR,False,{},"[""uav2"", ""uav1"", ""uav0""]",limited,False,{},NONE,NORMAL,SAFE,1.0,IDLE,0.0,0.0,0.0,,,0.0,False,avoidance not required,,{},,,,,,,,,,,0,safe,5.962,51.655,0.777,0,0,0.0,0.0,[],85.13027954101562,81.72160339355469,8.10565185546875,84.89506530761719,87.95806121826172,8.09476089477539,84.49452209472656,81.73222351074219,8.099172592163086
149.4,RUNNING,10,RETURN,0.467,0.9531,150.6126,10.517,True,NORMAL,MONITOR,False,{},"[""uav2"", ""uav1"", ""uav0""]",limited,False,{},NONE,NORMAL,SAFE,1.0,IDLE,0.0,0.0,0.0,,,0.0,False,avoidance not required,,{},,,,,,,,,,,0,safe,5.964,51.609,0.854,0,0,0.0,0.0,[],85.06299591064453,81.6812973022461,8.124497413635254,84.84732055664062,87.8855209350586,8.109471321105957,84.43350219726562,81.69206237792969,8.11439037322998
149.6,RUNNING,10,RETURN,0.467,0.9529,150.5852,10.517,True,NORMAL,MONITOR,False,{},"[""uav2"", ""uav1"", ""uav0""]",limited,False,{},NONE,NORMAL,SAFE,1.0,IDLE,0.0,0.0,0.0,,,0.0,False,avoidance not required,,{},,,,,,,,,,,0,safe,5.972,51.484,1.012,0,0,0.0,0.0,[],84.9920425415039,81.62962341308594,8.145312309265137,84.77820587158203,87.80155944824219,8.130654335021973,84.36355590820312,81.64076232910156,8.13617992401123
149.8,RUNNING,10,RETURN,0.468,0.9529,150.5852,10.517,True,NORMAL,MONITOR,False,{},"[""uav2"", ""uav1"", ""uav0""]",limited,False,{},NONE,NORMAL,SAFE,1.0,IDLE,0.0,0.0,0.0,,,0.0,False,avoidance not required,,{},,,,,,,,,,,0,safe,5.972,51.484,1.012,0,0,0.0,0.0,[],84.91088104248047,81.56780242919922,8.169739723205566,84.7081298828125,87.70379638671875,8.150577545166016,84.28050231933594,81.5772476196289,8.163335800170898
150.0,RUNNING,10,RETURN,0.469,0.9529,150.5852,10.517,True,NORMAL,MONITOR,False,{},"[""uav2"", ""uav1"", ""uav0""]",limited,False,{},NONE,NORMAL,SAFE,1.0,IDLE,0.0,0.0,0.0,,,0.0,False,avoidance not required,,{},,,,,,,,,,,0,safe,5.970,51.403,1.091,0,0,0.0,0.0,[],84.82006072998047,81.4964828491211,8.202329635620117,84.6230697631836,87.59407043457031,8.177091598510742,84.19449615478516,81.5055160522461,8.192030906677246
150.2,RUNNING,10,RETURN,0.47,0.9528,150.5567,10.517,True,NORMAL,MONITOR,False,{},"[""uav2"", ""uav1"", ""uav0""]",limited,False,{},NONE,NORMAL,SAFE,1.0,IDLE,0.0,0.0,0.0,,,0.0,False,avoidance not required,,{},,,,,,,,,,,0,safe,5.974,51.310,1.163,0,0,0.0,0.0,[],84.7189712524414,81.41278839111328,8.236518859863281,84.5182113647461,87.47874450683594,8.209905624389648,84.09475708007812,81.4185562133789,8.22385025024414
150.4,RUNNING,10,RETURN,0.47,0.9528,150.5567,10.517,True,NORMAL,MONITOR,False,{},"[""uav2"", ""uav1"", ""uav0""]",limited,False,{},NONE,NORMAL,SAFE,1.0,IDLE,0.0,0.0,0.0,,,0.0,False,avoidance not required,,{},,,,,,,,,,,0,safe,5.976,51.202,1.229,0,0,0.0,0.0,[],84.6075210571289,81.31379699707031,8.268485069274902,84.40753173828125,87.35540008544922,8.242643356323242,83.98516845703125,81.31839752197266,8.259516716003418
150.6,RUNNING,10,RETURN,0.471,0.9526,150.5271,10.517,True,NORMAL,MONITOR,False,{},"[""uav2"", ""uav1"", ""uav0""]",limited,False,{},NONE,NORMAL,SAFE,1.0,IDLE,0.0,0.0,0.0,,,0.0,False,avoidance not required,,{},,,,,,,,,,,0,safe,5.979,50.940,1.364,0,0,0.0,0.0,[],84.48623657226562,81.20372009277344,8.304818153381348,84.27883911132812,87.22672271728516,8.280596733093262,83.86507415771484,81.2055892944336,8.293415069580078
150.8,RUNNING,10,RETURN,0.472,0.9526,150.5271,10.517,True,NORMAL,MONITOR,False,{},"[""uav2"", ""uav1"", ""uav0""]",limited,False,{},NONE,NORMAL,SAFE,1.0,IDLE,0.0,0.0,0.0,,,0.0,False,avoidance not required,,{},,,,,,,,,,,0,safe,5.979,50.940,1.364,0,0,0.0,0.0,[],84.3524398803711,81.07469177246094,8.343544960021973,84.13780975341797,87.08651733398438,8.316372871398926,83.7292709350586,81.07532501220703,8.334756851196289
151.0,RUNNING,10,RETURN,0.473,0.9526,150.5271,10.517,True,NORMAL,MONITOR,False,{},"[""uav2"", ""uav1"", ""uav0""]",limited,False,{},NONE,NORMAL,SAFE,1.0,IDLE,0.0,0.0,0.0,,,0.0,False,avoidance not required,,{},,,,,,,,,,,0,safe,5.977,50.781,1.425,0,0,0.0,0.0,[],84.2186050415039,80.94647216796875,8.383747100830078,83.98370361328125,86.94158935546875,8.35994815826416,83.59275817871094,80.94197082519531,8.373261451721191
151.2,RUNNING,10,RETURN,0.473,0.9525,150.4963,10.517,True,NORMAL,MONITOR,False,{},"[""uav2"", ""uav1"", ""uav0""]",limited,False,{},NONE,NORMAL,SAFE,1.0,IDLE,0.0,0.0,0.0,,,0.0,False,avoidance not required,,{},,,,,,,,,,,0,safe,5.974,50.623,1.485,0,0,0.0,0.0,[],84.06441497802734,80.79688262939453,8.423346519470215,83.81632995605469,86.7877426147461,8.40336799621582,83.44273376464844,80.79371643066406,8.419779777526855
151.4,RUNNING,10,RETURN,0.474,0.9525,150.4963,10.517,True,NORMAL,MONITOR,False,{},"[""uav2"", ""uav1"", ""uav0""]",limited,False,{},NONE,NORMAL,SAFE,1.0,IDLE,0.0,0.0,0.0,,,0.0,False,avoidance not required,,{},,,,,,,,,,,0,safe,5.978,50.439,1.543,0,0,0.0,0.0,[],83.90254211425781,80.63997650146484,8.470294952392578,83.64054107666016,86.62909698486328,8.45351505279541,83.27841186523438,80.63072204589844,8.466850280761719
151.6,RUNNING,10,RETURN,0.475,0.9523,150.4642,10.517,True,NORMAL,MONITOR,False,{},"[""uav2"", ""uav1"", ""uav0""]",limited,False,{},NONE,NORMAL,SAFE,1.0,IDLE,0.0,0.0,0.0,,,0.0,False,avoidance not required,,{},,,,,,,,,,,0,safe,5.976,50.246,1.602,0,0,0.0,0.0,[],83.71880340576172,80.464599609375,8.519672393798828,83.45848083496094,86.45866394042969,8.499632835388184,83.11312866210938,80.47147369384766,8.512218475341797
151.8,RUNNING,10,RETURN,0.476,0.9523,150.4642,10.517,True,NORMAL,MONITOR,False,{},"[""uav2"", ""uav1"", ""uav0""]",limited,False,{},NONE,NORMAL,SAFE,1.0,IDLE,0.0,0.0,0.0,,,0.0,False,avoidance not required,,{},,,,,,,,,,,0,safe,5.994,50.030,1.663,0,0,0.0,0.0,[],83.54326629638672,80.29647827148438,8.572025299072266,83.26837921142578,86.28362274169922,8.553388595581055,82.93255615234375,80.2962875366211,8.567355155944824
152.0,RUNNING,10,RETURN,0.476,0.9523,150.4642,10.517,True,NORMAL,MONITOR,False,{},"[""uav2"", ""uav1"", ""uav0""]",limited,False,{},NONE,NORMAL,SAFE,1.0,IDLE,0.0,0.0,0.0,,,0.0,False,avoidance not required,,{},,,,,,,,,,,0,safe,5.989,49.824,1.724,0,0,0.0,0.0,[],83.34952545166016,80.10765838623047,8.621720314025879,83.06803894042969,86.0967788696289,8.608030319213867,82.74222564697266,80.11061096191406,8.621984481811523
152.2,RUNNING,10,RETURN,0.477,0.9522,150.4307,10.517,True,NORMAL,MONITOR,False,{},"[""uav2"", ""uav1"", ""uav0""]",limited,False,{},NONE,NORMAL,SAFE,1.0,IDLE,0.0,0.0,0.0,,,0.0,False,avoidance not required,,{},,,,,,,,,,,0,safe,5.993,49.594,1.775,0,0,0.0,0.0,[],83.15045928955078,79.91423797607422,8.679045677185059,82.86217498779297,85.9062271118164,8.668859481811523,82.54383087158203,79.91646575927734,8.68271541595459
152.4,RUNNING,10,RETURN,0.478,0.9522,150.4307,10.517,True,NORMAL,MONITOR,False,{},"[""uav2"", ""uav1"", ""uav0""]",limited,False,{},NONE,NORMAL,SAFE,1.0,IDLE,0.0,0.0,0.0,,,0.0,False,avoidance not required,,{},,,,,,,,,,,0,safe,5.993,49.358,1.819,0,0,0.0,0.0,[],82.93673706054688,79.710205078125,8.742218017578125,82.64799499511719,85.70755767822266,8.738980293273926,82.33409881591797,79.71176147460938,8.745664596557617
152.6,RUNNING,10,RETURN,0.479,0.952,150.396,10.517,True,NORMAL,MONITOR,False,{},"[""uav2"", ""uav1"", ""uav0""]",limited,False,{},NONE,NORMAL,SAFE,1.0,IDLE,0.0,0.0,0.0,,,0.0,False,avoidance not required,,{},,,,,,,,,,,0,safe,5.997,49.109,1.848,0,0,0.0,0.0,[],82.72075653076172,79.50291442871094,8.80691909790039,82.42981719970703,85.50171661376953,8.809378623962402,82.11429595947266,79.49919128417969,8.816912651062012
152.8,RUNNING,10,RETURN,0.479,0.952,150.396,10.517,True,NORMAL,MONITOR,False,{},"[""uav2"", ""uav1"", ""uav0""]",limited,False,{},NONE,NORMAL,SAFE,1.0,IDLE,0.0,0.0,0.0,,,0.0,False,avoidance not required,,{},,,,,,,,,,,0,safe,5.994,48.857,1.868,0,0,0.0,0.0,[],82.49455261230469,79.28428649902344,8.873066902160645,82.20795440673828,85.29243469238281,8.877107620239258,81.89134216308594,79.28219604492188,8.886134147644043
153.0,RUNNING,10,RETURN,0.48,0.952,150.396,10.517,True,NORMAL,MONITOR,False,{},"[""uav2"", ""uav1"", ""uav0""]",limited,False,{},NONE,NORMAL,SAFE,1.0,IDLE,0.0,0.0,0.0,,,0.0,False,avoidance not required,,{},,,,,,,,,,,0,safe,5.997,48.591,1.884,0,0,0.0,0.0,[],82.26871490478516,79.06561279296875,8.940408706665039,81.97797393798828,85.07412719726562,8.94105052947998,81.66138458251953,79.05492401123047,8.951578140258789
153.2,RUNNING,10,RETURN,0.481,0.9518,150.3608,10.517,True,NORMAL,MONITOR,False,{},"[""uav2"", ""uav1"", ""uav0""]",limited,False,{},NONE,NORMAL,SAFE,1.0,IDLE,0.0,0.0,0.0,,,0.0,False,avoidance not required,,{},,,,,,,,,,,0,safe,5.994,48.052,1.892,0,0,0.0,0.0,[],82.03573608398438,78.83707427978516,9.004257202148438,81.7475814819336,84.85460662841797,9.005891799926758,81.4295654296875,78.82673645019531,9.017023086547852
153.4,RUNNING,10,RETURN,0.482,0.9518,150.3608,10.517,True,NORMAL,MONITOR,False,{},"[""uav2"", ""uav1"", ""uav0""]",limited,False,{},NONE,NORMAL,SAFE,1.0,IDLE,0.0,0.0,0.0,,,0.0,False,avoidance not required,,{},,,,,,,,,,,0,safe,5.994,48.052,1.892,0,0,0.0,0.0,[],81.80503845214844,78.61139678955078,9.07043170928955,81.50900268554688,84.62730407714844,9.065982818603516,81.1778335571289,78.57991027832031,9.082479476928711
153.6,RUNNING,10,RETURN,0.482,0.9516,150.3255,10.517,True,NORMAL,MONITOR,False,{},"[""uav2"", ""uav1"", ""uav0""]",limited,False,{},NONE,NORMAL,SAFE,1.0,IDLE,0.0,0.0,0.0,,,0.0,False,avoidance not required,,{},,,,,,,,,,,0,safe,5.973,47.781,1.885,0,0,0.0,0.0,[],81.56356811523438,78.37528991699219,9.131876945495605,81.2730941772461,84.40115356445312,9.131214141845703,80.9485092163086,78.35576629638672,9.145177841186523
153.8,RUNNING,10,RETURN,0.483,0.9516,150.3255,10.517,True,NORMAL,MONITOR,False,{},"[""uav2"", ""uav1"", ""uav0""]",limited,False,{},NONE,NORMAL,SAFE,1.0,IDLE,0.0,0.0,0.0,,,0.0,False,avoidance not required,,{},,,,,,,,,,,0,safe,5.985,47.497,1.880,0,0,0.0,0.0,[],81.3276596069336,78.14480590820312,9.196885108947754,81.03256225585938,84.16883850097656,9.193726539611816,80.70453643798828,78.1188735961914,9.211714744567871
154.0,RUNNING,10,RETURN,0.484,0.9516,150.3255,10.517,True,NORMAL,MONITOR,False,{},"[""uav2"", ""uav1"", ""uav0""]",limited,False,{},NONE,NORMAL,SAFE,1.0,IDLE,0.0,0.0,0.0,,,0.0,False,avoidance not required,,{},,,,,,,,,,,0,safe,5.977,47.222,1.868,0,0,0.0,0.0,[],81.0859603881836,77.90837097167969,9.260201454162598,80.79683685302734,83.93988800048828,9.25883960723877,80.46600341796875,77.88671875,9.278399467468262
154.2,RUNNING,10,RETURN,0.485,0.9515,150.2902,10.517,True,NORMAL,MONITOR,False,{},"[""uav2"", ""uav1"", ""uav0""]",limited,False,{},NONE,NORMAL,SAFE,1.0,IDLE,0.0,0.0,0.0,,,0.0,False,avoidance not required,,{},,,,,,,,,,,0,safe,5.980,46.940,1.861,0,0,0.0,0.0,[],80.85103607177734,77.67853546142578,9.32689094543457,80.55463409423828,83.70655822753906,9.324392318725586,80.22579956054688,77.65289306640625,9.346170425415039
154.4,RUNNING,10,RETURN,0.485,0.9515,150.2902,10.517,True,NORMAL,MONITOR,False,{},"[""uav2"", ""uav1"", ""uav0""]",limited,False,{},NONE,NORMAL,SAFE,1.0,IDLE,0.0,0.0,0.0,,,0.0,False,avoidance not required,,{},,,,,,,,,,,0,safe,5.975,46.666,1.846,0,0,0.0,0.0,[],80.61225891113281,77.44702911376953,9.39551067352295,80.31847381591797,83.47769927978516,9.393677711486816,79.99027252197266,77.42417907714844,9.414227485656738
154.6,RUNNING,10,RETURN,0.486,0.9513,150.2551,10.517,True,NORMAL,MONITOR,False,{},"[""uav2"", ""uav1"", ""uav0""]",limited,False,{},NONE,NORMAL,SAFE,1.0,IDLE,0.0,0.0,0.0,,,0.0,False,avoidance not required,,{},,,,,,,,,,,0,safe,5.978,46.391,1.838,0,0,0.0,0.0,[],80.37968444824219,77.2211685180664,9.465570449829102,80.07699584960938,83.24723815917969,9.458992958068848,79.75028991699219,77.19514465332031,9.48070240020752
154.8,RUNNING,10,RETURN,0.487,0.9513,150.2551,10.517,True,NORMAL,MONITOR,False,{},"[""uav2"", ""uav1"", ""uav0""]",limited,False,{},NONE,NORMAL,SAFE,1.0,IDLE,0.0,0.0,0.0,,,0.0,False,avoidance not required,,{},,,,,,,,,,,0,safe,5.971,46.124,1.826,0,0,0.0,0.0,[],80.13296508789062,76.99413299560547,9.533475875854492,79.84154510498047,83.02070617675781,9.526693344116211,79.51527404785156,76.96963500976562,9.546263694763184
155.0,RUNNING,10,RETURN,0.488,0.9513,150.2551,10.517,True,NORMAL,MONITOR,False,{},"[""uav2"", ""uav1"", ""uav0""]",limited,False,{},NONE,NORMAL,SAFE,1.0,IDLE,0.0,0.0,0.0,,,0.0,False,avoidance not required,,{},,,,,,,,,,,0,safe,5.976,45.590,1.810,0,0,0.0,0.0,[],79.89664459228516,76.77189636230469,9.601207733154297,79.59527587890625,82.7976303100586,9.59469223022461,79.2725601196289,76.73848724365234,9.608787536621094
155.2,RUNNING,10,RETURN,0.488,0.9511,150.22,10.517,True,NORMAL,MONITOR,False,{},"[""uav2"", ""uav1"", ""uav0""]",limited,False,{},NONE,NORMAL,SAFE,1.0,IDLE,0.0,0.0,0.0,,,0.0,False,avoidance not required,,{},,,,,,,,,,,0,safe,5.976,45.590,1.810,0,0,0.0,0.0,[],79.65421295166016,76.54414367675781,9.664852142333984,79.35906219482422,82.57600402832031,9.665486335754395,79.03565216064453,76.51390075683594,9.673803329467773
155.4,RUNNING,10,RETURN,0.489,0.9511,150.22,10.517,True,NORMAL,MONITOR,False,{},"[""uav2"", ""uav1"", ""uav0""]",limited,False,{},NONE,NORMAL,SAFE,1.0,IDLE,0.0,0.0,0.0,,,0.0,False,avoidance not required,,{},,,,,,,,,,,0,safe,5.982,45.321,1.806,0,0,0.0,0.0,[],79.4217300415039,76.32115936279297,9.731488227844238,79.11927795410156,82.35441589355469,9.73387336730957,78.78744506835938,76.29511260986328,9.73902702331543
155.6,RUNNING,10,RETURN,0.49,0.9509,150.185,10.517,True,NORMAL,MONITOR,False,{},"[""uav2"", ""uav1"", ""uav0""]",limited,False,{},NONE,NORMAL,SAFE,1.0,IDLE,0.0,0.0,0.0,,,0.0,False,avoidance not required,,{},,,,,,,,,,,0,safe,5.966,45.059,1.801,0,0,0.0,0.0,[],79.18038177490234,76.10426330566406,9.799856185913086,78.88813781738281,82.13286590576172,9.803702354431152,78.54962921142578,76.07844543457031,9.805821418762207
155.8,RUNNING,10,RETURN,0.491,0.9509,150.185,10.517,True,NORMAL,MONITOR,False,{},"[""uav2"", ""uav1"", ""uav0""]",limited,False,{},NONE,NORMAL,SAFE,1.0,IDLE,0.0,0.0,0.0,,,0.0,False,avoidance not required,,{},,,,,,,,,,,0,safe,5.969,44.803,1.801,0,0,0.0,0.0,[],78.94904327392578,75.8879623413086,9.86824893951416,78.64311981201172,81.9081039428711,9.877528190612793,78.30789947509766,75.86419677734375,9.877655982971191
156.0,RUNNING,10,RETURN,0.491,0.9509,150.185,10.517,True,NORMAL,MONITOR,False,{},"[""uav2"", ""uav1"", ""uav0""]",limited,False,{},NONE,NORMAL,SAFE,1.0,IDLE,0.0,0.0,0.0,,,0.0,False,avoidance not required,,{},,,,,,,,,,,0,safe,5.959,44.550,1.790,0,0,0.0,0.0,[],78.70841979980469,75.66859436035156,9.93344783782959,78.39522552490234,81.68507385253906,9.945279121398926,78.0755386352539,75.64840698242188,9.948898315429688
156.2,RUNNING,10,RETURN,0.492,0.9508,150.15,10.517,True,NORMAL,MONITOR,False,{},"[""uav2"", ""uav1"", ""uav0""]",limited,False,{},NONE,NORMAL,SAFE,1.0,IDLE,0.0,0.0,0.0,,,0.0,False,avoidance not required,,{},,,,,,,,,,,0,safe,5.967,44.293,1.778,0,0,0.0,0.0,[],78.47874450683594,75.44930267333984,10.00259017944336,78.16059875488281,81.46223449707031,10.014509201049805,77.83794403076172,75.42922973632812,10.016328811645508
156.4,RUNNING,10,RETURN,0.493,0.9508,150.15,10.517,True,NORMAL,MONITOR,False,{},"[""uav2"", ""uav1"", ""uav0""]",limited,False,{},NONE,NORMAL,SAFE,1.0,IDLE,0.0,0.0,0.0,,,0.0,False,avoidance not required,,{},,,,,,,,,,,0,safe,5.959,44.038,1.779,0,0,0.0,0.0,[],78.24002075195312,75.23107147216797,10.068930625915527,77.92286682128906,81.2394790649414,10.086209297180176,77.60867309570312,75.2096176147461,10.08379077911377
156.6,RUNNING,10,RETURN,0.494,0.9506,150.1152,10.517,True,NORMAL,MONITOR,False,{},"[""uav2"", ""uav1"", ""uav0""]",limited,False,{},NONE,NORMAL,SAFE,1.0,IDLE,0.0,0.0,0.0,,,0.0,False,avoidance not required,,{},,,,,,,,,,,0,safe,5.969,43.785,1.777,0,0,0.0,0.0,[],78.00241088867188,75.00304412841797,10.140597343444824,77.69666290283203,81.01689147949219,10.154870986938477,77.37248992919922,74.99063110351562,10.149543762207031
156.8,RUNNING,10,RETURN,0.494,0.9506,150.1152,10.517,True,NORMAL,MONITOR,False,{},"[""uav2"", ""uav1"", ""uav0""]",limited,False,{},NONE,NORMAL,SAFE,1.0,IDLE,0.0,0.0,0.0,,,0.0,False,avoidance not required,,{},,,,,,,,,,,0,safe,5.970,43.522,1.769,0,0,0.0,0.0,[],77.77603912353516,74.7939224243164,10.212115287780762,77.46758270263672,80.79810333251953,10.222566604614258,77.14530944824219,74.7713851928711,10.215032577514648
157.0,RUNNING,10,RETURN,0.495,0.9506,150.1152,10.517,True,NORMAL,MONITOR,False,{},"[""uav2"", ""uav1"", ""uav0""]",limited,False,{},NONE,NORMAL,SAFE,1.0,IDLE,0.0,0.0,0.0,,,0.0,False,avoidance not required,,{},,,,,,,,,,,0,safe,5.969,43.281,1.778,0,0,0.0,0.0,[],77.55020141601562,74.57440185546875,10.281956672668457,77.2459716796875,80.57734680175781,10.288887977600098,76.91439819335938,74.55455017089844,10.280088424682617
157.2,RUNNING,10,RETURN,0.496,0.9504,150.0805,10.517,True,NORMAL,MONITOR,False,{},"[""uav2"", ""uav1"", ""uav0""]",limited,False,{},NONE,NORMAL,SAFE,1.0,IDLE,0.0,0.0,0.0,,,0.0,False,avoidance not required,,{},,,,,,,,,,,0,safe,5.964,43.031,1.782,0,0,0.0,0.0,[],77.319091796875,74.36151123046875,10.34797191619873,77.01512145996094,80.35492706298828,10.353113174438477,76.6898193359375,74.33502960205078,10.345409393310547
157.4,RUNNING,10,RETURN,0.497,0.9504,150.0805,10.517,True,NORMAL,MONITOR,False,{},"[""uav2"", ""uav1"", ""uav0""]",limited,False,{},NONE,NORMAL,SAFE,1.0,IDLE,0.0,0.0,0.0,,,0.0,False,avoidance not required,,{},,,,,,,,,,,0,safe,5.971,42.787,1.788,0,0,0.0,0.0,[],77.08636474609375,74.13493347167969,10.415119171142578,76.7925033569336,80.13148498535156,10.418238639831543,76.4455337524414,74.10704040527344,10.413945198059082
157.6,RUNNING,10,RETURN,0.497,0.9502,150.0459,10.517,True,NORMAL,MONITOR,False,{},"[""uav2"", ""uav1"", ""uav0""]",limited,False,{},NONE,NORMAL,SAFE,1.0,IDLE,0.0,0.0,0.0,,,0.0,False,avoidance not required,,{},,,,,,,,,,,0,safe,5.959,42.530,1.784,0,0,0.0,0.0,[],76.8519287109375,73.9163589477539,10.475505828857422,76.55836486816406,79.90975952148438,10.482278823852539,76.222412109375,73.89871215820312,10.478074073791504
157.8,RUNNING,10,RETURN,0.498,0.9502,150.0459,10.517,True,NORMAL,MONITOR,False,{},"[""uav2"", ""uav1"", ""uav0""]",limited,False,{},NONE,NORMAL,SAFE,1.0,IDLE,0.0,0.0,0.0,,,0.0,False,avoidance not required,,{},,,,,,,,,,,0,safe,5.971,42.282,1.784,0,0,0.0,0.0,[],76.6170654296875,73.69806671142578,10.53617000579834,76.33232116699219,79.68721008300781,10.547140121459961,75.99764251708984,73.67849731445312,10.542878150939941
158.0,RUNNING,10,RETURN,0.499,0.9502,150.0459,10.517,True,NORMAL,MONITOR,False,{},"[""uav2"", ""uav1"", ""uav0""]",limited,False,{},NONE,NORMAL,SAFE,1.0,IDLE,0.0,0.0,0.0,,,0.0,False,avoidance not required,,{},,,,,,,,,,,0,safe,5.981,42.036,1.786,0,0,0.0,0.0,[],76.40054321289062,73.48461151123047,10.596718788146973,76.09671020507812,79.47137451171875,10.618743896484375,75.76981353759766,73.45821380615234,10.608867645263672
158.2,RUNNING,10,RETURN,0.5,0.9501,150.0112,10.517,True,NORMAL,MONITOR,False,{},"[""uav2"", ""uav1"", ""uav0""]",limited,False,{},NONE,NORMAL,SAFE,1.0,IDLE,0.0,0.0,0.0,,,0.0,False,avoidance not required,,{},,,,,,,,,,,0,safe,5.969,41.797,1.802,0,0,0.0,0.0,[],76.17078399658203,73.26567077636719,10.663650512695312,75.86936950683594,79.2520523071289,10.68503475189209,75.54708862304688,73.235595703125,10.67358112335205
158.4,RUNNING,10,RETURN,0.5,0.9501,150.0112,10.517,True,NORMAL,MONITOR,False,{},"[""uav2"", ""uav1"", ""uav0""]",limited,False,{},NONE,NORMAL,SAFE,1.0,IDLE,0.0,0.0,0.0,,,0.0,False,avoidance not required,,{},,,,,,,,,,,0,safe,5.976,41.552,1.805,0,0,0.0,0.0,[],75.9473876953125,73.0427017211914,10.730866432189941,75.6360855102539,79.03683471679688,10.7496337890625,75.31877899169922,73.01451110839844,10.73242473602295
158.6,RUNNING,10,RETURN,0.501,0.9499,149.9764,10.517,True,NORMAL,MONITOR,False,{},"[""uav2"", ""uav1"", ""uav0""]",limited,False,{},NONE,NORMAL,SAFE,1.0,IDLE,0.0,0.0,0.0,,,0.0,False,avoidance not required,,{},,,,,,,,,,,0,safe,5.971,41.305,1.809,0,0,0.0,0.0,[],75.71734619140625,72.82289123535156,10.797048568725586,75.41085052490234,78.81645202636719,10.81348705291748,75.09516143798828,72.79059600830078,10.794809341430664
158.8,RUNNING,10,RETURN,0.502,0.9499,149.9764,10.517,True,NORMAL,MONITOR,False,{},"[""uav2"", ""uav1"", ""uav0""]",limited,False,{},NONE,NORMAL,SAFE,1.0,IDLE,0.0,0.0,0.0,,,0.0,False,avoidance not required,,{},,,,,,,,,,,0,safe,5.978,41.061,1.811,0,0,0.0,0.0,[],75.492919921875,72.59872436523438,10.862366676330566,75.17875671386719,78.60240936279297,10.883061408996582,74.86708068847656,72.5653305053711,10.858795166015625
159.0,RUNNING,10,RETURN,0.503,0.9499,149.9764,10.517,True,NORMAL,MONITOR,False,{},"[""uav2"", ""uav1"", ""uav0""]",limited,False,{},NONE,NORMAL,SAFE,1.0,IDLE,0.0,0.0,0.0,,,0.0,False,avoidance not required,,{},,,,,,,,,,,0,safe,5.974,40.815,1.814,0,0,0.0,0.0,[],75.26251983642578,72.37725067138672,10.922566413879395,74.95375061035156,78.38211059570312,10.949321746826172,74.64264678955078,72.33891296386719,10.924433708190918
159.2,RUNNING,10,RETURN,0.503,0.9497,149.9416,10.517,True,NORMAL,MONITOR,False,{},"[""uav2"", ""uav1"", ""uav0""]",limited,False,{},NONE,NORMAL,SAFE,1.0,IDLE,0.0,0.0,0.0,,,0.0,False,avoidance not required,,{},,,,,,,,,,,0,safe,5.980,40.571,1.816,0,0,0.0,0.0,[],75.03756713867188,72.15172576904297,10.985623359680176,74.7254409790039,78.16185760498047,11.018248558044434,74.41284942626953,72.1146240234375,10.990974426269531
159.4,RUNNING,10,RETURN,0.504,0.9497,149.9416,10.517,True,NORMAL,MONITOR,False,{},"[""uav2"", ""uav1"", ""uav0""]",limited,False,{},NONE,NORMAL,SAFE,1.0,IDLE,0.0,0.0,0.0,,,0.0,False,avoidance not required,,{},,,,,,,,,,,0,safe,5.975,40.325,1.818,0,0,0.0,0.0,[],74.80506896972656,71.92980194091797,11.050738334655762,74.50231170654297,77.93710327148438,11.081572532653809,74.18717956542969,71.88920593261719,11.058445930480957
159.6,RUNNING,10,RETURN,0.505,0.9495,149.9067,10.517,True,NORMAL,MONITOR,False,{},"[""uav2"", ""uav1"", ""uav0""]",limited,False,{},NONE,NORMAL,SAFE,1.0,IDLE,0.0,0.0,0.0,,,0.0,False,avoidance not required,,{},,,,,,,,,,,0,safe,5.982,40.083,1.816,0,0,0.0,0.0,[],74.5788803100586,71.70391845703125,11.116787910461426,74.27340698242188,77.71672821044922,11.143427848815918,73.95677947998047,71.66570281982422,11.129129409790039
159.8,RUNNING,10,RETURN,0.506,0.9495,149.9067,10.517,True,NORMAL,MONITOR,False,{},"[""uav2"", ""uav1"", ""uav0""]",limited,False,{},NONE,NORMAL,SAFE,1.0,IDLE,0.0,0.0,0.0,,,0.0,False,avoidance not required,,{},,,,,,,,,,,0,safe,5.978,39.839,1.816,0,0,0.0,0.0,[],74.34416198730469,71.4853515625,11.190065383911133,74.04864501953125,77.49178314208984,11.203911781311035,73.73015594482422,71.44141387939453,11.195181846618652
160.0,RUNNING,10,RETURN,0.506,0.9495,149.9067,10.517,True,NORMAL,MONITOR,False,{},"[""uav2"", ""uav1"", ""uav0""]",limited,False,{},NONE,NORMAL,SAFE,1.0,IDLE,0.0,0.0,0.0,,,0.0,False,avoidance not required,,{},,,,,,,,,,,0,safe,5.986,39.603,1.817,0,0,0.0,0.0,[],74.11627960205078,71.26175689697266,11.256121635437012,73.81391143798828,77.27459716796875,11.26412296295166,73.49897003173828,71.22171783447266,11.263154983520508
160.2,RUNNING,10,RETURN,0.507,0.9494,149.872,10.517,True,NORMAL,MONITOR,False,{},"[""uav2"", ""uav1"", ""uav0""]",limited,False,{},NONE,NORMAL,SAFE,1.0,IDLE,0.0,0.0,0.0,,,0.0,False,avoidance not required,,{},,,,,,,,,,,0,safe,5.983,39.363,1.818,0,0,0.0,0.0,[],73.88481140136719,71.04261016845703,11.323359489440918,73.58553314208984,77.05122375488281,11.32323932647705,73.27059173583984,70.99931335449219,11.327726364135742
160.4,RUNNING,10,RETURN,0.508,0.9494,149.872,10.517,True,NORMAL,MONITOR,False,{},"[""uav2"", ""uav1"", ""uav0""]",limited,False,{},NONE,NORMAL,SAFE,1.0,IDLE,0.0,0.0,0.0,,,0.0,False,avoidance not required,,{},,,,,,,,,,,0,safe,5.986,39.128,1.818,0,0,0.0,0.0,[],73.65839385986328,70.81824493408203,11.386293411254883,73.3545150756836,76.82920837402344,11.381126403808594,73.0351791381836,70.77852630615234,11.393646240234375
160.6,RUNNING,10,RETURN,0.509,0.9492,149.8376,10.517,True,NORMAL,MONITOR,False,{},"[""uav2"", ""uav1"", ""uav0""]",limited,False,{},NONE,NORMAL,SAFE,1.0,IDLE,0.0,0.0,0.0,,,0.0,False,avoidance not required,,{},,,,,,,,,,,0,safe,5.977,38.890,1.818,0,0,0.0,0.0,[],73.42591857910156,70.59818267822266,11.451876640319824,73.12863159179688,76.60237884521484,11.440757751464844,72.8045654296875,70.55524444580078,11.455384254455566
160.8,RUNNING,10,RETURN,0.509,0.9492,149.8376,10.517,True,NORMAL,MONITOR,False,{},"[""uav2"", ""uav1"", ""uav0""]",limited,False,{},NONE,NORMAL,SAFE,1.0,IDLE,0.0,0.0,0.0,,,0.0,False,avoidance not required,,{},,,,,,,,,,,0,safe,5.979,38.657,1.818,0,0,0.0,0.0,[],73.19908142089844,70.37308502197266,11.51207447052002,72.89659881591797,76.38351440429688,11.505050659179688,72.56866455078125,70.33447265625,11.520475387573242
161.0,RUNNING,10,RETURN,0.51,0.9492,149.8376,10.517,True,NORMAL,MONITOR,False,{},"[""uav2"", ""uav1"", ""uav0""]",limited,False,{},NONE,NORMAL,SAFE,1.0,IDLE,0.0,0.0,0.0,,,0.0,False,avoidance not required,,{},,,,,,,,,,,0,safe,5.970,38.420,1.818,0,0,0.0,0.0,[],72.96617889404297,70.1565170288086,11.572669982910156,72.66983032226562,76.15859985351562,11.566349029541016,72.33837890625,70.111572265625,11.58004093170166
161.2,RUNNING,10,RETURN,0.511,0.949,149.8033,10.517,True,NORMAL,MONITOR,False,{},"[""uav2"", ""uav1"", ""uav0""]",limited,False,{},NONE,NORMAL,SAFE,1.0,IDLE,0.0,0.0,0.0,,,0.0,False,avoidance not required,,{},,,,,,,,,,,0,safe,5.972,38.193,1.818,0,0,0.0,0.0,[],72.73867797851562,69.9339828491211,11.631072998046875,72.43350219726562,75.93766784667969,11.621877670288086,72.09687042236328,69.882080078125,11.635675430297852
161.4,RUNNING,10,RETURN,0.512,0.949,149.8033,10.517,True,NORMAL,MONITOR,False,{},"[""uav2"", ""uav1"", ""uav0""]",limited,False,{},NONE,NORMAL,SAFE,1.0,IDLE,0.0,0.0,0.0,,,0.0,False,avoidance not required,,{},,,,,,,,,,,0,safe,5.958,37.961,1.815,0,0,0.0,0.0,[],72.50830078125,69.71044921875,11.685134887695312,72.20404815673828,75.71136474609375,11.677521705627441,71.87753295898438,69.66846466064453,11.68764591217041
161.6,RUNNING,10,RETURN,0.512,0.9488,149.7688,10.517,True,NORMAL,MONITOR,False,{},"[""uav2"", ""uav1"", ""uav0""]",limited,False,{},NONE,NORMAL,SAFE,1.0,IDLE,0.0,0.0,0.0,,,0.0,False,avoidance not required,,{},,,,,,,,,,,0,safe,5.969,37.730,1.814,0,0,0.0,0.0,[],72.28202819824219,69.4830322265625,11.739789962768555,71.9677505493164,75.48854064941406,11.740408897399902,71.64249420166016,69.45169067382812,11.744536399841309
161.8,RUNNING,10,RETURN,0.513,0.9488,149.7688,10.517,True,NORMAL,MONITOR,False,{},"[""uav2"", ""uav1"", ""uav0""]",limited,False,{},NONE,NORMAL,SAFE,1.0,IDLE,0.0,0.0,0.0,,,0.0,False,avoidance not required,,{},,,,,,,,,,,0,safe,5.961,37.496,1.814,0,0,0.0,0.0,[],72.04779052734375,69.26036071777344,11.792783737182617,71.73845672607422,75.26136779785156,11.801812171936035,71.41329193115234,69.23126220703125,11.801188468933105
162.0,RUNNING,10,RETURN,0.514,0.9488,149.7688,10.517,True,NORMAL,MONITOR,False,{},"[""uav2"", ""uav1"", ""uav0""]",limited,False,{},NONE,NORMAL,SAFE,1.0,IDLE,0.0,0.0,0.0,,,0.0,False,avoidance not required,,{},,,,,,,,,,,0,safe,5.966,37.268,1.812,0,0,0.0,0.0,[],71.81900024414062,69.0340805053711,11.847709655761719,71.50590515136719,75.04573822021484,11.8638277053833,71.18486785888672,69.01542663574219,11.860895156860352
162.2,RUNNING,10,RETURN,0.515,0.9487,149.7344,10.517,True,NORMAL,MONITOR,False,{},"[""uav2"", ""uav1"", ""uav0""]",limited,False,{},NONE,NORMAL,SAFE,1.0,IDLE,0.0,0.0,0.0,,,0.0,False,avoidance not required,,{},,,,,,,,,,,0,safe,5.966,37.038,1.811,0,0,0.0,0.0,[],71.5887222290039,68.8128890991211,11.909097671508789,71.27830505371094,74.82392120361328,11.922555923461914,70.95936584472656,68.79525756835938,11.918395042419434
162.4,RUNNING,10,RETURN,0.515,0.9487,149.7344,10.517,True,NORMAL,MONITOR,False,{},"[""uav2"", ""uav1"", ""uav0""]",limited,False,{},NONE,NORMAL,SAFE,1.0,IDLE,0.0,0.0,0.0,,,0.0,False,avoidance not required,,{},,,,,,,,,,,0,safe,5.971,36.814,1.812,0,0,0.0,0.0,[],71.35257720947266,68.57888793945312,11.9721097946167,71.04530334472656,74.60929107666016,11.9823579788208,70.7204360961914,68.57257843017578,11.976730346679688
162.6,RUNNING,10,RETURN,0.516,0.9485,149.6998,10.517,True,NORMAL,MONITOR,False,{},"[""uav2"", ""uav1"", ""uav0""]",limited,False,{},NONE,NORMAL,SAFE,1.0,IDLE,0.0,0.0,0.0,,,0.0,False,avoidance not required,,{},,,,,,,,,,,0,safe,5.968,36.579,1.813,0,0,0.0,0.0,[],71.1275405883789,68.36592864990234,12.03101634979248,70.81735229492188,74.38729095458984,12.039763450622559,70.50218200683594,68.36161804199219,12.031841278076172
162.8,RUNNING,10,RETURN,0.517,0.9485,149.6998,10.517,True,NORMAL,MONITOR,False,{},"[""uav2"", ""uav1"", ""uav0""]",limited,False,{},NONE,NORMAL,SAFE,1.0,IDLE,0.0,0.0,0.0,,,0.0,False,avoidance not required,,{},,,,,,,,,,,0,safe,5.975,36.366,1.815,0,0,0.0,0.0,[],70.8975601196289,68.14061737060547,12.091890335083008,70.58564758300781,74.16885375976562,12.094979286193848,70.27169036865234,68.14567565917969,12.085593223571777
163.0,RUNNING,10,RETURN,0.518,0.9485,149.6998,10.517,True,NORMAL,MONITOR,False,{},"[""uav2"", ""uav1"", ""uav0""]",limited,False,{},NONE,NORMAL,SAFE,1.0,IDLE,0.0,0.0,0.0,,,0.0,False,avoidance not required,,{},,,,,,,,,,,0,safe,5.974,36.141,1.817,0,0,0.0,0.0,[],70.66017150878906,67.91658020019531,12.14432144165039,70.3585205078125,73.94435119628906,12.149888038635254,70.04317474365234,67.92399597167969,12.139715194702148
163.2,RUNNING,10,RETURN,0.518,0.9483,149.6651,10.517,True,NORMAL,MONITOR,False,{},"[""uav2"", ""uav1"", ""uav0""]",limited,False,{},NONE,NORMAL,SAFE,1.0,IDLE,0.0,0.0,0.0,,,0.0,False,avoidance not required,,{},,,,,,,,,,,0,safe,5.983,35.917,1.818,0,0,0.0,0.0,[],70.42861938476562,67.68982696533203,12.197518348693848,70.12549591064453,73.72799682617188,12.201355934143066,69.80918884277344,67.7066879272461,12.188911437988281
163.4,RUNNING,10,RETURN,0.519,0.9483,149.6651,10.517,True,NORMAL,MONITOR,False,{},"[""uav2"", ""uav1"", ""uav0""]",limited,False,{},NONE,NORMAL,SAFE,1.0,IDLE,0.0,0.0,0.0,,,0.0,False,avoidance not required,,{},,,,,,,,,,,0,safe,5.981,35.690,1.819,0,0,0.0,0.0,[],70.19451141357422,67.47390747070312,12.245129585266113,69.89669036865234,73.50464630126953,12.255072593688965,69.56880187988281,67.4752197265625,12.245848655700684
163.6,RUNNING,10,RETURN,0.52,0.9482,149.6303,10.517,True,NORMAL,MONITOR,False,{},"[""uav2"", ""uav1"", ""uav0""]",limited,False,{},NONE,NORMAL,SAFE,1.0,IDLE,0.0,0.0,0.0,,,0.0,False,avoidance not required,,{},,,,,,,,,,,0,safe,5.974,35.474,1.818,0,0,0.0,0.0,[],69.9655532836914,67.25288391113281,12.298421859741211,69.66002655029297,73.28112030029297,12.303406715393066,69.341796875,67.26399993896484,12.3012056350708
163.8,RUNNING,10,RETURN,0.521,0.9482,149.6303,10.517,True,NORMAL,MONITOR,False,{},"[""uav2"", ""uav1"", ""uav0""]",limited,False,{},NONE,NORMAL,SAFE,1.0,IDLE,0.0,0.0,0.0,,,0.0,False,avoidance not required,,{},,,,,,,,,,,0,safe,5.972,35.040,1.807,0,0,0.0,0.0,[],69.73719787597656,67.04022979736328,12.355168342590332,69.42949676513672,73.05277252197266,12.355880737304688,69.109619140625,67.03950500488281,12.357725143432617
164.0,RUNNING,10,RETURN,0.521,0.9482,149.6303,10.517,True,NORMAL,MONITOR,False,{},"[""uav2"", ""uav1"", ""uav0""]",limited,False,{},NONE,NORMAL,SAFE,1.0,IDLE,0.0,0.0,0.0,,,0.0,False,avoidance not required,,{},,,,,,,,,,,0,safe,5.972,35.040,1.807,0,0,0.0,0.0,[],69.50166320800781,66.81277465820312,12.414314270019531,69.1957015991211,72.82875061035156,12.402556419372559,68.8653793334961,66.81178283691406,12.407832145690918
164.2,RUNNING,10,RETURN,0.522,0.948,149.5956,10.517,True,NORMAL,MONITOR,False,{},"[""uav2"", ""uav1"", ""uav0""]",limited,False,{},NONE,NORMAL,SAFE,1.0,IDLE,0.0,0.0,0.0,,,0.0,False,avoidance not required,,{},,,,,,,,,,,0,safe,5.964,34.813,1.804,0,0,0.0,0.0,[],69.27974700927734,66.60960388183594,12.461958885192871,68.96236419677734,72.60415649414062,12.450057983398438,68.64356231689453,66.5982437133789,12.454111099243164
164.4,RUNNING,10,RETURN,0.523,0.948,149.5956,10.517,True,NORMAL,MONITOR,False,{},"[""uav2"", ""uav1"", ""uav0""]",limited,False,{},NONE,NORMAL,SAFE,1.0,IDLE,0.0,0.0,0.0,,,0.0,False,avoidance not required,,{},,,,,,,,,,,0,safe,5.964,34.610,1.814,0,0,0.0,0.0,[],69.0512466430664,66.39015197753906,12.513497352600098,68.73411560058594,72.3766098022461,12.505790710449219,68.40560150146484,66.36302185058594,12.509581565856934
164.6,RUNNING,10,RETURN,0.524,0.9478,149.5609,10.517,True,NORMAL,MONITOR,False,{},"[""uav2"", ""uav1"", ""uav0""]",limited,False,{},NONE,NORMAL,SAFE,1.0,IDLE,0.0,0.0,0.0,,,0.0,False,avoidance not required,,{},,,,,,,,,,,0,safe,5.954,34.390,1.817,0,0,0.0,0.0,[],68.82027435302734,66.17103576660156,12.560380935668945,68.50579833984375,72.15595245361328,12.559502601623535,68.18290710449219,66.14833068847656,12.561097145080566
164.8,RUNNING,10,RETURN,0.524,0.9478,149.5609,10.517,True,NORMAL,MONITOR,False,{},"[""uav2"", ""uav1"", ""uav0""]",limited,False,{},NONE,NORMAL,SAFE,1.0,IDLE,0.0,0.0,0.0,,,0.0,False,avoidance not required,,{},,,,,,,,,,,0,safe,5.963,34.171,1.818,0,0,0.0,0.0,[],68.59162902832031,65.94686126708984,12.614150047302246,68.28013610839844,71.9315185546875,12.614895820617676,67.95393371582031,65.92162322998047,12.615615844726562
165.0,RUNNING,10,RETURN,0.525,0.9478,149.5609,10.517,True,NORMAL,MONITOR,False,{},"[""uav2"", ""uav1"", ""uav0""]",limited,False,{},NONE,NORMAL,SAFE,1.0,IDLE,0.0,0.0,0.0,,,0.0,False,avoidance not required,,{},,,,,,,,,,,0,safe,5.962,33.947,1.818,0,0,0.0,0.0,[],68.36493682861328,65.72555541992188,12.665531158447266,68.05142974853516,71.70992279052734,12.666707038879395,67.72250366210938,65.69808959960938,12.664217948913574
165.2,RUNNING,10,RETURN,0.526,0.9476,149.5262,10.517,True,NORMAL,MONITOR,False,{},"[""uav2"", ""uav1"", ""uav0""]",limited,False,{},NONE,NORMAL,SAFE,1.0,IDLE,0.0,0.0,0.0,,,0.0,False,avoidance not required,,{},,,,,,,,,,,0,safe,5.958,33.726,1.820,0,0,0.0,0.0,[],68.13867950439453,65.49983215332031,12.71969223022461,67.8248519897461,71.48535919189453,12.720976829528809,67.4944839477539,65.47218322753906,12.716052055358887
165.4,RUNNING,10,RETURN,0.527,0.9476,149.5262,10.517,True,NORMAL,MONITOR,False,{},"[""uav2"", ""uav1"", ""uav0""]",limited,False,{},NONE,NORMAL,SAFE,1.0,IDLE,0.0,0.0,0.0,,,0.0,False,avoidance not required,,{},,,,,,,,,,,0,safe,5.956,33.500,1.820,0,0,0.0,0.0,[],67.90928649902344,65.27801513671875,12.773646354675293,67.5946044921875,71.26235961914062,12.768439292907715,67.2601547241211,65.240478515625,12.764786720275879
165.6,RUNNING,10,RETURN,0.527,0.9475,149.4914,10.517,True,NORMAL,MONITOR,False,{},"[""uav2"", ""uav1"", ""uav0""]",limited,False,{},NONE,NORMAL,SAFE,1.0,IDLE,0.0,0.0,0.0,,,0.0,False,avoidance not required,,{},,,,,,,,,,,0,safe,5.951,33.278,1.819,0,0,0.0,0.0,[],67.68054962158203,65.05255889892578,12.828852653503418,67.36669158935547,71.03682708740234,12.819509506225586,67.04442596435547,65.02458190917969,12.813872337341309
165.8,RUNNING,10,RETURN,0.528,0.9475,149.4914,10.517,True,NORMAL,MONITOR,False,{},"[""uav2"", ""uav1"", ""uav0""]",limited,False,{},NONE,NORMAL,SAFE,1.0,IDLE,0.0,0.0,0.0,,,0.0,False,avoidance not required,,{},,,,,,,,,,,0,safe,5.964,33.053,1.817,0,0,0.0,0.0,[],67.44849395751953,64.83131408691406,12.880035400390625,67.13101959228516,70.81950378417969,12.869226455688477,66.81922912597656,64.80189514160156,12.862966537475586
166.0,RUNNING,10,RETURN,0.529,0.9475,149.4914,10.517,True,NORMAL,MONITOR,False,{},"[""uav2"", ""uav1"", ""uav0""]",limited,False,{},NONE,NORMAL,SAFE,1.0,IDLE,0.0,0.0,0.0,,,0.0,False,avoidance not required,,{},,,,,,,,,,,0,safe,5.971,32.831,1.816,0,0,0.0,0.0,[],67.21768951416016,64.6064682006836,12.931078910827637,66.89901733398438,70.59827423095703,12.922011375427246,66.59322357177734,64.57709503173828,12.915974617004395
166.2,RUNNING,10,RETURN,0.53,0.9473,149.4566,10.517,True,NORMAL,MONITOR,False,{},"[""uav2"", ""uav1"", ""uav0""]",limited,False,{},NONE,NORMAL,SAFE,1.0,IDLE,0.0,0.0,0.0,,,0.0,False,avoidance not required,,{},,,,,,,,,,,0,safe,5.976,32.606,1.814,0,0,0.0,0.0,[],66.98172760009766,64.38422393798828,12.97778606414795,66.66763305664062,70.38359069824219,12.972764015197754,66.35608673095703,64.34566497802734,12.968714714050293
166.4,RUNNING,10,RETURN,0.53,0.9473,149.4566,10.517,True,NORMAL,MONITOR,False,{},"[""uav2"", ""uav1"", ""uav0""]",limited,False,{},NONE,NORMAL,SAFE,1.0,IDLE,0.0,0.0,0.0,,,0.0,False,avoidance not required,,{},,,,,,,,,,,0,safe,5.974,32.384,1.810,0,0,0.0,0.0,[],66.73914337158203,64.15043640136719,13.030189514160156,66.43888854980469,70.16339874267578,13.025686264038086,66.13668060302734,64.13069915771484,13.021151542663574
166.6,RUNNING,10,RETURN,0.531,0.9471,149.4217,10.517,True,NORMAL,MONITOR,False,{},"[""uav2"", ""uav1"", ""uav0""]",limited,False,{},NONE,NORMAL,SAFE,1.0,IDLE,0.0,0.0,0.0,,,0.0,False,avoidance not required,,{},,,,,,,,,,,0,safe,5.998,32.150,1.802,0,0,0.0,0.0,[],66.51786804199219,63.93918991088867,13.074822425842285,66.20632934570312,69.94769287109375,13.073969841003418,65.90887451171875,63.91150665283203,13.071952819824219
166.8,RUNNING,10,RETURN,0.532,0.9471,149.4217,10.517,True,NORMAL,MONITOR,False,{},"[""uav2"", ""uav1"", ""uav0""]",limited,False,{},NONE,NORMAL,SAFE,1.0,IDLE,0.0,0.0,0.0,,,0.0,False,avoidance not required,,{},,,,,,,,,,,0,safe,6.001,31.707,1.807,0,0,0.0,0.0,[],66.2791976928711,63.707157135009766,13.126493453979492,65.97309112548828,69.73627471923828,13.117657661437988,65.679931640625,63.69243240356445,13.122808456420898
167.0,RUNNING,10,RETURN,0.533,0.9471,149.4217,10.517,True,NORMAL,MONITOR,False,{},"[""uav2"", ""uav1"", ""uav0""]",limited,False,{},NONE,NORMAL,SAFE,1.0,IDLE,0.0,0.0,0.0,,,0.0,False,avoidance not required,,{},,,,,,,,,,,0,safe,6.001,31.707,1.807,0,0,0.0,0.0,[],66.06211853027344,63.496543884277344,13.171147346496582,65.74247741699219,69.51799774169922,13.168444633483887,65.449951171875,63.471519470214844,13.175054550170898
167.2,RUNNING,10,RETURN,0.533,0.9469,149.3869,10.517,True,NORMAL,MONITOR,False,{},"[""uav2"", ""uav1"", ""uav0""]",limited,False,{},NONE,NORMAL,SAFE,1.0,IDLE,0.0,0.0,0.0,,,0.0,False,avoidance not required,,{},,,,,,,,,,,0,safe,5.988,31.480,1.807,0,0,0.0,0.0,[],65.8343505859375,63.274295806884766,13.22096061706543,65.5112533569336,69.29888153076172,13.216885566711426,65.21861267089844,63.25454330444336,13.223037719726562
167.4,RUNNING,10,RETURN,0.534,0.9469,149.3869,10.517,True,NORMAL,MONITOR,False,{},"[""uav2"", ""uav1"", ""uav0""]",limited,False,{},NONE,NORMAL,SAFE,1.0,IDLE,0.0,0.0,0.0,,,0.0,False,avoidance not required,,{},,,,,,,,,,,0,safe,5.984,31.259,1.806,0,0,0.0,0.0,[],65.60655212402344,63.05912780761719,13.265971183776855,65.28199005126953,69.07584381103516,13.268531799316406,64.98703002929688,63.03519058227539,13.272468566894531
167.6,RUNNING,10,RETURN,0.535,0.9468,149.3523,10.517,True,NORMAL,MONITOR,False,{},"[""uav2"", ""uav1"", ""uav0""]",limited,False,{},NONE,NORMAL,SAFE,1.0,IDLE,0.0,0.0,0.0,,,0.0,False,avoidance not required,,{},,,,,,,,,,,0,safe,5.981,31.037,1.809,0,0,0.0,0.0,[],65.37739562988281,62.83979415893555,13.314435958862305,65.05133819580078,68.85737609863281,13.324578285217285,64.75443267822266,62.820457458496094,13.319595336914062
167.8,RUNNING,10,RETURN,0.536,0.9468,149.3523,10.517,True,NORMAL,MONITOR,False,{},"[""uav2"", ""uav1"", ""uav0""]",limited,False,{},NONE,NORMAL,SAFE,1.0,IDLE,0.0,0.0,0.0,,,0.0,False,avoidance not required,,{},,,,,,,,,,,0,safe,5.977,30.821,1.810,0,0,0.0,0.0,[],65.1541519165039,62.622772216796875,13.360804557800293,64.82203674316406,68.63445281982422,13.380470275878906,64.52246856689453,62.60125732421875,13.369386672973633
168.0,RUNNING,10,RETURN,0.536,0.9468,149.3523,10.517,True,NORMAL,MONITOR,False,{},"[""uav2"", ""uav1"", ""uav0""]",limited,False,{},NONE,NORMAL,SAFE,1.0,IDLE,0.0,0.0,0.0,,,0.0,False,avoidance not required,,{},,,,,,,,,,,0,safe,5.968,30.601,1.817,0,0,0.0,0.0,[],64.92732238769531,62.40232849121094,13.410111427307129,64.59600067138672,68.41350555419922,13.432615280151367,64.29415893554688,62.379127502441406,13.420037269592285
168.2,RUNNING,10,RETURN,0.537,0.9466,149.3177,10.517,True,NORMAL,MONITOR,False,{},"[""uav2"", ""uav1"", ""uav0""]",limited,False,{},NONE,NORMAL,SAFE,1.0,IDLE,0.0,0.0,0.0,,,0.0,False,avoidance not required,,{},,,,,,,,,,,0,safe,5.967,30.379,1.818,0,0,0.0,0.0,[],64.70243072509766,62.18089294433594,13.458559036254883,64.36981201171875,68.18943786621094,13.482342720031738,64.06432342529297,62.156288146972656,13.470475196838379
168.4,RUNNING,10,RETURN,0.538,0.9466,149.3177,10.517,True,NORMAL,MONITOR,False,{},"[""uav2"", ""uav1"", ""uav0""]",limited,False,{},NONE,NORMAL,SAFE,1.0,IDLE,0.0,0.0,0.0,,,0.0,False,avoidance not required,,{},,,,,,,,,,,0,safe,5.962,30.156,1.821,0,0,0.0,0.0,[],64.47366333007812,61.957454681396484,13.508224487304688,64.14781951904297,67.96610260009766,13.527514457702637,63.83281326293945,61.93854904174805,13.520071983337402
168.6,RUNNING,10,RETURN,0.539,0.9464,149.2833,10.517,True,NORMAL,MONITOR,False,{},"[""uav2"", ""uav1"", ""uav0""]",limited,False,{},NONE,NORMAL,SAFE,1.0,IDLE,0.0,0.0,0.0,,,0.0,False,avoidance not required,,{},,,,,,,,,,,0,safe,5.959,29.939,1.819,0,0,0.0,0.0,[],64.23951721191406,61.74092102050781,13.550680160522461,63.922908782958984,67.74120330810547,13.574517250061035,63.60075378417969,61.71879959106445,13.570960998535156
168.8,RUNNING,10,RETURN,0.539,0.9464,149.2833,10.517,True,NORMAL,MONITOR,False,{},"[""uav2"", ""uav1"", ""uav0""]",limited,False,{},NONE,NORMAL,SAFE,1.0,IDLE,0.0,0.0,0.0,,,0.0,False,avoidance not required,,{},,,,,,,,,,,0,safe,5.961,29.719,1.819,0,0,0.0,0.0,[],64.00406646728516,61.52082824707031,13.598936080932617,63.70296859741211,67.52050018310547,13.615860939025879,63.37163543701172,61.503353118896484,13.621206283569336
169.0,RUNNING,10,RETURN,0.54,0.9464,149.2833,10.517,True,NORMAL,MONITOR,False,{},"[""uav2"", ""uav1"", ""uav0""]",limited,False,{},NONE,NORMAL,SAFE,1.0,IDLE,0.0,0.0,0.0,,,0.0,False,avoidance not required,,{},,,,,,,,,,,0,safe,5.968,29.503,1.814,0,0,0.0,0.0,[],63.77434539794922,61.303428649902344,13.646309852600098,63.477901458740234,67.29784393310547,13.659687042236328,63.140689849853516,61.28395080566406,13.668071746826172
169.2,RUNNING,10,RETURN,0.541,0.9462,149.2489,10.517,True,NORMAL,MONITOR,False,{},"[""uav2"", ""uav1"", ""uav0""]",limited,False,{},NONE,NORMAL,SAFE,1.0,IDLE,0.0,0.0,0.0,,,0.0,False,avoidance not required,,{},,,,,,,,,,,0,safe,5.966,29.284,1.816,0,0,0.0,0.0,[],63.54233932495117,61.08273696899414,13.694045066833496,63.257911682128906,67.07482147216797,13.70194149017334,62.9083366394043,61.06343078613281,13.7103853225708
169.4,RUNNING,10,RETURN,0.542,0.9462,149.2489,10.517,True,NORMAL,MONITOR,False,{},"[""uav2"", ""uav1"", ""uav0""]",limited,False,{},NONE,NORMAL,SAFE,1.0,IDLE,0.0,0.0,0.0,,,0.0,False,avoidance not required,,{},,,,,,,,,,,0,safe,5.966,29.063,1.819,0,0,0.0,0.0,[],63.30827331542969,60.862648010253906,13.738399505615234,63.03141784667969,66.85152435302734,13.749472618103027,62.67577362060547,60.841121673583984,13.75484561920166
169.6,RUNNING,10,RETURN,0.542,0.9461,149.2145,10.517,True,NORMAL,MONITOR,False,{},"[""uav2"", ""uav1"", ""uav0""]",limited,False,{},NONE,NORMAL,SAFE,1.0,IDLE,0.0,0.0,0.0,,,0.0,False,avoidance not required,,{},,,,,,,,,,,0,safe,5.968,28.841,1.819,0,0,0.0,0.0,[],63.072818756103516,60.64033889770508,13.785773277282715,62.806034088134766,66.63794708251953,13.79368782043457,62.44758224487305,60.62044143676758,13.796541213989258
169.8,RUNNING,10,RETURN,0.543,0.9461,149.2145,10.517,True,NORMAL,MONITOR,False,{},"[""uav2"", ""uav1"", ""uav0""]",limited,False,{},NONE,NORMAL,SAFE,1.0,IDLE,0.0,0.0,0.0,,,0.0,False,avoidance not required,,{},,,,,,,,,,,0,safe,5.975,28.620,1.827,0,0,0.0,0.0,[],62.84210205078125,60.423912048339844,13.835851669311523,62.57497024536133,66.42070007324219,13.842328071594238,62.2183723449707,60.398258209228516,13.841551780700684
170.0,RUNNING,10,RETURN,0.544,0.9461,149.2145,10.517,True,NORMAL,MONITOR,False,{},"[""uav2"", ""uav1"", ""uav0""]",limited,False,{},NONE,NORMAL,SAFE,1.0,IDLE,0.0,0.0,0.0,,,0.0,False,avoidance not required,,{},,,,,,,,,,,0,safe,5.987,28.175,1.832,0,0,0.0,0.0,[],62.609230041503906,60.20439910888672,13.885783195495605,62.347938537597656,66.20467376708984,13.892729759216309,61.99608612060547,60.175086975097656,13.88598918914795
170.2,RUNNING,10,RETURN,0.545,0.9459,149.1802,10.517,True,NORMAL,MONITOR,False,{},"[""uav2"", ""uav1"", ""uav0""]",limited,False,{},NONE,NORMAL,SAFE,1.0,IDLE,0.0,0.0,0.0,,,0.0,False,avoidance not required,,{},,,,,,,,,,,0,safe,5.987,28.175,1.832,0,0,0.0,0.0,[],62.385562896728516,59.983497619628906,13.931532859802246,62.11494827270508,65.98595428466797,13.941908836364746,61.77008819580078,59.95267868041992,13.933053016662598
170.4,RUNNING,10,RETURN,0.545,0.9459,149.1802,10.517,True,NORMAL,MONITOR,False,{},"[""uav2"", ""uav1"", ""uav0""]",limited,False,{},NONE,NORMAL,SAFE,1.0,IDLE,0.0,0.0,0.0,,,0.0,False,avoidance not required,,{},,,,,,,,,,,0,safe,5.985,27.953,1.829,0,0,0.0,0.0,[],62.15687942504883,59.76121139526367,13.979084014892578,61.88465881347656,65.76876831054688,13.986584663391113,61.54815673828125,59.73469161987305,13.97691535949707
170.6,RUNNING,10,RETURN,0.546,0.9457,149.1458,10.517,True,NORMAL,MONITOR,False,{},"[""uav2"", ""uav1"", ""uav0""]",limited,False,{},NONE,NORMAL,SAFE,1.0,IDLE,0.0,0.0,0.0,,,0.0,False,avoidance not required,,{},,,,,,,,,,,0,safe,5.991,27.735,1.829,0,0,0.0,0.0,[],61.92975997924805,59.5396842956543,14.02001667022705,61.64934158325195,65.54871368408203,14.030943870544434,61.320167541503906,59.51567840576172,14.022193908691406
170.8,RUNNING,10,RETURN,0.547,0.9457,149.1458,10.517,True,NORMAL,MONITOR,False,{},"[""uav2"", ""uav1"", ""uav0""]",limited,False,{},NONE,NORMAL,SAFE,1.0,IDLE,0.0,0.0,0.0,,,0.0,False,avoidance not required,,{},,,,,,,,,,,0,safe,5.990,27.516,1.823,0,0,0.0,0.0,[],61.69823455810547,59.318084716796875,14.062714576721191,61.421302795410156,65.32936096191406,14.073636054992676,61.09386444091797,59.298606872558594,14.063370704650879
171.0,RUNNING,10,RETURN,0.548,0.9457,149.1458,10.517,True,NORMAL,MONITOR,False,{},"[""uav2"", ""uav1"", ""uav0""]",limited,False,{},NONE,NORMAL,SAFE,1.0,IDLE,0.0,0.0,0.0,,,0.0,False,avoidance not required,,{},,,,,,,,,,,0,safe,5.996,27.299,1.824,0,0,0.0,0.0,[],61.46942901611328,59.10503005981445,14.102187156677246,61.196449279785156,65.10760498046875,14.110308647155762,60.86914825439453,59.08392333984375,14.103849411010742
171.2,RUNNING,10,RETURN,0.548,0.9456,149.1116,10.517,True,NORMAL,MONITOR,False,{},"[""uav2"", ""uav1"", ""uav0""]",limited,False,{},NONE,NORMAL,SAFE,1.0,IDLE,0.0,0.0,0.0,,,0.0,False,avoidance not required,,{},,,,,,,,,,,0,safe,6.000,27.084,1.825,0,0,0.0,0.0,[],61.23664855957031,58.8889045715332,14.143256187438965,60.964073181152344,64.88545227050781,14.149703979492188,60.63877487182617,58.867164611816406,14.145934104919434
171.4,RUNNING,10,RETURN,0.549,0.9456,149.1116,10.517,True,NORMAL,MONITOR,False,{},"[""uav2"", ""uav1"", ""uav0""]",limited,False,{},NONE,NORMAL,SAFE,1.0,IDLE,0.0,0.0,0.0,,,0.0,False,avoidance not required,,{},,,,,,,,,,,0,safe,6.002,26.867,1.821,0,0,0.0,0.0,[],61.01335144042969,58.672096252441406,14.17763900756836,60.73042297363281,64.66831970214844,14.191997528076172,60.411712646484375,58.651058197021484,14.18872356414795
171.6,RUNNING,10,RETURN,0.55,0.9454,149.0774,10.517,True,NORMAL,MONITOR,False,{},"[""uav2"", ""uav1"", ""uav0""]",limited,False,{},NONE,NORMAL,SAFE,1.0,IDLE,0.0,0.0,0.0,,,0.0,False,avoidance not required,,{},,,,,,,,,,,0,safe,5.998,26.651,1.819,0,0,0.0,0.0,[],60.78322219848633,58.45307159423828,14.217021942138672,60.492366790771484,64.4495620727539,14.23259162902832,60.1787109375,58.43303680419922,14.231779098510742
171.8,RUNNING,10,RETURN,0.551,0.9454,149.0774,10.517,True,NORMAL,MONITOR,False,{},"[""uav2"", ""uav1"", ""uav0""]",limited,False,{},NONE,NORMAL,SAFE,1.0,IDLE,0.0,0.0,0.0,,,0.0,False,avoidance not required,,{},,,,,,,,,,,0,safe,5.996,26.433,1.813,0,0,0.0,0.0,[],60.556068420410156,58.23868179321289,14.260675430297852,60.25986862182617,64.22791290283203,14.272225379943848,59.94499588012695,58.215904235839844,14.266284942626953
172.0,RUNNING,10,RETURN,0.551,0.9454,149.0774,10.517,True,NORMAL,MONITOR,False,{},"[""uav2"", ""uav1"", ""uav0""]",limited,False,{},NONE,NORMAL,SAFE,1.0,IDLE,0.0,0.0,0.0,,,0.0,False,avoidance not required,,{},,,,,,,,,,,0,safe,5.989,26.216,1.814,0,0,0.0,0.0,[],60.32323455810547,58.021602630615234,14.3024320602417,60.02317810058594,64.0064926147461,14.312097549438477,59.70833969116211,57.996646881103516,14.303004264831543
172.2,RUNNING,10,RETURN,0.552,0.9452,149.0432,10.517,True,NORMAL,MONITOR,False,{},"[""uav2"", ""uav1"", ""uav0""]",limited,False,{},NONE,NORMAL,SAFE,1.0,IDLE,0.0,0.0,0.0,,,0.0,False,avoidance not required,,{},,,,,,,,,,,0,safe,5.985,25.997,1.813,0,0,0.0,0.0,[],60.097572326660156,57.80241775512695,14.343411445617676,59.7910270690918,63.783660888671875,14.345711708068848,59.4772834777832,57.77569580078125,14.337529182434082
172.4,RUNNING,10,RETURN,0.553,0.9452,149.0432,10.517,True,NORMAL,MONITOR,False,{},"[""uav2"", ""uav1"", ""uav0""]",limited,False,{},NONE,NORMAL,SAFE,1.0,IDLE,0.0,0.0,0.0,,,0.0,False,avoidance not required,,{},,,,,,,,,,,0,safe,5.980,25.776,1.815,0,0,0.0,0.0,[],59.86513900756836,57.58197021484375,14.384464263916016,59.55465316772461,63.56267166137695,14.38274097442627,59.24291229248047,57.55514144897461,14.378105163574219
172.6,RUNNING,10,RETURN,0.554,0.945,149.0091,10.517,True,NORMAL,MONITOR,False,{},"[""uav2"", ""uav1"", ""uav0""]",limited,False,{},NONE,NORMAL,SAFE,1.0,IDLE,0.0,0.0,0.0,,,0.0,False,avoidance not required,,{},,,,,,,,,,,0,safe,5.978,25.555,1.812,0,0,0.0,0.0,[],59.640296936035156,57.35957717895508,14.418050765991211,59.33353042602539,63.33918762207031,14.423568725585938,59.013946533203125,57.336151123046875,14.420251846313477
172.8,RUNNING,10,RETURN,0.554,0.945,149.0091,10.517,True,NORMAL,MONITOR,False,{},"[""uav2"", ""uav1"", ""uav0""]",limited,False,{},NONE,NORMAL,SAFE,1.0,IDLE,0.0,0.0,0.0,,,0.0,False,avoidance not required,,{},,,,,,,,,,,0,safe,5.974,25.336,1.814,0,0,0.0,0.0,[],59.407840728759766,57.13815689086914,14.455208778381348,59.10404586791992,63.11835479736328,14.464859962463379,58.7818717956543,57.11658477783203,14.462987899780273
173.0,RUNNING,10,RETURN,0.555,0.945,149.0091,10.517,True,NORMAL,MONITOR,False,{},"[""uav2"", ""uav1"", ""uav0""]",limited,False,{},NONE,NORMAL,SAFE,1.0,IDLE,0.0,0.0,0.0,,,0.0,False,avoidance not required,,{},,,,,,,,,,,0,safe,5.974,25.117,1.810,0,0,0.0,0.0,[],59.181610107421875,56.91902542114258,14.48783016204834,58.879974365234375,62.89900588989258,14.505362510681152,58.560115814208984,56.893409729003906,14.5048246383667
173.2,RUNNING,10,RETURN,0.556,0.9449,148.9751,10.517,True,NORMAL,MONITOR,False,{},"[""uav2"", ""uav1"", ""uav0""]",limited,False,{},NONE,NORMAL,SAFE,1.0,IDLE,0.0,0.0,0.0,,,0.0,False,avoidance not required,,{},,,,,,,,,,,0,safe,5.979,24.893,1.813,0,0,0.0,0.0,[],58.947872161865234,56.70008850097656,14.52680778503418,58.660709381103516,62.68217849731445,14.536261558532715,58.323909759521484,56.663333892822266,14.547800064086914
173.4,RUNNING,10,RETURN,0.557,0.9449,148.9751,10.517,True,NORMAL,MONITOR,False,{},"[""uav2"", ""uav1"", ""uav0""]",limited,False,{},NONE,NORMAL,SAFE,1.0,IDLE,0.0,0.0,0.0,,,0.0,False,avoidance not required,,{},,,,,,,,,,,0,safe,5.976,24.663,1.810,0,0,0.0,0.0,[],58.7242546081543,56.48120880126953,14.569634437561035,58.431846618652344,62.466670989990234,14.571832656860352,58.113868713378906,56.45252227783203,14.584733963012695
173.6,RUNNING,10,RETURN,0.557,0.9447,148.9413,10.517,True,NORMAL,MONITOR,False,{},"[""uav2"", ""uav1"", ""uav0""]",limited,False,{},NONE,NORMAL,SAFE,1.0,IDLE,0.0,0.0,0.0,,,0.0,False,avoidance not required,,{},,,,,,,,,,,0,safe,5.990,24.453,1.813,0,0,0.0,0.0,[],58.492252349853516,56.262508392333984,14.610960006713867,58.20551681518555,62.253292083740234,14.60531997680664,57.88612365722656,56.23394012451172,14.623122215270996
173.8,RUNNING,10,RETURN,0.558,0.9447,148.9413,10.517,True,NORMAL,MONITOR,False,{},"[""uav2"", ""uav1"", ""uav0""]",limited,False,{},NONE,NORMAL,SAFE,1.0,IDLE,0.0,0.0,0.0,,,0.0,False,avoidance not required,,{},,,,,,,,,,,0,safe,5.994,24.013,1.816,0,0,0.0,0.0,[],58.265899658203125,56.04205322265625,14.651406288146973,57.97111129760742,62.0393180847168,14.64441967010498,57.66005325317383,56.012969970703125,14.6559476852417
174.0,RUNNING,10,RETURN,0.559,0.9447,148.9413,10.517,True,NORMAL,MONITOR,False,{},"[""uav2"", ""uav1"", ""uav0""]",limited,False,{},NONE,NORMAL,SAFE,1.0,IDLE,0.0,0.0,0.0,,,0.0,False,avoidance not required,,{},,,,,,,,,,,0,safe,5.994,24.013,1.816,0,0,0.0,0.0,[],58.03187942504883,55.8230094909668,14.691000938415527,57.746219635009766,61.823875427246094,14.678008079528809,57.4260139465332,55.792327880859375,14.694048881530762
174.2,RUNNING,10,RETURN,0.56,0.9445,148.9073,10.517,True,NORMAL,MONITOR,False,{},"[""uav2"", ""uav1"", ""uav0""]",limited,False,{},NONE,NORMAL,SAFE,1.0,IDLE,0.0,0.0,0.0,,,0.0,False,avoidance not required,,{},,,,,,,,,,,0,safe,5.994,23.792,1.822,0,0,0.0,0.0,[],57.8079833984375,55.60309982299805,14.732934951782227,57.51286697387695,61.60854721069336,14.716670989990234,57.19153594970703,55.563785552978516,14.732085227966309
174.4,RUNNING,10,RETURN,0.56,0.9445,148.9073,10.517,True,NORMAL,MONITOR,False,{},"[""uav2"", ""uav1"", ""uav0""]",limited,False,{},NONE,NORMAL,SAFE,1.0,IDLE,0.0,0.0,0.0,,,0.0,False,avoidance not required,,{},,,,,,,,,,,0,safe,5.984,23.564,1.820,0,0,0.0,0.0,[],57.57512283325195,55.384925842285156,14.772539138793945,57.28569793701172,61.38916015625,14.752925872802734,56.9533576965332,55.34031677246094,14.770963668823242
174.6,RUNNING,10,RETURN,0.561,0.9444,148.8735,10.517,True,NORMAL,MONITOR,False,{},"[""uav2"", ""uav1"", ""uav0""]",limited,False,{},NONE,NORMAL,SAFE,1.0,IDLE,0.0,0.0,0.0,,,0.0,False,avoidance not required,,{},,,,,,,,,,,0,safe,5.978,23.340,1.820,0,0,0.0,0.0,[],57.35350799560547,55.167274475097656,14.80505657196045,57.050682067871094,61.17103576660156,14.78939437866211,56.720802307128906,55.11655807495117,14.803448677062988
174.8,RUNNING,10,RETURN,0.562,0.9444,148.8735,10.517,True,NORMAL,MONITOR,False,{},"[""uav2"", ""uav1"", ""uav0""]",limited,False,{},NONE,NORMAL,SAFE,1.0,IDLE,0.0,0.0,0.0,,,0.0,False,avoidance not required,,{},,,,,,,,,,,0,safe,5.968,23.117,1.815,0,0,0.0,0.0,[],57.12224197387695,54.95094299316406,14.836237907409668,56.813175201416016,60.945701599121094,14.820612907409668,56.47381591796875,54.88850784301758,14.836621284484863
175.0,RUNNING,10,RETURN,0.563,0.9444,148.8735,10.517,True,NORMAL,MONITOR,False,{},"[""uav2"", ""uav1"", ""uav0""]",limited,False,{},NONE,NORMAL,SAFE,1.0,IDLE,0.0,0.0,0.0,,,0.0,False,avoidance not required,,{},,,,,,,,,,,0,safe,5.952,22.889,1.812,0,0,0.0,0.0,[],56.90077209472656,54.73301696777344,14.864681243896484,56.57252502441406,60.724517822265625,14.856163024902344,56.245941162109375,54.67734909057617,14.864362716674805
175.2,RUNNING,10,RETURN,0.563,0.9442,148.84,10.517,True,NORMAL,MONITOR,False,{},"[""uav2"", ""uav1"", ""uav0""]",limited,False,{},NONE,NORMAL,SAFE,1.0,IDLE,0.0,0.0,0.0,,,0.0,False,avoidance not required,,{},,,,,,,,,,,0,safe,5.945,22.677,1.818,0,0,0.0,0.0,[],56.66879653930664,54.51704025268555,14.89758586883545,56.33927917480469,60.49799346923828,14.89295768737793,56.007389068603516,54.461360931396484,14.898508071899414
175.4,RUNNING,10,RETURN,0.564,0.9442,148.84,10.517,True,NORMAL,MONITOR,False,{},"[""uav2"", ""uav1"", ""uav0""]",limited,False,{},NONE,NORMAL,SAFE,1.0,IDLE,0.0,0.0,0.0,,,0.0,False,avoidance not required,,{},,,,,,,,,,,0,safe,5.939,22.461,1.816,0,0,0.0,0.0,[],56.445289611816406,54.298858642578125,14.931794166564941,56.10254669189453,60.27775192260742,14.929512023925781,55.77574157714844,54.24327087402344,14.9359769821167
175.6,RUNNING,10,RETURN,0.565,0.944,148.8067,10.517,True,NORMAL,MONITOR,False,{},"[""uav2"", ""uav1"", ""uav0""]",limited,False,{},NONE,NORMAL,SAFE,1.0,IDLE,0.0,0.0,0.0,,,0.0,False,avoidance not required,,{},,,,,,,,,,,0,safe,5.931,22.243,1.820,0,0,0.0,0.0,[],56.2116813659668,54.08277130126953,14.965621948242188,55.87261199951172,60.055599212646484,14.96118450164795,55.53114318847656,54.0205192565918,14.972206115722656
175.8,RUNNING,10,RETURN,0.566,0.944,148.8067,10.517,True,NORMAL,MONITOR,False,{},"[""uav2"", ""uav1"", ""uav0""]",limited,False,{},NONE,NORMAL,SAFE,1.0,IDLE,0.0,0.0,0.0,,,0.0,False,avoidance not required,,{},,,,,,,,,,,0,safe,5.920,22.021,1.818,0,0,0.0,0.0,[],55.9849967956543,53.861541748046875,14.997356414794922,55.64215850830078,59.835201263427734,14.990772247314453,55.30570602416992,53.813819885253906,14.996760368347168
176.0,RUNNING,10,RETURN,0.566,0.944,148.8067,10.517,True,NORMAL,MONITOR,False,{},"[""uav2"", ""uav1"", ""uav0""]",limited,False,{},NONE,NORMAL,SAFE,1.0,IDLE,0.0,0.0,0.0,,,0.0,False,avoidance not required,,{},,,,,,,,,,,0,safe,5.921,21.814,1.817,0,0,0.0,0.0,[],55.74916076660156,53.644168853759766,15.027875900268555,55.407501220703125,59.62015914916992,15.022989273071289,55.06995391845703,53.6007080078125,15.02426815032959
176.2,RUNNING,10,RETURN,0.567,0.9439,148.7735,10.517,True,NORMAL,MONITOR,False,{},"[""uav2"", ""uav1"", ""uav0""]",limited,False,{},NONE,NORMAL,SAFE,1.0,IDLE,0.0,0.0,0.0,,,0.0,False,avoidance not required,,{},,,,,,,,,,,0,safe,5.921,21.601,1.812,0,0,0.0,0.0,[],55.51567840576172,53.42059326171875,15.051706314086914,55.1706428527832,59.40401840209961,15.05257511138916,54.84074783325195,53.38193130493164,15.052783966064453
176.4,RUNNING,10,RETURN,0.568,0.9439,148.7735,10.517,True,NORMAL,MONITOR,False,{},"[""uav2"", ""uav1"", ""uav0""]",limited,False,{},NONE,NORMAL,SAFE,1.0,IDLE,0.0,0.0,0.0,,,0.0,False,avoidance not required,,{},,,,,,,,,,,0,safe,5.925,21.382,1.807,0,0,0.0,0.0,[],55.27579116821289,53.202117919921875,15.079816818237305,54.931880950927734,59.18887710571289,15.07491397857666,54.608734130859375,53.167972564697266,15.084493637084961
176.6,RUNNING,10,RETURN,0.569,0.9437,148.7405,10.517,True,NORMAL,MONITOR,False,{},"[""uav2"", ""uav1"", ""uav0""]",limited,False,{},NONE,NORMAL,SAFE,1.0,IDLE,0.0,0.0,0.0,,,0.0,False,avoidance not required,,{},,,,,,,,,,,0,safe,5.933,21.168,1.799,0,0,0.0,0.0,[],55.042301177978516,52.97684097290039,15.105451583862305,54.69264602661133,58.97697067260742,15.103438377380371,54.37211227416992,52.947574615478516,15.118705749511719
176.8,RUNNING,10,RETURN,0.569,0.9437,148.7405,10.517,True,NORMAL,MONITOR,False,{},"[""uav2"", ""uav1"", ""uav0""]",limited,False,{},NONE,NORMAL,SAFE,1.0,IDLE,0.0,0.0,0.0,,,0.0,False,avoidance not required,,{},,,,,,,,,,,0,safe,5.930,20.948,1.790,0,0,0.0,0.0,[],54.80254364013672,52.758583068847656,15.133201599121094,54.45966720581055,58.76194381713867,15.13767147064209,54.15064239501953,52.74568176269531,15.15043830871582
177.0,RUNNING,10,RETURN,0.57,0.9437,148.7405,10.517,True,NORMAL,MONITOR,False,{},"[""uav2"", ""uav1"", ""uav0""]",limited,False,{},NONE,NORMAL,SAFE,1.0,IDLE,0.0,0.0,0.0,,,0.0,False,avoidance not required,,{},,,,,,,,,,,0,safe,5.948,20.746,1.783,0,0,0.0,0.0,[],54.56940841674805,52.53373336791992,15.164573669433594,54.22510528564453,58.55018997192383,15.172863006591797,53.92613220214844,52.533016204833984,15.185968399047852
177.2,RUNNING,10,RETURN,0.571,0.9435,148.7075,10.517,True,NORMAL,MONITOR,False,{},"[""uav2"", ""uav1"", ""uav0""]",limited,False,{},NONE,NORMAL,SAFE,1.0,IDLE,0.0,0.0,0.0,,,0.0,False,avoidance not required,,{},,,,,,,,,,,0,safe,5.957,20.533,1.775,0,0,0.0,0.0,[],54.33064270019531,52.31668472290039,15.197855949401855,53.99345779418945,58.33442306518555,15.205033302307129,53.695945739746094,52.32160568237305,15.2193021774292
177.4,RUNNING,10,RETURN,0.572,0.9435,148.7075,10.517,True,NORMAL,MONITOR,False,{},"[""uav2"", ""uav1"", ""uav0""]",limited,False,{},NONE,NORMAL,SAFE,1.0,IDLE,0.0,0.0,0.0,,,0.0,False,avoidance not required,,{},,,,,,,,,,,0,safe,5.965,20.322,1.768,0,0,0.0,0.0,[],54.096099853515625,52.096107482910156,15.230385780334473,53.76010513305664,58.12202072143555,15.238100051879883,53.46715545654297,52.107086181640625,15.250654220581055
177.6,RUNNING,10,RETURN,0.572,0.9434,148.6746,10.517,True,NORMAL,MONITOR,False,{},"[""uav2"", ""uav1"", ""uav0""]",limited,False,{},NONE,NORMAL,SAFE,1.0,IDLE,0.0,0.0,0.0,,,0.0,False,avoidance not required,,{},,,,,,,,,,,0,safe,5.971,20.107,1.762,0,0,0.0,0.0,[],53.857452392578125,51.882625579833984,15.26330852508545,53.52908706665039,57.90882110595703,15.268177032470703,53.234397888183594,51.8933219909668,15.282623291015625
177.8,RUNNING,10,RETURN,0.573,0.9434,148.6746,10.517,True,NORMAL,MONITOR,False,{},"[""uav2"", ""uav1"", ""uav0""]",limited,False,{},NONE,NORMAL,SAFE,1.0,IDLE,0.0,0.0,0.0,,,0.0,False,avoidance not required,,{},,,,,,,,,,,0,safe,5.976,19.673,1.756,0,0,0.0,0.0,[],53.62794494628906,51.66349411010742,15.298751831054688,53.296600341796875,57.697303771972656,15.29979419708252,53.00403594970703,51.67261505126953,15.317452430725098
178.0,RUNNING,10,RETURN,0.574,0.9434,148.6746,10.517,True,NORMAL,MONITOR,False,{},"[""uav2"", ""uav1"", ""uav0""]",limited,False,{},NONE,NORMAL,SAFE,1.0,IDLE,0.0,0.0,0.0,,,0.0,False,avoidance not required,,{},,,,,,,,,,,0,safe,5.976,19.673,1.756,0,0,0.0,0.0,[],53.393001556396484,51.450862884521484,15.33217716217041,53.0661506652832,57.4767951965332,15.330672264099121,52.77025604248047,51.456119537353516,15.349379539489746
178.2,RUNNING,10,RETURN,0.575,0.9432,148.6417,10.517,True,NORMAL,MONITOR,False,{},"[""uav2"", ""uav1"", ""uav0""]",limited,False,{},NONE,NORMAL,SAFE,1.0,IDLE,0.0,0.0,0.0,,,0.0,False,avoidance not required,,{},,,,,,,,,,,0,safe,5.977,19.456,1.755,0,0,0.0,0.0,[],53.16254806518555,51.23133850097656,15.366300582885742,52.8339729309082,57.26115798950195,15.362248420715332,52.53927993774414,51.24177932739258,15.379096984863281
178.4,RUNNING,10,RETURN,0.575,0.9432,148.6417,10.517,True,NORMAL,MONITOR,False,{},"[""uav2"", ""uav1"", ""uav0""]",limited,False,{},NONE,NORMAL,SAFE,1.0,IDLE,0.0,0.0,0.0,,,0.0,False,avoidance not required,,{},,,,,,,,,,,0,safe,5.978,19.029,1.748,0,0,0.0,0.0,[],52.92728042602539,51.01837921142578,15.396801948547363,52.60064697265625,57.04158401489258,15.398341178894043,52.30487823486328,51.02891159057617,15.40764331817627
178.6,RUNNING,10,RETURN,0.576,0.943,148.6089,10.517,True,NORMAL,MONITOR,False,{},"[""uav2"", ""uav1"", ""uav0""]",limited,False,{},NONE,NORMAL,SAFE,1.0,IDLE,0.0,0.0,0.0,,,0.0,False,avoidance not required,,{},,,,,,,,,,,0,safe,5.973,18.814,1.745,0,0,0.0,0.0,[],52.69924545288086,50.79763412475586,15.427212715148926,52.3631591796875,56.82040786743164,15.43513298034668,52.072265625,50.81375503540039,15.435693740844727
178.8,RUNNING,10,RETURN,0.577,0.943,148.6089,10.517,True,NORMAL,MONITOR,False,{},"[""uav2"", ""uav1"", ""uav0""]",limited,False,{},NONE,NORMAL,SAFE,1.0,IDLE,0.0,0.0,0.0,,,0.0,False,avoidance not required,,{},,,,,,,,,,,0,safe,5.973,18.814,1.745,0,0,0.0,0.0,[],52.46592712402344,50.584693908691406,15.452579498291016,52.12712097167969,56.604801177978516,15.465799331665039,51.83774948120117,50.600643157958984,15.460349082946777
179.0,RUNNING,10,RETURN,0.578,0.943,148.6089,10.517,True,NORMAL,MONITOR,False,{},"[""uav2"", ""uav1"", ""uav0""]",limited,False,{},NONE,NORMAL,SAFE,1.0,IDLE,0.0,0.0,0.0,,,0.0,False,avoidance not required,,{},,,,,,,,,,,0,safe,5.972,18.601,1.744,0,0,0.0,0.0,[],52.23332595825195,50.370033264160156,15.4787015914917,51.895931243896484,56.38718032836914,15.489256858825684,51.60834503173828,50.384979248046875,15.486347198486328
179.2,RUNNING,10,RETURN,0.578,0.9429,148.5764,10.517,True,NORMAL,MONITOR,False,{},"[""uav2"", ""uav1"", ""uav0""]",limited,False,{},NONE,NORMAL,SAFE,1.0,IDLE,0.0,0.0,0.0,,,0.0,False,avoidance not required,,{},,,,,,,,,,,0,safe,5.975,18.385,1.742,0,0,0.0,0.0,[],51.997127532958984,50.16056823730469,15.5028076171875,51.66488265991211,56.17391586303711,15.510976791381836,51.37627029418945,50.17101287841797,15.5095853805542
179.4,RUNNING,10,RETURN,0.579,0.9429,148.5764,10.517,True,NORMAL,MONITOR,False,{},"[""uav2"", ""uav1"", ""uav0""]",limited,False,{},NONE,NORMAL,SAFE,1.0,IDLE,0.0,0.0,0.0,,,0.0,False,avoidance not required,,{},,,,,,,,,,,0,safe,5.979,18.171,1.741,0,0,0.0,0.0,[],51.76911544799805,49.94517517089844,15.528897285461426,51.43773651123047,55.955421447753906,15.528314590454102,51.14988708496094,49.95527648925781,15.53376579284668
179.6,RUNNING,10,RETURN,0.58,0.9427,148.5441,10.517,True,NORMAL,MONITOR,False,{},"[""uav2"", ""uav1"", ""uav0""]",limited,False,{},NONE,NORMAL,SAFE,1.0,IDLE,0.0,0.0,0.0,,,0.0,False,avoidance not required,,{},,,,,,,,,,,0,safe,5.981,17.955,1.742,0,0,0.0,0.0,[],51.53667449951172,49.73451232910156,15.550592422485352,51.20914840698242,55.741737365722656,15.548775672912598,50.919864654541016,49.74100112915039,15.555793762207031
179.8,RUNNING,10,RETURN,0.581,0.9427,148.5441,10.517,True,NORMAL,MONITOR,False,{},"[""uav2"", ""uav1"", ""uav0""]",limited,False,{},NONE,NORMAL,SAFE,1.0,IDLE,0.0,0.0,0.0,,,0.0,False,avoidance not required,,{},,,,,,,,,,,0,safe,5.983,17.741,1.744,0,0,0.0,0.0,[],51.30970001220703,49.52225112915039,15.574788093566895,50.98583984375,55.5262336730957,15.577375411987305,50.69269561767578,49.52125930786133,15.578985214233398
180.0,RUNNING,10,RETURN,0.581,0.9427,148.5441,10.517,True,NORMAL,MONITOR,False,{},"[""uav2"", ""uav1"", ""uav0""]",limited,False,{},NONE,NORMAL,SAFE,1.0,IDLE,0.0,0.0,0.0,,,0.0,False,avoidance not required,,{},,,,,,,,,,,0,safe,5.983,17.521,1.748,0,0,0.0,0.0,[],51.077484130859375,49.31340026855469,15.595003128051758,50.75901794433594,55.31498336791992,15.601018905639648,50.461387634277344,49.30507278442383,15.600107192993164
180.2,RUNNING,10,RETURN,0.582,0.9426,148.5118,10.517,True,NORMAL,MONITOR,False,{},"[""uav2"", ""uav1"", ""uav0""]",limited,False,{},NONE,NORMAL,SAFE,1.0,IDLE,0.0,0.0,0.0,,,0.0,False,avoidance not required,,{},,,,,,,,,,,0,safe,5.984,17.307,1.751,0,0,0.0,0.0,[],50.85568618774414,49.101810455322266,15.617424964904785,50.53318405151367,55.10117721557617,15.628119468688965,50.22108840942383,49.08142852783203,15.620149612426758
180.4,RUNNING,10,RETURN,0.583,0.9426,148.5118,10.517,True,NORMAL,MONITOR,False,{},"[""uav2"", ""uav1"", ""uav0""]",limited,False,{},NONE,NORMAL,SAFE,1.0,IDLE,0.0,0.0,0.0,,,0.0,False,avoidance not required,,{},,,,,,,,,,,0,safe,5.965,17.088,1.760,0,0,0.0,0.0,[],50.62718200683594,48.892879486083984,15.63570785522461,50.304386138916016,54.890506744384766,15.651816368103027,49.996395111083984,48.876953125,15.638411521911621
180.6,RUNNING,10,RETURN,0.584,0.9424,148.4795,10.517,True,NORMAL,MONITOR,False,{},"[""uav2"", ""uav1"", ""uav0""]",limited,False,{},NONE,NORMAL,SAFE,1.0,IDLE,0.0,0.0,0.0,,,0.0,False,avoidance not required,,{},,,,,,,,,,,0,safe,5.969,16.892,1.765,0,0,0.0,0.0,[],50.4023551940918,48.680973052978516,15.6565523147583,50.076332092285156,54.67916488647461,15.676131248474121,49.76149368286133,48.66081619262695,15.657731056213379
180.8,RUNNING,10,RETURN,0.584,0.9424,148.4795,10.517,True,NORMAL,MONITOR,False,{},"[""uav2"", ""uav1"", ""uav0""]",limited,False,{},NONE,NORMAL,SAFE,1.0,IDLE,0.0,0.0,0.0,,,0.0,False,avoidance not required,,{},,,,,,,,,,,0,safe,5.959,16.687,1.771,0,0,0.0,0.0,[],50.171348571777344,48.470916748046875,15.676655769348145,49.84598922729492,54.46918869018555,15.698402404785156,49.52646255493164,48.446929931640625,15.67911148071289
181.0,RUNNING,10,RETURN,0.585,0.9424,148.4795,10.517,True,NORMAL,MONITOR,False,{},"[""uav2"", ""uav1"", ""uav0""]",limited,False,{},NONE,NORMAL,SAFE,1.0,IDLE,0.0,0.0,0.0,,,0.0,False,avoidance not required,,{},,,,,,,,,,,0,safe,5.955,16.489,1.774,0,0,0.0,0.0,[],49.94267654418945,48.25331497192383,15.700347900390625,49.61471939086914,54.256187438964844,15.731091499328613,49.296260833740234,48.23019790649414,15.706714630126953
181.2,RUNNING,10,RETURN,0.586,0.9422,148.4472,10.517,True,NORMAL,MONITOR,False,{},"[""uav2"", ""uav1"", ""uav0""]",limited,False,{},NONE,NORMAL,SAFE,1.0,IDLE,0.0,0.0,0.0,,,0.0,False,avoidance not required,,{},,,,,,,,,,,0,safe,5.954,16.291,1.773,0,0,0.0,0.0,[],49.70921325683594,48.03936004638672,15.720611572265625,49.382240295410156,54.04428482055664,15.756181716918945,49.06404495239258,48.015506744384766,15.731842994689941
181.4,RUNNING,10,RETURN,0.587,0.9422,148.4472,10.517,True,NORMAL,MONITOR,False,{},"[""uav2"", ""uav1"", ""uav0""]",limited,False,{},NONE,NORMAL,SAFE,1.0,IDLE,0.0,0.0,0.0,,,0.0,False,avoidance not required,,{},,,,,,,,,,,0,safe,5.955,16.099,1.772,0,0,0.0,0.0,[],49.4785270690918,47.821556091308594,15.741695404052734,49.15031433105469,53.82807540893555,15.78209400177002,48.832366943359375,47.80010986328125,15.758203506469727
181.6,RUNNING,10,RETURN,0.587,0.9421,148.4151,10.517,True,NORMAL,MONITOR,False,{},"[""uav2"", ""uav1"", ""uav0""]",limited,False,{},NONE,NORMAL,SAFE,1.0,IDLE,0.0,0.0,0.0,,,0.0,False,avoidance not required,,{},,,,,,,,,,,0,safe,5.954,15.910,1.770,0,0,0.0,0.0,[],49.24376678466797,47.606781005859375,15.762250900268555,48.917633056640625,53.61453628540039,15.802608489990234,48.59880447387695,47.58647155761719,15.783024787902832
181.8,RUNNING,10,RETURN,0.588,0.9421,148.4151,10.517,True,NORMAL,MONITOR,False,{},"[""uav2"", ""uav1"", ""uav0""]",limited,False,{},NONE,NORMAL,SAFE,1.0,IDLE,0.0,0.0,0.0,,,0.0,False,avoidance not required,,{},,,,,,,,,,,0,safe,5.955,15.727,1.766,0,0,0.0,0.0,[],49.009979248046875,47.38939666748047,15.79249095916748,48.68458557128906,53.40215301513672,15.830388069152832,48.36292266845703,47.37071228027344,15.811673164367676
182.0,RUNNING,10,RETURN,0.589,0.9421,148.4151,10.517,True,NORMAL,MONITOR,False,{},"[""uav2"", ""uav1"", ""uav0""]",limited,False,{},NONE,NORMAL,SAFE,1.0,IDLE,0.0,0.0,0.0,,,0.0,False,avoidance not required,,{},,,,,,,,,,,0,safe,5.953,15.547,1.762,0,0,0.0,0.0,[],48.773681640625,47.17560577392578,15.816374778747559,48.45111846923828,53.19081497192383,15.851571083068848,48.127281188964844,47.15742492675781,15.834233283996582
182.2,RUNNING,10,RETURN,0.59,0.9419,148.3832,10.517,True,NORMAL,MONITOR,False,{},"[""uav2"", ""uav1"", ""uav0""]",limited,False,{},NONE,NORMAL,SAFE,1.0,IDLE,0.0,0.0,0.0,,,0.0,False,avoidance not required,,{},,,,,,,,,,,0,safe,5.954,15.374,1.758,0,0,0.0,0.0,[],48.5362434387207,46.967124938964844,15.84439468383789,48.214698791503906,52.97438049316406,15.872904777526855,47.8923225402832,46.944549560546875,15.860671043395996
182.4,RUNNING,10,RETURN,0.59,0.9419,148.3832,10.517,True,NORMAL,MONITOR,False,{},"[""uav2"", ""uav1"", ""uav0""]",limited,False,{},NONE,NORMAL,SAFE,1.0,IDLE,0.0,0.0,0.0,,,0.0,False,avoidance not required,,{},,,,,,,,,,,0,safe,5.956,15.206,1.757,0,0,0.0,0.0,[],48.29838562011719,46.758758544921875,15.866461753845215,47.97981643676758,52.75994110107422,15.890491485595703,47.65788650512695,46.732696533203125,15.88296890258789
182.6,RUNNING,10,RETURN,0.591,0.9418,148.3514,10.517,True,NORMAL,MONITOR,False,{},"[""uav2"", ""uav1"", ""uav0""]",limited,False,{},NONE,NORMAL,SAFE,1.0,IDLE,0.0,0.0,0.0,,,0.0,False,avoidance not required,,{},,,,,,,,,,,0,safe,5.960,15.043,1.755,0,0,0.0,0.0,[],48.05845642089844,46.5487060546875,15.886037826538086,47.745025634765625,52.54179763793945,15.912862777709961,47.4124870300293,46.51218795776367,15.907958984375
182.8,RUNNING,10,RETURN,0.592,0.9418,148.3514,10.517,True,NORMAL,MONITOR,False,{},"[""uav2"", ""uav1"", ""uav0""]",limited,False,{},NONE,NORMAL,SAFE,1.0,IDLE,0.0,0.0,0.0,,,0.0,False,avoidance not required,,{},,,,,,,,,,,0,safe,5.954,14.880,1.751,0,0,0.0,0.0,[],47.82020568847656,46.33799362182617,15.903031349182129,47.511592864990234,52.32643127441406,15.931883811950684,47.187591552734375,46.309181213378906,15.928641319274902
183.0,RUNNING,10,RETURN,0.593,0.9418,148.3514,10.517,True,NORMAL,MONITOR,False,{},"[""uav2"", ""uav1"", ""uav0""]",limited,False,{},NONE,NORMAL,SAFE,1.0,IDLE,0.0,0.0,0.0,,,0.0,False,avoidance not required,,{},,,,,,,,,,,0,safe,5.968,14.734,1.747,0,0,0.0,0.0,[],47.58915710449219,46.12940216064453,15.925934791564941,47.278526306152344,52.11241912841797,15.955167770385742,46.954437255859375,46.09841537475586,15.955767631530762
183.2,RUNNING,10,RETURN,0.593,0.9416,148.3198,10.517,True,NORMAL,MONITOR,False,{},"[""uav2"", ""uav1"", ""uav0""]",limited,False,{},NONE,NORMAL,SAFE,1.0,IDLE,0.0,0.0,0.0,,,0.0,False,avoidance not required,,{},,,,,,,,,,,0,safe,5.965,14.587,1.749,0,0,0.0,0.0,[],47.357364654541016,45.919151306152344,15.944938659667969,47.046512603759766,51.89936828613281,15.96944522857666,46.72270202636719,45.88702392578125,15.973153114318848
183.4,RUNNING,10,RETURN,0.594,0.9416,148.3198,10.517,True,NORMAL,MONITOR,False,{},"[""uav2"", ""uav1"", ""uav0""]",limited,False,{},NONE,NORMAL,SAFE,1.0,IDLE,0.0,0.0,0.0,,,0.0,False,avoidance not required,,{},,,,,,,,,,,0,safe,5.965,14.445,1.751,0,0,0.0,0.0,[],47.12355041503906,45.710723876953125,15.96930980682373,46.81973648071289,51.687957763671875,15.989182472229004,46.49175262451172,45.67485809326172,15.987382888793945
183.6,RUNNING,10,RETURN,0.595,0.9414,148.2884,10.517,True,NORMAL,MONITOR,False,{},"[""uav2"", ""uav1"", ""uav0""]",limited,False,{},NONE,NORMAL,SAFE,1.0,IDLE,0.0,0.0,0.0,,,0.0,False,avoidance not required,,{},,,,,,,,,,,0,safe,5.968,14.308,1.751,0,0,0.0,0.0,[],46.89022445678711,45.499549865722656,15.982867240905762,46.5919303894043,51.476863861083984,16.00132942199707,46.260528564453125,45.46276092529297,15.997983932495117
183.8,RUNNING,10,RETURN,0.596,0.9414,148.2884,10.517,True,NORMAL,MONITOR,False,{},"[""uav2"", ""uav1"", ""uav0""]",limited,False,{},NONE,NORMAL,SAFE,1.0,IDLE,0.0,0.0,0.0,,,0.0,False,avoidance not required,,{},,,,,,,,,,,0,safe,5.970,14.176,1.751,0,0,0.0,0.0,[],46.65922546386719,45.28742218017578,15.9996976852417,46.36234664916992,51.266666412353516,16.02056884765625,46.02678680419922,45.2530403137207,16.012744903564453
184.0,RUNNING,10,RETURN,0.596,0.9414,148.2884,10.517,True,NORMAL,MONITOR,False,{},"[""uav2"", ""uav1"", ""uav0""]",limited,False,{},NONE,NORMAL,SAFE,1.0,IDLE,0.0,0.0,0.0,,,0.0,False,avoidance not required,,{},,,,,,,,,,,0,safe,5.968,14.053,1.752,0,0,0.0,0.0,[],46.42837905883789,45.07387924194336,16.010910034179688,46.13261032104492,51.05590057373047,16.03331184387207,45.79444122314453,45.042930603027344,16.026996612548828
184.2,RUNNING,10,RETURN,0.597,0.9413,148.2571,10.517,True,NORMAL,MONITOR,False,{},"[""uav2"", ""uav1"", ""uav0""]",limited,False,{},NONE,NORMAL,SAFE,1.0,IDLE,0.0,0.0,0.0,,,0.0,False,avoidance not required,,{},,,,,,,,,,,0,safe,5.964,13.827,1.751,0,0,0.0,0.0,[],46.194915771484375,44.863224029541016,16.030229568481445,45.90559005737305,50.844757080078125,16.051498413085938,45.55904769897461,44.83549880981445,16.047941207885742
184.4,RUNNING,10,RETURN,0.598,0.9413,148.2571,10.517,True,NORMAL,MONITOR,False,{},"[""uav2"", ""uav1"", ""uav0""]",limited,False,{},NONE,NORMAL,SAFE,1.0,IDLE,0.0,0.0,0.0,,,0.0,False,avoidance not required,,{},,,,,,,,,,,0,safe,5.964,13.827,1.751,0,0,0.0,0.0,[],45.962398529052734,44.65039825439453,16.043073654174805,45.677120208740234,50.633689880371094,16.062808990478516,45.32638168334961,44.626338958740234,16.061979293823242
184.6,RUNNING,10,RETURN,0.599,0.9411,148.2259,10.517,True,NORMAL,MONITOR,False,{},"[""uav2"", ""uav1"", ""uav0""]",limited,False,{},NONE,NORMAL,SAFE,1.0,IDLE,0.0,0.0,0.0,,,0.0,False,avoidance not required,,{},,,,,,,,,,,0,safe,5.964,13.722,1.750,0,0,0.0,0.0,[],45.733314514160156,44.43897247314453,16.06159019470215,45.445735931396484,50.426692962646484,16.076601028442383,45.09535217285156,44.420745849609375,16.080617904663086
184.8,RUNNING,10,RETURN,0.599,0.9411,148.2259,10.517,True,NORMAL,MONITOR,False,{},"[""uav2"", ""uav1"", ""uav0""]",limited,False,{},NONE,NORMAL,SAFE,1.0,IDLE,0.0,0.0,0.0,,,0.0,False,avoidance not required,,{},,,,,,,,,,,0,safe,5.962,13.627,1.753,0,0,0.0,0.0,[],45.50404739379883,44.22568130493164,16.073766708374023,45.214046478271484,50.217288970947266,16.086448669433594,44.8658447265625,44.211883544921875,16.09251594543457
185.0,RUNNING,10,RETURN,0.6,0.9411,148.2259,10.517,True,NORMAL,MONITOR,False,{},"[""uav2"", ""uav1"", ""uav0""]",limited,False,{},NONE,NORMAL,SAFE,1.0,IDLE,0.0,0.0,0.0,,,0.0,False,avoidance not required,,{},,,,,,,,,,,0,safe,5.962,13.534,1.756,0,0,0.0,0.0,[],45.276363372802734,44.01643753051758,16.0891056060791,44.980926513671875,50.00792694091797,16.094053268432617,44.6368293762207,44.00373077392578,16.103328704833984
185.2,RUNNING,10,RETURN,0.601,0.941,148.1947,10.517,True,NORMAL,MONITOR,False,{},"[""uav2"", ""uav1"", ""uav0""]",limited,False,{},NONE,NORMAL,SAFE,1.0,IDLE,0.0,0.0,0.0,,,0.0,False,avoidance not required,,{},,,,,,,,,,,0,safe,5.960,13.448,1.759,0,0,0.0,0.0,[],45.04757308959961,43.80415725708008,16.100170135498047,44.748600006103516,49.796478271484375,16.10163688659668,44.40816879272461,43.79140090942383,16.1107234954834
185.4,RUNNING,10,RETURN,0.602,0.941,148.1947,10.517,True,NORMAL,MONITOR,False,{},"[""uav2"", ""uav1"", ""uav0""]",limited,False,{},NONE,NORMAL,SAFE,1.0,IDLE,0.0,0.0,0.0,,,0.0,False,avoidance not required,,{},,,,,,,,,,,0,safe,5.961,13.365,1.761,0,0,0.0,0.0,[],44.81563186645508,43.59687423706055,16.1092472076416,44.51802062988281,49.58259582519531,16.111873626708984,44.177459716796875,43.576847076416016,16.125818252563477
185.6,RUNNING,10,RETURN,0.602,0.9408,148.1634,10.517,True,NORMAL,MONITOR,False,{},"[""uav2"", ""uav1"", ""uav0""]",limited,False,{},NONE,NORMAL,SAFE,1.0,IDLE,0.0,0.0,0.0,,,0.0,False,avoidance not required,,{},,,,,,,,,,,0,safe,5.962,13.288,1.764,0,0,0.0,0.0,[],44.584205627441406,43.3855094909668,16.117734909057617,44.287254333496094,49.36836624145508,16.12233543395996,43.94723129272461,43.36071014404297,16.135826110839844
185.8,RUNNING,10,RETURN,0.603,0.9408,148.1634,10.517,True,NORMAL,MONITOR,False,{},"[""uav2"", ""uav1"", ""uav0""]",limited,False,{},NONE,NORMAL,SAFE,1.0,IDLE,0.0,0.0,0.0,,,0.0,False,avoidance not required,,{},,,,,,,,,,,0,safe,5.963,13.216,1.765,0,0,0.0,0.0,[],44.34745407104492,43.17314910888672,16.134777069091797,44.055564880371094,49.15807342529297,16.13703727722168,43.71645736694336,43.14520263671875,16.149051666259766
186.0,RUNNING,10,RETURN,0.604,0.9408,148.1634,10.517,True,NORMAL,MONITOR,False,{},"[""uav2"", ""uav1"", ""uav0""]",limited,False,{},NONE,NORMAL,SAFE,1.0,IDLE,0.0,0.0,0.0,,,0.0,False,avoidance not required,,{},,,,,,,,,,,0,safe,5.969,13.152,1.761,0,0,0.0,0.0,[],44.103660583496094,42.94983673095703,16.148401260375977,43.82403564453125,48.945430755615234,16.149080276489258,43.48764419555664,42.92865753173828,16.158710479736328
186.2,RUNNING,10,RETURN,0.605,0.9407,148.132,10.517,True,NORMAL,MONITOR,False,{},"[""uav2"", ""uav1"", ""uav0""]",limited,False,{},NONE,NORMAL,SAFE,1.0,IDLE,0.0,0.0,0.0,,,0.0,False,avoidance not required,,{},,,,,,,,,,,0,safe,5.984,13.094,1.757,0,0,0.0,0.0,[],43.8797492980957,42.74660873413086,16.161882400512695,43.59548568725586,48.73461151123047,16.166723251342773,43.2637825012207,42.710323333740234,16.170337677001953
186.4,RUNNING,10,RETURN,0.605,0.9407,148.132,10.517,True,NORMAL,MONITOR,False,{},"[""uav2"", ""uav1"", ""uav0""]",limited,False,{},NONE,NORMAL,SAFE,1.0,IDLE,0.0,0.0,0.0,,,0.0,False,avoidance not required,,{},,,,,,,,,,,0,safe,5.984,13.039,1.760,0,0,0.0,0.0,[],43.64822769165039,42.53186798095703,16.172243118286133,43.36538314819336,48.521602630615234,16.179155349731445,43.0385856628418,42.49236297607422,16.1798038482666
186.6,RUNNING,10,RETURN,0.606,0.9405,148.1006,10.517,True,NORMAL,MONITOR,False,{},"[""uav2"", ""uav1"", ""uav0""]",limited,False,{},NONE,NORMAL,SAFE,1.0,IDLE,0.0,0.0,0.0,,,0.0,False,avoidance not required,,{},,,,,,,,,,,0,safe,5.990,12.992,1.760,0,0,0.0,0.0,[],43.41913986206055,42.31925964355469,16.186735153198242,43.129547119140625,48.307369232177734,16.187620162963867,42.816097259521484,42.2753791809082,16.191675186157227
186.8,RUNNING,10,RETURN,0.607,0.9405,148.1006,10.517,True,NORMAL,MONITOR,False,{},"[""uav2"", ""uav1"", ""uav0""]",limited,False,{},NONE,NORMAL,SAFE,1.0,IDLE,0.0,0.0,0.0,,,0.0,False,avoidance not required,,{},,,,,,,,,,,0,safe,5.997,12.951,1.757,0,0,0.0,0.0,[],43.190059661865234,42.10409164428711,16.1976375579834,42.89518737792969,48.09217071533203,16.19861602783203,42.589935302734375,42.058780670166016,16.20058822631836
187.0,RUNNING,10,RETURN,0.608,0.9405,148.1006,10.517,True,NORMAL,MONITOR,False,{},"[""uav2"", ""uav1"", ""uav0""]",limited,False,{},NONE,NORMAL,SAFE,1.0,IDLE,0.0,0.0,0.0,,,0.0,False,avoidance not required,,{},,,,,,,,,,,0,safe,6.000,12.921,1.757,0,0,0.0,0.0,[],42.95771408081055,41.88201904296875,16.212968826293945,42.66714096069336,47.87698745727539,16.218128204345703,42.36167907714844,41.84190368652344,16.20946502685547
187.2,RUNNING,10,RETURN,0.608,0.9403,148.069,10.517,True,NORMAL,MONITOR,False,{},"[""uav2"", ""uav1"", ""uav0""]",limited,False,{},NONE,NORMAL,SAFE,1.0,IDLE,0.0,0.0,0.0,,,0.0,False,avoidance not required,,{},,,,,,,,,,,0,safe,6.004,12.899,1.752,0,0,0.0,0.0,[],42.72663116455078,41.661521911621094,16.225317001342773,42.43911361694336,47.65998840332031,16.2366943359375,42.12601852416992,41.619964599609375,16.224462509155273
187.4,RUNNING,10,RETURN,0.609,0.9403,148.069,10.517,True,NORMAL,MONITOR,False,{},"[""uav2"", ""uav1"", ""uav0""]",limited,False,{},NONE,NORMAL,SAFE,1.0,IDLE,0.0,0.0,0.0,,,0.0,False,avoidance not required,,{},,,,,,,,,,,0,safe,6.000,12.886,1.751,0,0,0.0,0.0,[],42.501644134521484,41.44636917114258,16.24207878112793,42.210201263427734,47.44393539428711,16.249345779418945,41.90637969970703,41.414974212646484,16.235754013061523
187.6,RUNNING,10,RETURN,0.61,0.9402,148.0375,10.517,True,NORMAL,MONITOR,False,{},"[""uav2"", ""uav1"", ""uav0""]",limited,False,{},NONE,NORMAL,SAFE,1.0,IDLE,0.0,0.0,0.0,,,0.0,False,avoidance not required,,{},,,,,,,,,,,0,safe,6.005,12.883,1.750,0,0,0.0,0.0,[],42.27832794189453,41.226959228515625,16.25390625,41.979698181152344,47.224143981933594,16.263906478881836,41.676639556884766,41.19841003417969,16.250032424926758
187.8,RUNNING,10,RETURN,0.611,0.9402,148.0375,10.517,True,NORMAL,MONITOR,False,{},"[""uav2"", ""uav1"", ""uav0""]",limited,False,{},NONE,NORMAL,SAFE,1.0,IDLE,0.0,0.0,0.0,,,0.0,False,avoidance not required,,{},,,,,,,,,,,0,safe,5.998,12.885,1.746,0,0,0.0,0.0,[],42.04378128051758,41.00080871582031,16.2620792388916,41.7490348815918,47.0068244934082,16.271886825561523,41.44530487060547,40.983863830566406,16.259807586669922
188.0,RUNNING,10,RETURN,0.611,0.9402,148.0375,10.517,True,NORMAL,MONITOR,False,{},"[""uav2"", ""uav1"", ""uav0""]",limited,False,{},NONE,NORMAL,SAFE,1.0,IDLE,0.0,0.0,0.0,,,0.0,False,avoidance not required,,{},,,,,,,,,,,0,safe,6.002,12.898,1.742,0,0,0.0,0.0,[],41.821510314941406,40.7905158996582,16.27342987060547,41.518672943115234,46.78654861450195,16.277755737304688,41.213653564453125,40.77174758911133,16.267684936523438
188.2,RUNNING,10,RETURN,0.612,0.94,148.0062,10.517,True,NORMAL,MONITOR,False,{},"[""uav2"", ""uav1"", ""uav0""]",limited,False,{},NONE,NORMAL,SAFE,1.0,IDLE,0.0,0.0,0.0,,,0.0,False,avoidance not required,,{},,,,,,,,,,,0,safe,5.990,12.951,1.738,0,0,0.0,0.0,[],41.590213775634766,40.57435607910156,16.279726028442383,41.29032897949219,46.56918716430664,16.283430099487305,40.98009490966797,40.55876922607422,16.275718688964844
188.4,RUNNING,10,RETURN,0.613,0.94,148.0062,10.517,True,NORMAL,MONITOR,False,{},"[""uav2"", ""uav1"", ""uav0""]",limited,False,{},NONE,NORMAL,SAFE,1.0,IDLE,0.0,0.0,0.0,,,0.0,False,avoidance not required,,{},,,,,,,,,,,0,safe,5.990,12.951,1.738,0,0,0.0,0.0,[],41.358463287353516,40.358577728271484,16.287649154663086,41.06096267700195,46.355369567871094,16.288379669189453,40.746036529541016,40.347225189208984,16.281747817993164
188.6,RUNNING,10,RETURN,0.614,0.9399,147.9749,10.517,True,NORMAL,MONITOR,False,{},"[""uav2"", ""uav1"", ""uav0""]",limited,False,{},NONE,NORMAL,SAFE,1.0,IDLE,0.0,0.0,0.0,,,0.0,False,avoidance not required,,{},,,,,,,,,,,0,safe,5.988,12.991,1.735,0,0,0.0,0.0,[],41.12701416015625,40.1452522277832,16.292871475219727,40.831634521484375,46.14338684082031,16.294464111328125,40.51054382324219,40.13908386230469,16.28684425354004
188.8,RUNNING,10,RETURN,0.614,0.9399,147.9749,10.517,True,NORMAL,MONITOR,False,{},"[""uav2"", ""uav1"", ""uav0""]",limited,False,{},NONE,NORMAL,SAFE,1.0,IDLE,0.0,0.0,0.0,,,0.0,False,avoidance not required,,{},,,,,,,,,,,0,safe,5.978,13.098,1.738,0,0,0.0,0.0,[],40.89715576171875,39.9326057434082,16.301677703857422,40.60123825073242,45.93281173706055,16.29923439025879,40.27542495727539,39.9296760559082,16.29139518737793
189.0,RUNNING,10,RETURN,0.615,0.9399,147.9749,10.517,True,NORMAL,MONITOR,False,{},"[""uav2"", ""uav1"", ""uav0""]",limited,False,{},NONE,NORMAL,SAFE,1.0,IDLE,0.0,0.0,0.0,,,0.0,False,avoidance not required,,{},,,,,,,,,,,0,safe,5.978,13.098,1.738,0,0,0.0,0.0,[],40.66690444946289,39.7215461730957,16.306982040405273,40.36891174316406,45.71940231323242,16.306428909301758,40.03818893432617,39.71638107299805,16.296794891357422
189.2,RUNNING,10,RETURN,0.616,0.9397,147.9435,10.517,True,NORMAL,MONITOR,False,{},"[""uav2"", ""uav1"", ""uav0""]",limited,False,{},NONE,NORMAL,SAFE,1.0,IDLE,0.0,0.0,0.0,,,0.0,False,avoidance not required,,{},,,,,,,,,,,0,safe,5.970,13.231,1.735,0,0,0.0,0.0,[],40.43248748779297,39.510475158691406,16.311309814453125,40.1364860534668,45.50824737548828,16.312002182006836,39.80263137817383,39.50343704223633,16.303028106689453
189.4,RUNNING,10,RETURN,0.617,0.9397,147.9435,10.517,True,NORMAL,MONITOR,False,{},"[""uav2"", ""uav1"", ""uav0""]",limited,False,{},NONE,NORMAL,SAFE,1.0,IDLE,0.0,0.0,0.0,,,0.0,False,avoidance not required,,{},,,,,,,,,,,0,safe,5.970,13.231,1.735,0,0,0.0,0.0,[],40.19775390625,39.298927307128906,16.317819595336914,39.89915084838867,45.29966735839844,16.319236755371094,39.56747055053711,39.28898239135742,16.310537338256836
189.6,RUNNING,10,RETURN,0.617,0.9396,147.9122,10.517,True,NORMAL,MONITOR,False,{},"[""uav2"", ""uav1"", ""uav0""]",limited,False,{},NONE,NORMAL,SAFE,1.0,IDLE,0.0,0.0,0.0,,,0.0,False,avoidance not required,,{},,,,,,,,,,,0,safe,5.970,13.306,1.733,0,0,0.0,0.0,[],39.96478271484375,39.088748931884766,16.32302474975586,39.6639289855957,45.0913200378418,16.325695037841797,39.3246955871582,39.067596435546875,16.31869888305664
189.8,RUNNING,10,RETURN,0.618,0.9396,147.9122,10.517,True,NORMAL,MONITOR,False,{},"[""uav2"", ""uav1"", ""uav0""]",limited,False,{},NONE,NORMAL,SAFE,1.0,IDLE,0.0,0.0,0.0,,,0.0,False,avoidance not required,,{},,,,,,,,,,,0,safe,5.985,13.478,1.731,0,0,0.0,0.0,[],39.71552658081055,38.872127532958984,16.329727172851562,39.4334716796875,44.87644958496094,16.333683013916016,39.100791931152344,38.86326217651367,16.328792572021484
190.0,RUNNING,10,RETURN,0.619,0.9396,147.9122,10.517,True,NORMAL,MONITOR,False,{},"[""uav2"", ""uav1"", ""uav0""]",limited,False,{},NONE,NORMAL,SAFE,1.0,IDLE,0.0,0.0,0.0,,,0.0,False,avoidance not required,,{},,,,,,,,,,,0,safe,5.985,13.478,1.731,0,0,0.0,0.0,[],39.489173889160156,38.672035217285156,16.335472106933594,39.20329284667969,44.66447448730469,16.339305877685547,38.85942077636719,38.642967224121094,16.33689308166504
190.2,RUNNING,10,RETURN,0.62,0.9394,147.8809,10.517,True,NORMAL,MONITOR,False,{},"[""uav2"", ""uav1"", ""uav0""]",limited,False,{},NONE,NORMAL,SAFE,1.0,IDLE,0.0,0.0,0.0,,,0.0,False,avoidance not required,,{},,,,,,,,,,,0,safe,5.970,13.577,1.732,0,0,0.0,0.0,[],39.254154205322266,38.46437072753906,16.339914321899414,38.975257873535156,44.452903747558594,16.34637451171875,38.63536071777344,38.43819808959961,16.344449996948242
190.4,RUNNING,10,RETURN,0.62,0.9394,147.8809,10.517,True,NORMAL,MONITOR,False,{},"[""uav2"", ""uav1"", ""uav0""]",limited,False,{},NONE,NORMAL,SAFE,1.0,IDLE,0.0,0.0,0.0,,,0.0,False,avoidance not required,,{},,,,,,,,,,,0,safe,5.981,13.675,1.734,0,0,0.0,0.0,[],39.00954818725586,38.24925994873047,16.34640121459961,38.741981506347656,44.240196228027344,16.350854873657227,38.40315246582031,38.22195816040039,16.348594665527344
190.6,RUNNING,10,RETURN,0.621,0.9392,147.8496,10.517,True,NORMAL,MONITOR,False,{},"[""uav2"", ""uav1"", ""uav0""]",limited,False,{},NONE,NORMAL,SAFE,1.0,IDLE,0.0,0.0,0.0,,,0.0,False,avoidance not required,,{},,,,,,,,,,,0,safe,5.994,13.781,1.732,0,0,0.0,0.0,[],38.78709030151367,38.04970169067383,16.350364685058594,38.50978469848633,44.029335021972656,16.35624885559082,38.17264938354492,38.007972717285156,16.353675842285156
190.8,RUNNING,10,RETURN,0.622,0.9392,147.8496,10.517,True,NORMAL,MONITOR,False,{},"[""uav2"", ""uav1"", ""uav0""]",limited,False,{},NONE,NORMAL,SAFE,1.0,IDLE,0.0,0.0,0.0,,,0.0,False,avoidance not required,,{},,,,,,,,,,,0,safe,5.986,13.894,1.732,0,0,0.0,0.0,[],38.553253173828125,37.83561325073242,16.35365867614746,38.27760314941406,43.815147399902344,16.359872817993164,37.94215393066406,37.79319763183594,16.357749938964844
191.0,RUNNING,10,RETURN,0.623,0.9392,147.8496,10.517,True,NORMAL,MONITOR,False,{},"[""uav2"", ""uav1"", ""uav0""]",limited,False,{},NONE,NORMAL,SAFE,1.0,IDLE,0.0,0.0,0.0,,,0.0,False,avoidance not required,,{},,,,,,,,,,,0,safe,5.989,14.012,1.730,0,0,0.0,0.0,[],38.3134651184082,37.613399505615234,16.359703063964844,38.0460090637207,43.603431701660156,16.36393165588379,37.7021369934082,37.572471618652344,16.363174438476562
191.2,RUNNING,10,RETURN,0.623,0.9391,147.8183,10.517,True,NORMAL,MONITOR,False,{},"[""uav2"", ""uav1"", ""uav0""]",limited,False,{},NONE,NORMAL,SAFE,1.0,IDLE,0.0,0.0,0.0,,,0.0,False,avoidance not required,,{},,,,,,,,,,,0,safe,5.989,14.142,1.729,0,0,0.0,0.0,[],38.0877799987793,37.39585494995117,16.369081497192383,37.81441116333008,43.39112854003906,16.371889114379883,37.47622299194336,37.36893081665039,16.36613655090332
191.4,RUNNING,10,RETURN,0.624,0.9391,147.8183,10.517,True,NORMAL,MONITOR,False,{},"[""uav2"", ""uav1"", ""uav0""]",limited,False,{},NONE,NORMAL,SAFE,1.0,IDLE,0.0,0.0,0.0,,,0.0,False,avoidance not required,,{},,,,,,,,,,,0,safe,5.989,14.272,1.729,0,0,0.0,0.0,[],37.87116241455078,37.189762115478516,16.375303268432617,37.58793258666992,43.17878341674805,16.376893997192383,37.24616241455078,37.15748977661133,16.36762046813965
191.6,RUNNING,10,RETURN,0.625,0.9389,147.787,10.517,True,NORMAL,MONITOR,False,{},"[""uav2"", ""uav1"", ""uav0""]",limited,False,{},NONE,NORMAL,SAFE,1.0,IDLE,0.0,0.0,0.0,,,0.0,False,avoidance not required,,{},,,,,,,,,,,0,safe,5.975,14.207,1.731,0,0,0.0,0.0,[],37.64497375488281,36.972503662109375,16.38285255432129,37.35984420776367,42.96862030029297,16.38222312927246,37.017738342285156,36.947452545166016,16.37239646911621
191.8,RUNNING,10,RETURN,0.626,0.9389,147.787,10.517,True,NORMAL,MONITOR,False,{},"[""uav2"", ""uav1"", ""uav0""]",limited,False,{},NONE,NORMAL,SAFE,1.0,IDLE,0.0,0.0,0.0,,,0.0,False,avoidance not required,,{},,,,,,,,,,,0,safe,5.984,13.582,1.735,0,0,0.0,0.0,[],37.409095764160156,36.74995422363281,16.38988494873047,37.12872314453125,42.758602142333984,16.386281967163086,36.79256820678711,36.734859466552734,16.37345314025879
192.0,RUNNING,10,RETURN,0.626,0.9389,147.787,10.517,True,NORMAL,MONITOR,False,{},"[""uav2"", ""uav1"", ""uav0""]",limited,False,{},NONE,NORMAL,SAFE,1.0,IDLE,0.0,0.0,0.0,,,0.0,False,avoidance not required,,{},,,,,,,,,,,0,safe,5.984,13.582,1.735,0,0,0.0,0.0,[],37.19144821166992,36.54324722290039,16.391704559326172,36.89790725708008,42.54922866821289,16.391845703125,36.567100524902344,36.5237922668457,16.379423141479492
192.2,RUNNING,10,RETURN,0.627,0.9388,147.7555,10.517,True,NORMAL,MONITOR,False,{},"[""uav2"", ""uav1"", ""uav0""]",limited,False,{},NONE,NORMAL,SAFE,1.0,IDLE,0.0,0.0,0.0,,,0.0,False,avoidance not required,,{},,,,,,,,,,,0,safe,5.976,13.287,1.737,0,0,0.0,0.0,[],36.964351654052734,36.331241607666016,16.39552116394043,36.667640686035156,42.33718490600586,16.40052604675293,36.34237289428711,36.309715270996094,16.387331008911133
192.4,RUNNING,10,RETURN,0.628,0.9388,147.7555,10.517,True,NORMAL,MONITOR,False,{},"[""uav2"", ""uav1"", ""uav0""]",limited,False,{},NONE,NORMAL,SAFE,1.0,IDLE,0.0,0.0,0.0,,,0.0,False,avoidance not required,,{},,,,,,,,,,,0,safe,5.978,12.983,1.737,0,0,0.0,0.0,[],36.74026870727539,36.11598205566406,16.399200439453125,36.437320709228516,42.12635040283203,16.407032012939453,36.11564636230469,36.097164154052734,16.396196365356445
192.6,RUNNING,10,RETURN,0.629,0.9386,147.7242,10.517,True,NORMAL,MONITOR,False,{},"[""uav2"", ""uav1"", ""uav0""]",limited,False,{},NONE,NORMAL,SAFE,1.0,IDLE,0.0,0.0,0.0,,,0.0,False,avoidance not required,,{},,,,,,,,,,,0,safe,5.975,12.678,1.738,0,0,0.0,0.0,[],36.513916015625,35.90422439575195,16.40383529663086,36.2114372253418,41.91051483154297,16.406681060791016,35.87821960449219,35.86919021606445,16.405431747436523
192.8,RUNNING,10,RETURN,0.629,0.9386,147.7242,10.517,True,NORMAL,MONITOR,False,{},"[""uav2"", ""uav1"", ""uav0""]",limited,False,{},NONE,NORMAL,SAFE,1.0,IDLE,0.0,0.0,0.0,,,0.0,False,avoidance not required,,{},,,,,,,,,,,0,safe,5.964,12.375,1.738,0,0,0.0,0.0,[],36.287017822265625,35.68712615966797,16.40523910522461,35.9830436706543,41.697654724121094,16.409273147583008,35.648887634277344,35.65398025512695,16.411724090576172
193.0,RUNNING,10,RETURN,0.63,0.9386,147.7242,10.517,True,NORMAL,MONITOR,False,{},"[""uav2"", ""uav1"", ""uav0""]",limited,False,{},NONE,NORMAL,SAFE,1.0,IDLE,0.0,0.0,0.0,,,0.0,False,avoidance not required,,{},,,,,,,,,,,0,safe,5.971,11.763,1.741,0,0,0.0,0.0,[],36.0579948425293,35.47463607788086,16.407791137695312,35.75434875488281,41.4862174987793,16.412586212158203,35.42885971069336,35.44596862792969,16.418458938598633
193.2,RUNNING,10,RETURN,0.631,0.9385,147.6929,10.517,True,NORMAL,MONITOR,False,{},"[""uav2"", ""uav1"", ""uav0""]",limited,False,{},NONE,NORMAL,SAFE,1.0,IDLE,0.0,0.0,0.0,,,0.0,False,avoidance not required,,{},,,,,,,,,,,0,safe,5.971,11.763,1.741,0,0,0.0,0.0,[],35.82835006713867,35.258331298828125,16.412139892578125,35.523536682128906,41.27598571777344,16.41645050048828,35.197879791259766,35.2326774597168,16.423574447631836
193.4,RUNNING,10,RETURN,0.632,0.9385,147.6929,10.517,True,NORMAL,MONITOR,False,{},"[""uav2"", ""uav1"", ""uav0""]",limited,False,{},NONE,NORMAL,SAFE,1.0,IDLE,0.0,0.0,0.0,,,0.0,False,avoidance not required,,{},,,,,,,,,,,0,safe,5.970,11.456,1.741,0,0,0.0,0.0,[],35.59675598144531,35.046382904052734,16.416919708251953,35.29283142089844,41.06648254394531,16.415925979614258,34.965660095214844,35.015045166015625,16.425796508789062
193.6,RUNNING,10,RETURN,0.632,0.9383,147.6616,10.517,True,NORMAL,MONITOR,False,{},"[""uav2"", ""uav1"", ""uav0""]",limited,False,{},NONE,NORMAL,SAFE,1.0,IDLE,0.0,0.0,0.0,,,0.0,False,avoidance not required,,{},,,,,,,,,,,0,safe,5.969,11.150,1.743,0,0,0.0,0.0,[],35.367462158203125,34.826934814453125,16.42137908935547,35.06068801879883,40.8576545715332,16.418045043945312,34.733795166015625,34.80258560180664,16.42844009399414
193.8,RUNNING,10,RETURN,0.633,0.9383,147.6616,10.517,True,NORMAL,MONITOR,False,{},"[""uav2"", ""uav1"", ""uav0""]",limited,False,{},NONE,NORMAL,SAFE,1.0,IDLE,0.0,0.0,0.0,,,0.0,False,avoidance not required,,{},,,,,,,,,,,0,safe,5.966,10.842,1.744,0,0,0.0,0.0,[],35.135868072509766,34.613853454589844,16.425573348999023,34.83721160888672,40.65033721923828,16.418006896972656,34.508697509765625,34.59092712402344,16.432737350463867
194.0,RUNNING,10,RETURN,0.634,0.9383,147.6616,10.517,True,NORMAL,MONITOR,False,{},"[""uav2"", ""uav1"", ""uav0""]",limited,False,{},NONE,NORMAL,SAFE,1.0,IDLE,0.0,0.0,0.0,,,0.0,False,avoidance not required,,{},,,,,,,,,,,0,safe,5.973,10.537,1.752,0,0,0.0,0.0,[],34.90522003173828,34.402549743652344,16.432218551635742,34.609378814697266,40.44211959838867,16.420621871948242,34.27165222167969,34.373661041259766,16.43625831604004
194.2,RUNNING,10,RETURN,0.635,0.9382,147.6304,10.517,True,NORMAL,MONITOR,False,{},"[""uav2"", ""uav1"", ""uav0""]",limited,False,{},NONE,NORMAL,SAFE,1.0,IDLE,0.0,0.0,0.0,,,0.0,False,avoidance not required,,{},,,,,,,,,,,0,safe,5.967,10.235,1.756,0,0,0.0,0.0,[],34.67283630371094,34.19517135620117,16.435874938964844,34.383445739746094,40.2308235168457,16.42359161376953,34.05366134643555,34.17054748535156,16.438264846801758
194.4,RUNNING,10,RETURN,0.635,0.9382,147.6304,10.517,True,NORMAL,MONITOR,False,{},"[""uav2"", ""uav1"", ""uav0""]",limited,False,{},NONE,NORMAL,SAFE,1.0,IDLE,0.0,0.0,0.0,,,0.0,False,avoidance not required,,{},,,,,,,,,,,0,safe,5.981,9.933,1.760,0,0,0.0,0.0,[],34.44179153442383,33.98311996459961,16.434856414794922,34.15342712402344,40.01982116699219,16.428253173828125,33.82392883300781,33.96189498901367,16.440675735473633
194.6,RUNNING,10,RETURN,0.636,0.938,147.5992,10.517,True,NORMAL,MONITOR,False,{},"[""uav2"", ""uav1"", ""uav0""]",limited,False,{},NONE,NORMAL,SAFE,1.0,IDLE,0.0,0.0,0.0,,,0.0,False,avoidance not required,,{},,,,,,,,,,,0,safe,5.982,9.630,1.761,0,0,0.0,0.0,[],34.2092170715332,33.77444076538086,16.43558120727539,33.92517852783203,39.80689239501953,16.437450408935547,33.594993591308594,33.75225830078125,16.442886352539062
194.8,RUNNING,10,RETURN,0.637,0.938,147.5992,10.517,True,NORMAL,MONITOR,False,{},"[""uav2"", ""uav1"", ""uav0""]",limited,False,{},NONE,NORMAL,SAFE,1.0,IDLE,0.0,0.0,0.0,,,0.0,False,avoidance not required,,{},,,,,,,,,,,0,safe,5.986,9.328,1.761,0,0,0.0,0.0,[],33.98141098022461,33.56234359741211,16.437257766723633,33.69264602661133,39.594932556152344,16.445646286010742,33.363319396972656,33.54463577270508,16.447296142578125
195.0,RUNNING,10,RETURN,0.638,0.938,147.5992,10.517,True,NORMAL,MONITOR,False,{},"[""uav2"", ""uav1"", ""uav0""]",limited,False,{},NONE,NORMAL,SAFE,1.0,IDLE,0.0,0.0,0.0,,,0.0,False,avoidance not required,,{},,,,,,,,,,,0,safe,5.982,9.029,1.760,0,0,0.0,0.0,[],33.750877380371094,33.35361099243164,16.44122886657715,33.46654510498047,39.3800163269043,16.459178924560547,33.12259292602539,33.326515197753906,16.45174217224121
195.2,RUNNING,10,RETURN,0.638,0.9378,147.568,10.517,True,NORMAL,MONITOR,False,{},"[""uav2"", ""uav1"", ""uav0""]",limited,False,{},NONE,NORMAL,SAFE,1.0,IDLE,0.0,0.0,0.0,,,0.0,False,avoidance not required,,{},,,,,,,,,,,0,safe,5.972,8.731,1.761,0,0,0.0,0.0,[],33.51754379272461,33.14324951171875,16.444866180419922,33.235774993896484,39.16705322265625,16.465618133544922,32.89942932128906,33.12742614746094,16.45488739013672
195.4,RUNNING,10,RETURN,0.639,0.9378,147.568,10.517,True,NORMAL,MONITOR,False,{},"[""uav2"", ""uav1"", ""uav0""]",limited,False,{},NONE,NORMAL,SAFE,1.0,IDLE,0.0,0.0,0.0,,,0.0,False,avoidance not required,,{},,,,,,,,,,,0,safe,5.982,8.431,1.760,0,0,0.0,0.0,[],33.28312301635742,32.93544387817383,16.448015213012695,33.007259368896484,38.95730209350586,16.46689796447754,32.672576904296875,32.921058654785156,16.456804275512695
195.6,RUNNING,10,RETURN,0.64,0.9377,147.5367,10.517,True,NORMAL,MONITOR,False,{},"[""uav2"", ""uav1"", ""uav0""]",limited,False,{},NONE,NORMAL,SAFE,1.0,IDLE,0.0,0.0,0.0,,,0.0,False,avoidance not required,,{},,,,,,,,,,,0,safe,5.989,8.133,1.763,0,0,0.0,0.0,[],33.0532112121582,32.72551345825195,16.453758239746094,32.781673431396484,38.74702453613281,16.46683120727539,32.44671630859375,32.71630096435547,16.458209991455078
195.8,RUNNING,10,RETURN,0.641,0.9377,147.5367,10.517,True,NORMAL,MONITOR,False,{},"[""uav2"", ""uav1"", ""uav0""]",limited,False,{},NONE,NORMAL,SAFE,1.0,IDLE,0.0,0.0,0.0,,,0.0,False,avoidance not required,,{},,,,,,,,,,,0,safe,5.994,7.839,1.767,0,0,0.0,0.0,[],32.82119369506836,32.51741027832031,16.457698822021484,32.550662994384766,38.53728103637695,16.468090057373047,32.21744155883789,32.510799407958984,16.462081909179688
196.0,RUNNING,10,RETURN,0.641,0.9377,147.5367,10.517,True,NORMAL,MONITOR,False,{},"[""uav2"", ""uav1"", ""uav0""]",limited,False,{},NONE,NORMAL,SAFE,1.0,IDLE,0.0,0.0,0.0,,,0.0,False,avoidance not required,,{},,,,,,,,,,,0,safe,5.996,7.545,1.768,0,0,0.0,0.0,[],32.59562301635742,32.30975341796875,16.459413528442383,32.32002258300781,38.32449722290039,16.473798751831055,31.99292755126953,32.30121994018555,16.46950912475586
196.2,RUNNING,10,RETURN,0.642,0.9375,147.5054,10.517,True,NORMAL,MONITOR,False,{},"[""uav2"", ""uav1"", ""uav0""]",limited,False,{},NONE,NORMAL,SAFE,1.0,IDLE,0.0,0.0,0.0,,,0.0,False,avoidance not required,,{},,,,,,,,,,,0,safe,5.997,7.257,1.768,0,0,0.0,0.0,[],32.35731506347656,32.09500503540039,16.463232040405273,32.08588409423828,38.113014221191406,16.47759246826172,31.76366424560547,32.09229278564453,16.475584030151367
196.4,RUNNING,10,RETURN,0.643,0.9375,147.5054,10.517,True,NORMAL,MONITOR,False,{},"[""uav2"", ""uav1"", ""uav0""]",limited,False,{},NONE,NORMAL,SAFE,1.0,IDLE,0.0,0.0,0.0,,,0.0,False,avoidance not required,,{},,,,,,,,,,,0,safe,6.006,6.958,1.765,0,0,0.0,0.0,[],32.14153289794922,31.89562225341797,16.47060203552246,31.852991104125977,37.899993896484375,16.479637145996094,31.52594757080078,31.873807907104492,16.483177185058594
196.6,RUNNING,10,RETURN,0.643,0.9374,147.4741,10.517,True,NORMAL,MONITOR,False,{},"[""uav2"", ""uav1"", ""uav0""]",limited,False,{},NONE,NORMAL,SAFE,1.0,IDLE,0.0,0.0,0.0,,,0.0,False,avoidance not required,,{},,,,,,,,,,,0,safe,5.984,6.687,1.762,0,0,0.0,0.0,[],31.912338256835938,31.68833351135254,16.476181030273438,31.617891311645508,37.688899993896484,16.483592987060547,31.303237915039062,31.672964096069336,16.48834800720215
196.8,RUNNING,10,RETURN,0.644,0.9374,147.4741,10.517,True,NORMAL,MONITOR,False,{},"[""uav2"", ""uav1"", ""uav0""]",limited,False,{},NONE,NORMAL,SAFE,1.0,IDLE,0.0,0.0,0.0,,,0.0,False,avoidance not required,,{},,,,,,,,,,,0,safe,5.990,6.122,1.759,0,0,0.0,0.0,[],31.6844539642334,31.478168487548828,16.482711791992188,31.38713836669922,37.47801208496094,16.490331649780273,31.074872970581055,31.462505340576172,16.49447250366211
197.0,RUNNING,10,RETURN,0.645,0.9374,147.4741,10.517,True,NORMAL,MONITOR,False,{},"[""uav2"", ""uav1"", ""uav0""]",limited,False,{},NONE,NORMAL,SAFE,1.0,IDLE,0.0,0.0,0.0,,,0.0,False,avoidance not required,,{},,,,,,,,,,,0,safe,5.990,6.122,1.759,0,0,0.0,0.0,[],31.453073501586914,31.269163131713867,16.488101959228516,31.160829544067383,37.271568298339844,16.49425506591797,30.83587074279785,31.240720748901367,16.4968204498291
197.2,RUNNING,10,RETURN,0.646,0.9372,147.4428,10.517,True,NORMAL,MONITOR,False,{},"[""uav2"", ""uav1"", ""uav0""]",limited,False,{},NONE,NORMAL,SAFE,1.0,IDLE,0.0,0.0,0.0,,,0.0,False,avoidance not required,,{},,,,,,,,,,,0,safe,5.983,5.842,1.765,0,0,0.0,0.0,[],31.226226806640625,31.061716079711914,16.495691299438477,30.929821014404297,37.064849853515625,16.495689392089844,30.61224937438965,31.038358688354492,16.49710464477539
197.4,RUNNING,10,RETURN,0.646,0.9372,147.4428,10.517,True,NORMAL,MONITOR,False,{},"[""uav2"", ""uav1"", ""uav0""]",limited,False,{},NONE,NORMAL,SAFE,1.0,IDLE,0.0,0.0,0.0,,,0.0,False,avoidance not required,,{},,,,,,,,,,,0,safe,5.986,5.569,1.768,0,0,0.0,0.0,[],30.995161056518555,30.85439109802246,16.49753189086914,30.697710037231445,36.85653305053711,16.497844696044922,30.38210105895996,30.82903480529785,16.49837303161621
197.6,RUNNING,10,RETURN,0.647,0.9371,147.4115,10.517,True,NORMAL,MONITOR,False,{},"[""uav2"", ""uav1"", ""uav0""]",limited,False,{},NONE,NORMAL,SAFE,1.0,IDLE,0.0,0.0,0.0,,,0.0,False,avoidance not required,,{},,,,,,,,,,,0,safe,5.987,5.295,1.768,0,0,0.0,0.0,[],30.767976760864258,30.651086807250977,16.499536514282227,30.462923049926758,36.64803695678711,16.499177932739258,30.14898109436035,30.620479583740234,16.50048065185547
197.8,RUNNING,10,RETURN,0.648,0.9371,147.4115,10.517,True,NORMAL,MONITOR,False,{},"[""uav2"", ""uav1"", ""uav0""]",limited,False,{},NONE,NORMAL,SAFE,1.0,IDLE,0.0,0.0,0.0,,,0.0,False,avoidance not required,,{},,,,,,,,,,,0,safe,5.981,5.030,1.773,0,0,0.0,0.0,[],30.536630630493164,30.445907592773438,16.500513076782227,30.228412628173828,36.43559646606445,16.496110916137695,29.917451858520508,30.41090202331543,16.50528907775879
198.0,RUNNING,10,RETURN,0.649,0.9371,147.4115,10.517,True,NORMAL,MONITOR,False,{},"[""uav2"", ""uav1"", ""uav0""]",limited,False,{},NONE,NORMAL,SAFE,1.0,IDLE,0.0,0.0,0.0,,,0.0,False,avoidance not required,,{},,,,,,,,,,,0,safe,5.981,4.766,1.776,0,0,0.0,0.0,[],30.309478759765625,30.235511779785156,16.50641632080078,29.992395401000977,36.22414779663086,16.496767044067383,29.682958602905273,30.201641082763672,16.50901222229004
198.2,RUNNING,10,RETURN,0.649,0.9369,147.3802,10.517,True,NORMAL,MONITOR,False,{},"[""uav2"", ""uav1"", ""uav0""]",limited,False,{},NONE,NORMAL,SAFE,1.0,IDLE,0.0,0.0,0.0,,,0.0,False,avoidance not required,,{},,,,,,,,,,,0,safe,5.974,4.510,1.779,0,0,0.0,0.0,[],30.07762908935547,30.025053024291992,16.50893211364746,29.75682258605957,36.01079559326172,16.498842239379883,29.449203491210938,29.990535736083984,16.515413284301758
198.4,RUNNING,10,RETURN,0.65,0.9369,147.3802,10.517,True,NORMAL,MONITOR,False,{},"[""uav2"", ""uav1"", ""uav0""]",limited,False,{},NONE,NORMAL,SAFE,1.0,IDLE,0.0,0.0,0.0,,,0.0,False,avoidance not required,,{},,,,,,,,,,,0,safe,5.972,4.256,1.778,0,0,0.0,0.0,[],29.847002029418945,29.81431007385254,16.51302146911621,29.521074295043945,35.79936981201172,16.499189376831055,29.21380615234375,29.78009605407715,16.51734161376953
198.6,RUNNING,10,RETURN,0.651,0.9367,147.3488,10.517,True,NORMAL,MONITOR,False,{},"[""uav2"", ""uav1"", ""uav0""]",limited,False,{},NONE,NORMAL,SAFE,1.0,IDLE,0.0,0.0,0.0,,,0.0,False,avoidance not required,,{},,,,,,,,,,,0,safe,5.967,4.012,1.779,0,0,0.0,0.0,[],29.60363006591797,29.59488296508789,16.512880325317383,29.291343688964844,35.58613586425781,16.502208709716797,28.98065948486328,29.56730842590332,16.52365493774414
198.8,RUNNING,10,RETURN,0.652,0.9367,147.3488,10.517,True,NORMAL,MONITOR,False,{},"[""uav2"", ""uav1"", ""uav0""]",limited,False,{},NONE,NORMAL,SAFE,1.0,IDLE,0.0,0.0,0.0,,,0.0,False,avoidance not required,,{},,,,,,,,,,,0,safe,5.977,3.764,1.764,0,0,0.0,0.0,[],29.38156509399414,29.38697624206543,16.51413917541504,29.059368133544922,35.374542236328125,16.505123138427734,28.745330810546875,29.355199813842773,16.525602340698242
199.0,RUNNING,10,RETURN,0.652,0.9367,147.3488,10.517,True,NORMAL,MONITOR,False,{},"[""uav2"", ""uav1"", ""uav0""]",limited,False,{},NONE,NORMAL,SAFE,1.0,IDLE,0.0,0.0,0.0,,,0.0,False,avoidance not required,,{},,,,,,,,,,,0,safe,5.964,3.546,1.772,0,0,0.0,0.0,[],29.147216796875,29.172849655151367,16.513147354125977,28.828754425048828,35.15914535522461,16.513206481933594,28.508676528930664,29.138010025024414,16.528348922729492
199.2,RUNNING,10,RETURN,0.653,0.9366,147.3174,10.517,True,NORMAL,MONITOR,False,{},"[""uav2"", ""uav1"", ""uav0""]",limited,False,{},NONE,NORMAL,SAFE,1.0,IDLE,0.0,0.0,0.0,,,0.0,False,avoidance not required,,{},,,,,,,,,,,0,safe,5.962,3.332,1.767,0,0,0.0,0.0,[],28.91092300415039,28.954490661621094,16.51474380493164,28.596492767333984,34.946868896484375,16.51447105407715,28.263212203979492,28.91564178466797,16.527088165283203
199.4,RUNNING,10,RETURN,0.654,0.9366,147.3174,10.517,True,NORMAL,MONITOR,False,{},"[""uav2"", ""uav1"", ""uav0""]",limited,False,{},NONE,NORMAL,SAFE,1.0,IDLE,0.0,0.0,0.0,,,0.0,False,avoidance not required,,{},,,,,,,,,,,0,safe,5.952,3.135,1.758,0,0,0.0,0.0,[],28.664602279663086,28.73097038269043,16.513439178466797,28.370344161987305,34.7369384765625,16.516836166381836,28.040193557739258,28.71061897277832,16.52601432800293
199.6,RUNNING,10,RETURN,0.655,0.9364,147.2861,10.517,True,NORMAL,MONITOR,False,{},"[""uav2"", ""uav1"", ""uav0""]",limited,False,{},NONE,NORMAL,SAFE,1.0,IDLE,0.0,0.0,0.0,,,0.0,False,avoidance not required,,{},,,,,,,,,,,0,safe,5.976,2.952,1.746,0,0,0.0,0.0,[],28.446077346801758,28.52613639831543,16.512985229492188,28.140697479248047,34.527557373046875,16.517154693603516,27.80806541442871,28.498796463012695,16.524003982543945
199.8,RUNNING,10,RETURN,0.655,0.9364,147.2861,10.517,True,NORMAL,MONITOR,False,{},"[""uav2"", ""uav1"", ""uav0""]",limited,False,{},NONE,NORMAL,SAFE,1.0,IDLE,0.0,0.0,0.0,,,0.0,False,avoidance not required,,{},,,,,,,,,,,0,safe,5.962,2.812,1.751,0,0,0.0,0.0,[],28.215198516845703,28.31497573852539,16.510398864746094,27.908382415771484,34.31106948852539,16.518043518066406,27.581178665161133,28.283349990844727,16.52904510498047
200.0,RUNNING,10,RETURN,0.656,0.9364,147.2861,10.517,True,NORMAL,MONITOR,False,{},"[""uav2"", ""uav1"", ""uav0""]",limited,False,{},NONE,NORMAL,SAFE,1.0,IDLE,0.0,0.0,0.0,,,0.0,False,avoidance not required,,{},,,,,,,,,,,0,safe,5.966,2.691,1.751,0,0,0.0,0.0,[],27.981096267700195,28.103450775146484,16.5091495513916,27.67473602294922,34.098392486572266,16.515573501586914,27.351247787475586,28.071632385253906,16.525243759155273
200.2,RUNNING,10,RETURN,0.657,0.9363,147.2548,10.517,True,NORMAL,MONITOR,False,{},"[""uav2"", ""uav1"", ""uav0""]",limited,False,{},NONE,NORMAL,SAFE,1.0,IDLE,0.0,0.0,0.0,,,0.0,False,avoidance not required,,{},,,,,,,,,,,0,safe,5.970,2.602,1.748,0,0,0.0,0.0,[],27.745994567871094,27.893718719482422,16.50446128845215,27.442298889160156,33.886329650878906,16.513097763061523,27.1191463470459,27.861858367919922,16.518779754638672
200.4,RUNNING,10,RETURN,0.658,0.9363,147.2548,10.517,True,NORMAL,MONITOR,False,{},"[""uav2"", ""uav1"", ""uav0""]",limited,False,{},NONE,NORMAL,SAFE,1.0,IDLE,0.0,0.0,0.0,,,0.0,False,avoidance not required,,{},,,,,,,,,,,0,safe,5.973,2.544,1.745,0,0,0.0,0.0,[],27.511104583740234,27.684492111206055,16.499467849731445,27.208860397338867,33.676815032958984,16.50962257385254,26.886123657226562,27.653623580932617,16.513620376586914
200.6,RUNNING,10,RETURN,0.658,0.9361,147.2236,10.517,True,NORMAL,MONITOR,False,{},"[""uav2"", ""uav1"", ""uav0""]",limited,False,{},NONE,NORMAL,SAFE,1.0,IDLE,0.0,0.0,0.0,,,0.0,False,avoidance not required,,{},,,,,,,,,,,0,safe,5.975,2.508,1.743,0,0,0.0,0.0,[],27.276107788085938,27.476232528686523,16.4967041015625,26.980377197265625,33.46765899658203,16.5052547454834,26.653230667114258,27.442968368530273,16.5111026763916
200.8,RUNNING,10,RETURN,0.659,0.9361,147.2236,10.517,True,NORMAL,MONITOR,False,{},"[""uav2"", ""uav1"", ""uav0""]",limited,False,{},NONE,NORMAL,SAFE,1.0,IDLE,0.0,0.0,0.0,,,0.0,False,avoidance not required,,{},,,,,,,,,,,0,safe,5.977,2.497,1.742,0,0,0.0,0.0,[],27.044715881347656,27.263582229614258,16.497533798217773,26.749773025512695,33.25946044921875,16.501081466674805,26.420560836791992,27.23399543762207,16.507545471191406
201.0,RUNNING,10,RETURN,0.66,0.9361,147.2236,10.517,True,NORMAL,MONITOR,False,{},"[""uav2"", ""uav1"", ""uav0""]",limited,False,{},NONE,NORMAL,SAFE,1.0,IDLE,0.0,0.0,0.0,,,0.0,False,avoidance not required,,{},,,,,,,,,,,0,safe,5.976,2.498,1.741,0,0,0.0,0.0,[],26.81246566772461,27.052858352661133,16.49722671508789,26.519500732421875,33.04713439941406,16.50135612487793,26.191226959228516,27.02444076538086,16.500185012817383
201.2,RUNNING,10,RETURN,0.661,0.936,147.1925,10.517,True,NORMAL,MONITOR,False,{},"[""uav2"", ""uav1"", ""uav0""]",limited,False,{},NONE,NORMAL,SAFE,1.0,IDLE,0.0,0.0,0.0,,,0.0,False,avoidance not required,,{},,,,,,,,,,,0,safe,5.979,2.497,1.740,0,0,0.0,0.0,[],26.581907272338867,26.841388702392578,16.492355346679688,26.28778839111328,32.8365478515625,16.50110626220703,25.960691452026367,26.816410064697266,16.495725631713867
201.4,RUNNING,10,RETURN,0.661,0.936,147.1925,10.517,True,NORMAL,MONITOR,False,{},"[""uav2"", ""uav1"", ""uav0""]",limited,False,{},NONE,NORMAL,SAFE,1.0,IDLE,0.0,0.0,0.0,,,0.0,False,avoidance not required,,{},,,,,,,,,,,0,safe,5.979,2.492,1.740,0,0,0.0,0.0,[],26.350379943847656,26.631635665893555,16.488954544067383,26.05493927001953,32.62321853637695,16.503673553466797,25.730621337890625,26.608627319335938,16.492630004882812
201.6,RUNNING,10,RETURN,0.662,0.9358,147.1614,10.517,True,NORMAL,MONITOR,False,{},"[""uav2"", ""uav1"", ""uav0""]",limited,False,{},NONE,NORMAL,SAFE,1.0,IDLE,0.0,0.0,0.0,,,0.0,False,avoidance not required,,{},,,,,,,,,,,0,safe,5.980,2.489,1.739,0,0,0.0,0.0,[],26.11378288269043,26.413362503051758,16.488998413085938,25.82184600830078,32.41210174560547,16.502479553222656,25.49962043762207,26.400192260742188,16.48971939086914
201.8,RUNNING,10,RETURN,0.663,0.9358,147.1614,10.517,True,NORMAL,MONITOR,False,{},"[""uav2"", ""uav1"", ""uav0""]",limited,False,{},NONE,NORMAL,SAFE,1.0,IDLE,0.0,0.0,0.0,,,0.0,False,avoidance not required,,{},,,,,,,,,,,0,safe,5.986,2.489,1.734,0,0,0.0,0.0,[],25.893352508544922,26.212488174438477,16.487728118896484,25.59244155883789,32.201454162597656,16.49599266052246,25.268836975097656,26.186044692993164,16.486194610595703
202.0,RUNNING,10,RETURN,0.664,0.9358,147.1614,10.517,True,NORMAL,MONITOR,False,{},"[""uav2"", ""uav1"", ""uav0""]",limited,False,{},NONE,NORMAL,SAFE,1.0,IDLE,0.0,0.0,0.0,,,0.0,False,avoidance not required,,{},,,,,,,,,,,0,safe,5.976,2.488,1.743,0,0,0.0,0.0,[],25.662019729614258,26.00295066833496,16.486751556396484,25.361616134643555,31.99207878112793,16.491920471191406,25.036874771118164,25.974910736083984,16.482994079589844
202.2,RUNNING,10,RETURN,0.664,0.9357,147.1302,10.517,True,NORMAL,MONITOR,False,{},"[""uav2"", ""uav1"", ""uav0""]",limited,False,{},NONE,NORMAL,SAFE,1.0,IDLE,0.0,0.0,0.0,,,0.0,False,avoidance not required,,{},,,,,,,,,,,0,safe,5.975,2.487,1.743,0,0,0.0,0.0,[],25.43006706237793,25.79393196105957,16.485414505004883,25.126981735229492,31.78350257873535,16.48948860168457,24.79383659362793,25.76051902770996,16.47678565979004
202.4,RUNNING,10,RETURN,0.665,0.9357,147.1302,10.517,True,NORMAL,MONITOR,False,{},"[""uav2"", ""uav1"", ""uav0""]",limited,False,{},NONE,NORMAL,SAFE,1.0,IDLE,0.0,0.0,0.0,,,0.0,False,avoidance not required,,{},,,,,,,,,,,0,safe,5.964,2.485,1.743,0,0,0.0,0.0,[],25.18655014038086,25.578821182250977,16.47844696044922,24.893211364746094,31.57535171508789,16.484283447265625,24.570070266723633,25.561935424804688,16.474817276000977
202.6,RUNNING,10,RETURN,0.666,0.9355,147.0991,10.517,True,NORMAL,MONITOR,False,{},"[""uav2"", ""uav1"", ""uav0""]",limited,False,{},NONE,NORMAL,SAFE,1.0,IDLE,0.0,0.0,0.0,,,0.0,False,avoidance not required,,{},,,,,,,,,,,0,safe,5.984,2.478,1.733,0,0,0.0,0.0,[],24.962398529052734,25.37939453125,16.475093841552734,24.660066604614258,31.37175941467285,16.47381591796875,24.338220596313477,25.35386848449707,16.473628997802734
202.8,RUNNING,10,RETURN,0.667,0.9355,147.0991,10.517,True,NORMAL,MONITOR,False,{},"[""uav2"", ""uav1"", ""uav0""]",limited,False,{},NONE,NORMAL,SAFE,1.0,IDLE,0.0,0.0,0.0,,,0.0,False,avoidance not required,,{},,,,,,,,,,,0,safe,5.976,2.475,1.743,0,0,0.0,0.0,[],24.732336044311523,25.173717498779297,16.472469329833984,24.42763900756836,31.166017532348633,16.467626571655273,24.107162475585938,25.145221710205078,16.47178077697754
203.0,RUNNING,10,RETURN,0.667,0.9355,147.0991,10.517,True,NORMAL,MONITOR,False,{},"[""uav2"", ""uav1"", ""uav0""]",limited,False,{},NONE,NORMAL,SAFE,1.0,IDLE,0.0,0.0,0.0,,,0.0,False,avoidance not required,,{},,,,,,,,,,,0,safe,5.975,2.472,1.746,0,0,0.0,0.0,[],24.50193977355957,24.9659366607666,16.47047233581543,24.192716598510742,30.959177017211914,16.4620361328125,23.878610610961914,24.936172485351562,16.471982955932617
203.2,RUNNING,10,RETURN,0.668,0.9353,147.068,10.517,True,NORMAL,MONITOR,False,{},"[""uav2"", ""uav1"", ""uav0""]",limited,False,{},NONE,NORMAL,SAFE,1.0,IDLE,0.0,0.0,0.0,,,0.0,False,avoidance not required,,{},,,,,,,,,,,0,safe,5.977,2.470,1.749,0,0,0.0,0.0,[],24.270612716674805,24.755037307739258,16.470420837402344,23.9593563079834,30.7504825592041,16.460926055908203,23.649564743041992,24.727657318115234,16.47243309020996
203.4,RUNNING,10,RETURN,0.669,0.9353,147.068,10.517,True,NORMAL,MONITOR,False,{},"[""uav2"", ""uav1"", ""uav0""]",limited,False,{},NONE,NORMAL,SAFE,1.0,IDLE,0.0,0.0,0.0,,,0.0,False,avoidance not required,,{},,,,,,,,,,,0,safe,5.983,2.471,1.747,0,0,0.0,0.0,[],24.039365768432617,24.543535232543945,16.470582962036133,23.722103118896484,30.54545021057129,16.457948684692383,23.42234230041504,24.524852752685547,16.472492218017578
203.6,RUNNING,10,RETURN,0.67,0.9352,147.0368,10.517,True,NORMAL,MONITOR,False,{},"[""uav2"", ""uav1"", ""uav0""]",limited,False,{},NONE,NORMAL,SAFE,1.0,IDLE,0.0,0.0,0.0,,,0.0,False,avoidance not required,,{},,,,,,,,,,,0,safe,5.983,2.471,1.747,0,0,0.0,0.0,[],23.803855895996094,24.33082389831543,16.471336364746094,23.487812042236328,30.337539672851562,16.458410263061523,23.193706512451172,24.319778442382812,16.472318649291992
203.8,RUNNING,10,RETURN,0.67,0.9352,147.0368,10.517,True,NORMAL,MONITOR,False,{},"[""uav2"", ""uav1"", ""uav0""]",limited,False,{},NONE,NORMAL,SAFE,1.0,IDLE,0.0,0.0,0.0,,,0.0,False,avoidance not required,,{},,,,,,,,,,,0,safe,5.990,2.471,1.741,0,0,0.0,0.0,[],23.569976806640625,24.118227005004883,16.470487594604492,23.252666473388672,30.133407592773438,16.462791442871094,22.966501235961914,24.119266510009766,16.47602081298828
204.0,RUNNING,10,RETURN,0.671,0.9352,147.0368,10.517,True,NORMAL,MONITOR,False,{},"[""uav2"", ""uav1"", ""uav0""]",limited,False,{},NONE,NORMAL,SAFE,1.0,IDLE,0.0,0.0,0.0,,,0.0,False,avoidance not required,,{},,,,,,,,,,,0,safe,5.997,2.470,1.738,0,0,0.0,0.0,[],23.33768653869629,23.909074783325195,16.47040557861328,23.020402908325195,29.92563247680664,16.465850830078125,22.736679077148438,23.91447639465332,16.476816177368164
204.2,RUNNING,10,RETURN,0.672,0.935,147.0056,10.517,True,NORMAL,MONITOR,False,{},"[""uav2"", ""uav1"", ""uav0""]",limited,False,{},NONE,NORMAL,SAFE,1.0,IDLE,0.0,0.0,0.0,,,0.0,False,avoidance not required,,{},,,,,,,,,,,0,safe,5.999,2.470,1.740,0,0,0.0,0.0,[],23.106590270996094,23.699077606201172,16.470932006835938,22.794578552246094,29.72374725341797,16.466476440429688,22.502790451049805,23.711984634399414,16.47083854675293
204.4,RUNNING,10,RETURN,0.673,0.935,147.0056,10.517,True,NORMAL,MONITOR,False,{},"[""uav2"", ""uav1"", ""uav0""]",limited,False,{},NONE,NORMAL,SAFE,1.0,IDLE,0.0,0.0,0.0,,,0.0,False,avoidance not required,,{},,,,,,,,,,,0,safe,5.996,2.471,1.746,0,0,0.0,0.0,[],22.872652053833008,23.495189666748047,16.465280532836914,22.568037033081055,29.517148971557617,16.46438217163086,22.26844024658203,23.5042667388916,16.467575073242188
204.6,RUNNING,10,RETURN,0.673,0.9349,146.9742,10.517,True,NORMAL,MONITOR,False,{},"[""uav2"", ""uav1"", ""uav0""]",limited,False,{},NONE,NORMAL,SAFE,1.0,IDLE,0.0,0.0,0.0,,,0.0,False,avoidance not required,,{},,,,,,,,,,,0,safe,5.996,2.465,1.751,0,0,0.0,0.0,[],22.640254974365234,23.288137435913086,16.461965560913086,22.3378963470459,29.31521224975586,16.462251663208008,22.03212547302246,23.29478645324707,16.46682357788086
204.8,RUNNING,10,RETURN,0.674,0.9349,146.9742,10.517,True,NORMAL,MONITOR,False,{},"[""uav2"", ""uav1"", ""uav0""]",limited,False,{},NONE,NORMAL,SAFE,1.0,IDLE,0.0,0.0,0.0,,,0.0,False,avoidance not required,,{},,,,,,,,,,,0,safe,5.992,2.462,1.758,0,0,0.0,0.0,[],22.404340744018555,23.07941436767578,16.45610809326172,22.111461639404297,29.113100051879883,16.457965850830078,21.795358657836914,23.084247589111328,16.464967727661133
205.0,RUNNING,10,RETURN,0.675,0.9349,146.9742,10.517,True,NORMAL,MONITOR,False,{},"[""uav2"", ""uav1"", ""uav0""]",limited,False,{},NONE,NORMAL,SAFE,1.0,IDLE,0.0,0.0,0.0,,,0.0,False,avoidance not required,,{},,,,,,,,,,,0,safe,5.991,2.456,1.766,0,0,0.0,0.0,[],22.171052932739258,22.868785858154297,16.4522705078125,21.88424301147461,28.904272079467773,16.45535659790039,21.55088233947754,22.862960815429688,16.4627685546875
205.2,RUNNING,10,RETURN,0.676,0.9347,146.9428,10.517,True,NORMAL,MONITOR,False,{},"[""uav2"", ""uav1"", ""uav0""]",limited,False,{},NONE,NORMAL,SAFE,1.0,IDLE,0.0,0.0,0.0,,,0.0,False,avoidance not required,,{},,,,,,,,,,,0,safe,5.980,2.452,1.770,0,0,0.0,0.0,[],21.94237518310547,22.663043975830078,16.4530086517334,21.653764724731445,28.691936492919922,16.449071884155273,21.324783325195312,22.660459518432617,16.459611892700195
205.4,RUNNING,10,RETURN,0.676,0.9347,146.9428,10.517,True,NORMAL,MONITOR,False,{},"[""uav2"", ""uav1"", ""uav0""]",limited,False,{},NONE,NORMAL,SAFE,1.0,IDLE,0.0,0.0,0.0,,,0.0,False,avoidance not required,,{},,,,,,,,,,,0,safe,5.982,2.453,1.769,0,0,0.0,0.0,[],21.714134216308594,22.45383071899414,16.452857971191406,21.423608779907227,28.47641372680664,16.443233489990234,21.091829299926758,22.44691276550293,16.456167221069336
205.6,RUNNING,10,RETURN,0.677,0.9346,146.9114,10.517,True,NORMAL,MONITOR,False,{},"[""uav2"", ""uav1"", ""uav0""]",limited,False,{},NONE,NORMAL,SAFE,1.0,IDLE,0.0,0.0,0.0,,,0.0,False,avoidance not required,,{},,,,,,,,,,,0,safe,5.978,2.453,1.766,0,0,0.0,0.0,[],21.479154586791992,22.243276596069336,16.448759078979492,21.19558334350586,28.262805938720703,16.440204620361328,20.861682891845703,22.235084533691406,16.449392318725586
205.8,RUNNING,10,RETURN,0.678,0.9346,146.9114,10.517,True,NORMAL,MONITOR,False,{},"[""uav2"", ""uav1"", ""uav0""]",limited,False,{},NONE,NORMAL,SAFE,1.0,IDLE,0.0,0.0,0.0,,,0.0,False,avoidance not required,,{},,,,,,,,,,,0,safe,5.983,2.449,1.766,0,0,0.0,0.0,[],21.246627807617188,22.030717849731445,16.445627212524414,20.96660041809082,28.046119689941406,16.437780380249023,20.631288528442383,22.02070426940918,16.444604873657227
206.0,RUNNING,10,RETURN,0.679,0.9346,146.9114,10.517,True,NORMAL,MONITOR,False,{},"[""uav2"", ""uav1"", ""uav0""]",limited,False,{},NONE,NORMAL,SAFE,1.0,IDLE,0.0,0.0,0.0,,,0.0,False,avoidance not required,,{},,,,,,,,,,,0,safe,5.985,2.438,1.762,0,0,0.0,0.0,[],21.01226043701172,21.822847366333008,16.444581985473633,20.73740577697754,27.832796096801758,16.435022354125977,20.396121978759766,21.806642532348633,16.43851661682129
206.2,RUNNING,10,RETURN,0.679,0.9344,146.8801,10.517,True,NORMAL,MONITOR,False,{},"[""uav2"", ""uav1"", ""uav0""]",limited,False,{},NONE,NORMAL,SAFE,1.0,IDLE,0.0,0.0,0.0,,,0.0,False,avoidance not required,,{},,,,,,,,,,,0,safe,5.984,2.435,1.761,0,0,0.0,0.0,[],20.780519485473633,21.611690521240234,16.441848754882812,20.50723648071289,27.616945266723633,16.429906845092773,20.162609100341797,21.591766357421875,16.43253517150879
206.4,RUNNING,10,RETURN,0.68,0.9344,146.8801,10.517,True,NORMAL,MONITOR,False,{},"[""uav2"", ""uav1"", ""uav0""]",limited,False,{},NONE,NORMAL,SAFE,1.0,IDLE,0.0,0.0,0.0,,,0.0,False,avoidance not required,,{},,,,,,,,,,,0,safe,5.982,2.430,1.759,0,0,0.0,0.0,[],20.54474639892578,21.407411575317383,16.43895149230957,20.27650260925293,27.412477493286133,16.42986488342285,19.928308486938477,21.382427215576172,16.42917251586914
206.6,RUNNING,10,RETURN,0.681,0.9342,146.8488,10.511,True,NORMAL,MONITOR,False,{},"[""uav2"", ""uav1"", ""uav0""]",limited,False,{},NONE,NORMAL,SAFE,1.0,IDLE,0.0,0.0,0.0,,,0.0,False,avoidance not required,,{},,,,,,,,,,,0,safe,5.984,2.430,1.762,0,0,0.0,0.0,[],20.312694549560547,21.19822883605957,16.434391021728516,20.045194625854492,27.203046798706055,16.430322647094727,19.68744468688965,21.16232681274414,16.426712036132812
206.8,RUNNING,10,RETURN,0.682,0.9342,146.8488,10.511,True,NORMAL,MONITOR,False,{},"[""uav2"", ""uav1"", ""uav0""]",limited,False,{},NONE,NORMAL,SAFE,1.0,IDLE,0.0,0.0,0.0,,,0.0,False,avoidance not required,,{},,,,,,,,,,,0,safe,5.975,2.430,1.762,0,0,0.0,0.0,[],20.085800170898438,20.994047164916992,16.432323455810547,19.813444137573242,26.998687744140625,16.42974281311035,19.466394424438477,20.960607528686523,16.42267417907715
207.0,RUNNING,10,RETURN,0.682,0.9342,146.8488,10.511,True,NORMAL,MONITOR,False,{},"[""uav2"", ""uav1"", ""uav0""]",limited,False,{},NONE,NORMAL,SAFE,1.0,IDLE,0.0,0.0,0.0,,,0.0,False,avoidance not required,,{},,,,,,,,,,,0,safe,5.981,2.430,1.765,0,0,0.0,0.0,[],19.850358963012695,20.77619743347168,16.429197311401367,19.58114242553711,26.788249969482422,16.427061080932617,19.237346649169922,20.749374389648438,16.420072555541992
207.2,RUNNING,10,RETURN,0.683,0.9341,146.8176,10.492,True,NORMAL,MONITOR,False,{},"[""uav2"", ""uav1"", ""uav0""]",limited,False,{},NONE,NORMAL,SAFE,1.0,IDLE,0.0,0.0,0.0,,,0.0,False,avoidance not required,,{},,,,,,,,,,,0,safe,5.987,2.427,1.764,0,0,0.0,0.0,[],19.62384033203125,20.5723819732666,16.428110122680664,19.343536376953125,26.581588745117188,16.423961639404297,19.00883674621582,20.544145584106445,16.41687774658203
207.4,RUNNING,10,RETURN,0.684,0.9341,146.8176,10.492,True,NORMAL,MONITOR,False,{},"[""uav2"", ""uav1"", ""uav0""]",limited,False,{},NONE,NORMAL,SAFE,1.0,IDLE,0.0,0.0,0.0,,,0.0,False,avoidance not required,,{},,,,,,,,,,,0,safe,5.985,2.424,1.761,0,0,0.0,0.0,[],19.405948638916016,20.370710372924805,16.425214767456055,19.108644485473633,26.370262145996094,16.418684005737305,18.7800235748291,20.33605194091797,16.41246223449707
207.6,RUNNING,10,RETURN,0.685,0.9339,146.7864,10.455,True,NORMAL,MONITOR,False,{},"[""uav2"", ""uav1"", ""uav0""]",limited,False,{},NONE,NORMAL,SAFE,1.0,IDLE,0.0,0.0,0.0,,,0.0,False,avoidance not required,,{},,,,,,,,,,,0,safe,5.974,2.419,1.758,0,0,0.0,0.0,[],19.17399787902832,20.16329574584961,16.42293357849121,18.880062103271484,26.167339324951172,16.41272735595703,18.550832748413086,20.134449005126953,16.40701675415039
207.8,RUNNING,10,RETURN,0.685,0.9339,146.7864,10.455,True,NORMAL,MONITOR,False,{},"[""uav2"", ""uav1"", ""uav0""]",limited,False,{},NONE,NORMAL,SAFE,1.0,IDLE,0.0,0.0,0.0,,,0.0,False,avoidance not required,,{},,,,,,,,,,,0,safe,5.977,2.413,1.764,0,0,0.0,0.0,[],18.943313598632812,19.950868606567383,16.418001174926758,18.654027938842773,25.966630935668945,16.405059814453125,18.32185935974121,19.93065071105957,16.40376091003418
208.0,RUNNING,10,RETURN,0.686,0.9339,146.7864,10.455,True,NORMAL,MONITOR,False,{},"[""uav2"", ""uav1"", ""uav0""]",limited,False,{},NONE,NORMAL,SAFE,1.0,IDLE,0.0,0.0,0.0,,,0.0,False,avoidance not required,,{},,,,,,,,,,,0,safe,5.979,2.405,1.774,0,0,0.0,0.0,[],18.717391967773438,19.74173927307129,16.411447525024414,18.42583465576172,25.757429122924805,16.399551391601562,18.09258460998535,19.721338272094727,16.401430130004883
208.2,RUNNING,10,RETURN,0.687,0.9338,146.7551,10.419,True,NORMAL,MONITOR,False,{},"[""uav2"", ""uav1"", ""uav0""]",limited,False,{},NONE,NORMAL,SAFE,1.0,IDLE,0.0,0.0,0.0,,,0.0,False,avoidance not required,,{},,,,,,,,,,,0,safe,5.975,2.400,1.776,0,0,0.0,0.0,[],18.48863410949707,19.532026290893555,16.403295516967773,18.195234298706055,25.548236846923828,16.38975715637207,17.862810134887695,19.51378059387207,16.398792266845703
208.4,RUNNING,10,RETURN,0.688,0.9338,146.7551,10.419,True,NORMAL,MONITOR,False,{},"[""uav2"", ""uav1"", ""uav0""]",limited,False,{},NONE,NORMAL,SAFE,1.0,IDLE,0.0,0.0,0.0,,,0.0,False,avoidance not required,,{},,,,,,,,,,,0,safe,5.974,2.390,1.777,0,0,0.0,0.0,[],18.25896453857422,19.318042755126953,16.39742660522461,17.963699340820312,25.333709716796875,16.383941650390625,17.62357521057129,19.29511833190918,16.39623260498047
208.6,RUNNING,10,RETURN,0.688,0.9336,146.7238,10.382,True,NORMAL,MONITOR,False,{},"[""uav2"", ""uav1"", ""uav0""]",limited,False,{},NONE,NORMAL,SAFE,1.0,IDLE,0.0,0.0,0.0,,,0.0,False,avoidance not required,,{},,,,,,,,,,,0,safe,5.965,2.384,1.774,0,0,0.0,0.0,[],18.029542922973633,19.107833862304688,16.387685775756836,17.73371696472168,25.124805450439453,16.376262664794922,17.404321670532227,19.100191116333008,16.391496658325195
208.8,RUNNING,10,RETURN,0.689,0.9336,146.7238,10.382,True,NORMAL,MONITOR,False,{},"[""uav2"", ""uav1"", ""uav0""]",limited,False,{},NONE,NORMAL,SAFE,1.0,IDLE,0.0,0.0,0.0,,,0.0,False,avoidance not required,,{},,,,,,,,,,,0,safe,5.975,2.376,1.775,0,0,0.0,0.0,[],17.799074172973633,18.89365005493164,16.381959915161133,17.50240135192871,24.910085678100586,16.373275756835938,17.175111770629883,18.890928268432617,16.38788414001465
209.0,RUNNING,10,RETURN,0.69,0.9336,146.7238,10.382,True,NORMAL,MONITOR,False,{},"[""uav2"", ""uav1"", ""uav0""]",limited,False,{},NONE,NORMAL,SAFE,1.0,IDLE,0.0,0.0,0.0,,,0.0,False,avoidance not required,,{},,,,,,,,,,,0,safe,5.976,2.373,1.771,0,0,0.0,0.0,[],17.572860717773438,18.68980598449707,16.375782012939453,17.275049209594727,24.69969940185547,16.369304656982422,16.94723892211914,18.682313919067383,16.38559913635254
209.2,RUNNING,10,RETURN,0.691,0.9335,146.6924,10.345,True,NORMAL,MONITOR,False,{},"[""uav2"", ""uav1"", ""uav0""]",limited,False,{},NONE,NORMAL,SAFE,1.0,IDLE,0.0,0.0,0.0,,,0.0,False,avoidance not required,,{},,,,,,,,,,,0,safe,5.974,2.368,1.771,0,0,0.0,0.0,[],17.34423065185547,18.48002815246582,16.372230529785156,17.045045852661133,24.484487533569336,16.36752700805664,16.718015670776367,18.469396591186523,16.382333755493164
209.4,RUNNING,10,RETURN,0.691,0.9335,146.6924,10.345,True,NORMAL,MONITOR,False,{},"[""uav2"", ""uav1"", ""uav0""]",limited,False,{},NONE,NORMAL,SAFE,1.0,IDLE,0.0,0.0,0.0,,,0.0,False,avoidance not required,,{},,,,,,,,,,,0,safe,5.974,2.368,1.771,0,0,0.0,0.0,[],17.120296478271484,18.276260375976562,16.36931800842285,16.818607330322266,24.274682998657227,16.365379333496094,16.4908390045166,18.260738372802734,16.380334854125977
209.6,RUNNING,10,RETURN,0.692,0.9333,146.661,10.308,True,NORMAL,MONITOR,False,{},"[""uav2"", ""uav1"", ""uav0""]",limited,False,{},NONE,NORMAL,SAFE,1.0,IDLE,0.0,0.0,0.0,,,0.0,False,avoidance not required,,{},,,,,,,,,,,0,safe,5.971,2.365,1.776,0,0,0.0,0.0,[],16.892051696777344,18.065845489501953,16.36722183227539,16.58914566040039,24.060373306274414,16.363956451416016,16.262033462524414,18.047801971435547,16.377317428588867
209.8,RUNNING,10,RETURN,0.693,0.9333,146.661,10.308,True,NORMAL,MONITOR,False,{},"[""uav2"", ""uav1"", ""uav0""]",limited,False,{},NONE,NORMAL,SAFE,1.0,IDLE,0.0,0.0,0.0,,,0.0,False,avoidance not required,,{},,,,,,,,,,,0,safe,5.970,2.364,1.778,0,0,0.0,0.0,[],16.66315269470215,17.85729217529297,16.362178802490234,16.364755630493164,23.843971252441406,16.37239646911621,16.036409378051758,17.836894989013672,16.376201629638672
210.0,RUNNING,10,RETURN,0.694,0.9333,146.661,10.308,True,NORMAL,MONITOR,False,{},"[""uav2"", ""uav1"", ""uav0""]",limited,False,{},NONE,NORMAL,SAFE,1.0,IDLE,0.0,0.0,0.0,,,0.0,False,avoidance not required,,{},,,,,,,,,,,0,safe,5.973,2.366,1.780,0,0,0.0,0.0,[],16.431337356567383,17.643829345703125,16.358795166015625,16.135791778564453,23.626392364501953,16.374792098999023,15.808164596557617,17.622642517089844,16.375022888183594
210.2,RUNNING,10,RETURN,0.694,0.9331,146.6295,10.271,True,NORMAL,MONITOR,False,{},"[""uav2"", ""uav1"", ""uav0""]",limited,False,{},NONE,NORMAL,SAFE,1.0,IDLE,0.0,0.0,0.0,,,0.0,False,avoidance not required,,{},,,,,,,,,,,0,safe,5.970,2.376,1.783,0,0,0.0,0.0,[],16.205406188964844,17.436452865600586,16.35774040222168,15.904760360717773,23.411806106567383,16.375577926635742,15.575216293334961,17.404359817504883,16.374786376953125
210.4,RUNNING,10,RETURN,0.695,0.9331,146.6295,10.271,True,NORMAL,MONITOR,False,{},"[""uav2"", ""uav1"", ""uav0""]",limited,False,{},NONE,NORMAL,SAFE,1.0,IDLE,0.0,0.0,0.0,,,0.0,False,avoidance not required,,{},,,,,,,,,,,0,safe,5.970,2.376,1.783,0,0,0.0,0.0,[],15.975110054016113,17.22394371032715,16.357032775878906,15.6715087890625,23.196983337402344,16.3732852935791,15.35659122467041,17.19985008239746,16.372631072998047
210.6,RUNNING,10,RETURN,0.696,0.933,146.598,10.235,True,NORMAL,MONITOR,False,{},"[""uav2"", ""uav1"", ""uav0""]",limited,False,{},NONE,NORMAL,SAFE,1.0,IDLE,0.0,0.0,0.0,,,0.0,False,avoidance not required,,{},,,,,,,,,,,0,safe,5.982,2.373,1.782,0,0,0.0,0.0,[],15.748376846313477,17.013105392456055,16.357620239257812,15.438067436218262,22.98969841003418,16.37455177307129,15.131734848022461,16.990589141845703,16.369462966918945
210.8,RUNNING,10,RETURN,0.697,0.933,146.598,10.235,True,NORMAL,MONITOR,False,{},"[""uav2"", ""uav1"", ""uav0""]",limited,False,{},NONE,NORMAL,SAFE,1.0,IDLE,0.0,0.0,0.0,,,0.0,False,avoidance not required,,{},,,,,,,,,,,0,safe,5.983,2.369,1.784,0,0,0.0,0.0,[],15.517403602600098,16.798856735229492,16.35725975036621,15.203219413757324,22.77973175048828,16.370616912841797,14.902200698852539,16.778823852539062,16.366172790527344
211.0,RUNNING,10,RETURN,0.697,0.9328,146.5664,10.216,True,NORMAL,MONITOR,False,{},"[""uav2"", ""uav1"", ""uav0""]",limited,False,{},NONE,NORMAL,SAFE,1.0,IDLE,0.0,0.0,0.0,,,0.0,False,avoidance not required,,{},,,,,,,,,,,0,safe,5.972,2.365,1.784,0,0,0.0,0.0,[],15.293201446533203,16.58568000793457,16.361522674560547,14.971651077270508,22.5720157623291,16.366409301757812,14.664892196655273,16.564313888549805,16.365156173706055
211.2,RUNNING,10,RETURN,0.698,0.9328,146.5664,10.216,True,NORMAL,MONITOR,False,{},"[""uav2"", ""uav1"", ""uav0""]",limited,False,{},NONE,NORMAL,SAFE,1.0,IDLE,0.0,0.0,0.0,,,0.0,False,avoidance not required,,{},,,,,,,,,,,0,safe,5.972,2.365,1.784,0,0,0.0,0.0,[],15.06283950805664,16.370426177978516,16.36041831970215,14.738519668579102,22.361703872680664,16.358064651489258,14.442061424255371,16.361894607543945,16.361129760742188
211.4,RUNNING,10,RETURN,0.699,0.9328,146.5664,10.216,True,NORMAL,MONITOR,False,{},"[""uav2"", ""uav1"", ""uav0""]",limited,False,{},NONE,NORMAL,SAFE,1.0,IDLE,0.0,0.0,0.0,,,0.0,False,avoidance not required,,{},,,,,,,,,,,0,safe,5.979,2.358,1.781,0,0,0.0,0.0,[],14.839460372924805,16.1614990234375,16.359535217285156,14.510472297668457,22.15226936340332,16.352890014648438,14.212507247924805,16.150585174560547,16.35737419128418
211.6,RUNNING,10,RETURN,0.7,0.9327,146.5348,10.18,True,NORMAL,MONITOR,False,{},"[""uav2"", ""uav1"", ""uav0""]",limited,False,{},NONE,NORMAL,SAFE,1.0,IDLE,0.0,0.0,0.0,,,0.0,False,avoidance not required,,{},,,,,,,,,,,0,safe,5.973,2.353,1.787,0,0,0.0,0.0,[],14.60916519165039,15.949446678161621,16.353906631469727,14.279233932495117,21.94108772277832,16.34732437133789,13.980422973632812,15.936705589294434,16.352418899536133
211.8,RUNNING,10,RETURN,0.7,0.9327,146.5348,10.18,True,NORMAL,MONITOR,False,{},"[""uav2"", ""uav1"", ""uav0""]",limited,False,{},NONE,NORMAL,SAFE,1.0,IDLE,0.0,0.0,0.0,,,0.0,False,avoidance not required,,{},,,,,,,,,,,0,safe,5.971,2.347,1.786,0,0,0.0,0.0,[],14.384357452392578,15.742792129516602,16.351625442504883,14.053564071655273,21.730257034301758,16.346277236938477,13.754552841186523,15.72250747680664,16.35027503967285
212.0,RUNNING,10,RETURN,0.701,0.9327,146.5348,10.18,True,NORMAL,MONITOR,False,{},"[""uav2"", ""uav1"", ""uav0""]",limited,False,{},NONE,NORMAL,SAFE,1.0,IDLE,0.0,0.0,0.0,,,0.0,False,avoidance not required,,{},,,,,,,,,,,0,safe,5.970,2.346,1.793,0,0,0.0,0.0,[],14.152629852294922,15.532766342163086,16.34673500061035,13.823859214782715,21.51861000061035,16.342716217041016,13.522911071777344,15.507573127746582,16.346435546875
212.2,RUNNING,10,RETURN,0.702,0.9325,146.5032,10.143,True,NORMAL,MONITOR,False,{},"[""uav2"", ""uav1"", ""uav0""]",limited,False,{},NONE,NORMAL,SAFE,1.0,IDLE,0.0,0.0,0.0,,,0.0,False,avoidance not required,,{},,,,,,,,,,,0,safe,5.966,2.340,1.795,0,0,0.0,0.0,[],13.92420482635498,15.324029922485352,16.345605850219727,13.601428031921387,21.305858612060547,16.33970069885254,13.289984703063965,15.294516563415527,16.34712028503418
212.4,RUNNING,10,RETURN,0.703,0.9325,146.5032,10.143,True,NORMAL,MONITOR,False,{},"[""uav2"", ""uav1"", ""uav0""]",limited,False,{},NONE,NORMAL,SAFE,1.0,IDLE,0.0,0.0,0.0,,,0.0,False,avoidance not required,,{},,,,,,,,,,,0,safe,5.966,2.340,1.795,0,0,0.0,0.0,[],13.68982219696045,15.112645149230957,16.341461181640625,13.372668266296387,21.093355178833008,16.334468841552734,13.044794082641602,15.071789741516113,16.343276977539062
212.6,RUNNING,10,RETURN,0.703,0.9324,146.4716,10.106,True,NORMAL,MONITOR,False,{},"[""uav2"", ""uav1"", ""uav0""]",limited,False,{},NONE,NORMAL,SAFE,1.0,IDLE,0.0,0.0,0.0,,,0.0,False,avoidance not required,,{},,,,,,,,,,,0,safe,5.955,2.338,1.791,0,0,0.0,0.0,[],13.4622802734375,14.899009704589844,16.339929580688477,13.148155212402344,20.879751205444336,16.328866958618164,12.821053504943848,14.86490249633789,16.341323852539062
212.8,RUNNING,10,RETURN,0.704,0.9324,146.4716,10.106,True,NORMAL,MONITOR,False,{},"[""uav2"", ""uav1"", ""uav0""]",limited,False,{},NONE,NORMAL,SAFE,1.0,IDLE,0.0,0.0,0.0,,,0.0,False,avoidance not required,,{},,,,,,,,,,,0,safe,5.959,2.341,1.791,0,0,0.0,0.0,[],13.219300270080566,14.676493644714355,16.335025787353516,12.922874450683594,20.661008834838867,16.326828002929688,12.578062057495117,14.642045021057129,16.341657638549805
213.0,RUNNING,10,RETURN,0.705,0.9324,146.4716,10.106,True,NORMAL,MONITOR,False,{},"[""uav2"", ""uav1"", ""uav0""]",limited,False,{},NONE,NORMAL,SAFE,1.0,IDLE,0.0,0.0,0.0,,,0.0,False,avoidance not required,,{},,,,,,,,,,,0,safe,5.959,2.342,1.773,0,0,0.0,0.0,[],12.99605941772461,14.471328735351562,16.33694839477539,12.691365242004395,20.446117401123047,16.322389602661133,12.351652145385742,14.436985969543457,16.335599899291992
213.2,RUNNING,10,RETURN,0.706,0.9322,146.4401,10.069,True,NORMAL,MONITOR,False,{},"[""uav2"", ""uav1"", ""uav0""]",limited,False,{},NONE,NORMAL,SAFE,1.0,IDLE,0.0,0.0,0.0,,,0.0,False,avoidance not required,,{},,,,,,,,,,,0,safe,5.956,2.336,1.781,0,0,0.0,0.0,[],12.759233474731445,14.258309364318848,16.331562042236328,12.461369514465332,20.234222412109375,16.322065353393555,12.10740852355957,14.212335586547852,16.329771041870117
213.4,RUNNING,10,RETURN,0.706,0.9322,146.4401,10.069,True,NORMAL,MONITOR,False,{},"[""uav2"", ""uav1"", ""uav0""]",limited,False,{},NONE,NORMAL,SAFE,1.0,IDLE,0.0,0.0,0.0,,,0.0,False,avoidance not required,,{},,,,,,,,,,,0,safe,5.948,2.330,1.774,0,0,0.0,0.0,[],12.526107788085938,14.039055824279785,16.3282470703125,12.226937294006348,20.023880004882812,16.317684173583984,11.881314277648926,14.006622314453125,16.322969436645508
213.6,RUNNING,10,RETURN,0.707,0.932,146.4086,10.032,True,NORMAL,MONITOR,False,{},"[""uav2"", ""uav1"", ""uav0""]",limited,False,{},NONE,NORMAL,SAFE,1.0,IDLE,0.0,0.0,0.0,,,0.0,False,avoidance not required,,{},,,,,,,,,,,0,safe,5.961,2.313,1.757,0,0,0.0,0.0,[],12.289400100708008,13.823139190673828,16.322330474853516,11.996092796325684,19.808656692504883,16.315570831298828,11.650358200073242,13.789979934692383,16.313011169433594
213.8,RUNNING,10,RETURN,0.708,0.932,146.4086,10.032,True,NORMAL,MONITOR,False,{},"[""uav2"", ""uav1"", ""uav0""]",limited,False,{},NONE,NORMAL,SAFE,1.0,IDLE,0.0,0.0,0.0,,,0.0,False,avoidance not required,,{},,,,,,,,,,,0,safe,5.961,2.313,1.757,0,0,0.0,0.0,[],12.058399200439453,13.606706619262695,16.321081161499023,11.761344909667969,19.59685516357422,16.31120491027832,11.418002128601074,13.576383590698242,16.305143356323242
214.0,RUNNING,10,RETURN,0.709,0.932,146.4086,10.032,True,NORMAL,MONITOR,False,{},"[""uav2"", ""uav1"", ""uav0""]",limited,False,{},NONE,NORMAL,SAFE,1.0,IDLE,0.0,0.0,0.0,,,0.0,False,avoidance not required,,{},,,,,,,,,,,0,safe,5.960,2.305,1.753,0,0,0.0,0.0,[],11.823650360107422,13.39333438873291,16.314130783081055,11.52816390991211,19.382450103759766,16.307384490966797,11.181591987609863,13.354816436767578,16.305761337280273
214.2,RUNNING,10,RETURN,0.709,0.9319,146.3773,9.996,True,NORMAL,MONITOR,False,{},"[""uav2"", ""uav1"", ""uav0""]",limited,False,{},NONE,NORMAL,SAFE,1.0,IDLE,0.0,0.0,0.0,,,0.0,False,avoidance not required,,{},,,,,,,,,,,0,safe,5.958,2.306,1.746,0,0,0.0,0.0,[],11.598814964294434,13.177986145019531,16.314050674438477,11.292390823364258,19.17168617248535,16.303203582763672,10.960657119750977,13.153706550598145,16.304424285888672
214.4,RUNNING,10,RETURN,0.71,0.9319,146.3773,9.996,True,NORMAL,MONITOR,False,{},"[""uav2"", ""uav1"", ""uav0""]",limited,False,{},NONE,NORMAL,SAFE,1.0,IDLE,0.0,0.0,0.0,,,0.0,False,avoidance not required,,{},,,,,,,,,,,0,safe,5.962,2.304,1.747,0,0,0.0,0.0,[],11.368523597717285,12.966401100158691,16.310714721679688,11.061389923095703,18.957443237304688,16.303529739379883,10.73302936553955,12.946925163269043,16.30570411682129
214.6,RUNNING,10,RETURN,0.711,0.9317,146.346,9.959,True,NORMAL,MONITOR,False,{},"[""uav2"", ""uav1"", ""uav0""]",limited,False,{},NONE,NORMAL,SAFE,1.0,IDLE,0.0,0.0,0.0,,,0.0,False,avoidance not required,,{},,,,,,,,,,,0,safe,5.965,2.306,1.746,0,0,0.0,0.0,[],11.140625953674316,12.752786636352539,16.311050415039062,10.834358215332031,18.74070167541504,16.30400276184082,10.503997802734375,12.736491203308105,16.3051815032959
214.8,RUNNING,10,RETURN,0.712,0.9317,146.346,9.959,True,NORMAL,MONITOR,False,{},"[""uav2"", ""uav1"", ""uav0""]",limited,False,{},NONE,NORMAL,SAFE,1.0,IDLE,0.0,0.0,0.0,,,0.0,False,avoidance not required,,{},,,,,,,,,,,0,safe,5.964,2.300,1.744,0,0,0.0,0.0,[],10.908126831054688,12.542633056640625,16.30695343017578,10.602989196777344,18.529617309570312,16.300111770629883,10.272204399108887,12.527886390686035,16.300012588500977
215.0,RUNNING,10,RETURN,0.712,0.9317,146.346,9.959,True,NORMAL,MONITOR,False,{},"[""uav2"", ""uav1"", ""uav0""]",limited,False,{},NONE,NORMAL,SAFE,1.0,IDLE,0.0,0.0,0.0,,,0.0,False,avoidance not required,,{},,,,,,,,,,,0,safe,5.964,2.300,1.744,0,0,0.0,0.0,[],10.68028450012207,12.326318740844727,16.305023193359375,10.371561050415039,18.317747116088867,16.30255126953125,10.03155517578125,12.309409141540527,16.300411224365234
215.2,RUNNING,10,RETURN,0.713,0.9316,146.3147,9.94,True,NORMAL,MONITOR,False,{},"[""uav2"", ""uav1"", ""uav0""]",limited,False,{},NONE,NORMAL,SAFE,1.0,IDLE,0.0,0.0,0.0,,,0.0,False,avoidance not required,,{},,,,,,,,,,,0,safe,5.951,2.307,1.742,0,0,0.0,0.0,[],10.447587013244629,12.115410804748535,16.297765731811523,10.137652397155762,18.11072540283203,16.297998428344727,9.808688163757324,12.10946273803711,16.295194625854492
215.4,RUNNING,10,RETURN,0.714,0.9316,146.3147,9.94,True,NORMAL,MONITOR,False,{},"[""uav2"", ""uav1"", ""uav0""]",limited,False,{},NONE,NORMAL,SAFE,1.0,IDLE,0.0,0.0,0.0,,,0.0,False,avoidance not required,,{},,,,,,,,,,,0,safe,5.961,2.328,1.740,0,0,0.0,0.0,[],10.214497566223145,11.901281356811523,16.291013717651367,9.905527114868164,17.902938842773438,16.29851722717285,9.581026077270508,11.89828872680664,16.29226303100586
215.6,RUNNING,10,RETURN,0.715,0.9314,146.2835,9.904,True,NORMAL,MONITOR,False,{},"[""uav2"", ""uav1"", ""uav0""]",limited,False,{},NONE,NORMAL,SAFE,1.0,IDLE,0.0,0.0,0.0,,,0.0,False,avoidance not required,,{},,,,,,,,,,,0,safe,5.967,2.374,1.730,0,0,0.0,0.0,[],9.978873252868652,11.692413330078125,16.2813663482666,9.671189308166504,17.697935104370117,16.292993545532227,9.350008964538574,11.6893892288208,16.287473678588867
215.8,RUNNING,10,RETURN,0.715,0.9314,146.2835,9.904,True,NORMAL,MONITOR,False,{},"[""uav2"", ""uav1"", ""uav0""]",limited,False,{},NONE,NORMAL,SAFE,1.0,IDLE,0.0,0.0,0.0,,,0.0,False,avoidance not required,,{},,,,,,,,,,,0,safe,5.971,2.440,1.697,0,0,0.0,0.0,[],9.744697570800781,11.479425430297852,16.276689529418945,9.439535140991211,17.49156951904297,16.2952823638916,9.117927551269531,11.47884750366211,16.285795211791992
216.0,RUNNING,10,RETURN,0.716,0.9313,146.2523,9.867,True,NORMAL,MONITOR,False,{},"[""uav2"", ""uav1"", ""uav0""]",limited,False,{},NONE,NORMAL,SAFE,1.0,IDLE,0.0,0.0,0.0,,,0.0,False,avoidance not required,,{},,,,,,,,,,,0,safe,5.985,2.631,1.556,0,0,0.0,0.0,[],9.501235008239746,11.264615058898926,16.269227981567383,9.20754623413086,17.28890609741211,16.290307998657227,8.886235237121582,11.271442413330078,16.279863357543945
216.2,RUNNING,10,RETURN,0.717,0.9313,146.2523,9.867,True,NORMAL,MONITOR,False,{},"[""uav2"", ""uav1"", ""uav0""]",limited,False,{},NONE,NORMAL,SAFE,1.0,IDLE,0.0,0.0,0.0,,,0.0,False,avoidance not required,,{},,,,,,,,,,,0,safe,5.985,2.631,1.556,0,0,0.0,0.0,[],9.282307624816895,11.06956958770752,16.274070739746094,8.982719421386719,17.081361770629883,16.295913696289062,8.658232688903809,11.062992095947266,16.275320053100586
216.4,RUNNING,10,RETURN,0.718,0.9313,146.2523,9.867,True,NORMAL,MONITOR,False,{},"[""uav2"", ""uav1"", ""uav0""]",limited,False,{},NONE,NORMAL,SAFE,1.0,IDLE,0.0,0.0,0.0,,,0.0,False,avoidance not required,,{},,,,,,,,,,,0,safe,5.976,2.748,1.449,0,0,0.0,0.0,[],9.058540344238281,10.875347137451172,16.274580001831055,8.76107120513916,16.883548736572266,16.295249938964844,8.435354232788086,10.863750457763672,16.27079200744629
216.6,RUNNING,10,RETURN,0.718,0.9311,146.2217,9.83,True,NORMAL,MONITOR,False,{},"[""uav2"", ""uav1"", ""uav0""]",limited,False,{},NONE,NORMAL,SAFE,1.0,IDLE,0.0,0.0,0.0,,,0.0,False,avoidance not required,,{},,,,,,,,,,,0,safe,5.977,2.876,1.329,0,0,0.0,0.0,[],8.844696998596191,10.682257652282715,16.285558700561523,8.550652503967285,16.69342803955078,16.300758361816406,8.2205810546875,10.67151165008545,16.272741317749023
216.8,RUNNING,10,RETURN,0.719,0.9311,146.2217,9.83,True,NORMAL,MONITOR,False,{},"[""uav2"", ""uav1"", ""uav0""]",limited,False,{},NONE,NORMAL,SAFE,1.0,IDLE,0.0,0.0,0.0,,,0.0,False,avoidance not required,,{},,,,,,,,,,,0,safe,5.976,3.014,1.202,0,0,0.0,0.0,[],8.64020824432373,10.503418922424316,16.286165237426758,8.34825325012207,16.51597023010254,16.295913696289062,8.016719818115234,10.492522239685059,16.272464752197266
217.0,RUNNING,10,RETURN,0.72,0.9311,146.2217,9.83,True,NORMAL,MONITOR,False,{},"[""uav2"", ""uav1"", ""uav0""]",limited,False,{},NONE,NORMAL,SAFE,1.0,IDLE,0.0,0.0,0.0,,,0.0,False,avoidance not required,,{},,,,,,,,,,,0,safe,5.977,3.151,1.074,0,0,0.0,0.0,[],8.449189186096191,10.333518981933594,16.28788948059082,8.158543586730957,16.34847640991211,16.288076400756836,7.818786144256592,10.315970420837402,16.273242950439453
217.2,RUNNING,10,RETURN,0.721,0.931,146.1921,9.793,True,NORMAL,MONITOR,False,{},"[""uav2"", ""uav1"", ""uav0""]",limited,False,{},NONE,NORMAL,SAFE,1.0,IDLE,0.0,0.0,0.0,,,0.0,False,avoidance not required,,{},,,,,,,,,,,0,safe,5.970,3.292,0.964,0,0,0.0,0.0,[],8.2727632522583,10.178628921508789,16.269926071166992,7.9822211265563965,16.19422721862793,16.26592254638672,7.650527000427246,10.166913986206055,16.259559631347656
217.4,RUNNING,10,RETURN,0.721,0.931,146.1921,9.793,True,NORMAL,MONITOR,False,{},"[""uav2"", ""uav1"", ""uav0""]",limited,False,{},NONE,NORMAL,SAFE,1.0,IDLE,0.0,0.0,0.0,,,0.0,False,avoidance not required,,{},,,,,,,,,,,0,safe,5.978,3.407,0.891,0,0,0.0,0.0,[],8.108054161071777,10.034449577331543,16.24385643005371,7.817864418029785,16.047996520996094,16.233667373657227,7.489706516265869,10.022366523742676,16.235204696655273
217.6,RUNNING,10,RETURN,0.722,0.9308,146.1628,9.757,True,NORMAL,MONITOR,False,{},"[""uav2"", ""uav1"", ""uav0""]",limited,False,{},NONE,NORMAL,SAFE,1.0,IDLE,0.0,0.0,0.0,,,0.0,False,avoidance not required,,{},,,,,,,,,,,0,safe,5.982,3.513,0.865,0,0,0.0,0.0,[],7.961780071258545,9.900909423828125,16.195043563842773,7.6713056564331055,15.912162780761719,16.182968139648438,7.3466291427612305,9.888642311096191,16.188770294189453
217.8,RUNNING,10,RETURN,0.723,0.9308,146.1628,9.757,True,NORMAL,MONITOR,False,{},"[""uav2"", ""uav1"", ""uav0""]",limited,False,{},NONE,NORMAL,SAFE,1.0,IDLE,0.0,0.0,0.0,,,0.0,False,avoidance not required,,{},,,,,,,,,,,0,safe,5.985,3.598,0.890,0,0,0.0,0.0,[],7.832706451416016,9.776505470275879,16.135902404785156,7.541830062866211,15.783527374267578,16.13425636291504,7.2130961418151855,9.759060859680176,16.130701065063477
218.0,RUNNING,10,RETURN,0.724,0.9308,146.1628,9.757,True,NORMAL,MONITOR,False,{},"[""uav2"", ""uav1"", ""uav0""]",limited,False,{},NONE,NORMAL,SAFE,1.0,IDLE,0.0,0.0,0.0,,,0.0,False,avoidance not required,,{},,,,,,,,,,,0,safe,5.980,3.677,0.967,0,0,0.0,0.0,[],7.718136787414551,9.65328598022461,16.055908203125,7.426527500152588,15.657224655151367,16.058738708496094,7.104094505310059,9.640291213989258,16.057126998901367
218.2,RUNNING,10,RETURN,0.724,0.9307,146.1336,9.72,True,NORMAL,MONITOR,False,{},"[""uav2"", ""uav1"", ""uav0""]",limited,False,{},NONE,NORMAL,SAFE,1.0,IDLE,0.0,0.0,0.0,,,0.0,False,avoidance not required,,{},,,,,,,,,,,0,safe,5.986,3.734,1.072,0,0,0.0,0.0,[],7.614025115966797,9.528733253479004,15.974791526794434,7.317261695861816,15.532023429870605,15.970084190368652,7.000594139099121,9.515243530273438,15.975113868713379
218.4,RUNNING,10,RETURN,0.725,0.9307,146.1336,9.72,True,NORMAL,MONITOR,False,{},"[""uav2"", ""uav1"", ""uav0""]",limited,False,{},NONE,NORMAL,SAFE,1.0,IDLE,0.0,0.0,0.0,,,0.0,False,avoidance not required,,{},,,,,,,,,,,0,safe,5.987,3.791,1.191,0,0,0.0,0.0,[],7.522665023803711,9.404035568237305,15.877177238464355,7.216474533081055,15.39907455444336,15.8668212890625,6.904052734375,9.382267951965332,15.873617172241211
218.6,RUNNING,10,RETURN,0.726,0.9305,146.1041,9.683,True,NORMAL,MONITOR,False,{},"[""uav2"", ""uav1"", ""uav0""]",limited,False,{},NONE,NORMAL,SAFE,1.0,IDLE,0.0,0.0,0.0,,,0.0,False,avoidance not required,,{},,,,,,,,,,,0,safe,5.981,3.841,1.314,0,0,0.0,0.0,[],7.427060604095459,9.270800590515137,15.765230178833008,7.1179680824279785,15.260146141052246,15.76517105102539,6.810144424438477,9.24065113067627,15.765707015991211
218.8,RUNNING,10,RETURN,0.727,0.9305,146.1041,9.683,True,NORMAL,MONITOR,False,{},"[""uav2"", ""uav1"", ""uav0""]",limited,False,{},NONE,NORMAL,SAFE,1.0,IDLE,0.0,0.0,0.0,,,0.0,False,avoidance not required,,{},,,,,,,,,,,0,safe,5.983,3.897,1.425,0,0,0.0,0.0,[],7.331569194793701,9.119779586791992,15.640344619750977,7.021447658538818,15.106228828430176,15.646040916442871,6.716575622558594,9.08639907836914,15.645174980163574
219.0,RUNNING,10,RETURN,0.727,0.9305,146.1041,9.683,True,NORMAL,MONITOR,False,{},"[""uav2"", ""uav1"", ""uav0""]",limited,False,{},NONE,NORMAL,SAFE,1.0,IDLE,0.0,0.0,0.0,,,0.0,False,avoidance not required,,{},,,,,,,,,,,0,safe,5.985,3.959,1.514,0,0,0.0,0.0,[],7.239906311035156,8.960598945617676,15.51308536529541,6.929149627685547,14.944814682006836,15.532930374145508,6.620211601257324,8.92543888092041,15.528388977050781
219.2,RUNNING,10,RETURN,0.728,0.9304,146.0738,9.665,True,NORMAL,MONITOR,False,{},"[""uav2"", ""uav1"", ""uav0""]",limited,False,{},NONE,NORMAL,SAFE,1.0,IDLE,0.0,0.0,0.0,,,0.0,False,avoidance not required,,{},,,,,,,,,,,0,safe,5.980,4.038,1.598,0,0,0.0,0.0,[],7.142455101013184,8.781919479370117,15.37973403930664,6.832130432128906,14.76643180847168,15.402771949768066,6.516522407531738,8.740384101867676,15.392826080322266
219.4,RUNNING,10,RETURN,0.729,0.9304,146.0738,9.665,True,NORMAL,MONITOR,False,{},"[""uav2"", ""uav1"", ""uav0""]",limited,False,{},NONE,NORMAL,SAFE,1.0,IDLE,0.0,0.0,0.0,,,0.0,False,avoidance not required,,{},,,,,,,,,,,0,safe,5.974,4.135,1.662,0,0,0.0,0.0,[],7.038167953491211,8.591687202453613,15.249624252319336,6.728475570678711,14.580055236816406,15.26852798461914,6.413701057434082,8.551239013671875,15.26447582244873
219.6,RUNNING,10,RETURN,0.73,0.9302,146.0425,9.628,True,NORMAL,MONITOR,False,{},"[""uav2"", ""uav1"", ""uav0""]",limited,False,{},NONE,NORMAL,SAFE,1.0,IDLE,0.0,0.0,0.0,,,0.0,False,avoidance not required,,{},,,,,,,,,,,0,safe,5.976,4.247,1.715,0,0,0.0,0.0,[],6.928083419799805,8.385639190673828,15.111673355102539,6.619675636291504,14.377507209777832,15.12717056274414,6.309877872467041,8.35580825805664,15.130620956420898
219.8,RUNNING,10,RETURN,0.73,0.9302,146.0425,9.628,True,NORMAL,MONITOR,False,{},"[""uav2"", ""uav1"", ""uav0""]",limited,False,{},NONE,NORMAL,SAFE,1.0,IDLE,0.0,0.0,0.0,,,0.0,False,avoidance not required,,{},,,,,,,,,,,0,safe,5.982,4.372,1.751,0,0,0.0,0.0,[],6.810896396636963,8.168416976928711,14.971693992614746,6.503098011016846,14.162766456604004,14.99485969543457,6.197380542755127,8.145539283752441,14.993403434753418
220.0,RUNNING,10,RETURN,0.731,0.9302,146.0425,9.628,True,NORMAL,MONITOR,False,{},"[""uav2"", ""uav1"", ""uav0""]",limited,False,{},NONE,NORMAL,SAFE,1.0,IDLE,0.0,0.0,0.0,,,0.0,False,avoidance not required,,{},,,,,,,,,,,0,safe,5.987,4.522,1.775,0,0,0.0,0.0,[],6.689464569091797,7.9409661293029785,14.82934856414795,6.382748126983643,13.938030242919922,14.85428524017334,6.078737258911133,7.922860145568848,14.847806930541992
220.2,RUNNING,10,RETURN,0.732,0.9301,146.0107,9.591,True,NORMAL,MONITOR,False,{},"[""uav2"", ""uav1"", ""uav0""]",limited,False,{},NONE,NORMAL,SAFE,1.0,IDLE,0.0,0.0,0.0,,,0.0,False,avoidance not required,,{},,,,,,,,,,,0,safe,5.989,4.692,1.790,0,0,0.0,0.0,[],6.558167934417725,7.698706150054932,14.692718505859375,6.255600929260254,13.702035903930664,14.713428497314453,5.952635288238525,7.689436912536621,14.704498291015625
220.4,RUNNING,10,RETURN,0.733,0.9301,146.0107,9.591,True,NORMAL,MONITOR,False,{},"[""uav2"", ""uav1"", ""uav0""]",limited,False,{},NONE,NORMAL,SAFE,1.0,IDLE,0.0,0.0,0.0,,,0.0,False,avoidance not required,,{},,,,,,,,,,,0,safe,5.994,4.886,1.793,0,0,0.0,0.0,[],6.431714057922363,7.464457988739014,14.56899356842041,6.126338481903076,13.462257385253906,14.567130088806152,5.817737579345703,7.439761161804199,14.552569389343262
220.6,RUNNING,10,RETURN,0.733,0.9299,145.9785,9.554,True,NORMAL,MONITOR,False,{},"[""uav2"", ""uav1"", ""uav0""]",limited,False,{},NONE,NORMAL,SAFE,1.0,IDLE,0.0,0.0,0.0,,,0.0,False,avoidance not required,,{},,,,,,,,,,,0,safe,5.986,5.105,1.794,0,0,0.0,0.0,[],6.298551559448242,7.218949317932129,14.429353713989258,5.993242263793945,13.218229293823242,14.431172370910645,5.6878838539123535,7.202793121337891,14.415543556213379
220.8,RUNNING,10,RETURN,0.734,0.9299,145.9785,9.554,True,NORMAL,MONITOR,False,{},"[""uav2"", ""uav1"", ""uav0""]",limited,False,{},NONE,NORMAL,SAFE,1.0,IDLE,0.0,0.0,0.0,,,0.0,False,avoidance not required,,{},,,,,,,,,,,0,safe,5.989,5.325,1.787,0,0,0.0,0.0,[],6.160573482513428,6.976337432861328,14.290745735168457,5.858600616455078,12.973201751708984,14.287992477416992,5.550625801086426,6.955011367797852,14.267942428588867
221.0,RUNNING,10,RETURN,0.735,0.9299,145.9785,9.554,True,NORMAL,MONITOR,False,{},"[""uav2"", ""uav1"", ""uav0""]",limited,False,{},NONE,NORMAL,SAFE,1.0,IDLE,0.0,0.0,0.0,,,0.0,False,avoidance not required,,{},,,,,,,,,,,0,safe,5.990,5.564,1.779,0,0,0.0,0.0,[],6.016615867614746,6.7231035232543945,14.138381004333496,5.717428207397461,12.72491455078125,14.145341873168945,5.407052516937256,6.704132080078125,14.128170013427734
221.2,RUNNING,10,RETURN,0.736,0.9297,145.9462,9.518,True,NORMAL,MONITOR,False,{},"[""uav2"", ""uav1"", ""uav0""]",limited,False,{},NONE,NORMAL,SAFE,1.0,IDLE,0.0,0.0,0.0,,,0.0,False,avoidance not required,,{},,,,,,,,,,,0,safe,5.990,5.818,1.760,0,0,0.0,0.0,[],5.880879878997803,6.4870219230651855,14.006879806518555,5.577953338623047,12.479037284851074,13.994731903076172,5.2647833824157715,6.455718994140625,13.982074737548828
221.4,RUNNING,10,RETURN,0.736,0.9297,145.9462,9.518,True,NORMAL,MONITOR,False,{},"[""uav2"", ""uav1"", ""uav0""]",limited,False,{},NONE,NORMAL,SAFE,1.0,IDLE,0.0,0.0,0.0,,,0.0,False,avoidance not required,,{},,,,,,,,,,,0,safe,5.984,6.076,1.756,0,0,0.0,0.0,[],5.740978240966797,6.242923259735107,13.860321044921875,5.429861068725586,12.2344970703125,13.85030746459961,5.118220329284668,6.206511497497559,13.838301658630371
221.6,RUNNING,10,RETURN,0.737,0.9296,145.9141,9.481,True,NORMAL,MONITOR,False,{},"[""uav2"", ""uav1"", ""uav0""]",limited,False,{},NONE,NORMAL,SAFE,1.0,IDLE,0.0,0.0,0.0,,,0.0,False,avoidance not required,,{},,,,,,,,,,,0,safe,5.977,6.342,1.742,0,0,0.0,0.0,[],5.596582889556885,5.998494625091553,13.720190048217773,5.286625385284424,11.992691040039062,13.70035457611084,4.974472999572754,5.961174964904785,13.688100814819336
221.8,RUNNING,10,RETURN,0.738,0.9296,145.9141,9.481,True,NORMAL,MONITOR,False,{},"[""uav2"", ""uav1"", ""uav0""]",limited,False,{},NONE,NORMAL,SAFE,1.0,IDLE,0.0,0.0,0.0,,,0.0,False,avoidance not required,,{},,,,,,,,,,,0,safe,5.978,6.604,1.729,0,0,0.0,0.0,[],5.455307483673096,5.757150173187256,13.569685935974121,5.14018440246582,11.746662139892578,13.553984642028809,4.82663106918335,5.715297698974609,13.543582916259766
222.0,RUNNING,10,RETURN,0.739,0.9296,145.9141,9.481,True,NORMAL,MONITOR,False,{},"[""uav2"", ""uav1"", ""uav0""]",limited,False,{},NONE,NORMAL,SAFE,1.0,IDLE,0.0,0.0,0.0,,,0.0,False,avoidance not required,,{},,,,,,,,,,,0,safe,5.972,6.873,1.716,0,0,0.0,0.0,[],5.308620929718018,5.5171685218811035,13.420380592346191,4.998709678649902,11.505358695983887,13.40669059753418,4.68330192565918,5.474633693695068,13.397961616516113
222.2,RUNNING,10,RETURN,0.739,0.9294,145.8822,9.444,True,NORMAL,MONITOR,False,{},"[""uav2"", ""uav1"", ""uav0""]",limited,False,{},NONE,NORMAL,SAFE,1.0,IDLE,0.0,0.0,0.0,,,0.0,False,avoidance not required,,{},,,,,,,,,,,0,safe,5.975,7.135,1.701,0,0,0.0,0.0,[],5.167191505432129,5.279995918273926,13.271598815917969,4.851788520812988,11.26407527923584,13.259154319763184,4.535766124725342,5.237238883972168,13.252917289733887
222.4,RUNNING,10,RETURN,0.74,0.9294,145.8822,9.444,True,NORMAL,MONITOR,False,{},"[""uav2"", ""uav1"", ""uav0""]",limited,False,{},NONE,NORMAL,SAFE,1.0,IDLE,0.0,0.0,0.0,,,0.0,False,avoidance not required,,{},,,,,,,,,,,0,safe,5.969,7.401,1.693,0,0,0.0,0.0,[],5.0227837562561035,5.046331882476807,13.127225875854492,4.711616039276123,11.027656555175781,13.107821464538574,4.394938945770264,5.003013610839844,13.102397918701172
222.6,RUNNING,10,RETURN,0.741,0.9293,145.8505,9.407,True,NORMAL,MONITOR,False,{},"[""uav2"", ""uav1"", ""uav0""]",limited,False,{},NONE,NORMAL,SAFE,1.0,IDLE,0.0,0.0,0.0,,,0.0,False,avoidance not required,,{},,,,,,,,,,,0,safe,5.972,7.660,1.689,0,0,0.0,0.0,[],4.8838043212890625,4.8141560554504395,12.978342056274414,4.570113658905029,10.790815353393555,12.964776039123535,4.254735946655273,4.768371105194092,12.952059745788574
222.8,RUNNING,10,RETURN,0.742,0.9293,145.8505,9.407,True,NORMAL,MONITOR,False,{},"[""uav2"", ""uav1"", ""uav0""]",limited,False,{},NONE,NORMAL,SAFE,1.0,IDLE,0.0,0.0,0.0,,,0.0,False,avoidance not required,,{},,,,,,,,,,,0,safe,5.971,7.919,1.687,0,0,0.0,0.0,[],4.7412943840026855,4.5819010734558105,12.828258514404297,4.4344682693481445,10.557711601257324,12.816774368286133,4.118699073791504,4.53678035736084,12.801911354064941
223.0,RUNNING,10,RETURN,0.742,0.9293,145.8505,9.407,True,NORMAL,MONITOR,False,{},"[""uav2"", ""uav1"", ""uav0""]",limited,False,{},NONE,NORMAL,SAFE,1.0,IDLE,0.0,0.0,0.0,,,0.0,False,avoidance not required,,{},,,,,,,,,,,0,safe,5.978,8.175,1.685,0,0,0.0,0.0,[],4.598544120788574,4.341314792633057,12.671014785766602,4.296051025390625,10.329632759094238,12.67470645904541,3.978494644165039,4.30587100982666,12.652663230895996
223.2,RUNNING,10,RETURN,0.743,0.9291,145.819,9.389,True,NORMAL,MONITOR,False,{},"[""uav2"", ""uav1"", ""uav0""]",limited,False,{},NONE,NORMAL,SAFE,1.0,IDLE,0.0,0.0,0.0,,,0.0,False,avoidance not required,,{},,,,,,,,,,,0,safe,5.980,8.434,1.674,0,0,0.0,0.0,[],4.465430736541748,4.115363121032715,12.52845287322998,4.1622633934021,10.102142333984375,12.526515007019043,3.841737747192383,4.075949668884277,12.501367568969727
223.4,RUNNING,10,RETURN,0.744,0.9291,145.819,9.389,True,NORMAL,MONITOR,False,{},"[""uav2"", ""uav1"", ""uav0""]",limited,False,{},NONE,NORMAL,SAFE,1.0,IDLE,0.0,0.0,0.0,,,0.0,False,avoidance not required,,{},,,,,,,,,,,0,safe,5.976,8.690,1.688,0,0,0.0,0.0,[],4.330617427825928,3.881436824798584,12.377668380737305,4.0183000564575195,9.87890625,12.380632400512695,3.6968417167663574,3.8440678119659424,12.353300094604492
223.6,RUNNING,10,RETURN,0.745,0.9289,145.7875,9.352,True,NORMAL,MONITOR,False,{},"[""uav2"", ""uav1"", ""uav0""]",limited,False,{},NONE,NORMAL,SAFE,1.0,IDLE,0.0,0.0,0.0,,,0.0,False,avoidance not required,,{},,,,,,,,,,,0,safe,5.966,8.955,1.693,0,0,0.0,0.0,[],4.192707538604736,3.6474623680114746,12.227130889892578,3.8807342052459717,9.653472900390625,12.230634689331055,3.5585639476776123,3.6132662296295166,12.204773902893066
223.8,RUNNING,10,RETURN,0.745,0.9289,145.7875,9.352,True,NORMAL,MONITOR,False,{},"[""uav2"", ""uav1"", ""uav0""]",limited,False,{},NONE,NORMAL,SAFE,1.0,IDLE,0.0,0.0,0.0,,,0.0,False,avoidance not required,,{},,,,,,,,,,,0,safe,5.966,9.214,1.699,0,0,0.0,0.0,[],4.058103561401367,3.4142003059387207,12.07618522644043,3.7411532402038574,9.42590045928955,12.087000846862793,3.4198646545410156,3.383040189743042,12.059203147888184
224.0,RUNNING,10,RETURN,0.746,0.9289,145.7875,9.352,True,NORMAL,MONITOR,False,{},"[""uav2"", ""uav1"", ""uav0""]",limited,False,{},NONE,NORMAL,SAFE,1.0,IDLE,0.0,0.0,0.0,,,0.0,False,avoidance not required,,{},,,,,,,,,,,0,safe,5.962,9.474,1.713,0,0,0.0,0.0,[],3.919628620147705,3.181915521621704,11.930841445922852,3.6061880588531494,9.195954322814941,11.937847137451172,3.2844386100769043,3.1526942253112793,11.91183853149414
224.2,RUNNING,10,RETURN,0.747,0.9288,145.7559,9.315,True,NORMAL,MONITOR,False,{},"[""uav2"", ""uav1"", ""uav0""]",limited,False,{},NONE,NORMAL,SAFE,1.0,IDLE,0.0,0.0,0.0,,,0.0,False,avoidance not required,,{},,,,,,,,,,,0,safe,5.965,9.732,1.723,0,0,0.0,0.0,[],3.783869504928589,2.9489455223083496,11.78309154510498,3.467869997024536,8.967523574829102,11.791511535644531,3.1410140991210938,2.922236442565918,11.767337799072266
224.4,RUNNING,10,RETURN,0.748,0.9288,145.7559,9.315,True,NORMAL,MONITOR,False,{},"[""uav2"", ""uav1"", ""uav0""]",limited,False,{},NONE,NORMAL,SAFE,1.0,IDLE,0.0,0.0,0.0,,,0.0,False,avoidance not required,,{},,,,,,,,,,,0,safe,5.957,9.996,1.733,0,0,0.0,0.0,[],3.6408352851867676,2.7169089317321777,11.640623092651367,3.3329341411590576,8.735617637634277,11.63875675201416,3.0028536319732666,2.6917221546173096,11.618793487548828
224.6,RUNNING,10,RETURN,0.748,0.9286,145.7242,9.278,True,NORMAL,MONITOR,False,{},"[""uav2"", ""uav1"", ""uav0""]",limited,False,{},NONE,NORMAL,SAFE,1.0,IDLE,0.0,0.0,0.0,,,0.0,False,avoidance not required,,{},,,,,,,,,,,0,safe,5.962,10.245,1.738,0,0,0.0,0.0,[],3.5023140907287598,2.483668088912964,11.492097854614258,3.196622610092163,8.50200366973877,11.489296913146973,2.860384225845337,2.4645800590515137,11.471366882324219
224.8,RUNNING,10,RETURN,0.749,0.9286,145.7242,9.278,True,NORMAL,MONITOR,False,{},"[""uav2"", ""uav1"", ""uav0""]",limited,False,{},NONE,NORMAL,SAFE,1.0,IDLE,0.0,0.0,0.0,,,0.0,False,avoidance not required,,{},,,,,,,,,,,0,safe,5.958,10.412,1.739,0,0,0.0,0.0,[],3.362419605255127,2.255361557006836,11.345436096191406,3.062706708908081,8.266487121582031,11.337011337280273,2.7229175567626953,2.234257459640503,11.32084846496582
225.0,RUNNING,10,RETURN,0.75,0.9285,145.6925,9.242,True,NORMAL,MONITOR,False,{},"[""uav2"", ""uav1"", ""uav0""]",limited,False,{},NONE,NORMAL,SAFE,1.0,IDLE,0.0,0.0,0.0,,,0.0,False,avoidance not required,,{},,,,,,,,,,,0,safe,5.961,10.580,1.736,0,0,0.0,0.0,[],3.2257015705108643,2.0233378410339355,11.19379711151123,2.9266445636749268,8.034109115600586,11.187357902526855,2.5816121101379395,2.003039598464966,11.176837921142578
225.2,RUNNING,10,RETURN,0.751,0.9285,145.6925,9.242,True,NORMAL,MONITOR,False,{},"[""uav2"", ""uav1"", ""uav0""]",limited,False,{},NONE,NORMAL,SAFE,1.0,IDLE,0.0,0.0,0.0,,,0.0,False,avoidance not required,,{},,,,,,,,,,,0,safe,5.956,10.755,1.730,0,0,0.0,0.0,[],3.082103967666626,1.7917333841323853,11.052484512329102,2.79235577583313,7.799162864685059,11.036225318908691,2.445530891418457,1.7700427770614624,11.028672218322754
225.4,RUNNING,10,RETURN,0.751,0.9285,145.6925,9.242,True,NORMAL,MONITOR,False,{},"[""uav2"", ""uav1"", ""uav0""]",limited,False,{},NONE,NORMAL,SAFE,1.0,IDLE,0.0,0.0,0.0,,,0.0,False,avoidance not required,,{},,,,,,,,,,,0,safe,5.964,10.931,1.719,0,0,0.0,0.0,[],2.943328380584717,1.5579355955123901,10.90438461303711,2.6587395668029785,7.565784931182861,10.892513275146484,2.3037662506103516,1.5302237272262573,10.876325607299805
225.6,RUNNING,10,RETURN,0.752,0.9283,145.6607,9.205,True,NORMAL,MONITOR,False,{},"[""uav2"", ""uav1"", ""uav0""]",limited,False,{},NONE,NORMAL,SAFE,1.0,IDLE,0.0,0.0,0.0,,,0.0,False,avoidance not required,,{},,,,,,,,,,,0,safe,5.961,11.111,1.706,0,0,0.0,0.0,[],2.803635835647583,1.3283542394638062,10.761616706848145,2.525953769683838,7.3311357498168945,10.745527267456055,2.1769185066223145,1.3079344034194946,10.73312759399414
225.8,RUNNING,10,RETURN,0.753,0.9283,145.6607,9.205,True,NORMAL,MONITOR,False,{},"[""uav2"", ""uav1"", ""uav0""]",limited,False,{},NONE,NORMAL,SAFE,1.0,IDLE,0.0,0.0,0.0,,,0.0,False,avoidance not required,,{},,,,,,,,,,,0,safe,5.973,11.294,1.685,0,0,0.0,0.0,[],2.6682815551757812,1.0971163511276245,10.614649772644043,2.394644260406494,7.098598957061768,10.598746299743652,2.0448663234710693,1.080959677696228,10.586322784423828
226.0,RUNNING,10,RETURN,0.754,0.9283,145.6607,9.205,True,NORMAL,MONITOR,False,{},"[""uav2"", ""uav1"", ""uav0""]",limited,False,{},NONE,NORMAL,SAFE,1.0,IDLE,0.0,0.0,0.0,,,0.0,False,avoidance not required,,{},,,,,,,,,,,0,safe,5.977,11.478,1.659,0,0,0.0,0.0,[],2.5354573726654053,0.8725672960281372,10.47181510925293,2.263261556625366,6.865890979766846,10.453258514404297,1.915398120880127,0.8523536920547485,10.441794395446777
226.2,RUNNING,10,RETURN,0.754,0.9281,145.6292,9.168,True,NORMAL,MONITOR,False,{},"[""uav2"", ""uav1"", ""uav0""]",limited,False,{},NONE,NORMAL,SAFE,1.0,IDLE,0.0,0.0,0.0,,,0.0,False,avoidance not required,,{},,,,,,,,,,,0,safe,5.980,11.666,1.628,0,0,0.0,0.0,[],2.4055120944976807,0.6464526653289795,10.328514099121094,2.12637996673584,6.635997295379639,10.317377090454102,1.7794686555862427,0.6171807050704956,10.298426628112793
226.4,RUNNING,10,RETURN,0.755,0.9281,145.6292,9.168,True,NORMAL,MONITOR,False,{},"[""uav2"", ""uav1"", ""uav0""]",limited,False,{},NONE,NORMAL,SAFE,1.0,IDLE,0.0,0.0,0.0,,,0.0,False,avoidance not required,,{},,,,,,,,,,,0,safe,5.974,11.861,1.593,0,0,0.0,0.0,[],2.275582790374756,0.42264142632484436,10.191874504089355,1.992651343345642,6.408553600311279,10.178980827331543,1.6578456163406372,0.401077002286911,10.168190956115723
226.6,RUNNING,10,RETURN,0.756,0.928,145.5979,9.131,True,NORMAL,MONITOR,False,{},"[""uav2"", ""uav1"", ""uav0""]",limited,False,{},NONE,NORMAL,SAFE,1.0,IDLE,0.0,0.0,0.0,,,0.0,False,avoidance not required,,{},,,,,,,,,,,0,safe,5.982,12.055,1.555,0,0,0.0,0.0,[],2.1451895236968994,0.20273368060588837,10.059056282043457,1.8560713529586792,6.1875176429748535,10.045188903808594,1.5340439081192017,0.1819174438714981,10.037678718566895
226.8,RUNNING,10,RETURN,0.757,0.928,145.5979,9.131,True,NORMAL,MONITOR,False,{},"[""uav2"", ""uav1"", ""uav0""]",limited,False,{},NONE,NORMAL,SAFE,1.0,IDLE,0.0,0.0,0.0,,,0.0,False,avoidance not required,,{},,,,,,,,,,,0,safe,5.989,12.252,1.513,0,0,0.0,0.0,[],2.014118194580078,-0.02412576414644718,9.918740272521973,1.725356936454773,5.969228267669678,9.91180419921875,1.411845326423645,-0.03556672856211662,9.905596733093262
227.0,RUNNING,10,RETURN,0.757,0.928,145.5979,9.131,True,NORMAL,MONITOR,False,{},"[""uav2"", ""uav1"", ""uav0""]",limited,False,{},NONE,NORMAL,SAFE,1.0,IDLE,0.0,0.0,0.0,,,0.0,False,avoidance not required,,{},,,,,,,,,,,0,safe,5.998,12.445,1.454,0,0,0.0,0.0,[],1.8920215368270874,-0.2308068424463272,9.79457950592041,1.5996342897415161,5.758927822113037,9.788956642150879,1.2865363359451294,-0.2476261705160141,9.780710220336914
227.2,RUNNING,10,RETURN,0.758,0.9278,145.567,9.113,True,NORMAL,MONITOR,False,{},"[""uav2"", ""uav1"", ""uav0""]",limited,False,{},NONE,NORMAL,SAFE,1.0,IDLE,0.0,0.0,0.0,,,0.0,False,avoidance not required,,{},,,,,,,,,,,0,safe,5.995,12.634,1.412,0,0,0.0,0.0,[],1.7659300565719604,-0.45023345947265625,9.661264419555664,1.4782341718673706,5.5515522956848145,9.664018630981445,1.1662895679473877,-0.4561255872249603,9.655740737915039
227.4,RUNNING,10,RETURN,0.759,0.9278,145.567,9.113,True,NORMAL,MONITOR,False,{},"[""uav2"", ""uav1"", ""uav0""]",limited,False,{},NONE,NORMAL,SAFE,1.0,IDLE,0.0,0.0,0.0,,,0.0,False,avoidance not required,,{},,,,,,,,,,,0,safe,6.000,12.818,1.352,0,0,0.0,0.0,[],1.6555724143981934,-0.6446272134780884,9.545337677001953,1.356871247291565,5.354152202606201,9.55129623413086,1.0458619594573975,-0.6633477807044983,9.531234741210938
227.6,RUNNING,10,RETURN,0.76,0.9277,145.5367,9.076,True,NORMAL,MONITOR,False,{},"[""uav2"", ""uav1"", ""uav0""]",limited,False,{},NONE,NORMAL,SAFE,1.0,IDLE,0.0,0.0,0.0,,,0.0,False,avoidance not required,,{},,,,,,,,,,,0,safe,5.990,13.002,1.305,0,0,0.0,0.0,[],1.5442620515823364,-0.8424535989761353,9.42594051361084,1.2413657903671265,5.159737586975098,9.434643745422363,0.9389389753341675,-0.8501732349395752,9.415534973144531
227.8,RUNNING,10,RETURN,0.76,0.9277,145.5367,9.076,True,NORMAL,MONITOR,False,{},"[""uav2"", ""uav1"", ""uav0""]",limited,False,{},NONE,NORMAL,SAFE,1.0,IDLE,0.0,0.0,0.0,,,0.0,False,avoidance not required,,{},,,,,,,,,,,0,safe,5.995,13.180,1.250,0,0,0.0,0.0,[],1.4418209791183472,-1.0329509973526,9.312883377075195,1.133729100227356,4.974147796630859,9.323901176452637,0.8323718905448914,-1.0348920822143555,9.297260284423828
228.0,RUNNING,10,RETURN,0.761,0.9277,145.5367,9.076,True,NORMAL,MONITOR,False,{},"[""uav2"", ""uav1"", ""uav0""]",limited,False,{},NONE,NORMAL,SAFE,1.0,IDLE,0.0,0.0,0.0,,,0.0,False,avoidance not required,,{},,,,,,,,,,,0,safe,5.991,13.349,1.198,0,0,0.0,0.0,[],1.341178059577942,-1.2173978090286255,9.202133178710938,1.0301860570907593,4.7929463386535645,9.210099220275879,0.7290852069854736,-1.2159894704818726,9.184518814086914
228.2,RUNNING,10,RETURN,0.762,0.9275,145.507,9.039,True,NORMAL,MONITOR,False,{},"[""uav2"", ""uav1"", ""uav0""]",limited,False,{},NONE,NORMAL,SAFE,1.0,IDLE,0.0,0.0,0.0,,,0.0,False,avoidance not required,,{},,,,,,,,,,,0,safe,5.988,13.513,1.139,0,0,0.0,0.0,[],1.2441502809524536,-1.39136803150177,9.101974487304688,0.9302486777305603,4.6266303062438965,9.103211402893066,0.6276958584785461,-1.3892414569854736,9.07832145690918
228.4,RUNNING,10,RETURN,0.763,0.9275,145.507,9.039,True,NORMAL,MONITOR,False,{},"[""uav2"", ""uav1"", ""uav0""]",limited,False,{},NONE,NORMAL,SAFE,1.0,IDLE,0.0,0.0,0.0,,,0.0,False,avoidance not required,,{},,,,,,,,,,,0,safe,5.984,13.670,1.085,0,0,0.0,0.0,[],1.1494121551513672,-1.559403419494629,9.000466346740723,0.8373117446899414,4.465643405914307,9.00578784942627,0.5312141180038452,-1.5577151775360107,8.97554874420166
228.6,RUNNING,10,RETURN,0.763,0.9274,145.478,9.003,True,NORMAL,MONITOR,False,{},"[""uav2"", ""uav1"", ""uav0""]",limited,False,{},NONE,NORMAL,SAFE,1.0,IDLE,0.0,0.0,0.0,,,0.0,False,avoidance not required,,{},,,,,,,,,,,0,safe,5.982,13.819,1.033,0,0,0.0,0.0,[],1.0543006658554077,-1.7121987342834473,8.907474517822266,0.7474480271339417,4.307119846343994,8.908252716064453,0.4413285255432129,-1.7183760404586792,8.883034706115723
228.8,RUNNING,10,RETURN,0.764,0.9274,145.478,9.003,True,NORMAL,MONITOR,False,{},"[""uav2"", ""uav1"", ""uav0""]",limited,False,{},NONE,NORMAL,SAFE,1.0,IDLE,0.0,0.0,0.0,,,0.0,False,avoidance not required,,{},,,,,,,,,,,0,safe,5.991,14.104,0.911,0,0,0.0,0.0,[],0.9639066457748413,-1.8608773946762085,8.815568923950195,0.6632868051528931,4.1564531326293945,8.816810607910156,0.3551095128059387,-1.8724714517593384,8.79344367980957
229.0,RUNNING,10,RETURN,0.765,0.9274,145.478,9.003,True,NORMAL,MONITOR,False,{},"[""uav2"", ""uav1"", ""uav0""]",limited,False,{},NONE,NORMAL,SAFE,1.0,IDLE,0.0,0.0,0.0,,,0.0,False,avoidance not required,,{},,,,,,,,,,,0,safe,5.991,14.104,0.911,0,0,0.0,0.0,[],0.8840646743774414,-1.9975742101669312,8.728913307189941,0.582198441028595,4.010028839111328,8.727651596069336,0.2722572684288025,-2.0174198150634766,8.712183952331543
229.2,RUNNING,10,RETURN,0.766,0.9272,145.4496,8.966,True,NORMAL,MONITOR,False,{},"[""uav2"", ""uav1"", ""uav0""]",limited,False,{},NONE,NORMAL,SAFE,1.0,IDLE,0.0,0.0,0.0,,,0.0,False,avoidance not required,,{},,,,,,,,,,,0,safe,5.988,14.239,0.845,0,0,0.0,0.0,[],0.8069260716438293,-2.130751371383667,8.646383285522461,0.5093997716903687,3.8791019916534424,8.644820213317871,0.19364237785339355,-2.1547343730926514,8.6344575881958
229.4,RUNNING,10,RETURN,0.766,0.9272,145.4496,8.966,True,NORMAL,MONITOR,False,{},"[""uav2"", ""uav1"", ""uav0""]",limited,False,{},NONE,NORMAL,SAFE,1.0,IDLE,0.0,0.0,0.0,,,0.0,False,avoidance not required,,{},,,,,,,,,,,0,safe,5.987,14.360,0.784,0,0,0.0,0.0,[],0.734818160533905,-2.252046823501587,8.576748847961426,0.4387614130973816,3.7590787410736084,8.567970275878906,0.11720269173383713,-2.2794289588928223,8.560529708862305
229.6,RUNNING,10,RETURN,0.767,0.9271,145.4218,8.929,True,NORMAL,MONITOR,False,{},"[""uav2"", ""uav1"", ""uav0""]",limited,False,{},NONE,NORMAL,SAFE,1.0,IDLE,0.0,0.0,0.0,,,0.0,False,avoidance not required,,{},,,,,,,,,,,0,safe,5.982,14.476,0.723,0,0,0.0,0.0,[],0.6660730838775635,-2.3693478107452393,8.506962776184082,0.37027519941329956,3.641542434692383,8.493888854980469,0.046351950615644455,-2.3965184688568115,8.489282608032227
229.8,RUNNING,10,RETURN,0.768,0.9271,145.4218,8.929,True,NORMAL,MONITOR,False,{},"[""uav2"", ""uav1"", ""uav0""]",limited,False,{},NONE,NORMAL,SAFE,1.0,IDLE,0.0,0.0,0.0,,,0.0,False,avoidance not required,,{},,,,,,,,,,,0,safe,5.980,14.588,0.655,0,0,0.0,0.0,[],0.6011370420455933,-2.4705796241760254,8.443215370178223,0.30754533410072327,3.5308847427368164,8.424178123474121,-0.01953885145485401,-2.497863292694092,8.42206859588623
230.0,RUNNING,10,RETURN,0.769,0.9271,145.4218,8.929,True,NORMAL,MONITOR,False,{},"[""uav2"", ""uav1"", ""uav0""]",limited,False,{},NONE,NORMAL,SAFE,1.0,IDLE,0.0,0.0,0.0,,,0.0,False,avoidance not required,,{},,,,,,,,,,,0,safe,5.979,14.693,0.591,0,0,0.0,0.0,[],0.5403939485549927,-2.5692036151885986,8.381559371948242,0.24791820347309113,3.4268343448638916,8.362127304077148,-0.07874154299497604,-2.5931034088134766,8.360154151916504
230.2,RUNNING,10,RETURN,0.769,0.927,145.3947,8.892,True,NORMAL,MONITOR,False,{},"[""uav2"", ""uav1"", ""uav0""]",limited,False,{},NONE,NORMAL,SAFE,1.0,IDLE,0.0,0.0,0.0,,,0.0,False,avoidance not required,,{},,,,,,,,,,,0,safe,5.981,14.793,0.522,0,0,0.0,0.0,[],0.48580202460289,-2.6601083278656006,8.324946403503418,0.19606037437915802,3.3448967933654785,8.30588436126709,-0.1266097128391266,-2.671495199203491,8.30307674407959
230.4,RUNNING,10,RETURN,0.77,0.927,145.3947,8.892,True,NORMAL,MONITOR,False,{},"[""uav2"", ""uav1"", ""uav0""]",limited,False,{},NONE,NORMAL,SAFE,1.0,IDLE,0.0,0.0,0.0,,,0.0,False,avoidance not required,,{},,,,,,,,,,,0,safe,5.988,14.876,0.450,0,0,0.0,0.0,[],0.43575459718704224,-2.7453503608703613,8.274862289428711,0.14726638793945312,3.265338897705078,8.255108833312988,-0.17030774056911469,-2.7465083599090576,8.254647254943848
230.6,RUNNING,10,RETURN,0.771,0.9268,145.368,8.856,True,NORMAL,MONITOR,False,{},"[""uav2"", ""uav1"", ""uav0""]",limited,False,{},NONE,NORMAL,SAFE,1.0,IDLE,0.0,0.0,0.0,,,0.0,False,avoidance not required,,{},,,,,,,,,,,0,safe,5.994,14.955,0.375,0,0,0.0,0.0,[],0.3945034444332123,-2.805995225906372,8.230488777160645,0.10422886162996292,3.201697826385498,8.209870338439941,-0.2051248699426651,-2.8091583251953125,8.217703819274902
230.8,RUNNING,11,HOME_FORMATION,0.772,0.9268,145.368,8.856,True,NORMAL,MONITOR,False,{},"[""uav2"", ""uav1"", ""uav0""]",limited,False,{},NONE,NORMAL,SAFE,1.0,IDLE,0.0,0.0,0.0,,,0.0,False,avoidance not required,,{},,,,,,,,,,,0,safe,6.000,15.022,0.311,0,0,0.0,0.0,[],0.3573146164417267,-2.8655283451080322,8.191544532775879,0.06477846205234528,3.1396889686584473,8.173192024230957,-0.2372511625289917,-2.8679492473602295,8.18492317199707
231.0,RUNNING,11,HOME_FORMATION,0.772,0.9268,145.368,8.856,True,NORMAL,MONITOR,False,{},"[""uav2"", ""uav1"", ""uav0""]",limited,False,{},NONE,NORMAL,SAFE,1.0,IDLE,0.0,0.0,0.0,,,0.0,False,avoidance not required,,{},,,,,,,,,,,0,safe,6.005,15.085,0.241,0,0,0.0,0.0,[],0.32612675428390503,-2.9100561141967773,8.157812118530273,0.033789943903684616,3.095316171646118,8.146611213684082,-0.26067641377449036,-2.910202980041504,8.155660629272461
231.2,RUNNING,11,HOME_FORMATION,0.773,0.9267,145.3419,8.837,True,NORMAL,MONITOR,False,{},"[""uav2"", ""uav1"", ""uav0""]",limited,False,{},NONE,NORMAL,SAFE,1.0,IDLE,0.0,0.0,0.0,,,0.0,False,avoidance not required,,{},,,,,,,,,,,0,safe,6.013,15.133,0.181,0,0,0.0,0.0,[],0.29928842186927795,-2.952685594558716,8.131888389587402,0.006726124789565802,3.0526859760284424,8.12601375579834,-0.28270480036735535,-2.9495766162872314,8.132819175720215
231.4,RUNNING,11,HOME_FORMATION,0.774,0.9267,145.3419,8.837,True,NORMAL,MONITOR,False,{},"[""uav2"", ""uav1"", ""uav0""]",limited,False,{},NONE,NORMAL,SAFE,1.0,IDLE,0.0,0.0,0.0,,,0.0,False,avoidance not required,,{},,,,,,,,,,,0,safe,6.018,15.177,0.144,0,0,0.0,0.0,[],0.28195011615753174,-2.9754371643066406,8.11662483215332,-0.011736519634723663,3.0260722637176514,8.110236167907715,-0.2995302975177765,-2.9749338626861572,8.114330291748047
231.6,RUNNING,11,HOME_FORMATION,0.775,0.9266,145.3161,8.8,True,NORMAL,MONITOR,False,{},"[""uav2"", ""uav1"", ""uav0""]",limited,False,{},NONE,NORMAL,SAFE,1.0,IDLE,0.0,0.0,0.0,,,0.0,False,avoidance not required,,{},,,,,,,,,,,0,safe,6.019,15.205,0.127,0,0,0.0,0.0,[],0.2673814296722412,-2.997854232788086,8.104391098022461,-0.02687697671353817,2.9997973442077637,8.095922470092773,-0.3136444091796875,-2.9962844848632812,8.099084854125977
231.8,RUNNING,11,HOME_FORMATION,0.775,0.9266,145.3161,8.8,True,NORMAL,MONITOR,False,{},"[""uav2"", ""uav1"", ""uav0""]",limited,False,{},NONE,NORMAL,SAFE,1.0,IDLE,0.0,0.0,0.0,,,0.0,False,avoidance not required,,{},,,,,,,,,,,0,safe,6.019,15.231,0.122,0,0,0.0,0.0,[],0.2627335488796234,-3.003016233444214,8.094561576843262,-0.029087724164128304,2.986424446105957,8.082083702087402,-0.31938666105270386,-3.0003855228424072,8.086270332336426
232.0,RUNNING,11,HOME_FORMATION,0.776,0.9266,145.3161,8.8,True,NORMAL,MONITOR,False,{},"[""uav2"", ""uav1"", ""uav0""]",limited,False,{},NONE,NORMAL,SAFE,1.0,IDLE,0.0,0.0,0.0,,,0.0,False,avoidance not required,,{},,,,,,,,,,,0,safe,6.017,15.250,0.162,0,0,0.0,0.0,[],0.2581779658794403,-3.007614850997925,8.084491729736328,-0.03256554901599884,2.969417095184326,8.071873664855957,-0.3244139850139618,-3.002896308898926,8.07480525970459
232.2,RUNNING,11,HOME_FORMATION,0.777,0.9264,145.2899,8.764,True,NORMAL,MONITOR,False,{},"[""uav2"", ""uav1"", ""uav0""]",limited,False,{},NONE,NORMAL,SAFE,1.0,IDLE,0.0,0.0,0.0,,,0.0,False,avoidance not required,,{},,,,,,,,,,,0,safe,6.017,15.250,0.162,0,0,0.0,0.0,[],0.2613263726234436,-2.9984564781188965,8.07321548461914,-0.027951031923294067,2.9611763954162598,8.053698539733887,-0.32135385274887085,-2.992809772491455,8.06369400024414
232.4,RUNNING,11,HOME_FORMATION,0.778,0.9264,145.2899,8.764,True,NORMAL,MONITOR,False,{},"[""uav2"", ""uav1"", ""uav0""]",limited,False,{},NONE,NORMAL,SAFE,1.0,IDLE,0.0,0.0,0.0,,,0.0,False,avoidance not required,,{},,,,,,,,,,,0,safe,6.017,15.250,0.184,0,0,0.0,0.0,[],0.26117292046546936,-2.9894213676452637,8.065542221069336,-0.02707652561366558,2.944582462310791,8.043965339660645,-0.31987375020980835,-2.9816501140594482,8.054430961608887
232.6,RUNNING,11,HOME_FORMATION,0.778,0.9263,145.2645,8.727,True,NORMAL,MONITOR,False,{},"[""uav2"", ""uav1"", ""uav0""]",limited,False,{},NONE,NORMAL,SAFE,1.0,IDLE,0.0,0.0,0.0,,,0.0,False,avoidance not required,,{},,,,,,,,,,,0,safe,6.019,15.256,0.216,0,0,0.0,0.0,[],0.2677152156829834,-2.9688515663146973,8.04905891418457,-0.018007349222898483,2.930715799331665,8.03135871887207,-0.3157278299331665,-2.958494186401367,8.047172546386719
232.8,RUNNING,11,HOME_FORMATION,0.779,0.9263,145.2645,8.727,True,NORMAL,MONITOR,False,{},"[""uav2"", ""uav1"", ""uav0""]",limited,False,{},NONE,NORMAL,SAFE,1.0,IDLE,0.0,0.0,0.0,,,0.0,False,avoidance not required,,{},,,,,,,,,,,0,safe,6.018,15.253,0.275,0,0,0.0,0.0,[],0.26922133564949036,-2.9480388164520264,8.040543556213379,-0.007832166738808155,2.9156041145324707,8.021069526672363,-0.3126058280467987,-2.934751033782959,8.039827346801758
233.0,RUNNING,11,HOME_FORMATION,0.78,0.9263,145.2645,8.727,True,NORMAL,MONITOR,False,{},"[""uav2"", ""uav1"", ""uav0""]",limited,False,{},NONE,NORMAL,SAFE,1.0,IDLE,0.0,0.0,0.0,,,0.0,False,avoidance not required,,{},,,,,,,,,,,0,safe,6.018,15.253,0.275,0,0,0.0,0.0,[],0.2709408402442932,-2.9130706787109375,8.025273323059082,-0.0035020324867218733,2.889683485031128,8.017725944519043,-0.3031069338321686,-2.898789882659912,8.029326438903809
233.2,RUNNING,11,HOME_FORMATION,0.781,0.9262,145.2339,8.69,True,NORMAL,MONITOR,False,{},"[""uav2"", ""uav1"", ""uav0""]",limited,False,{},NONE,NORMAL,SAFE,1.0,IDLE,0.0,0.0,0.0,,,0.0,False,avoidance not required,,{},,,,,,,,,,,0,safe,6.026,15.261,0.299,0,0,0.0,0.0,[],0.2686617374420166,-2.878445863723755,8.017964363098145,0.008807096630334854,2.8695056438446045,8.010411262512207,-0.2966831624507904,-2.8625590801239014,8.022343635559082
233.4,RUNNING,11,HOME_FORMATION,0.781,0.9262,145.2339,8.69,True,NORMAL,MONITOR,False,{},"[""uav2"", ""uav1"", ""uav0""]",limited,False,{},NONE,NORMAL,SAFE,1.0,IDLE,0.0,0.0,0.0,,,0.0,False,avoidance not required,,{},,,,,,,,,,,0,safe,6.035,15.260,0.328,0,0,0.0,0.0,[],0.2754991948604584,-2.831284523010254,8.015764236450195,0.012979242019355297,2.8350303173065186,8.007410049438477,-0.28618213534355164,-2.814415454864502,8.01138973236084
233.6,RUNNING,11,HOME_FORMATION,0.782,0.926,145.2085,8.653,True,NORMAL,MONITOR,False,{},"[""uav2"", ""uav1"", ""uav0""]",limited,False,{},NONE,NORMAL,SAFE,1.0,IDLE,0.0,0.0,0.0,,,0.0,False,avoidance not required,,{},,,,,,,,,,,0,safe,6.038,15.272,0.353,0,0,0.0,0.0,[],0.2756623923778534,-2.7856435775756836,8.015647888183594,0.0193032156676054,2.801206588745117,7.994775295257568,-0.278805673122406,-2.7670176029205322,8.004812240600586
233.8,RUNNING,11,HOME_FORMATION,0.783,0.926,145.2085,8.653,True,NORMAL,MONITOR,False,{},"[""uav2"", ""uav1"", ""uav0""]",limited,False,{},NONE,NORMAL,SAFE,1.0,IDLE,0.0,0.0,0.0,,,0.0,False,avoidance not required,,{},,,,,,,,,,,0,safe,6.046,15.282,0.391,0,0,0.0,0.0,[],0.27775871753692627,-2.7276217937469482,8.01325798034668,0.018960705026984215,2.7533421516418457,7.991900444030762,-0.26502105593681335,-2.709268569946289,7.99981164932251
234.0,RUNNING,11,HOME_FORMATION,0.784,0.926,145.2085,8.653,True,NORMAL,MONITOR,False,{},"[""uav2"", ""uav1"", ""uav0""]",limited,False,{},NONE,NORMAL,SAFE,1.0,IDLE,0.0,0.0,0.0,,,0.0,False,avoidance not required,,{},,,,,,,,,,,0,safe,6.057,15.305,0.417,0,0,0.0,0.0,[],0.2733178734779358,-2.669675350189209,8.01262378692627,0.02664787881076336,2.7085330486297607,7.98232364654541,-0.25498631596565247,-2.651625156402588,7.998385429382324
234.2,RUNNING,11,HOME_FORMATION,0.784,0.9259,145.1829,8.616,True,NORMAL,MONITOR,False,{},"[""uav2"", ""uav1"", ""uav0""]",limited,False,{},NONE,NORMAL,SAFE,1.0,IDLE,0.0,0.0,0.0,,,0.0,False,avoidance not required,,{},,,,,,,,,,,0,safe,6.072,15.320,0.451,0,0,0.0,0.0,[],0.280679851770401,-2.600759983062744,8.010470390319824,0.027811819687485695,2.650160551071167,7.978978633880615,-0.23542520403862,-2.579378604888916,7.990806579589844
234.4,RUNNING,11,HOME_FORMATION,0.785,0.9259,145.1829,8.616,True,NORMAL,MONITOR,False,{},"[""uav2"", ""uav1"", ""uav0""]",limited,False,{},NONE,NORMAL,SAFE,1.0,IDLE,0.0,0.0,0.0,,,0.0,False,avoidance not required,,{},,,,,,,,,,,0,safe,6.047,15.347,0.473,0,0,0.0,0.0,[],0.2791807949542999,-2.534024715423584,8.008328437805176,0.04096011817455292,2.592146873474121,7.973519325256348,-0.22323597967624664,-2.511000394821167,7.985400676727295
234.6,RUNNING,11,HOME_FORMATION,0.786,0.9258,145.1572,8.58,True,NORMAL,MONITOR,False,{},"[""uav2"", ""uav1"", ""uav0""]",limited,False,{},NONE,NORMAL,SAFE,1.0,IDLE,0.0,0.0,0.0,,,0.0,False,avoidance not required,,{},,,,,,,,,,,0,safe,5.938,15.363,0.498,0,0,0.0,0.0,[],0.28247731924057007,-2.456052541732788,8.000448226928711,0.04451974853873253,2.5219521522521973,7.977290153503418,-0.2083696573972702,-2.433265209197998,7.976762771606445
234.8,RUNNING,11,HOME_FORMATION,0.787,0.9258,145.1572,8.58,True,NORMAL,MONITOR,False,{},"[""uav2"", ""uav1"", ""uav0""]",limited,False,{},NONE,NORMAL,SAFE,1.0,IDLE,0.0,0.0,0.0,,,0.0,False,avoidance not required,,{},,,,,,,,,,,0,safe,5.817,15.394,0.512,0,0,0.0,0.0,[],0.27632060647010803,-2.383578300476074,7.996482849121094,0.0558893121778965,2.4524571895599365,7.982629299163818,-0.19944557547569275,-2.3600051403045654,7.97724723815918
235.0,RUNNING,11,HOME_FORMATION,0.787,0.9258,145.1572,8.58,True,NORMAL,MONITOR,False,{},"[""uav2"", ""uav1"", ""uav0""]",limited,False,{},NONE,NORMAL,SAFE,1.0,IDLE,0.0,0.0,0.0,,,0.0,False,avoidance not required,,{},,,,,,,,,,,0,safe,5.695,15.418,0.529,0,0,0.0,0.0,[],0.27873286604881287,-2.3008511066436768,7.98583984375,0.057523831725120544,2.3724586963653564,7.986464977264404,-0.18311277031898499,-2.2778120040893555,7.977453231811523
235.2,RUNNING,11,HOME_FORMATION,0.788,0.9257,145.1314,8.561,True,NORMAL,MONITOR,False,{},"[""uav2"", ""uav1"", ""uav0""]",limited,False,{},NONE,NORMAL,SAFE,1.0,IDLE,0.0,0.0,0.0,,,0.0,False,avoidance not required,,{},,,,,,,,,,,0,safe,5.566,15.456,0.537,0,0,0.0,0.0,[],0.27185797691345215,-2.223780632019043,7.984084606170654,0.06785576790571213,2.2916576862335205,7.98801326751709,-0.1735071986913681,-2.200869560241699,7.978382110595703
235.4,RUNNING,11,HOME_FORMATION,0.789,0.9257,145.1314,8.561,True,NORMAL,MONITOR,False,{},"[""uav2"", ""uav1"", ""uav0""]",limited,False,{},NONE,NORMAL,SAFE,1.0,IDLE,0.0,0.0,0.0,,,0.0,False,avoidance not required,,{},,,,,,,,,,,0,safe,5.435,15.487,0.546,0,0,0.0,0.0,[],0.2730540335178375,-2.133230209350586,7.979698657989502,0.06746337562799454,2.203242301940918,7.989413738250732,-0.15736186504364014,-2.1187121868133545,7.976241588592529
235.6,RUNNING,11,HOME_FORMATION,0.79,0.9255,145.1056,8.525,True,NORMAL,MONITOR,False,{},"[""uav2"", ""uav1"", ""uav0""]",limited,False,{},NONE,NORMAL,SAFE,1.0,IDLE,0.0,0.0,0.0,,,0.0,False,avoidance not required,,{},,,,,,,,,,,0,safe,5.304,15.531,0.546,0,0,0.0,0.0,[],0.2642233371734619,-2.0505361557006836,7.979422569274902,0.0709678903222084,2.1209962368011475,7.984199047088623,-0.14855685830116272,-2.0397393703460693,7.9754180908203125
235.8,RUNNING,11,HOME_FORMATION,0.79,0.9255,145.1056,8.525,True,NORMAL,MONITOR,False,{},"[""uav2"", ""uav1"", ""uav0""]",limited,False,{},NONE,NORMAL,SAFE,1.0,IDLE,0.0,0.0,0.0,,,0.0,False,avoidance not required,,{},,,,,,,,,,,0,safe,5.177,15.570,0.554,0,0,0.0,0.0,[],0.2582976520061493,-1.9546597003936768,7.973265647888184,0.06572271883487701,2.0301766395568848,7.981794834136963,-0.13217976689338684,-1.9506608247756958,7.9693284034729
236.0,RUNNING,11,HOME_FORMATION,0.791,0.9255,145.1056,8.525,True,NORMAL,MONITOR,False,{},"[""uav2"", ""uav1"", ""uav0""]",limited,False,{},NONE,NORMAL,SAFE,1.0,IDLE,0.0,0.0,0.0,,,0.0,False,avoidance not required,,{},,,,,,,,,,,0,safe,5.047,15.620,0.553,0,0,0.0,0.0,[],0.24477772414684296,-1.8677639961242676,7.971452713012695,0.06750337779521942,1.9447354078292847,7.975561618804932,-0.12395844608545303,-1.865970253944397,7.966836929321289
236.2,RUNNING,11,HOME_FORMATION,0.792,0.9254,145.0798,8.488,True,NORMAL,MONITOR,False,{},"[""uav2"", ""uav1"", ""uav0""]",limited,False,{},NONE,NORMAL,SAFE,1.0,IDLE,0.0,0.0,0.0,,,0.0,False,avoidance not required,,{},,,,,,,,,,,0,safe,4.918,15.663,0.558,0,0,0.0,0.0,[],0.23860788345336914,-1.772599458694458,7.965900421142578,0.06189355626702309,1.8516627550125122,7.975247859954834,-0.11252988874912262,-1.7715321779251099,7.964336395263672
236.4,RUNNING,11,HOME_FORMATION,0.793,0.9254,145.0798,8.488,True,NORMAL,MONITOR,False,{},"[""uav2"", ""uav1"", ""uav0""]",limited,False,{},NONE,NORMAL,SAFE,1.0,IDLE,0.0,0.0,0.0,,,0.0,False,avoidance not required,,{},,,,,,,,,,,0,safe,4.784,15.650,0.554,0,0,0.0,0.0,[],0.22608241438865662,-1.6920299530029297,7.965319633483887,0.06399079412221909,1.7614262104034424,7.972973346710205,-0.10816214233636856,-1.6831920146942139,7.96563720703125
236.6,RUNNING,11,HOME_FORMATION,0.793,0.9253,145.0539,8.451,True,NORMAL,MONITOR,False,{},"[""uav2"", ""uav1"", ""uav0""]",limited,False,{},NONE,NORMAL,SAFE,1.0,IDLE,0.0,0.0,0.0,,,0.0,False,avoidance not required,,{},,,,,,,,,,,0,safe,4.653,15.581,0.553,0,0,0.0,0.0,[],0.21684667468070984,-1.5967137813568115,7.96403694152832,0.06770473718643188,1.6767034530639648,7.965926170349121,-0.10135038197040558,-1.5871872901916504,7.960699558258057
236.8,RUNNING,11,HOME_FORMATION,0.794,0.9253,145.0539,8.451,True,NORMAL,MONITOR,False,{},"[""uav2"", ""uav1"", ""uav0""]",limited,False,{},NONE,NORMAL,SAFE,1.0,IDLE,0.0,0.0,0.0,,,0.0,False,avoidance not required,,{},,,,,,,,,,,0,safe,4.523,15.504,0.557,0,0,0.0,0.0,[],0.2005891352891922,-1.5072903633117676,7.96685791015625,0.06263809651136398,1.583274483680725,7.964599609375,-0.09922279417514801,-1.4984323978424072,7.961507320404053
237.0,RUNNING,11,HOME_FORMATION,0.795,0.9253,145.0539,8.451,True,NORMAL,MONITOR,False,{},"[""uav2"", ""uav1"", ""uav0""]",limited,False,{},NONE,NORMAL,SAFE,1.0,IDLE,0.0,0.0,0.0,,,0.0,False,avoidance not required,,{},,,,,,,,,,,0,safe,4.280,15.361,0.550,0,0,0.0,0.0,[],0.1915282905101776,-1.4122731685638428,7.96104621887207,0.0627894252538681,1.4975996017456055,7.959447860717773,-0.09092316776514053,-1.4042598009109497,7.958671569824219
237.2,RUNNING,11,HOME_FORMATION,0.796,0.9251,145.028,8.414,True,NORMAL,MONITOR,False,{},"[""uav2"", ""uav1"", ""uav0""]",limited,False,{},NONE,NORMAL,SAFE,1.0,IDLE,0.0,0.0,0.0,,,0.0,False,avoidance not required,,{},,,,,,,,,,,0,safe,4.280,15.361,0.550,0,0,0.0,0.0,[],0.17652080953121185,-1.323835849761963,7.959718704223633,0.05580878630280495,1.4041283130645752,7.958523273468018,-0.08731890469789505,-1.317082166671753,7.958437919616699
237.4,RUNNING,11,HOME_FORMATION,0.796,0.9251,145.028,8.414,True,NORMAL,MONITOR,False,{},"[""uav2"", ""uav1"", ""uav0""]",limited,False,{},NONE,NORMAL,SAFE,1.0,IDLE,0.0,0.0,0.0,,,0.0,False,avoidance not required,,{},,,,,,,,,,,0,safe,4.168,15.294,0.539,0,0,0.0,0.0,[],0.16876012086868286,-1.229528784751892,7.949917793273926,0.05436667799949646,1.3137786388397217,7.950484275817871,-0.07646758109331131,-1.2236117124557495,7.95222806930542
237.6,RUNNING,11,HOME_FORMATION,0.797,0.925,145.002,8.377,True,NORMAL,MONITOR,False,{},"[""uav2"", ""uav1"", ""uav0""]",limited,False,{},NONE,NORMAL,SAFE,1.0,IDLE,0.0,0.0,0.0,,,0.0,False,avoidance not required,,{},,,,,,,,,,,0,safe,4.060,15.218,0.531,0,0,0.0,0.0,[],0.15545810759067535,-1.1444790363311768,7.947371959686279,0.04719272628426552,1.218520998954773,7.950474262237549,-0.07085470110177994,-1.1371439695358276,7.9491472244262695
237.8,RUNNING,11,HOME_FORMATION,0.798,0.925,145.002,8.377,True,NORMAL,MONITOR,False,{},"[""uav2"", ""uav1"", ""uav0""]",limited,False,{},NONE,NORMAL,SAFE,1.0,IDLE,0.0,0.0,0.0,,,0.0,False,avoidance not required,,{},,,,,,,,,,,0,safe,3.959,15.150,0.514,0,0,0.0,0.0,[],0.1480504274368286,-1.0497939586639404,7.940734386444092,0.04545421153306961,1.1289595365524292,7.945938587188721,-0.05868341401219368,-1.0465952157974243,7.942220211029053
238.0,RUNNING,11,HOME_FORMATION,0.799,0.925,145.002,8.377,True,NORMAL,MONITOR,False,{},"[""uav2"", ""uav1"", ""uav0""]",limited,False,{},NONE,NORMAL,SAFE,1.0,IDLE,0.0,0.0,0.0,,,0.0,False,avoidance not required,,{},,,,,,,,,,,0,safe,3.866,15.075,0.501,0,0,0.0,0.0,[],0.13475437462329865,-0.9660670161247253,7.942324161529541,0.03906131535768509,1.0360502004623413,7.946418762207031,-0.05244116112589836,-0.9629935622215271,7.942045211791992
238.2,RUNNING,11,HOME_FORMATION,0.799,0.9249,144.9758,8.341,True,NORMAL,MONITOR,False,{},"[""uav2"", ""uav1"", ""uav0""]",limited,False,{},NONE,NORMAL,SAFE,1.0,IDLE,0.0,0.0,0.0,,,0.0,False,avoidance not required,,{},,,,,,,,,,,0,safe,3.693,14.938,0.466,0,0,0.0,0.0,[],0.12879382073879242,-0.874689519405365,7.937045097351074,0.039340995252132416,0.9496684670448303,7.9449992179870605,-0.04193728417158127,-0.8741229772567749,7.941734790802002
238.4,RUNNING,11,HOME_FORMATION,0.8,0.9249,144.9758,8.341,True,NORMAL,MONITOR,False,{},"[""uav2"", ""uav1"", ""uav0""]",limited,False,{},NONE,NORMAL,SAFE,1.0,IDLE,0.0,0.0,0.0,,,0.0,False,avoidance not required,,{},,,,,,,,,,,0,safe,3.693,14.938,0.466,0,0,0.0,0.0,[],0.11734168976545334,-0.7901305556297302,7.937004089355469,0.0348067507147789,0.8614091873168945,7.94830322265625,-0.037386614829301834,-0.7933272123336792,7.943881511688232
238.6,RUNNING,11,HOME_FORMATION,0.801,0.9247,144.9498,8.304,True,NORMAL,MONITOR,False,{},"[""uav2"", ""uav1"", ""uav0""]",limited,False,{},NONE,NORMAL,SAFE,1.0,IDLE,0.0,0.0,0.0,,,0.0,False,avoidance not required,,{},,,,,,,,,,,0,safe,3.617,14.876,0.444,0,0,0.0,0.0,[],0.11174208670854568,-0.7061414122581482,7.934614658355713,0.03345642238855362,0.7815755009651184,7.944762706756592,-0.032180026173591614,-0.7102776169776917,7.942539691925049
238.8,RUNNING,11,HOME_FORMATION,0.802,0.9247,144.9498,8.304,True,NORMAL,MONITOR,False,{},"[""uav2"", ""uav1"", ""uav0""]",limited,False,{},NONE,NORMAL,SAFE,1.0,IDLE,0.0,0.0,0.0,,,0.0,False,avoidance not required,,{},,,,,,,,,,,0,safe,3.549,14.812,0.427,0,0,0.0,0.0,[],0.1007005125284195,-0.6297345757484436,7.937997817993164,0.02809675969183445,0.6994633674621582,7.946442604064941,-0.030379315838217735,-0.6340617537498474,7.942824363708496
239.0,RUNNING,11,HOME_FORMATION,0.802,0.9247,144.9498,8.304,True,NORMAL,MONITOR,False,{},"[""uav2"", ""uav1"", ""uav0""]",limited,False,{},NONE,NORMAL,SAFE,1.0,IDLE,0.0,0.0,0.0,,,0.0,False,avoidance not required,,{},,,,,,,,,,,0,safe,3.490,14.756,0.404,0,0,0.0,0.0,[],0.09686640650033951,-0.5509945154190063,7.935690402984619,0.027911650016903877,0.628838300704956,7.944839954376221,-0.0236381646245718,-0.5521939396858215,7.933280944824219
239.2,RUNNING,11,HOME_FORMATION,0.803,0.9246,144.9237,8.285,True,NORMAL,MONITOR,False,{},"[""uav2"", ""uav1"", ""uav0""]",limited,False,{},NONE,NORMAL,SAFE,1.0,IDLE,0.0,0.0,0.0,,,0.0,False,avoidance not required,,{},,,,,,,,,,,0,safe,3.440,14.693,0.388,0,0,0.0,0.0,[],0.09217188507318497,-0.4712529480457306,7.925065517425537,0.023845713585615158,0.5547880530357361,7.948103427886963,-0.02030498906970024,-0.47911226749420166,7.9319000244140625
239.4,RUNNING,11,HOME_FORMATION,0.804,0.9246,144.9237,8.285,True,NORMAL,MONITOR,False,{},"[""uav2"", ""uav1"", ""uav0""]",limited,False,{},NONE,NORMAL,SAFE,1.0,IDLE,0.0,0.0,0.0,,,0.0,False,avoidance not required,,{},,,,,,,,,,,0,safe,3.391,14.638,0.363,0,0,0.0,0.0,[],0.08193549513816833,-0.40326935052871704,7.925936698913574,0.025471292436122894,0.48506200313568115,7.942721366882324,-0.009772608987987041,-0.40374556183815,7.926200866699219
239.6,RUNNING,11,HOME_FORMATION,0.805,0.9245,144.8975,8.249,True,NORMAL,MONITOR,False,{},"[""uav2"", ""uav1"", ""uav0""]",limited,False,{},NONE,NORMAL,SAFE,1.0,IDLE,0.0,0.0,0.0,,,0.0,False,avoidance not required,,{},,,,,,,,,,,0,safe,3.363,14.577,0.340,0,0,0.0,0.0,[],0.07815893739461899,-0.33497145771980286,7.919992446899414,0.022784611210227013,0.4147088825702667,7.943860054016113,-0.0036290460266172886,-0.33776870369911194,7.925649642944336
239.8,RUNNING,11,HOME_FORMATION,0.805,0.9245,144.8975,8.249,True,NORMAL,MONITOR,False,{},"[""uav2"", ""uav1"", ""uav0""]",limited,False,{},NONE,NORMAL,SAFE,1.0,IDLE,0.0,0.0,0.0,,,0.0,False,avoidance not required,,{},,,,,,,,,,,0,safe,3.330,14.525,0.309,0,0,0.0,0.0,[],0.06918413192033768,-0.27722352743148804,7.923305988311768,0.02454114332795143,0.3531244099140167,7.939793109893799,0.010632295161485672,-0.26957613229751587,7.9190354347229
240.0,RUNNING,11,HOME_FORMATION,0.806,0.9245,144.8975,8.249,True,NORMAL,MONITOR,False,{},"[""uav2"", ""uav1"", ""uav0""]",limited,False,{},NONE,NORMAL,SAFE,1.0,IDLE,0.0,0.0,0.0,,,0.0,False,avoidance not required,,{},,,,,,,,,,,0,safe,3.316,14.467,0.283,0,0,0.0,0.0,[],0.06904245913028717,-0.22266222536563873,7.923131942749023,0.021832795813679695,0.29079049825668335,7.941537857055664,0.017746269702911377,-0.21276652812957764,7.919888019561768
240.2,RUNNING,11,HOME_FORMATION,0.807,0.9244,144.8713,8.212,True,NORMAL,MONITOR,False,{},"[""uav2"", ""uav1"", ""uav0""]",limited,False,{},NONE,NORMAL,SAFE,1.0,IDLE,0.0,0.0,0.0,,,0.0,False,avoidance not required,,{},,,,,,,,,,,0,safe,3.293,14.421,0.249,0,0,0.0,0.0,[],0.06238092482089996,-0.17674699425697327,7.928576946258545,0.023345882073044777,0.2400103211402893,7.938730239868164,0.026934295892715454,-0.159917950630188,7.91654109954834
240.4,RUNNING,11,HOME_FORMATION,0.808,0.9244,144.8713,8.212,True,NORMAL,MONITOR,False,{},"[""uav2"", ""uav1"", ""uav0""]",limited,False,{},NONE,NORMAL,SAFE,1.0,IDLE,0.0,0.0,0.0,,,0.0,False,avoidance not required,,{},,,,,,,,,,,0,safe,3.278,14.344,0.187,0,0,0.0,0.0,[],0.05818381905555725,-0.13255593180656433,7.926688194274902,0.020852921530604362,0.1885135918855667,7.942984104156494,0.031148623675107956,-0.1166369691491127,7.918702602386475
240.6,RUNNING,11,HOME_FORMATION,0.808,0.9242,144.8449,8.175,True,NORMAL,MONITOR,False,{},"[""uav2"", ""uav1"", ""uav0""]",limited,False,{},NONE,NORMAL,SAFE,1.0,IDLE,0.0,0.0,0.0,,,0.0,False,avoidance not required,,{},,,,,,,,,,,0,safe,3.278,14.344,0.187,0,0,0.0,0.0,[],0.04907888546586037,-0.09619984030723572,7.931065082550049,0.02220401167869568,0.1482425183057785,7.933165550231934,0.04310975223779678,-0.0772814080119133,7.9164299964904785
240.8,RUNNING,12,HOME_DESCENT,0.809,0.9242,144.8449,8.175,True,NORMAL,MONITOR,False,{},"[""uav2"", ""uav1"", ""uav0""]",limited,True,{},NONE,NORMAL,SAFE,1.0,IDLE,0.0,0.0,0.0,,,0.0,False,avoidance not required,,{},,,,,,,,,,,0,safe,3.282,14.308,0.162,0,0,0.0,0.0,[],0.05006617680191994,-0.062426306307315826,7.934136390686035,0.01961231231689453,0.10745056718587875,7.932737827301025,0.047671157866716385,-0.04541623592376709,7.919864654541016
241.0,RUNNING,12,HOME_DESCENT,0.81,0.9242,144.8449,8.175,True,NORMAL,MONITOR,False,{},"[""uav2"", ""uav1"", ""uav0""]",limited,True,{},NONE,NORMAL,SAFE,1.0,IDLE,0.0,0.0,0.0,,,0.0,False,avoidance not required,,{},,,,,,,,,,,0,safe,3.274,14.282,0.128,0,0,0.0,0.0,[],0.044501401484012604,-0.034815713763237,7.940038204193115,0.026546597480773926,0.07980979233980179,7.929679870605469,0.05609496310353279,-0.015205820091068745,7.9180450439453125
241.2,RUNNING,12,HOME_DESCENT,0.811,0.9241,144.8184,8.138,True,NORMAL,MONITOR,False,{},"[""uav2"", ""uav1"", ""uav0""]",limited,True,{},NONE,NORMAL,SAFE,1.0,IDLE,0.0,0.0,0.0,,,0.0,False,avoidance not required,,{},,,,,,,,,,,0,safe,3.284,14.255,0.110,0,0,0.0,0.0,[],0.046693310141563416,-0.008973733521997929,7.9374284744262695,0.02750791423022747,0.05158695951104164,7.931306838989258,0.05755758285522461,0.007087507750838995,7.920654773712158
241.4,RUNNING,12,HOME_DESCENT,0.811,0.9241,144.8184,8.138,True,NORMAL,MONITOR,False,{},"[""uav2"", ""uav1"", ""uav0""]",limited,True,{},NONE,NORMAL,SAFE,1.0,IDLE,0.0,0.0,0.0,,,0.0,False,avoidance not required,,{},,,,,,,,,,,0,safe,3.281,14.238,0.097,0,0,0.0,0.0,[],0.042669955641031265,0.00982715468853712,7.939269065856934,0.027258776128292084,0.03350239247083664,7.923153877258301,0.06422016769647598,0.027751384302973747,7.9161458015441895
241.6,RUNNING,12,HOME_DESCENT,0.812,0.924,144.7913,8.102,True,NORMAL,MONITOR,False,{},"[""uav2"", ""uav1"", ""uav0""]",limited,True,{},NONE,NORMAL,SAFE,1.0,IDLE,0.0,0.0,0.0,,,0.0,False,avoidance not required,,{},,,,,,,,,,,0,safe,3.285,14.219,0.106,0,0,0.0,0.0,[],0.04460824280977249,0.02919793501496315,7.932852745056152,0.023391231894493103,0.015468642115592957,7.923300266265869,0.06419141590595245,0.04042375460267067,7.914985179901123
241.8,RUNNING,12,HOME_DESCENT,0.813,0.924,144.7913,8.102,True,NORMAL,MONITOR,False,{},"[""uav2"", ""uav1"", ""uav0""]",limited,True,{},NONE,NORMAL,SAFE,1.0,IDLE,0.0,0.0,0.0,,,0.0,False,avoidance not required,,{},,,,,,,,,,,0,safe,3.279,14.210,0.108,0,0,0.0,0.0,[],0.04075392708182335,0.04065052792429924,7.930998802185059,0.021998833864927292,0.006486195605248213,7.920989036560059,0.07048176974058151,0.04922795668244362,7.910144805908203
242.0,RUNNING,12,HOME_DESCENT,0.814,0.924,144.7913,8.102,True,NORMAL,MONITOR,False,{},"[""uav2"", ""uav1"", ""uav0""]",limited,True,{},NONE,NORMAL,SAFE,1.0,IDLE,0.0,0.0,0.0,,,0.0,False,avoidance not required,,{},,,,,,,,,,,0,safe,3.281,14.199,0.116,0,0,0.0,0.0,[],0.042523372918367386,0.04860658571124077,7.918369293212891,0.017796285450458527,-0.003443285822868347,7.922926902770996,0.0691845715045929,0.05230851471424103,7.909327507019043
242.2,RUNNING,12,HOME_DESCENT,0.814,0.9238,144.7634,8.065,True,NORMAL,MONITOR,False,{},"[""uav2"", ""uav1"", ""uav0""]",limited,True,{},NONE,NORMAL,SAFE,1.0,IDLE,0.0,0.0,0.0,,,0.0,False,avoidance not required,,{},,,,,,,,,,,0,safe,3.276,14.198,0.114,0,0,0.0,0.0,[],0.03829113394021988,0.05085974931716919,7.9174065589904785,0.018016649410128593,-0.0011812882730737329,7.909052848815918,0.07386092841625214,0.052352115511894226,7.895813941955566
242.4,RUNNING,12,HOME_DESCENT,0.815,0.9238,144.7634,8.065,True,NORMAL,MONITOR,False,{},"[""uav2"", ""uav1"", ""uav0""]",limited,True,{},NONE,NORMAL,SAFE,1.0,IDLE,0.0,0.0,0.0,,,0.0,False,avoidance not required,,{},,,,,,,,,,,0,safe,3.280,14.195,0.122,0,0,0.0,0.0,[],0.040098339319229126,0.05141708254814148,7.905599594116211,0.0217940341681242,0.0026649031788110733,7.900501728057861,0.07995687425136566,0.05043474957346916,7.881661891937256
242.6,RUNNING,12,HOME_DESCENT,0.816,0.9237,144.7365,8.028,True,NORMAL,MONITOR,False,{},"[""uav2"", ""uav1"", ""uav0""]",limited,True,{},NONE,NORMAL,SAFE,1.0,IDLE,0.0,0.0,0.0,,,0.0,False,avoidance not required,,{},,,,,,,,,,,0,safe,3.282,14.192,0.131,0,0,0.0,0.0,[],0.03590627759695053,0.04811859130859375,7.905468940734863,0.02048148401081562,0.002051612827926874,7.903862476348877,0.0774182677268982,0.04634386673569679,7.87910270690918
242.8,RUNNING,12,HOME_DESCENT,0.817,0.9237,144.7365,8.028,True,NORMAL,MONITOR,False,{},"[""uav2"", ""uav1"", ""uav0""]",limited,True,{},NONE,NORMAL,SAFE,1.0,IDLE,0.0,0.0,0.0,,,0.0,False,avoidance not required,,{},,,,,,,,,,,0,safe,3.285,14.197,0.124,0,0,0.0,0.0,[],0.04169924929738045,0.045565299689769745,7.901473045349121,0.02355453558266163,-0.00018860372074414045,7.901386737823486,0.0765208899974823,0.04342823475599289,7.874274253845215
243.0,RUNNING,12,HOME_DESCENT,0.817,0.9237,144.7365,8.028,True,NORMAL,MONITOR,False,{},"[""uav2"", ""uav1"", ""uav0""]",limited,True,{},NONE,NORMAL,SAFE,1.0,IDLE,0.0,0.0,0.0,,,0.0,False,avoidance not required,,{},,,,,,,,,,,0,safe,3.282,14.199,0.121,0,0,0.0,0.0,[],0.04014423117041588,0.04074563458561897,7.905088901519775,0.0218182522803545,-0.004334614612162113,7.908095359802246,0.0693778544664383,0.038625672459602356,7.874835014343262
243.2,RUNNING,12,HOME_DESCENT,0.818,0.9236,144.7104,8.01,True,NORMAL,MONITOR,False,{},"[""uav2"", ""uav1"", ""uav0""]",limited,True,{},NONE,NORMAL,SAFE,1.0,IDLE,0.0,0.0,0.0,,,0.0,False,avoidance not required,,{},,,,,,,,,,,0,safe,3.282,14.208,0.111,0,0,0.0,0.0,[],0.04256421700119972,0.036640945822000504,7.898061275482178,0.024832135066390038,-0.003112145932391286,7.902280807495117,0.06374552100896835,0.033809639513492584,7.8710737228393555
243.4,RUNNING,12,HOME_DESCENT,0.819,0.9236,144.7104,8.01,True,NORMAL,MONITOR,False,{},"[""uav2"", ""uav1"", ""uav0""]",limited,True,{},NONE,NORMAL,SAFE,1.0,IDLE,0.0,0.0,0.0,,,0.0,False,avoidance not required,,{},,,,,,,,,,,0,safe,3.283,14.215,0.116,0,0,0.0,0.0,[],0.038880348205566406,0.03117395006120205,7.901911735534668,0.022810911759734154,-0.004023919813334942,7.906116485595703,0.05491213500499725,0.028719812631607056,7.869010925292969
243.6,RUNNING,12,HOME_DESCENT,0.82,0.9234,144.6846,7.973,True,NORMAL,MONITOR,False,{},"[""uav2"", ""uav1"", ""uav0""]",limited,True,{},NONE,NORMAL,SAFE,1.0,IDLE,0.0,0.0,0.0,,,0.0,False,avoidance not required,,{},,,,,,,,,,,0,safe,3.284,14.225,0.110,0,0,0.0,0.0,[],0.04117140918970108,0.028550222516059875,7.893020153045654,0.02209603227674961,-0.0036020027473568916,7.900057792663574,0.0545358806848526,0.024250805377960205,7.857268810272217
243.8,RUNNING,12,HOME_DESCENT,0.82,0.9234,144.6846,7.973,True,NORMAL,MONITOR,False,{},"[""uav2"", ""uav1"", ""uav0""]",limited,True,{},NONE,NORMAL,SAFE,1.0,IDLE,0.0,0.0,0.0,,,0.0,False,avoidance not required,,{},,,,,,,,,,,0,safe,3.281,14.228,0.118,0,0,0.0,0.0,[],0.03716139867901802,0.02515253983438015,7.895473003387451,0.017869632691144943,-0.004790149163454771,7.902533531188965,0.04899977520108223,0.01948913000524044,7.8515496253967285
244.0,RUNNING,12,HOME_DESCENT,0.821,0.9233,144.6588,7.936,True,NORMAL,MONITOR,False,{},"[""uav2"", ""uav1"", ""uav0""]",limited,True,{},NONE,NORMAL,SAFE,1.0,IDLE,0.0,0.0,0.0,,,0.0,False,avoidance not required,,{},,,,,,,,,,,0,safe,3.281,14.242,0.118,0,0,0.0,0.0,[],0.037729084491729736,0.02127058431506157,7.8902506828308105,0.018583087250590324,-0.0028719406109303236,7.8981852531433105,0.046248383820056915,0.013650888577103615,7.843027114868164
244.2,RUNNING,12,HOME_DESCENT,0.822,0.9233,144.6588,7.936,True,NORMAL,MONITOR,False,{},"[""uav2"", ""uav1"", ""uav0""]",limited,True,{},NONE,NORMAL,SAFE,1.0,IDLE,0.0,0.0,0.0,,,0.0,False,avoidance not required,,{},,,,,,,,,,,0,safe,3.281,14.242,0.118,0,0,0.0,0.0,[],0.033147040754556656,0.017524858936667442,7.8943047523498535,0.015575078316032887,-0.002728752326220274,7.9013752937316895,0.04002118110656738,0.008632122538983822,7.835287570953369
244.4,RUNNING,12,HOME_DESCENT,0.823,0.9233,144.6588,7.936,True,NORMAL,MONITOR,False,{},"[""uav2"", ""uav1"", ""uav0""]",limited,True,{},NONE,NORMAL,SAFE,1.0,IDLE,0.0,0.0,0.0,,,0.0,False,avoidance not required,,{},,,,,,,,,,,0,safe,3.282,14.250,0.112,0,0,0.0,0.0,[],0.035682857036590576,0.010748538188636303,7.888212203979492,0.01941373012959957,0.0011098887771368027,7.898849964141846,0.039998721331357956,0.0020270277746021748,7.819335460662842
244.6,RUNNING,12,HOME_DESCENT,0.823,0.9232,144.6332,7.899,True,NORMAL,MONITOR,False,{},"[""uav2"", ""uav1"", ""uav0""]",limited,True,{},NONE,NORMAL,SAFE,1.0,IDLE,0.0,0.0,0.0,,,0.0,False,avoidance not required,,{},,,,,,,,,,,0,safe,3.284,14.254,0.118,0,0,0.0,0.0,[],0.032337527722120285,0.006112620234489441,7.892917156219482,0.018436938524246216,0.002093939809128642,7.89907169342041,0.03640780970454216,-0.0022818734869360924,7.811047554016113
244.8,RUNNING,12,HOME_DESCENT,0.824,0.9232,144.6332,7.899,True,NORMAL,MONITOR,False,{},"[""uav2"", ""uav1"", ""uav0""]",limited,True,{},NONE,NORMAL,SAFE,1.0,IDLE,0.0,0.0,0.0,,,0.0,False,avoidance not required,,{},,,,,,,,,,,0,safe,3.286,14.260,0.112,0,0,0.0,0.0,[],0.03892797976732254,0.004348140675574541,7.890305995941162,0.02539137750864029,0.0008456363575533032,7.887613296508789,0.03835833817720413,-0.007795972283929586,7.794825077056885
245.0,RUNNING,12,HOME_DESCENT,0.825,0.9232,144.6332,7.899,True,NORMAL,MONITOR,False,{},"[""uav2"", ""uav1"", ""uav0""]",limited,True,{},NONE,NORMAL,SAFE,1.0,IDLE,0.0,0.0,0.0,,,0.0,False,avoidance not required,,{},,,,,,,,,,,0,safe,3.286,14.262,0.116,0,0,0.0,0.0,[],0.03842984512448311,0.0033133509568870068,7.895248889923096,0.026167813688516617,-0.0011612728703767061,7.88407039642334,0.03613276779651642,-0.01039157249033451,7.78349494934082
245.2,RUNNING,12,HOME_DESCENT,0.826,0.923,144.6077,7.863,True,NORMAL,MONITOR,False,{},"[""uav2"", ""uav1"", ""uav0""]",limited,True,{},NONE,NORMAL,SAFE,1.0,IDLE,0.0,0.0,0.0,,,0.0,False,avoidance not required,,{},,,,,,,,,,,0,safe,3.288,14.266,0.111,0,0,0.0,0.0,[],0.04240472614765167,-0.0013187002623453736,7.890627861022949,0.03684542328119278,-0.0011442735558375716,7.870849609375,0.03697549179196358,-0.010520289652049541,7.765793323516846
245.4,RUNNING,12,HOME_DESCENT,0.826,0.923,144.6077,7.863,True,NORMAL,MONITOR,False,{},"[""uav2"", ""uav1"", ""uav0""]",limited,True,{},NONE,NORMAL,SAFE,1.0,IDLE,0.0,0.0,0.0,,,0.0,False,avoidance not required,,{},,,,,,,,,,,0,safe,3.295,14.265,0.115,0,0,0.0,0.0,[],0.03983704373240471,-0.003809967776760459,7.895263671875,0.039862778037786484,-0.0019396019633859396,7.866265773773193,0.03378279134631157,-0.009751442819833755,7.754384517669678
245.6,RUNNING,12,HOME_DESCENT,0.827,0.9229,144.5823,7.826,True,NORMAL,MONITOR,False,{},"[""uav2"", ""uav1"", ""uav0""]",limited,True,{},NONE,NORMAL,SAFE,1.0,IDLE,0.0,0.0,0.0,,,0.0,False,avoidance not required,,{},,,,,,,,,,,0,safe,3.296,14.267,0.108,0,0,0.0,0.0,[],0.04634662717580795,-0.008168263360857964,7.890773296356201,0.04731988161802292,-0.002200864255428314,7.859287738800049,0.03231543302536011,-0.011015349067747593,7.740543365478516
245.8,RUNNING,12,HOME_DESCENT,0.828,0.9229,144.5823,7.826,True,NORMAL,MONITOR,False,{},"[""uav2"", ""uav1"", ""uav0""]",limited,True,{},NONE,NORMAL,SAFE,1.0,IDLE,0.0,0.0,0.0,,,0.0,False,avoidance not required,,{},,,,,,,,,,,0,safe,3.287,14.269,0.112,0,0,0.0,0.0,[],0.04531175643205643,-0.009832543320953846,7.89499568939209,0.047984372824430466,-0.0029247740749269724,7.85670280456543,0.02823100984096527,-0.010802315548062325,7.730437755584717
246.0,RUNNING,12,HOME_DESCENT,0.829,0.9229,144.5823,7.826,True,NORMAL,MONITOR,False,{},"[""uav2"", ""uav1"", ""uav0""]",limited,True,{},NONE,NORMAL,SAFE,1.0,IDLE,0.0,0.0,0.0,,,0.0,False,avoidance not required,,{},,,,,,,,,,,0,safe,3.283,14.272,0.104,0,0,0.0,0.0,[],0.048815395683050156,-0.013697370886802673,7.903289794921875,0.05454523488879204,-0.005058279260993004,7.844714164733887,0.02672780305147171,-0.011364234611392021,7.71295690536499
246.2,RUNNING,12,HOME_DESCENT,0.829,0.9228,144.557,7.789,True,NORMAL,MONITOR,False,{},"[""uav2"", ""uav1"", ""uav0""]",limited,True,{},NONE,NORMAL,SAFE,1.0,IDLE,0.0,0.0,0.0,,,0.0,False,avoidance not required,,{},,,,,,,,,,,0,safe,3.275,14.273,0.095,0,0,0.0,0.0,[],0.04632468521595001,-0.01469364669173956,7.910913467407227,0.0536353662610054,-0.007019356358796358,7.840210437774658,0.023598097264766693,-0.011296577751636505,7.700636863708496
246.4,RUNNING,12,HOME_DESCENT,0.83,0.9228,144.557,7.789,True,NORMAL,MONITOR,False,{},"[""uav2"", ""uav1"", ""uav0""]",limited,True,{},NONE,NORMAL,SAFE,1.0,IDLE,0.0,0.0,0.0,,,0.0,False,avoidance not required,,{},,,,,,,,,,,0,safe,3.273,14.275,0.083,0,0,0.0,0.0,[],0.04939669370651245,-0.01565711200237274,7.911695957183838,0.05467795208096504,-0.009840816259384155,7.830912113189697,0.025355586782097816,-0.016332097351551056,7.682821273803711
246.6,RUNNING,12,HOME_DESCENT,0.831,0.9227,144.5319,7.752,True,NORMAL,MONITOR,False,{},"[""uav2"", ""uav1"", ""uav0""]",limited,True,{},NONE,NORMAL,SAFE,1.0,IDLE,0.0,0.0,0.0,,,0.0,False,avoidance not required,,{},,,,,,,,,,,0,safe,3.274,14.278,0.079,0,0,0.0,0.0,[],0.046192724257707596,-0.014791960828006268,7.914139747619629,0.04992484301328659,-0.011260602623224258,7.8259735107421875,0.023926453664898872,-0.01832175999879837,7.67008113861084
246.8,RUNNING,12,HOME_DESCENT,0.832,0.9227,144.5319,7.752,True,NORMAL,MONITOR,False,{},"[""uav2"", ""uav1"", ""uav0""]",limited,True,{},NONE,NORMAL,SAFE,1.0,IDLE,0.0,0.0,0.0,,,0.0,False,avoidance not required,,{},,,,,,,,,,,0,safe,3.278,14.280,0.070,0,0,0.0,0.0,[],0.04540085792541504,-0.015189114958047867,7.90901517868042,0.050114139914512634,-0.01740715093910694,7.817091464996338,0.02289479225873947,-0.02137138694524765,7.654188632965088
247.0,RUNNING,12,HOME_DESCENT,0.832,0.9227,144.5319,7.752,True,NORMAL,MONITOR,False,{},"[""uav2"", ""uav1"", ""uav0""]",limited,True,{},NONE,NORMAL,SAFE,1.0,IDLE,0.0,0.0,0.0,,,0.0,False,avoidance not required,,{},,,,,,,,,,,0,safe,3.277,14.283,0.068,0,0,0.0,0.0,[],0.04031442478299141,-0.013536683283746243,7.907141208648682,0.045356739312410355,-0.02051590010523796,7.810175895690918,0.01983541250228882,-0.021481500938534737,7.638465404510498
247.2,RUNNING,12,HOME_DESCENT,0.833,0.9225,144.5068,7.734,True,NORMAL,MONITOR,False,{},"[""uav2"", ""uav1"", ""uav0""]",limited,True,{},NONE,NORMAL,SAFE,1.0,IDLE,0.0,0.0,0.0,,,0.0,False,avoidance not required,,{},,,,,,,,,,,0,safe,3.279,14.285,0.059,0,0,0.0,0.0,[],0.038403939455747604,-0.017606530338525772,7.9001545906066895,0.042524632066488266,-0.021457822993397713,7.799178123474121,0.019225630909204483,-0.022472437471151352,7.616232872009277
247.4,RUNNING,12,HOME_DESCENT,0.834,0.9225,144.5068,7.734,True,NORMAL,MONITOR,False,{},"[""uav2"", ""uav1"", ""uav0""]",limited,True,{},NONE,NORMAL,SAFE,1.0,IDLE,0.0,0.0,0.0,,,0.0,False,avoidance not required,,{},,,,,,,,,,,0,safe,3.282,14.286,0.057,0,0,0.0,0.0,[],0.03303675726056099,-0.018423456698656082,7.897090435028076,0.035813383758068085,-0.02064777910709381,7.788761138916016,0.01759597659111023,-0.02142249047756195,7.599212646484375
247.6,RUNNING,12,HOME_DESCENT,0.835,0.9224,144.4817,7.697,True,NORMAL,MONITOR,False,{},"[""uav2"", ""uav1"", ""uav0""]",limited,True,{},NONE,NORMAL,SAFE,1.0,IDLE,0.0,0.0,0.0,,,0.0,False,avoidance not required,,{},,,,,,,,,,,0,safe,3.287,14.287,0.049,0,0,0.0,0.0,[],0.029659634456038475,-0.01986713334918022,7.890506744384766,0.037833794951438904,-0.021286336705088615,7.770559787750244,0.020410843193531036,-0.021257823333144188,7.577755451202393
247.8,RUNNING,12,HOME_DESCENT,0.835,0.9224,144.4817,7.697,True,NORMAL,MONITOR,False,{},"[""uav2"", ""uav1"", ""uav0""]",limited,True,{},NONE,NORMAL,SAFE,1.0,IDLE,0.0,0.0,0.0,,,0.0,False,avoidance not required,,{},,,,,,,,,,,0,safe,3.288,14.285,0.045,0,0,0.0,0.0,[],0.023660749197006226,-0.018500758334994316,7.8857269287109375,0.034823693335056305,-0.02088882215321064,7.756739139556885,0.02023230865597725,-0.01925884187221527,7.559192657470703
248.0,RUNNING,12,HOME_DESCENT,0.836,0.9224,144.4817,7.697,True,NORMAL,MONITOR,False,{},"[""uav2"", ""uav1"", ""uav0""]",limited,True,{},NONE,NORMAL,SAFE,1.0,IDLE,0.0,0.0,0.0,,,0.0,False,avoidance not required,,{},,,,,,,,,,,0,safe,3.290,14.282,0.050,0,0,0.0,0.0,[],0.024796344339847565,-0.019030893221497536,7.873053073883057,0.037631675601005554,-0.027147779241204262,7.740672588348389,0.02138671651482582,-0.018465520814061165,7.540337085723877
248.2,RUNNING,12,HOME_DESCENT,0.837,0.9223,144.4566,7.66,True,NORMAL,MONITOR,False,{},"[""uav2"", ""uav1"", ""uav0""]",limited,True,{},NONE,NORMAL,SAFE,1.0,IDLE,0.0,0.0,0.0,,,0.0,False,avoidance not required,,{},,,,,,,,,,,0,safe,3.290,14.282,0.050,0,0,0.0,0.0,[],0.02259492315351963,-0.017946133390069008,7.8643293380737305,0.03528498485684395,-0.029385561123490334,7.725697994232178,0.020210010930895805,-0.015544394962489605,7.522101879119873
248.4,RUNNING,12,HOME_DESCENT,0.838,0.9223,144.4566,7.66,True,NORMAL,MONITOR,False,{},"[""uav2"", ""uav1"", ""uav0""]",limited,True,{},NONE,NORMAL,SAFE,1.0,IDLE,0.0,0.0,0.0,,,0.0,False,avoidance not required,,{},,,,,,,,,,,0,safe,3.291,14.281,0.056,0,0,0.0,0.0,[],0.019192945212125778,-0.016827508807182312,7.84568452835083,0.031028011813759804,-0.02849886193871498,7.710108757019043,0.01910669356584549,-0.008851624093949795,7.498661994934082
248.6,RUNNING,12,HOME_DESCENT,0.838,0.9222,144.4314,7.623,True,NORMAL,MONITOR,False,{},"[""uav2"", ""uav1"", ""uav0""]",limited,True,{},NONE,NORMAL,SAFE,1.0,IDLE,0.0,0.0,0.0,,,0.0,False,avoidance not required,,{},,,,,,,,,,,0,safe,3.295,14.277,0.057,0,0,0.0,0.0,[],0.014247195795178413,-0.014125015586614609,7.832956314086914,0.02427663840353489,-0.02575799450278282,7.695192813873291,0.01612738147377968,-0.0034711561165750027,7.477267265319824
248.8,RUNNING,12,HOME_DESCENT,0.839,0.9222,144.4314,7.623,True,NORMAL,MONITOR,False,{},"[""uav2"", ""uav1"", ""uav0""]",limited,True,{},NONE,NORMAL,SAFE,1.0,IDLE,0.0,0.0,0.0,,,0.0,False,avoidance not required,,{},,,,,,,,,,,0,safe,3.299,14.275,0.062,0,0,0.0,0.0,[],0.009474034421145916,-0.012724228203296661,7.8231048583984375,0.0214985441416502,-0.018809301778674126,7.671389579772949,0.015947408974170685,-0.00211501051671803,7.451512336730957
249.0,RUNNING,12,HOME_DESCENT,0.84,0.9222,144.4314,7.623,True,NORMAL,MONITOR,False,{},"[""uav2"", ""uav1"", ""uav0""]",limited,True,{},NONE,NORMAL,SAFE,1.0,IDLE,0.0,0.0,0.0,,,0.0,False,avoidance not required,,{},,,,,,,,,,,0,safe,3.302,14.274,0.064,0,0,0.0,0.0,[],0.004103032406419516,-0.010090838186442852,7.815981388092041,0.016995906829833984,-0.013178510591387749,7.652159214019775,0.014423687011003494,-0.0010899277403950691,7.426982879638672
249.2,RUNNING,12,HOME_DESCENT,0.841,0.922,144.4061,7.587,True,NORMAL,MONITOR,False,{},"[""uav2"", ""uav1"", ""uav0""]",limited,True,{},NONE,NORMAL,SAFE,1.0,IDLE,0.0,0.0,0.0,,,0.0,False,avoidance not required,,{},,,,,,,,,,,0,safe,3.305,14.275,0.068,0,0,0.0,0.0,[],0.0034183929674327374,-0.004972734022885561,7.802314281463623,0.01884126476943493,-0.010911003686487675,7.627236366271973,0.01657772809267044,-0.004161578603088856,7.400330543518066
249.4,RUNNING,12,HOME_DESCENT,0.841,0.922,144.4061,7.587,True,NORMAL,MONITOR,False,{},"[""uav2"", ""uav1"", ""uav0""]",limited,True,{},NONE,NORMAL,SAFE,1.0,IDLE,0.0,0.0,0.0,,,0.0,False,avoidance not required,,{},,,,,,,,,,,0,safe,3.306,14.275,0.071,0,0,0.0,0.0,[],0.0013300724094733596,-0.0008689912501722574,7.79164981842041,0.017132164910435677,-0.008671930991113186,7.606740474700928,0.016666725277900696,-0.005292367655783892,7.375361919403076
249.6,RUNNING,12,HOME_DESCENT,0.842,0.9219,144.3809,7.55,True,NORMAL,MONITOR,False,{},"[""uav2"", ""uav1"", ""uav0""]",limited,True,{},NONE,NORMAL,SAFE,1.0,IDLE,0.0,0.0,0.0,,,0.0,False,avoidance not required,,{},,,,,,,,,,,0,safe,3.308,14.276,0.075,0,0,0.0,0.0,[],0.00517203938215971,-0.0008980202837847173,7.774097919464111,0.01573055051267147,-0.008258751593530178,7.580111026763916,0.018717050552368164,-0.006691445130854845,7.3470964431762695
249.8,RUNNING,12,HOME_DESCENT,0.843,0.9219,144.3809,7.55,True,NORMAL,MONITOR,False,{},"[""uav2"", ""uav1"", ""uav0""]",limited,True,{},NONE,NORMAL,SAFE,1.0,IDLE,0.0,0.0,0.0,,,0.0,False,avoidance not required,,{},,,,,,,,,,,0,safe,3.311,14.276,0.078,0,0,0.0,0.0,[],0.006171140354126692,-0.00046867181663401425,7.759620666503906,0.012518133036792278,-0.0070796855725348,7.558465003967285,0.017828207463026047,-0.007018125616014004,7.318257808685303
250.0,RUNNING,12,HOME_DESCENT,0.844,0.9219,144.3809,7.55,True,NORMAL,MONITOR,False,{},"[""uav2"", ""uav1"", ""uav0""]",limited,True,{},NONE,NORMAL,SAFE,1.0,IDLE,0.0,0.0,0.0,,,0.0,False,avoidance not required,,{},,,,,,,,,,,0,safe,3.312,14.276,0.080,0,0,0.0,0.0,[],0.006808521691709757,-0.0038716495037078857,7.739500999450684,0.012197772040963173,-0.007760853972285986,7.530080795288086,0.0140397809445858,-0.007176065351814032,7.284248352050781
250.2,RUNNING,12,HOME_DESCENT,0.844,0.9218,144.3557,7.513,True,NORMAL,MONITOR,False,{},"[""uav2"", ""uav1"", ""uav0""]",limited,True,{},NONE,NORMAL,SAFE,1.0,IDLE,0.0,0.0,0.0,,,0.0,False,avoidance not required,,{},,,,,,,,,,,0,safe,3.311,14.279,0.076,0,0,0.0,0.0,[],0.005643970333039761,-0.005108248442411423,7.7234673500061035,0.010363806039094925,-0.007790591102093458,7.508615970611572,0.010320860892534256,-0.0065596564672887325,7.2548909187316895
250.4,RUNNING,12,HOME_DESCENT,0.845,0.9218,144.3557,7.513,True,NORMAL,MONITOR,False,{},"[""uav2"", ""uav1"", ""uav0""]",limited,True,{},NONE,NORMAL,SAFE,1.0,IDLE,0.0,0.0,0.0,,,0.0,False,avoidance not required,,{},,,,,,,,,,,0,safe,3.310,14.281,0.078,0,0,0.0,0.0,[],0.007436901330947876,-0.006322502624243498,7.699064254760742,0.015439065173268318,-0.00833914615213871,7.477314472198486,0.0091712586581707,-0.006478543858975172,7.225558280944824
250.6,RUNNING,12,HOME_DESCENT,0.846,0.9217,144.3304,7.476,True,NORMAL,MONITOR,False,{},"[""uav2"", ""uav1"", ""uav0""]",limited,True,{},NONE,NORMAL,SAFE,1.0,IDLE,0.0,0.0,0.0,,,0.0,False,avoidance not required,,{},,,,,,,,,,,0,safe,3.303,14.282,0.081,0,0,0.0,0.0,[],0.00725235790014267,-0.006516356952488422,7.6824774742126465,0.016354506835341454,-0.007934206165373325,7.455110549926758,0.006888156291097403,-0.005260840989649296,7.198228359222412
250.8,RUNNING,12,HOME_DESCENT,0.847,0.9217,144.3304,7.476,True,NORMAL,MONITOR,False,{},"[""uav2"", ""uav1"", ""uav0""]",limited,True,{},NONE,NORMAL,SAFE,1.0,IDLE,0.0,0.0,0.0,,,0.0,False,avoidance not required,,{},,,,,,,,,,,0,safe,3.301,14.283,0.086,0,0,0.0,0.0,[],0.00905611366033554,-0.00817216094583273,7.659691333770752,0.017957281321287155,-0.008390406146645546,7.434895038604736,0.004132840316742659,-0.0014212928945198655,7.164216041564941
251.0,RUNNING,12,HOME_DESCENT,0.847,0.9217,144.3304,7.476,True,NORMAL,MONITOR,False,{},"[""uav2"", ""uav1"", ""uav0""]",limited,True,{},NONE,NORMAL,SAFE,1.0,IDLE,0.0,0.0,0.0,,,0.0,False,avoidance not required,,{},,,,,,,,,,,0,safe,3.297,14.282,0.085,0,0,0.0,0.0,[],0.008245277218520641,-0.008279316127300262,7.644546031951904,0.016455164179205894,-0.007801274303346872,7.415424823760986,0.0014554450754076242,0.0014115573139861226,7.133961200714111
251.2,RUNNING,12,HOME_DESCENT,0.848,0.9215,144.3052,7.458,True,NORMAL,MONITOR,False,{},"[""uav2"", ""uav1"", ""uav0""]",limited,True,{},NONE,NORMAL,SAFE,1.0,IDLE,0.0,0.0,0.0,,,0.0,False,avoidance not required,,{},,,,,,,,,,,0,safe,3.297,14.280,0.089,0,0,0.0,0.0,[],0.009694910608232021,-0.008102389983832836,7.62903356552124,0.017574535682797432,-0.007973792962729931,7.389247417449951,0.0019569722935557365,0.003454747376963496,7.10000467300415
251.4,RUNNING,12,HOME_DESCENT,0.849,0.9215,144.3052,7.458,True,NORMAL,MONITOR,False,{},"[""uav2"", ""uav1"", ""uav0""]",limited,True,{},NONE,NORMAL,SAFE,1.0,IDLE,0.0,0.0,0.0,,,0.0,False,avoidance not required,,{},,,,,,,,,,,0,safe,3.297,14.280,0.089,0,0,0.0,0.0,[],0.008633214049041271,-0.007016206160187721,7.613914489746094,0.020018264651298523,-0.008295011706650257,7.361446857452393,0.0005272700218483806,0.0037460599560290575,7.065728664398193
251.6,RUNNING,12,HOME_DESCENT,0.85,0.9214,144.2799,7.421,True,NORMAL,MONITOR,False,{},"[""uav2"", ""uav1"", ""uav0""]",limited,True,{},NONE,NORMAL,SAFE,1.0,IDLE,0.0,0.0,0.0,,,0.0,False,avoidance not required,,{},,,,,,,,,,,0,safe,3.294,14.281,0.090,0,0,0.0,0.0,[],0.010851957835257053,-0.00561192212626338,7.5904741287231445,0.018845058977603912,-0.007560570724308491,7.337796688079834,-0.0015583805507048965,0.003778110258281231,7.0362653732299805
251.8,RUNNING,12,HOME_DESCENT,0.85,0.9214,144.2799,7.421,True,NORMAL,MONITOR,False,{},"[""uav2"", ""uav1"", ""uav0""]",limited,True,{},NONE,NORMAL,SAFE,1.0,IDLE,0.0,0.0,0.0,,,0.0,False,avoidance not required,,{},,,,,,,,,,,0,safe,3.293,14.283,0.096,0,0,0.0,0.0,[],0.010024409741163254,-0.004429792985320091,7.573451042175293,0.018512053415179253,-0.007785534951835871,7.311184406280518,-0.0039232466369867325,0.004082891158759594,7.0010600090026855
252.0,RUNNING,12,HOME_DESCENT,0.851,0.9214,144.2799,7.421,True,NORMAL,MONITOR,False,{},"[""uav2"", ""uav1"", ""uav0""]",limited,True,{},NONE,NORMAL,SAFE,1.0,IDLE,0.0,0.0,0.0,,,0.0,False,avoidance not required,,{},,,,,,,,,,,0,safe,3.292,14.284,0.096,0,0,0.0,0.0,[],0.011256116442382336,-0.0007852169219404459,7.547505855560303,0.015706701204180717,-0.0072663528844714165,7.290217399597168,-0.005839433521032333,0.004787352401763201,6.9698872566223145
252.2,RUNNING,12,HOME_DESCENT,0.852,0.9213,144.2546,7.384,True,NORMAL,MONITOR,False,{},"[""uav2"", ""uav1"", ""uav0""]",limited,True,{},NONE,NORMAL,SAFE,1.0,IDLE,0.0,0.0,0.0,,,0.0,False,avoidance not required,,{},,,,,,,,,,,0,safe,3.294,14.285,0.102,0,0,0.0,0.0,[],0.00986761599779129,0.0018949606455862522,7.526657581329346,0.01916285790503025,-0.009509672410786152,7.269417762756348,-0.00602069403976202,0.0080789253115654,6.937610626220703
252.4,RUNNING,12,HOME_DESCENT,0.853,0.9213,144.2546,7.384,True,NORMAL,MONITOR,False,{},"[""uav2"", ""uav1"", ""uav0""]",limited,True,{},NONE,NORMAL,SAFE,1.0,IDLE,0.0,0.0,0.0,,,0.0,False,avoidance not required,,{},,,,,,,,,,,0,safe,3.292,14.283,0.106,0,0,0.0,0.0,[],0.014961948618292809,0.008829609490931034,7.5023393630981445,0.018787862733006477,-0.01029706560075283,7.2470808029174805,-0.006108823232352734,0.009677172638475895,6.909306049346924
252.6,RUNNING,12,HOME_DESCENT,0.853,0.9211,144.2293,7.348,True,NORMAL,MONITOR,False,{},"[""uav2"", ""uav1"", ""uav0""]",limited,True,{},NONE,NORMAL,SAFE,1.0,IDLE,0.0,0.0,0.0,,,0.0,False,avoidance not required,,{},,,,,,,,,,,0,safe,3.293,14.282,0.115,0,0,0.0,0.0,[],0.015989983454346657,0.012644481845200062,7.483806610107422,0.020929157733917236,-0.009913666173815727,7.220582485198975,-0.004225101321935654,0.01058723870664835,6.87888765335083
252.8,RUNNING,12,HOME_DESCENT,0.854,0.9211,144.2293,7.348,True,NORMAL,MONITOR,False,{},"[""uav2"", ""uav1"", ""uav0""]",limited,True,{},NONE,NORMAL,SAFE,1.0,IDLE,0.0,0.0,0.0,,,0.0,False,avoidance not required,,{},,,,,,,,,,,0,safe,3.293,14.280,0.122,0,0,0.0,0.0,[],0.023208146914839745,0.01814023219048977,7.465634346008301,0.01985742524266243,-0.00886819139122963,7.193568229675293,-0.002894120756536722,0.010846825316548347,6.848237037658691
253.0,RUNNING,12,HOME_DESCENT,0.855,0.9211,144.2293,7.348,True,NORMAL,MONITOR,False,{},"[""uav2"", ""uav1"", ""uav0""]",limited,True,{},NONE,NORMAL,SAFE,1.0,IDLE,0.0,0.0,0.0,,,0.0,False,avoidance not required,,{},,,,,,,,,,,0,safe,3.295,14.279,0.129,0,0,0.0,0.0,[],0.024905480444431305,0.020496128126978874,7.446406364440918,0.023504095152020454,-0.00493492279201746,7.167796611785889,0.0014022925170138478,0.012134850956499577,6.81322717666626
253.2,RUNNING,12,HOME_DESCENT,0.856,0.921,144.2039,7.311,True,NORMAL,MONITOR,False,{},"[""uav2"", ""uav1"", ""uav0""]",limited,True,{},NONE,NORMAL,SAFE,1.0,IDLE,0.0,0.0,0.0,,,0.0,False,avoidance not required,,{},,,,,,,,,,,0,safe,3.297,14.275,0.133,0,0,0.0,0.0,[],0.030629996210336685,0.025095008313655853,7.419921875,0.022988336160779,-0.002030994975939393,7.140909194946289,0.0042009479366242886,0.012738237157464027,6.781251907348633
253.4,RUNNING,12,HOME_DESCENT,0.856,0.921,144.2039,7.311,True,NORMAL,MONITOR,False,{},"[""uav2"", ""uav1"", ""uav0""]",limited,True,{},NONE,NORMAL,SAFE,1.0,IDLE,0.0,0.0,0.0,,,0.0,False,avoidance not required,,{},,,,,,,,,,,0,safe,3.301,14.272,0.140,0,0,0.0,0.0,[],0.031044909730553627,0.02614091895520687,7.397319793701172,0.02649485319852829,0.0010280463611707091,7.108863353729248,0.009562471881508827,0.016489574685692787,6.748824119567871
253.6,RUNNING,12,HOME_DESCENT,0.857,0.9209,144.1784,7.274,True,NORMAL,MONITOR,False,{},"[""uav2"", ""uav1"", ""uav0""]",limited,True,{},NONE,NORMAL,SAFE,1.0,IDLE,0.0,0.0,0.0,,,0.0,False,avoidance not required,,{},,,,,,,,,,,0,safe,3.303,14.266,0.147,0,0,0.0,0.0,[],0.040847912430763245,0.02750040590763092,7.376959323883057,0.025600016117095947,0.0030139493755996227,7.076601982116699,0.012494123540818691,0.01789296232163906,6.715559005737305
253.8,RUNNING,12,HOME_DESCENT,0.858,0.9209,144.1784,7.274,True,NORMAL,MONITOR,False,{},"[""uav2"", ""uav1"", ""uav0""]",limited,True,{},NONE,NORMAL,SAFE,1.0,IDLE,0.0,0.0,0.0,,,0.0,False,avoidance not required,,{},,,,,,,,,,,0,safe,3.299,14.263,0.154,0,0,0.0,0.0,[],0.04343783110380173,0.026287898421287537,7.353656768798828,0.028273997828364372,0.0029123846907168627,7.041281700134277,0.019300321117043495,0.0195664893835783,6.681432723999023
254.0,RUNNING,12,HOME_DESCENT,0.859,0.9209,144.1784,7.274,True,NORMAL,MONITOR,False,{},"[""uav2"", ""uav1"", ""uav0""]",limited,True,{},NONE,NORMAL,SAFE,1.0,IDLE,0.0,0.0,0.0,,,0.0,False,avoidance not required,,{},,,,,,,,,,,0,safe,3.300,14.257,0.160,0,0,0.0,0.0,[],0.0490843802690506,0.031211720779538155,7.329270839691162,0.035151541233062744,0.0031818263232707977,7.0080413818359375,0.024946991354227066,0.021014539524912834,6.643710136413574
254.2,RUNNING,12,HOME_DESCENT,0.859,0.9208,144.1529,7.237,True,NORMAL,MONITOR,False,{},"[""uav2"", ""uav1"", ""uav0""]",limited,True,{},NONE,NORMAL,SAFE,1.0,IDLE,0.0,0.0,0.0,,,0.0,False,avoidance not required,,{},,,,,,,,,,,0,safe,3.302,14.252,0.164,0,0,0.0,0.0,[],0.04778749495744705,0.032268933951854706,7.302309513092041,0.03608880192041397,0.003291238099336624,6.973909854888916,0.02698318473994732,0.02057143673300743,6.6052565574646
254.4,RUNNING,12,HOME_DESCENT,0.86,0.9208,144.1529,7.237,True,NORMAL,MONITOR,False,{},"[""uav2"", ""uav1"", ""uav0""]",limited,True,{},NONE,NORMAL,SAFE,1.0,IDLE,0.0,0.0,0.0,,,0.0,False,avoidance not required,,{},,,,,,,,,,,0,safe,3.305,14.251,0.166,0,0,0.0,0.0,[],0.050345614552497864,0.03362271189689636,7.2752227783203125,0.03834741190075874,0.004628228023648262,6.941290378570557,0.03080345131456852,0.02119811438024044,6.563555717468262
254.6,RUNNING,12,HOME_DESCENT,0.861,0.9206,144.1275,7.201,True,NORMAL,MONITOR,False,{},"[""uav2"", ""uav1"", ""uav0""]",limited,True,{},NONE,NORMAL,SAFE,1.0,IDLE,0.0,0.0,0.0,,,0.0,False,avoidance not required,,{},,,,,,,,,,,0,safe,3.305,14.247,0.166,0,0,0.0,0.0,[],0.04773837327957153,0.03218035027384758,7.24521541595459,0.03611350432038307,0.00563388504087925,6.909182548522949,0.030959967523813248,0.02070530690252781,6.526413440704346
254.8,RUNNING,12,HOME_DESCENT,0.862,0.9206,144.1275,7.201,True,NORMAL,MONITOR,False,{},"[""uav2"", ""uav1"", ""uav0""]",limited,True,{},NONE,NORMAL,SAFE,1.0,IDLE,0.0,0.0,0.0,,,0.0,False,avoidance not required,,{},,,,,,,,,,,0,safe,3.306,14.248,0.171,0,0,0.0,0.0,[],0.050163570791482925,0.02996416576206684,7.213809013366699,0.036026883870363235,0.008570199832320213,6.882440567016602,0.03096739575266838,0.021467119455337524,6.491962432861328
255.0,RUNNING,12,HOME_DESCENT,0.862,0.9206,144.1275,7.201,True,NORMAL,MONITOR,False,{},"[""uav2"", ""uav1"", ""uav0""]",limited,True,{},NONE,NORMAL,SAFE,1.0,IDLE,0.0,0.0,0.0,,,0.0,False,avoidance not required,,{},,,,,,,,,,,0,safe,3.303,14.247,0.178,0,0,0.0,0.0,[],0.047261953353881836,0.02649622969329357,7.183210372924805,0.03795582428574562,0.00886295735836029,6.851879119873047,0.028510604053735733,0.02101339027285576,6.4574995040893555
255.2,RUNNING,12,HOME_DESCENT,0.863,0.9205,144.102,7.182,True,NORMAL,MONITOR,False,{},"[""uav2"", ""uav1"", ""uav0""]",limited,True,{},NONE,NORMAL,SAFE,1.0,IDLE,0.0,0.0,0.0,,,0.0,False,avoidance not required,,{},,,,,,,,,,,0,safe,3.307,14.249,0.185,0,0,0.0,0.0,[],0.04358774796128273,0.02517903782427311,7.159877300262451,0.03519050031900406,0.008458622731268406,6.816504001617432,0.027181966230273247,0.021023036912083626,6.427017688751221
255.4,RUNNING,12,HOME_DESCENT,0.864,0.9205,144.102,7.182,True,NORMAL,MONITOR,False,{},"[""uav2"", ""uav1"", ""uav0""]",limited,True,{},NONE,NORMAL,SAFE,1.0,IDLE,0.0,0.0,0.0,,,0.0,False,avoidance not required,,{},,,,,,,,,,,0,safe,3.310,14.250,0.196,0,0,0.0,0.0,[],0.03700973466038704,0.02272688038647175,7.132136344909668,0.036524880677461624,0.009390775114297867,6.783089637756348,0.024335823953151703,0.019507162272930145,6.391265869140625
255.6,RUNNING,12,HOME_DESCENT,0.865,0.9204,144.0763,7.145,True,NORMAL,MONITOR,False,{},"[""uav2"", ""uav1"", ""uav0""]",limited,True,{},NONE,NORMAL,SAFE,1.0,IDLE,0.0,0.0,0.0,,,0.0,False,avoidance not required,,{},,,,,,,,,,,0,safe,3.311,14.253,0.203,0,0,0.0,0.0,[],0.032491087913513184,0.01912231743335724,7.100325584411621,0.035744816064834595,0.01229033712297678,6.753546237945557,0.025101060047745705,0.01758180558681488,6.354517936706543
255.8,RUNNING,12,HOME_DESCENT,0.865,0.9204,144.0763,7.145,True,NORMAL,MONITOR,False,{},"[""uav2"", ""uav1"", ""uav0""]",limited,True,{},NONE,NORMAL,SAFE,1.0,IDLE,0.0,0.0,0.0,,,0.0,False,avoidance not required,,{},,,,,,,,,,,0,safe,3.313,14.254,0.209,0,0,0.0,0.0,[],0.03074551932513714,0.01616525650024414,7.072096824645996,0.03159195929765701,0.013296488672494888,6.720332622528076,0.02359117940068245,0.014968699775636196,6.316396236419678
256.0,RUNNING,12,HOME_DESCENT,0.866,0.9204,144.0763,7.145,True,NORMAL,MONITOR,False,{},"[""uav2"", ""uav1"", ""uav0""]",limited,True,{},NONE,NORMAL,SAFE,1.0,IDLE,0.0,0.0,0.0,,,0.0,False,avoidance not required,,{},,,,,,,,,,,0,safe,3.317,14.257,0.214,0,0,0.0,0.0,[],0.026606667786836624,0.01293952390551567,7.042636394500732,0.029773011803627014,0.016045857220888138,6.691226482391357,0.023389842361211777,0.013385291211307049,6.279496192932129
256.2,RUNNING,12,HOME_DESCENT,0.867,0.9203,144.0507,7.109,True,NORMAL,MONITOR,False,{},"[""uav2"", ""uav1"", ""uav0""]",limited,True,{},NONE,NORMAL,SAFE,1.0,IDLE,0.0,0.0,0.0,,,0.0,False,avoidance not required,,{},,,,,,,,,,,0,safe,3.319,14.258,0.220,0,0,0.0,0.0,[],0.02254406362771988,0.009343326091766357,7.011840343475342,0.025343062356114388,0.016531668603420258,6.656746864318848,0.021521490067243576,0.01093581784516573,6.240950584411621
256.4,RUNNING,12,HOME_DESCENT,0.868,0.9203,144.0507,7.109,True,NORMAL,MONITOR,False,{},"[""uav2"", ""uav1"", ""uav0""]",limited,True,{},NONE,NORMAL,SAFE,1.0,IDLE,0.0,0.0,0.0,,,0.0,False,avoidance not required,,{},,,,,,,,,,,0,safe,3.322,14.261,0.226,0,0,0.0,0.0,[],0.01726141758263111,0.005820878781378269,6.978830814361572,0.022332461550831795,0.01602020114660263,6.627462387084961,0.022476177662611008,0.008015880361199379,6.207862377166748
256.6,RUNNING,12,HOME_DESCENT,0.868,0.9201,144.025,7.072,True,NORMAL,MONITOR,False,{},"[""uav2"", ""uav1"", ""uav0""]",limited,True,{},NONE,NORMAL,SAFE,1.0,IDLE,0.0,0.0,0.0,,,0.0,False,avoidance not required,,{},,,,,,,,,,,0,safe,3.324,14.263,0.237,0,0,0.0,0.0,[],0.01571429707109928,0.0016483330400660634,6.950553894042969,0.017618335783481598,0.014298420399427414,6.589158535003662,0.021134981885552406,0.00543742161244154,6.168992519378662
256.8,RUNNING,12,HOME_DESCENT,0.869,0.9201,144.025,7.072,True,NORMAL,MONITOR,False,{},"[""uav2"", ""uav1"", ""uav0""]",limited,True,{},NONE,NORMAL,SAFE,1.0,IDLE,0.0,0.0,0.0,,,0.0,False,avoidance not required,,{},,,,,,,,,,,0,safe,3.322,14.265,0.242,0,0,0.0,0.0,[],0.012587370350956917,-0.0015236493200063705,6.9180216789245605,0.012632164172828197,0.012913864105939865,6.553027153015137,0.021946685388684273,0.005607279017567635,6.1320319175720215
257.0,RUNNING,12,HOME_DESCENT,0.87,0.9201,144.025,7.072,True,NORMAL,MONITOR,False,{},"[""uav2"", ""uav1"", ""uav0""]",limited,True,{},NONE,NORMAL,SAFE,1.0,IDLE,0.0,0.0,0.0,,,0.0,False,avoidance not required,,{},,,,,,,,,,,0,safe,3.320,14.265,0.250,0,0,0.0,0.0,[],0.011444859206676483,-0.0016674062935635448,6.888185024261475,0.007197162136435509,0.010819080285727978,6.511492729187012,0.019914859905838966,0.005214450880885124,6.092501640319824
257.2,RUNNING,12,HOME_DESCENT,0.871,0.92,143.9993,7.035,True,NORMAL,MONITOR,False,{},"[""uav2"", ""uav1"", ""uav0""]",limited,True,{},NONE,NORMAL,SAFE,1.0,IDLE,0.0,0.0,0.0,,,0.0,False,avoidance not required,,{},,,,,,,,,,,0,safe,3.316,14.268,0.265,0,0,0.0,0.0,[],0.008828637190163136,-0.001994625898078084,6.854591369628906,0.0026014253962785006,0.010871094651520252,6.4728851318359375,0.01674720272421837,0.0058119227178394794,6.056736946105957
257.4,RUNNING,12,HOME_DESCENT,0.871,0.92,143.9993,7.035,True,NORMAL,MONITOR,False,{},"[""uav2"", ""uav1"", ""uav0""]",limited,True,{},NONE,NORMAL,SAFE,1.0,IDLE,0.0,0.0,0.0,,,0.0,False,avoidance not required,,{},,,,,,,,,,,0,safe,3.316,14.268,0.265,0,0,0.0,0.0,[],0.008598300628364086,0.00029492765315808356,6.827323913574219,-0.0015852120704948902,0.009391202591359615,6.430481433868408,0.013496165163815022,0.005324535071849823,6.013978004455566
257.6,RUNNING,12,HOME_DESCENT,0.872,0.9199,143.9735,6.998,True,NORMAL,MONITOR,False,{},"[""uav2"", ""uav1"", ""uav0""]",limited,True,{},NONE,NORMAL,SAFE,1.0,IDLE,0.0,0.0,0.0,,,0.0,False,avoidance not required,,{},,,,,,,,,,,0,safe,3.314,14.271,0.268,0,0,0.0,0.0,[],0.007166941184550524,0.0009345958824269474,6.790913105010986,-0.0028779315762221813,0.006850346922874451,6.391991138458252,0.013823410496115685,0.006126918829977512,5.970398426055908
257.8,RUNNING,12,HOME_DESCENT,0.873,0.9199,143.9735,6.998,True,NORMAL,MONITOR,False,{},"[""uav2"", ""uav1"", ""uav0""]",limited,True,{},NONE,NORMAL,SAFE,1.0,IDLE,0.0,0.0,0.0,,,0.0,False,avoidance not required,,{},,,,,,,,,,,0,safe,3.314,14.270,0.270,0,0,0.0,0.0,[],0.00723077030852437,0.001033957116305828,6.7544026374816895,-0.004255716223269701,0.004095276352018118,6.34834098815918,0.012446509674191475,0.006013462785631418,5.923206806182861
258.0,RUNNING,12,HOME_DESCENT,0.874,0.9199,143.9735,6.998,True,NORMAL,MONITOR,False,{},"[""uav2"", ""uav1"", ""uav0""]",limited,True,{},NONE,NORMAL,SAFE,1.0,IDLE,0.0,0.0,0.0,,,0.0,False,avoidance not required,,{},,,,,,,,,,,0,safe,3.313,14.271,0.269,0,0,0.0,0.0,[],0.005914007313549519,0.00017866541747935116,6.713116645812988,-0.00293370452709496,0.004732572939246893,6.30827522277832,0.011803122237324715,0.008749963715672493,5.880041122436523
258.2,RUNNING,12,HOME_DESCENT,0.874,0.9197,143.9477,6.961,True,NORMAL,MONITOR,False,{},"[""uav2"", ""uav1"", ""uav0""]",limited,True,{},NONE,NORMAL,SAFE,1.0,IDLE,0.0,0.0,0.0,,,0.0,False,avoidance not required,,{},,,,,,,,,,,0,safe,3.316,14.270,0.272,0,0,0.0,0.0,[],0.004230544902384281,0.0025604728143662214,6.674215793609619,-0.0025075399316847324,0.003921775612980127,6.2634501457214355,0.0107415234670043,0.009872845374047756,5.834136962890625
258.4,RUNNING,12,HOME_DESCENT,0.875,0.9197,143.9477,6.961,True,NORMAL,MONITOR,False,{},"[""uav2"", ""uav1"", ""uav0""]",limited,True,{},NONE,NORMAL,SAFE,1.0,IDLE,0.0,0.0,0.0,,,0.0,False,avoidance not required,,{},,,,,,,,,,,0,safe,3.319,14.270,0.273,0,0,0.0,0.0,[],0.0024075217079371214,0.0029006784316152334,6.632344722747803,-0.0024100944865494967,0.003754244651645422,6.220963478088379,0.013426581397652626,0.015036549419164658,5.792037010192871
258.6,RUNNING,12,HOME_DESCENT,0.876,0.9196,143.9219,6.925,True,NORMAL,MONITOR,False,{},"[""uav2"", ""uav1"", ""uav0""]",limited,True,{},NONE,NORMAL,SAFE,1.0,IDLE,0.0,0.0,0.0,,,0.0,False,avoidance not required,,{},,,,,,,,,,,0,safe,3.321,14.264,0.278,0,0,0.0,0.0,[],-0.00032721017487347126,0.005575237330049276,6.601738929748535,-0.002560811582952738,0.0025590297300368547,6.178217887878418,0.014082790352404118,0.017706066370010376,5.74524450302124
258.8,RUNNING,12,HOME_DESCENT,0.877,0.9196,143.9219,6.925,True,NORMAL,MONITOR,False,{},"[""uav2"", ""uav1"", ""uav0""]",limited,True,{},NONE,NORMAL,SAFE,1.0,IDLE,0.0,0.0,0.0,,,0.0,False,avoidance not required,,{},,,,,,,,,,,0,safe,3.325,14.262,0.278,0,0,0.0,0.0,[],-0.00233327760361135,0.00596030754968524,6.5620317459106445,0.0003799685509875417,0.005629094783216715,6.146153926849365,0.014893854968249798,0.025126054883003235,5.703363418579102
259.0,RUNNING,12,HOME_DESCENT,0.877,0.9196,143.9219,6.925,True,NORMAL,MONITOR,False,{},"[""uav2"", ""uav1"", ""uav0""]",limited,True,{},NONE,NORMAL,SAFE,1.0,IDLE,0.0,0.0,0.0,,,0.0,False,avoidance not required,,{},,,,,,,,,,,0,safe,3.329,14.256,0.284,0,0,0.0,0.0,[],-0.007042060140520334,0.012665171176195145,6.528049468994141,0.0027789955493062735,0.0136159248650074,6.113917827606201,0.014220436103641987,0.0276738740503788,5.657602310180664
259.2,RUNNING,12,HOME_DESCENT,0.878,0.9195,143.8962,6.906,True,NORMAL,MONITOR,False,{},"[""uav2"", ""uav1"", ""uav0""]",limited,True,{},NONE,NORMAL,SAFE,1.0,IDLE,0.0,0.0,0.0,,,0.0,False,avoidance not required,,{},,,,,,,,,,,0,safe,3.336,14.255,0.286,0,0,0.0,0.0,[],-0.010035059414803982,0.015286236070096493,6.488036632537842,0.0040955692529678345,0.01681106723845005,6.070875644683838,0.01462839636951685,0.02974291704595089,5.614199161529541
259.4,RUNNING,12,HOME_DESCENT,0.879,0.9195,143.8962,6.906,True,NORMAL,MONITOR,False,{},"[""uav2"", ""uav1"", ""uav0""]",limited,True,{},NONE,NORMAL,SAFE,1.0,IDLE,0.0,0.0,0.0,,,0.0,False,avoidance not required,,{},,,,,,,,,,,0,safe,3.340,14.253,0.290,0,0,0.0,0.0,[],-0.0128749068826437,0.017219554632902145,6.45080041885376,0.005173755344003439,0.02604473941028118,6.033616542816162,0.014222618192434311,0.02920699119567871,5.567549705505371
259.6,RUNNING,12,HOME_DESCENT,0.88,0.9194,143.8703,6.87,True,NORMAL,MONITOR,False,{},"[""uav2"", ""uav1"", ""uav0""]",limited,True,{},NONE,NORMAL,SAFE,1.0,IDLE,0.0,0.0,0.0,,,0.0,False,avoidance not required,,{},,,,,,,,,,,0,safe,3.342,14.254,0.292,0,0,0.0,0.0,[],-0.01357007771730423,0.016004018485546112,6.407413482666016,0.0054619405418634415,0.029247140511870384,5.987552642822266,0.014201453886926174,0.0349462553858757,5.528026580810547
259.8,RUNNING,12,HOME_DESCENT,0.88,0.9194,143.8703,6.87,True,NORMAL,MONITOR,False,{},"[""uav2"", ""uav1"", ""uav0""]",limited,True,{},NONE,NORMAL,SAFE,1.0,IDLE,0.0,0.0,0.0,,,0.0,False,avoidance not required,,{},,,,,,,,,,,0,safe,3.341,14.250,0.301,0,0,0.0,0.0,[],-0.0140287009999156,0.017719203606247902,6.367409706115723,0.003942529670894146,0.03854009881615639,5.939236640930176,0.011152406223118305,0.04082489013671875,5.4859843254089355
260.0,RUNNING,12,HOME_DESCENT,0.881,0.9194,143.8703,6.87,True,NORMAL,MONITOR,False,{},"[""uav2"", ""uav1"", ""uav0""]",limited,True,{},NONE,NORMAL,SAFE,1.0,IDLE,0.0,0.0,0.0,,,0.0,False,avoidance not required,,{},,,,,,,,,,,0,safe,3.338,14.248,0.307,0,0,0.0,0.0,[],-0.013211867772042751,0.01648823730647564,6.322497367858887,0.002784447278827429,0.04102576896548271,5.886641025543213,0.007992209866642952,0.04104334115982056,5.435720920562744
260.2,RUNNING,12,HOME_DESCENT,0.882,0.9192,143.8444,6.833,True,NORMAL,MONITOR,False,{},"[""uav2"", ""uav1"", ""uav0""]",limited,True,{},NONE,NORMAL,SAFE,1.0,IDLE,0.0,0.0,0.0,,,0.0,False,avoidance not required,,{},,,,,,,,,,,0,safe,3.336,14.250,0.305,0,0,0.0,0.0,[],-0.014653453603386879,0.022962016984820366,6.279218673706055,0.0010669915936887264,0.04687270522117615,5.843311309814453,0.003450004616752267,0.041017793118953705,5.385727405548096
260.4,RUNNING,12,HOME_DESCENT,0.883,0.9192,143.8444,6.833,True,NORMAL,MONITOR,False,{},"[""uav2"", ""uav1"", ""uav0""]",limited,True,{},NONE,NORMAL,SAFE,1.0,IDLE,0.0,0.0,0.0,,,0.0,False,avoidance not required,,{},,,,,,,,,,,0,safe,3.334,14.253,0.304,0,0,0.0,0.0,[],-0.014124558307230473,0.02429839037358761,6.232953071594238,-0.00028708690661005676,0.04646868258714676,5.795866012573242,-7.48305901652202e-05,0.037971049547195435,5.3331828117370605
260.6,RUNNING,12,HOME_DESCENT,0.883,0.9191,143.8186,6.796,True,NORMAL,MONITOR,False,{},"[""uav2"", ""uav1"", ""uav0""]",limited,True,{},NONE,NORMAL,SAFE,1.0,IDLE,0.0,0.0,0.0,,,0.0,False,avoidance not required,,{},,,,,,,,,,,0,safe,3.332,14.258,0.299,0,0,0.0,0.0,[],-0.015807300806045532,0.03403456509113312,6.193821907043457,-0.005569457076489925,0.04759497195482254,5.742455005645752,-0.004559542052447796,0.03867768123745918,5.28135871887207
260.8,RUNNING,12,HOME_DESCENT,0.884,0.9191,143.8186,6.796,True,NORMAL,MONITOR,False,{},"[""uav2"", ""uav1"", ""uav0""]",limited,True,{},NONE,NORMAL,SAFE,1.0,IDLE,0.0,0.0,0.0,,,0.0,False,avoidance not required,,{},,,,,,,,,,,0,safe,3.333,14.260,0.296,0,0,0.0,0.0,[],-0.015505620278418064,0.03677952662110329,6.150524139404297,-0.008500938303768635,0.04456518217921257,5.6902174949646,-0.007368832360953093,0.036505505442619324,5.227360248565674
261.0,RUNNING,12,HOME_DESCENT,0.885,0.9191,143.8186,6.796,True,NORMAL,MONITOR,False,{},"[""uav2"", ""uav1"", ""uav0""]",limited,True,{},NONE,NORMAL,SAFE,1.0,IDLE,0.0,0.0,0.0,,,0.0,False,avoidance not required,,{},,,,,,,,,,,0,safe,3.333,14.264,0.291,0,0,0.0,0.0,[],-0.022740373387932777,0.04487196356058121,6.105429172515869,-0.012729018926620483,0.04326074942946434,5.641114711761475,-0.01029894221574068,0.0383002832531929,5.17929220199585
261.2,RUNNING,12,HOME_DESCENT,0.886,0.919,143.7928,6.759,True,NORMAL,MONITOR,False,{},"[""uav2"", ""uav1"", ""uav0""]",limited,True,{},NONE,NORMAL,SAFE,1.0,IDLE,0.0,0.0,0.0,,,0.0,False,avoidance not required,,{},,,,,,,,,,,0,safe,3.335,14.265,0.292,0,0,0.0,0.0,[],-0.025531793013215065,0.046353816986083984,6.0554423332214355,-0.01477788295596838,0.03856468200683594,5.593764781951904,-0.012691108509898186,0.036318328231573105,5.128885269165039
261.4,RUNNING,12,HOME_DESCENT,0.886,0.919,143.7928,6.759,True,NORMAL,MONITOR,False,{},"[""uav2"", ""uav1"", ""uav0""]",limited,True,{},NONE,NORMAL,SAFE,1.0,IDLE,0.0,0.0,0.0,,,0.0,False,avoidance not required,,{},,,,,,,,,,,0,safe,3.335,14.268,0.291,0,0,0.0,0.0,[],-0.029777171090245247,0.05148759484291077,6.0085368156433105,-0.015138508751988411,0.034529488533735275,5.550914764404297,-0.02109968289732933,0.03755031153559685,5.0851545333862305
261.6,RUNNING,12,HOME_DESCENT,0.887,0.9188,143.767,6.722,True,NORMAL,MONITOR,False,{},"[""uav2"", ""uav1"", ""uav0""]",limited,True,{},NONE,NORMAL,SAFE,1.0,IDLE,0.0,0.0,0.0,,,0.0,False,avoidance not required,,{},,,,,,,,,,,0,safe,3.327,14.273,0.297,0,0,0.0,0.0,[],-0.030477093532681465,0.05025408789515495,5.9611968994140625,-0.014959581196308136,0.03331407904624939,5.509405612945557,-0.02793392725288868,0.04035826399922371,5.036489486694336
261.8,RUNNING,12,HOME_DESCENT,0.888,0.9188,143.767,6.722,True,NORMAL,MONITOR,False,{},"[""uav2"", ""uav1"", ""uav0""]",limited,True,{},NONE,NORMAL,SAFE,1.0,IDLE,0.0,0.0,0.0,,,0.0,False,avoidance not required,,{},,,,,,,,,,,0,safe,3.321,14.276,0.299,0,0,0.0,0.0,[],-0.03251611813902855,0.05369965732097626,5.9160966873168945,-0.013898966833949089,0.02892645075917244,5.46397066116333,-0.03088195063173771,0.03921108320355415,4.985165119171143
262.0,RUNNING,12,HOME_DESCENT,0.889,0.9188,143.767,6.722,True,NORMAL,MONITOR,False,{},"[""uav2"", ""uav1"", ""uav0""]",limited,True,{},NONE,NORMAL,SAFE,1.0,IDLE,0.0,0.0,0.0,,,0.0,False,avoidance not required,,{},,,,,,,,,,,0,safe,3.318,14.279,0.297,0,0,0.0,0.0,[],-0.03115721605718136,0.050743427127599716,5.870588302612305,-0.013863121159374714,0.029881080612540245,5.419670104980469,-0.03383922204375267,0.041835006326436996,4.9341936111450195
262.2,RUNNING,12,HOME_DESCENT,0.889,0.9187,143.7411,6.686,True,NORMAL,MONITOR,False,{},"[""uav2"", ""uav1"", ""uav0""]",limited,True,{},NONE,NORMAL,SAFE,1.0,IDLE,0.0,0.0,0.0,,,0.0,False,avoidance not required,,{},,,,,,,,,,,0,safe,3.316,14.279,0.296,0,0,0.0,0.0,[],-0.032960135489702225,0.050194840878248215,5.829709053039551,-0.012470124289393425,0.02724512852728367,5.369568347930908,-0.03334776684641838,0.040256381034851074,4.87988805770874
262.4,RUNNING,12,HOME_DESCENT,0.89,0.9187,143.7411,6.686,True,NORMAL,MONITOR,False,{},"[""uav2"", ""uav1"", ""uav0""]",limited,True,{},NONE,NORMAL,SAFE,1.0,IDLE,0.0,0.0,0.0,,,0.0,False,avoidance not required,,{},,,,,,,,,,,0,safe,3.316,14.280,0.291,0,0,0.0,0.0,[],-0.03127619996666908,0.044926032423973083,5.783497333526611,-0.011443747207522392,0.02670392021536827,5.3196845054626465,-0.03175586089491844,0.04001044109463692,4.8231940269470215
262.6,RUNNING,12,HOME_DESCENT,0.891,0.9186,143.7153,6.649,True,NORMAL,MONITOR,False,{},"[""uav2"", ""uav1"", ""uav0""]",limited,True,{},NONE,NORMAL,SAFE,1.0,IDLE,0.0,0.0,0.0,,,0.0,False,avoidance not required,,{},,,,,,,,,,,0,safe,3.317,14.279,0.285,0,0,0.0,0.0,[],-0.028410976752638817,0.046223971992731094,5.733342170715332,-0.009784828871488571,0.023585248738527298,5.270323753356934,-0.028429728001356125,0.03635434806346893,4.769931316375732
262.8,RUNNING,12,HOME_DESCENT,0.892,0.9186,143.7153,6.649,True,NORMAL,MONITOR,False,{},"[""uav2"", ""uav1"", ""uav0""]",limited,True,{},NONE,NORMAL,SAFE,1.0,IDLE,0.0,0.0,0.0,,,0.0,False,avoidance not required,,{},,,,,,,,,,,0,safe,3.319,14.279,0.284,0,0,0.0,0.0,[],-0.024115514010190964,0.04287334159016609,5.684652328491211,-0.009911485016345978,0.020287122577428818,5.221044540405273,-0.024947509169578552,0.03221280872821808,4.716165065765381
263.0,RUNNING,12,HOME_DESCENT,0.892,0.9186,143.7153,6.649,True,NORMAL,MONITOR,False,{},"[""uav2"", ""uav1"", ""uav0""]",limited,True,{},NONE,NORMAL,SAFE,1.0,IDLE,0.0,0.0,0.0,,,0.0,False,avoidance not required,,{},,,,,,,,,,,0,safe,3.324,14.280,0.283,0,0,0.0,0.0,[],-0.024967845529317856,0.04626693204045296,5.636326789855957,-0.00921441987156868,0.01622842624783516,5.169957160949707,-0.021322108805179596,0.02693873457610607,4.663246154785156
263.2,RUNNING,12,HOME_DESCENT,0.893,0.9184,143.6896,6.63,True,NORMAL,MONITOR,False,{},"[""uav2"", ""uav1"", ""uav0""]",limited,True,{},NONE,NORMAL,SAFE,1.0,IDLE,0.0,0.0,0.0,,,0.0,False,avoidance not required,,{},,,,,,,,,,,0,safe,3.327,14.281,0.281,0,0,0.0,0.0,[],-0.0231996588408947,0.04387417808175087,5.587325096130371,-0.009935567155480385,0.01619565300643444,5.113417625427246,-0.022144557908177376,0.02673274092376232,4.612088680267334
263.4,RUNNING,12,HOME_DESCENT,0.894,0.9184,143.6896,6.63,True,NORMAL,MONITOR,False,{},"[""uav2"", ""uav1"", ""uav0""]",limited,True,{},NONE,NORMAL,SAFE,1.0,IDLE,0.0,0.0,0.0,,,0.0,False,avoidance not required,,{},,,,,,,,,,,0,safe,3.326,14.281,0.273,0,0,0.0,0.0,[],-0.02082597091794014,0.04666461795568466,5.542436599731445,-0.011509165167808533,0.016440073028206825,5.06052303314209,-0.022451551631093025,0.028414586558938026,4.559277534484863
263.6,RUNNING,12,HOME_DESCENT,0.895,0.9183,143.6638,6.594,True,NORMAL,MONITOR,False,{},"[""uav2"", ""uav1"", ""uav0""]",limited,True,{},NONE,NORMAL,SAFE,1.0,IDLE,0.0,0.0,0.0,,,0.0,False,avoidance not required,,{},,,,,,,,,,,0,safe,3.327,14.280,0.270,0,0,0.0,0.0,[],-0.017047805711627007,0.04416058957576752,5.4944353103637695,-0.010863007977604866,0.014812581241130829,5.00860071182251,-0.020748980343341827,0.026835644617676735,4.506731033325195
263.8,RUNNING,12,HOME_DESCENT,0.895,0.9183,143.6638,6.594,True,NORMAL,MONITOR,False,{},"[""uav2"", ""uav1"", ""uav0""]",limited,True,{},NONE,NORMAL,SAFE,1.0,IDLE,0.0,0.0,0.0,,,0.0,False,avoidance not required,,{},,,,,,,,,,,0,safe,3.328,14.280,0.269,0,0,0.0,0.0,[],-0.015351610258221626,0.043134819716215134,5.445417404174805,-0.015303300693631172,0.013582480140030384,4.952238082885742,-0.02073449268937111,0.024992160499095917,4.448862075805664
264.0,RUNNING,12,HOME_DESCENT,0.896,0.9183,143.6638,6.594,True,NORMAL,MONITOR,False,{},"[""uav2"", ""uav1"", ""uav0""]",limited,True,{},NONE,NORMAL,SAFE,1.0,IDLE,0.0,0.0,0.0,,,0.0,False,avoidance not required,,{},,,,,,,,,,,0,safe,3.333,14.282,0.268,0,0,0.0,0.0,[],-0.012282144278287888,0.03864540532231331,5.395740032196045,-0.016186457127332687,0.011180585250258446,4.898263454437256,-0.01882329210639,0.02180037833750248,4.394218444824219
264.2,RUNNING,12,HOME_DESCENT,0.897,0.9182,143.6381,6.557,True,NORMAL,MONITOR,False,{},"[""uav2"", ""uav1"", ""uav0""]",limited,True,{},NONE,NORMAL,SAFE,1.0,IDLE,0.0,0.0,0.0,,,0.0,False,avoidance not required,,{},,,,,,,,,,,0,safe,3.334,14.282,0.265,0,0,0.0,0.0,[],-0.014587156474590302,0.035356491804122925,5.342396259307861,-0.017430802807211876,0.010932673700153828,4.843210220336914,-0.01729780063033104,0.022450830787420273,4.33734655380249
264.4,RUNNING,12,HOME_DESCENT,0.898,0.9182,143.6381,6.557,True,NORMAL,MONITOR,False,{},"[""uav2"", ""uav1"", ""uav0""]",limited,True,{},NONE,NORMAL,SAFE,1.0,IDLE,0.0,0.0,0.0,,,0.0,False,avoidance not required,,{},,,,,,,,,,,0,safe,3.335,14.281,0.260,0,0,0.0,0.0,[],-0.01379006914794445,0.02918526716530323,5.288099765777588,-0.01601891592144966,0.00935985054820776,4.790825366973877,-0.013676423579454422,0.0217929445207119,4.28416109085083
264.6,RUNNING,12,HOME_DESCENT,0.898,0.9181,143.6124,6.52,True,NORMAL,MONITOR,False,{},"[""uav2"", ""uav1"", ""uav0""]",limited,True,{},NONE,NORMAL,SAFE,1.0,IDLE,0.0,0.0,0.0,,,0.0,False,avoidance not required,,{},,,,,,,,,,,0,safe,3.335,14.279,0.254,0,0,0.0,0.0,[],-0.012907322496175766,0.030410947278141975,5.229847431182861,-0.018682999536395073,0.00964062474668026,4.729756832122803,-0.0077597228810191154,0.027545632794499397,4.224774360656738
264.8,RUNNING,12,HOME_DESCENT,0.899,0.9181,143.6124,6.52,True,NORMAL,MONITOR,False,{},"[""uav2"", ""uav1"", ""uav0""]",limited,True,{},NONE,NORMAL,SAFE,1.0,IDLE,0.0,0.0,0.0,,,0.0,False,avoidance not required,,{},,,,,,,,,,,0,safe,3.328,14.266,0.239,0,0,0.0,0.0,[],-0.010293339379131794,0.028119901195168495,5.175743579864502,-0.021348077803850174,0.010411123745143414,4.668659210205078,-0.003318408504128456,0.028782155364751816,4.173182010650635
265.0,RUNNING,12,HOME_DESCENT,0.9,0.9181,143.6124,6.52,True,NORMAL,MONITOR,False,{},"[""uav2"", ""uav1"", ""uav0""]",limited,True,{},NONE,NORMAL,SAFE,1.0,IDLE,0.0,0.0,0.0,,,0.0,False,avoidance not required,,{},,,,,,,,,,,0,safe,3.328,14.266,0.239,0,0,0.0,0.0,[],-0.00907620694488287,0.029647663235664368,5.118312358856201,-0.02066064439713955,0.00975771900266409,4.617464065551758,-0.005341836716979742,0.028090599924325943,4.121520042419434
265.2,RUNNING,12,HOME_DESCENT,0.901,0.9179,143.5868,6.483,True,NORMAL,MONITOR,False,{},"[""uav2"", ""uav1"", ""uav0""]",limited,True,{},NONE,NORMAL,SAFE,1.0,IDLE,0.0,0.0,0.0,,,0.0,False,avoidance not required,,{},,,,,,,,,,,0,safe,3.326,14.268,0.231,0,0,0.0,0.0,[],-0.006543631199747324,0.027387656271457672,5.067274570465088,-0.02020333707332611,0.011919002048671246,4.5619306564331055,-0.00632798857986927,0.024994246661663055,4.073928356170654
265.4,RUNNING,12,HOME_DESCENT,0.901,0.9179,143.5868,6.483,True,NORMAL,MONITOR,False,{},"[""uav2"", ""uav1"", ""uav0""]",limited,True,{},NONE,NORMAL,SAFE,1.0,IDLE,0.0,0.0,0.0,,,0.0,False,avoidance not required,,{},,,,,,,,,,,0,safe,3.325,14.271,0.230,0,0,0.0,0.0,[],-0.005450703669339418,0.025112658739089966,5.014743328094482,-0.017742779105901718,0.012613318860530853,4.511031150817871,-0.011989112943410873,0.02159690484404564,4.021580219268799
265.6,RUNNING,12,HOME_DESCENT,0.902,0.9178,143.5611,6.447,True,NORMAL,MONITOR,False,{},"[""uav2"", ""uav1"", ""uav0""]",limited,True,{},NONE,NORMAL,SAFE,1.0,IDLE,0.0,0.0,0.0,,,0.0,False,avoidance not required,,{},,,,,,,,,,,0,safe,3.326,14.278,0.228,0,0,0.0,0.0,[],-0.006262867711484432,0.025772882625460625,4.959386825561523,-0.01907714083790779,0.013222054578363895,4.454956531524658,-0.014517088420689106,0.018087398260831833,3.9705100059509277
265.8,RUNNING,12,HOME_DESCENT,0.903,0.9178,143.5611,6.447,True,NORMAL,MONITOR,False,{},"[""uav2"", ""uav1"", ""uav0""]",limited,True,{},NONE,NORMAL,SAFE,1.0,IDLE,0.0,0.0,0.0,,,0.0,False,avoidance not required,,{},,,,,,,,,,,0,safe,3.326,14.282,0.227,0,0,0.0,0.0,[],-0.005380116403102875,0.024234069511294365,4.907346248626709,-0.017424268648028374,0.012554529123008251,4.40705680847168,-0.0185063686221838,0.016567818820476532,3.9158127307891846
266.0,RUNNING,12,HOME_DESCENT,0.904,0.9178,143.5611,6.447,True,NORMAL,MONITOR,False,{},"[""uav2"", ""uav1"", ""uav0""]",limited,True,{},NONE,NORMAL,SAFE,1.0,IDLE,0.0,0.0,0.0,,,0.0,False,avoidance not required,,{},,,,,,,,,,,0,safe,3.326,14.286,0.222,0,0,0.0,0.0,[],-0.0047534131444990635,0.023239564150571823,4.855135440826416,-0.019097160547971725,0.010919569991528988,4.3533148765563965,-0.019451448693871498,0.01400101650506258,3.865081310272217
266.2,RUNNING,12,HOME_DESCENT,0.904,0.9177,143.5355,6.41,True,NORMAL,MONITOR,False,{},"[""uav2"", ""uav1"", ""uav0""]",limited,True,{},NONE,NORMAL,SAFE,1.0,IDLE,0.0,0.0,0.0,,,0.0,False,avoidance not required,,{},,,,,,,,,,,0,safe,3.324,14.288,0.221,0,0,0.0,0.0,[],-0.0028543840162456036,0.020632054656744003,4.806750297546387,-0.017665602266788483,0.009345837868750095,4.305552959442139,-0.02312825806438923,0.010497525334358215,3.8084778785705566
266.4,RUNNING,12,HOME_DESCENT,0.905,0.9177,143.5355,6.41,True,NORMAL,MONITOR,False,{},"[""uav2"", ""uav1"", ""uav0""]",limited,True,{},NONE,NORMAL,SAFE,1.0,IDLE,0.0,0.0,0.0,,,0.0,False,avoidance not required,,{},,,,,,,,,,,0,safe,3.323,14.293,0.214,0,0,0.0,0.0,[],-0.005347950849682093,0.014330300502479076,4.749805450439453,-0.020021991804242134,0.009172321297228336,4.245573997497559,-0.02558669075369835,0.006418253295123577,3.7522225379943848
266.6,RUNNING,12,HOME_DESCENT,0.906,0.9175,143.5099,6.373,True,NORMAL,MONITOR,False,{},"[""uav2"", ""uav1"", ""uav0""]",limited,True,{},NONE,NORMAL,SAFE,1.0,IDLE,0.0,0.0,0.0,,,0.0,False,avoidance not required,,{},,,,,,,,,,,0,safe,3.324,14.298,0.208,0,0,0.0,0.0,[],-0.005326263140887022,0.009462632238864899,4.704470634460449,-0.01925763487815857,0.008581443689763546,4.193630695343018,-0.024552704766392708,0.0031692232005298138,3.701766014099121
266.8,RUNNING,12,HOME_DESCENT,0.907,0.9175,143.5099,6.373,True,NORMAL,MONITOR,False,{},"[""uav2"", ""uav1"", ""uav0""]",limited,True,{},NONE,NORMAL,SAFE,1.0,IDLE,0.0,0.0,0.0,,,0.0,False,avoidance not required,,{},,,,,,,,,,,0,safe,3.326,14.300,0.211,0,0,0.0,0.0,[],-0.009038638323545456,0.004158966243267059,4.6443023681640625,-0.021966498345136642,0.007879291661083698,4.129386901855469,-0.02431931346654892,0.0004059026250615716,3.6442391872406006
267.0,RUNNING,12,HOME_DESCENT,0.907,0.9174,143.4844,6.355,True,NORMAL,MONITOR,False,{},"[""uav2"", ""uav1"", ""uav0""]",limited,True,{},NONE,NORMAL,SAFE,1.0,IDLE,0.0,0.0,0.0,,,0.0,False,avoidance not required,,{},,,,,,,,,,,0,safe,3.327,14.301,0.200,0,0,0.0,0.0,[],-0.009935247711837292,0.0003511370741762221,4.592746734619141,-0.020994406193494797,0.0070606679655611515,4.080121040344238,-0.022563692182302475,-0.0017617124831303954,3.5936853885650635
267.2,RUNNING,12,HOME_DESCENT,0.908,0.9174,143.4844,6.355,True,NORMAL,MONITOR,False,{},"[""uav2"", ""uav1"", ""uav0""]",limited,True,{},NONE,NORMAL,SAFE,1.0,IDLE,0.0,0.0,0.0,,,0.0,False,avoidance not required,,{},,,,,,,,,,,0,safe,3.329,14.302,0.199,0,0,0.0,0.0,[],-0.014170552603900433,-0.0050035095773637295,4.53945255279541,-0.025110410526394844,0.006829449906945229,4.02475643157959,-0.025857824832201004,-0.0038049067370593548,3.536648988723755
267.4,RUNNING,12,HOME_DESCENT,0.909,0.9174,143.4844,6.355,True,NORMAL,MONITOR,False,{},"[""uav2"", ""uav1"", ""uav0""]",limited,True,{},NONE,NORMAL,SAFE,1.0,IDLE,0.0,0.0,0.0,,,0.0,False,avoidance not required,,{},,,,,,,,,,,0,safe,3.329,14.305,0.195,0,0,0.0,0.0,[],-0.015090342611074448,-0.008210998959839344,4.493325233459473,-0.02485225535929203,0.006295862141996622,3.981692314147949,-0.02618798427283764,-0.005063867196440697,3.4884698390960693
267.6,RUNNING,12,HOME_DESCENT,0.91,0.9173,143.4588,6.318,True,NORMAL,MONITOR,False,{},"[""uav2"", ""uav1"", ""uav0""]",limited,True,{},NONE,NORMAL,SAFE,1.0,IDLE,0.0,0.0,0.0,,,0.0,False,avoidance not required,,{},,,,,,,,,,,0,safe,3.330,14.307,0.199,0,0,0.0,0.0,[],-0.0185367651283741,-0.011616112664341927,4.439077854156494,-0.028050974011421204,0.004186409059911966,3.9269044399261475,-0.03180182725191116,-0.007759891450405121,3.436849594116211
267.8,RUNNING,12,HOME_DESCENT,0.91,0.9173,143.4588,6.318,True,NORMAL,MONITOR,False,{},"[""uav2"", ""uav1"", ""uav0""]",limited,True,{},NONE,NORMAL,SAFE,1.0,IDLE,0.0,0.0,0.0,,,0.0,False,avoidance not required,,{},,,,,,,,,,,0,safe,3.330,14.312,0.196,0,0,0.0,0.0,[],-0.018636882305145264,-0.01308639720082283,4.393092155456543,-0.0273270383477211,0.002851522993296385,3.8792638778686523,-0.032992441207170486,-0.009268301539123058,3.3910322189331055
268.0,RUNNING,12,HOME_DESCENT,0.911,0.9173,143.4588,6.318,True,NORMAL,MONITOR,False,{},"[""uav2"", ""uav1"", ""uav0""]",limited,True,{},NONE,NORMAL,SAFE,1.0,IDLE,0.0,0.0,0.0,,,0.0,False,avoidance not required,,{},,,,,,,,,,,0,safe,3.330,14.314,0.200,0,0,0.0,0.0,[],-0.02095639891922474,-0.01442719716578722,4.336626052856445,-0.02973308227956295,0.003561200574040413,3.8179848194122314,-0.03519027307629585,-0.011685351841151714,3.338773250579834
268.2,RUNNING,12,HOME_DESCENT,0.912,0.9172,143.4333,6.281,True,NORMAL,MONITOR,False,{},"[""uav2"", ""uav1"", ""uav0""]",limited,True,{},NONE,NORMAL,SAFE,1.0,IDLE,0.0,0.0,0.0,,,0.0,False,avoidance not required,,{},,,,,,,,,,,0,safe,3.329,14.318,0.194,0,0,0.0,0.0,[],-0.01999664306640625,-0.014089147560298443,4.287758827209473,-0.028010418638586998,0.0041082799434661865,3.767977714538574,-0.033321697264909744,-0.0125288600102067,3.291022300720215
268.4,RUNNING,12,HOME_DESCENT,0.913,0.9172,143.4333,6.281,True,NORMAL,MONITOR,False,{},"[""uav2"", ""uav1"", ""uav0""]",limited,True,{},NONE,NORMAL,SAFE,1.0,IDLE,0.0,0.0,0.0,,,0.0,False,avoidance not required,,{},,,,,,,,,,,0,safe,3.329,14.317,0.195,0,0,0.0,0.0,[],-0.020451229065656662,-0.015915805473923683,4.227334976196289,-0.02655855566263199,0.0038125431165099144,3.7104272842407227,-0.03130943328142166,-0.01298604067414999,3.237212657928467
268.6,RUNNING,12,HOME_DESCENT,0.913,0.917,143.4078,6.244,True,NORMAL,MONITOR,False,{},"[""uav2"", ""uav1"", ""uav0""]",limited,True,{},NONE,NORMAL,SAFE,1.0,IDLE,0.0,0.0,0.0,,,0.0,False,avoidance not required,,{},,,,,,,,,,,0,safe,3.329,14.316,0.185,0,0,0.0,0.0,[],-0.018062887713313103,-0.01560223288834095,4.1766180992126465,-0.022605761885643005,0.0037622663658112288,3.665001153945923,-0.027759414166212082,-0.01215225737541914,3.1869239807128906
268.8,RUNNING,12,HOME_DESCENT,0.914,0.917,143.4078,6.244,True,NORMAL,MONITOR,False,{},"[""uav2"", ""uav1"", ""uav0""]",limited,True,{},NONE,NORMAL,SAFE,1.0,IDLE,0.0,0.0,0.0,,,0.0,False,avoidance not required,,{},,,,,,,,,,,0,safe,3.329,14.313,0.183,0,0,0.0,0.0,[],-0.018205059692263603,-0.017280982807278633,4.113897323608398,-0.022699421271681786,0.0018426879541948438,3.6119437217712402,-0.02932046540081501,-0.012740214355289936,3.1262452602386475
269.0,RUNNING,12,HOME_DESCENT,0.915,0.917,143.4078,6.244,True,NORMAL,MONITOR,False,{},"[""uav2"", ""uav1"", ""uav0""]",limited,True,{},NONE,NORMAL,SAFE,1.0,IDLE,0.0,0.0,0.0,,,0.0,False,avoidance not required,,{},,,,,,,,,,,0,safe,3.329,14.314,0.171,0,0,0.0,0.0,[],-0.015948554500937462,-0.016713522374629974,4.065418243408203,-0.020093824714422226,0.0008756889728829265,3.5685198307037354,-0.027919910848140717,-0.012697827070951462,3.0734713077545166
269.2,RUNNING,12,HOME_DESCENT,0.916,0.9169,143.3823,6.208,True,NORMAL,MONITOR,False,{},"[""uav2"", ""uav1"", ""uav0""]",limited,True,{},NONE,NORMAL,SAFE,1.0,IDLE,0.0,0.0,0.0,,,0.0,False,avoidance not required,,{},,,,,,,,,,,0,safe,3.329,14.313,0.172,0,0,0.0,0.0,[],-0.016664354130625725,-0.02075425535440445,4.009289264678955,-0.020838292315602303,-0.001692920341156423,3.5138444900512695,-0.029970042407512665,-0.014986912719905376,3.012270450592041
269.4,RUNNING,12,HOME_DESCENT,0.916,0.9169,143.3823,6.208,True,NORMAL,MONITOR,False,{},"[""uav2"", ""uav1"", ""uav0""]",limited,True,{},NONE,NORMAL,SAFE,1.0,IDLE,0.0,0.0,0.0,,,0.0,False,avoidance not required,,{},,,,,,,,,,,0,safe,3.329,14.316,0.167,0,0,0.0,0.0,[],-0.014973476529121399,-0.021704137325286865,3.9608116149902344,-0.019242465496063232,-0.0032032590825110674,3.4683284759521484,-0.02806050144135952,-0.015254014171659946,2.963261842727661
269.6,RUNNING,12,HOME_DESCENT,0.917,0.9168,143.3569,6.171,True,NORMAL,MONITOR,False,{},"[""uav2"", ""uav1"", ""uav0""]",limited,True,{},NONE,NORMAL,SAFE,1.0,IDLE,0.0,0.0,0.0,,,0.0,False,avoidance not required,,{},,,,,,,,,,,0,safe,3.330,14.315,0.170,0,0,0.0,0.0,[],-0.01769881322979927,-0.02222343347966671,3.907460927963257,-0.01915818452835083,-0.010418369434773922,3.4122540950775146,-0.022879159078001976,-0.014280402101576328,2.906698703765869
269.8,RUNNING,12,HOME_DESCENT,0.918,0.9168,143.3569,6.171,True,NORMAL,MONITOR,False,{},"[""uav2"", ""uav1"", ""uav0""]",limited,True,{},NONE,NORMAL,SAFE,1.0,IDLE,0.0,0.0,0.0,,,0.0,False,avoidance not required,,{},,,,,,,,,,,0,safe,3.335,14.311,0.165,0,0,0.0,0.0,[],-0.01750604808330536,-0.02060498669743538,3.861743450164795,-0.01647486537694931,-0.013779960572719574,3.365469217300415,-0.01763872802257538,-0.011993511579930782,2.8585033416748047
270.0,RUNNING,12,HOME_DESCENT,0.919,0.9167,143.3315,6.134,True,NORMAL,MONITOR,False,{},"[""uav2"", ""uav1"", ""uav0""]",limited,True,{},NONE,NORMAL,SAFE,1.0,IDLE,0.0,0.0,0.0,,,0.0,False,avoidance not required,,{},,,,,,,,,,,0,safe,3.338,14.305,0.169,0,0,0.0,0.0,[],-0.020040148869156837,-0.017652010545134544,3.8003227710723877,-0.01621159352362156,-0.01609998382627964,3.310063123703003,-0.01651449128985405,-0.008805224671959877,2.80361008644104
270.2,RUNNING,12,HOME_DESCENT,0.919,0.9167,143.3315,6.134,True,NORMAL,MONITOR,False,{},"[""uav2"", ""uav1"", ""uav0""]",limited,True,{},NONE,NORMAL,SAFE,1.0,IDLE,0.0,0.0,0.0,,,0.0,False,avoidance not required,,{},,,,,,,,,,,0,safe,3.338,14.302,0.159,0,0,0.0,0.0,[],-0.01903379149734974,-0.013857465237379074,3.7502758502960205,-0.013653403148055077,-0.015879321843385696,3.2645442485809326,-0.014103389345109463,-0.005343616474419832,2.7573208808898926
270.4,RUNNING,12,HOME_DESCENT,0.92,0.9167,143.3315,6.134,True,NORMAL,MONITOR,False,{},"[""uav2"", ""uav1"", ""uav0""]",limited,True,{},NONE,NORMAL,SAFE,1.0,IDLE,0.0,0.0,0.0,,,0.0,False,avoidance not required,,{},,,,,,,,,,,0,safe,3.338,14.298,0.162,0,0,0.0,0.0,[],-0.02101857215166092,-0.008979453705251217,3.6926815509796143,-0.011653201654553413,-0.017843088135123253,3.2113966941833496,-0.015941914170980453,-0.00022510296548716724,2.700950860977173
270.6,RUNNING,12,HOME_DESCENT,0.921,0.9165,143.3061,6.097,True,NORMAL,MONITOR,False,{},"[""uav2"", ""uav1"", ""uav0""]",limited,True,{},NONE,NORMAL,SAFE,1.0,IDLE,0.0,0.0,0.0,,,0.0,False,avoidance not required,,{},,,,,,,,,,,0,safe,3.335,14.296,0.157,0,0,0.0,0.0,[],-0.02385099232196808,-0.008668754249811172,3.631756067276001,-0.00775620061904192,-0.02046802267432213,3.1556661128997803,-0.018526094034314156,0.003542087972164154,2.6480705738067627
270.8,RUNNING,12,HOME_DESCENT,0.922,0.9165,143.3061,6.097,True,NORMAL,MONITOR,False,{},"[""uav2"", ""uav1"", ""uav0""]",limited,True,{},NONE,NORMAL,SAFE,1.0,IDLE,0.0,0.0,0.0,,,0.0,False,avoidance not required,,{},,,,,,,,,,,0,safe,3.328,14.295,0.150,0,0,0.0,0.0,[],-0.023028932511806488,-0.007584115490317345,3.5859320163726807,-0.0036117862910032272,-0.02028309740126133,3.111417770385742,-0.01765771396458149,0.0058694155886769295,2.606722116470337
271.0,RUNNING,12,HOME_DESCENT,0.922,0.9165,143.3061,6.097,True,NORMAL,MONITOR,False,{},"[""uav2"", ""uav1"", ""uav0""]",limited,True,{},NONE,NORMAL,SAFE,1.0,IDLE,0.0,0.0,0.0,,,0.0,False,avoidance not required,,{},,,,,,,,,,,0,safe,3.325,14.293,0.154,0,0,0.0,0.0,[],-0.02259007655084133,-0.0066254641860723495,3.525909185409546,-0.002686799503862858,-0.020018018782138824,3.056173801422119,-0.015006287954747677,0.005590139888226986,2.5629594326019287
271.2,RUNNING,12,HOME_DESCENT,0.923,0.9164,143.2808,6.079,True,NORMAL,MONITOR,False,{},"[""uav2"", ""uav1"", ""uav0""]",limited,True,{},NONE,NORMAL,SAFE,1.0,IDLE,0.0,0.0,0.0,,,0.0,False,avoidance not required,,{},,,,,,,,,,,0,safe,3.325,14.289,0.147,0,0,0.0,0.0,[],-0.019580157473683357,-0.005079633090645075,3.4822113513946533,-0.0011986596509814262,-0.01771504431962967,3.0096487998962402,-0.012149264104664326,0.005372211337089539,2.5218253135681152
271.4,RUNNING,12,HOME_DESCENT,0.924,0.9164,143.2808,6.079,True,NORMAL,MONITOR,False,{},"[""uav2"", ""uav1"", ""uav0""]",limited,True,{},NONE,NORMAL,SAFE,1.0,IDLE,0.0,0.0,0.0,,,0.0,False,avoidance not required,,{},,,,,,,,,,,0,safe,3.325,14.289,0.147,0,0,0.0,0.0,[],-0.017224179580807686,-0.0014048218727111816,3.4288225173950195,-0.002232420491054654,-0.016749298200011253,2.956667184829712,-0.012251977808773518,0.004865431692451239,2.4696238040924072
271.6,RUNNING,12,HOME_DESCENT,0.925,0.9163,143.2555,6.042,True,NORMAL,MONITOR,False,{},"[""uav2"", ""uav1"", ""uav0""]",limited,True,{},NONE,NORMAL,SAFE,1.0,IDLE,0.0,0.0,0.0,,,0.0,False,avoidance not required,,{},,,,,,,,,,,0,safe,3.328,14.289,0.148,0,0,0.0,0.0,[],-0.013619445264339447,0.0017118030227720737,3.38492751121521,-0.0020246657077223063,-0.01455644704401493,2.916092872619629,-0.010892757214605808,0.00470947427675128,2.425767660140991
271.8,RUNNING,12,HOME_DESCENT,0.925,0.9163,143.2555,6.042,True,NORMAL,MONITOR,False,{},"[""uav2"", ""uav1"", ""uav0""]",limited,True,{},NONE,NORMAL,SAFE,1.0,IDLE,0.0,0.0,0.0,,,0.0,False,avoidance not required,,{},,,,,,,,,,,0,safe,3.328,14.289,0.148,0,0,0.0,0.0,[],-0.014001702889800072,0.002595778089016676,3.33154559135437,-0.0010619816603139043,-0.009678681381046772,2.860661029815674,-0.010908855125308037,0.0046034385450184345,2.379145860671997
272.0,RUNNING,12,HOME_DESCENT,0.926,0.9163,143.2555,6.042,True,NORMAL,MONITOR,False,{},"[""uav2"", ""uav1"", ""uav0""]",limited,True,{},NONE,NORMAL,SAFE,1.0,IDLE,0.0,0.0,0.0,,,0.0,False,avoidance not required,,{},,,,,,,,,,,0,safe,3.325,14.289,0.140,0,0,0.0,0.0,[],-0.01254600752145052,0.0031522109638899565,3.291184663772583,0.0005042628617957234,-0.005279046483337879,2.8174853324890137,-0.00925182644277811,0.004686037544161081,2.339270830154419
272.2,RUNNING,12,HOME_DESCENT,0.927,0.9162,143.2302,6.005,True,NORMAL,MONITOR,False,{},"[""uav2"", ""uav1"", ""uav0""]",limited,True,{},NONE,NORMAL,SAFE,1.0,IDLE,0.0,0.0,0.0,,,0.0,False,avoidance not required,,{},,,,,,,,,,,0,safe,3.325,14.288,0.144,0,0,0.0,0.0,[],-0.007954362779855728,0.005224457010626793,3.2427496910095215,-0.0012194986920803785,-0.00266174110583961,2.767866373062134,-0.007138599641621113,0.00519256666302681,2.2859861850738525
272.4,RUNNING,12,HOME_DESCENT,0.928,0.9162,143.2302,6.005,True,NORMAL,MONITOR,False,{},"[""uav2"", ""uav1"", ""uav0""]",limited,True,{},NONE,NORMAL,SAFE,1.0,IDLE,0.0,0.0,0.0,,,0.0,False,avoidance not required,,{},,,,,,,,,,,0,safe,3.329,14.286,0.141,0,0,0.0,0.0,[],-0.0031939998734742403,0.0065729739144444466,3.202280282974243,-0.0008471876499243081,0.00617992551997304,2.713754177093506,-0.0064081973396241665,0.006817148998379707,2.2323191165924072
272.6,RUNNING,12,HOME_DESCENT,0.928,0.916,143.2049,5.968,True,NORMAL,MONITOR,False,{},"[""uav2"", ""uav1"", ""uav0""]",limited,True,{},NONE,NORMAL,SAFE,1.0,IDLE,0.0,0.0,0.0,,,0.0,False,avoidance not required,,{},,,,,,,,,,,0,safe,3.329,14.284,0.147,0,0,0.0,0.0,[],-0.0031489087268710136,0.010903931222856045,3.150008201599121,0.00039218523306772113,0.011885162442922592,2.6721694469451904,-0.005093428771942854,0.007982703857123852,2.190187931060791
272.8,RUNNING,12,HOME_DESCENT,0.929,0.916,143.2049,5.968,True,NORMAL,MONITOR,False,{},"[""uav2"", ""uav1"", ""uav0""]",limited,True,{},NONE,NORMAL,SAFE,1.0,IDLE,0.0,0.0,0.0,,,0.0,False,avoidance not required,,{},,,,,,,,,,,0,safe,3.330,14.282,0.143,0,0,0.0,0.0,[],-0.0021813262719660997,0.013005082495510578,3.1056458950042725,-0.0027851907070726156,0.0169050469994545,2.628901720046997,-0.005623697768896818,0.011153008788824081,2.1463887691497803
273.0,RUNNING,12,HOME_DESCENT,0.93,0.916,143.2049,5.968,True,NORMAL,MONITOR,False,{},"[""uav2"", ""uav1"", ""uav0""]",limited,True,{},NONE,NORMAL,SAFE,1.0,IDLE,0.0,0.0,0.0,,,0.0,False,avoidance not required,,{},,,,,,,,,,,0,safe,3.332,14.280,0.147,0,0,0.0,0.0,[],-0.0023856847546994686,0.01448421273380518,3.055528402328491,-0.0041595338843762875,0.01924715004861355,2.590505838394165,-0.004631116986274719,0.011706573888659477,2.11063814163208
273.2,RUNNING,12,HOME_DESCENT,0.931,0.9159,143.1796,5.932,True,NORMAL,MONITOR,False,{},"[""uav2"", ""uav1"", ""uav0""]",limited,True,{},NONE,NORMAL,SAFE,1.0,IDLE,0.0,0.0,0.0,,,0.0,False,avoidance not required,,{},,,,,,,,,,,0,safe,3.331,14.279,0.150,0,0,0.0,0.0,[],-0.0015334172639995813,0.014188411645591259,3.014910936355591,-0.0026348738465458155,0.018712898716330528,2.5401880741119385,-0.0023750646505504847,0.007142224349081516,2.071017265319824
273.4,RUNNING,12,HOME_DESCENT,0.931,0.9159,143.1796,5.932,True,NORMAL,MONITOR,False,{},"[""uav2"", ""uav1"", ""uav0""]",limited,True,{},NONE,NORMAL,SAFE,1.0,IDLE,0.0,0.0,0.0,,,0.0,False,avoidance not required,,{},,,,,,,,,,,0,safe,3.333,14.281,0.152,0,0,0.0,0.0,[],-0.002038821578025818,0.011723333038389683,2.966887950897217,-0.0006195471505634487,0.01718056946992874,2.4982237815856934,0.0004728787171188742,0.0037021799944341183,2.0351977348327637
273.6,RUNNING,12,HOME_DESCENT,0.932,0.9158,143.1542,5.895,True,NORMAL,MONITOR,False,{},"[""uav2"", ""uav1"", ""uav0""]",limited,True,{},NONE,NORMAL,SAFE,1.0,IDLE,0.0,0.0,0.0,,,0.0,False,avoidance not required,,{},,,,,,,,,,,0,safe,3.333,14.281,0.152,0,0,0.0,0.0,[],-0.0017563982401043177,0.009049179963767529,2.9238572120666504,0.00026504058041609824,0.012828393839299679,2.452000141143799,0.007256265264004469,0.0023004873655736446,1.9994069337844849
273.8,RUNNING,12,HOME_DESCENT,0.933,0.9158,143.1542,5.895,True,NORMAL,MONITOR,False,{},"[""uav2"", ""uav1"", ""uav0""]",limited,True,{},NONE,NORMAL,SAFE,1.0,IDLE,0.0,0.0,0.0,,,0.0,False,avoidance not required,,{},,,,,,,,,,,0,safe,3.336,14.277,0.156,0,0,0.0,0.0,[],0.0011434409534558654,0.014580240473151207,2.8702847957611084,0.001074183383025229,0.00896192155778408,2.4131898880004883,0.011913391761481762,0.0014765424421057105,1.9634686708450317
274.0,RUNNING,12,HOME_DESCENT,0.934,0.9158,143.1542,5.895,True,NORMAL,MONITOR,False,{},"[""uav2"", ""uav1"", ""uav0""]",limited,True,{},NONE,NORMAL,SAFE,1.0,IDLE,0.0,0.0,0.0,,,0.0,False,avoidance not required,,{},,,,,,,,,,,0,safe,3.331,14.275,0.153,0,0,0.0,0.0,[],0.0036963163875043392,0.017006512731313705,2.8270263671875,0.0012003430165350437,0.0040995338931679726,2.368173122406006,0.014582250267267227,0.0024206137750297785,1.9178626537322998
274.2,RUNNING,12,HOME_DESCENT,0.934,0.9156,143.1288,5.858,True,NORMAL,MONITOR,False,{},"[""uav2"", ""uav1"", ""uav0""]",limited,True,{},NONE,NORMAL,SAFE,1.0,IDLE,0.0,0.0,0.0,,,0.0,False,avoidance not required,,{},,,,,,,,,,,0,safe,3.329,14.272,0.154,0,0,0.0,0.0,[],0.003970207646489143,0.019581135362386703,2.7817723751068115,0.0019077206961810589,0.00029114994686096907,2.3275399208068848,0.015606730245053768,0.002895904239267111,1.8767871856689453
274.4,RUNNING,12,HOME_DESCENT,0.935,0.9156,143.1288,5.858,True,NORMAL,MONITOR,False,{},"[""uav2"", ""uav1"", ""uav0""]",limited,True,{},NONE,NORMAL,SAFE,1.0,IDLE,0.0,0.0,0.0,,,0.0,False,avoidance not required,,{},,,,,,,,,,,0,safe,3.329,14.271,0.156,0,0,0.0,0.0,[],0.0040491740219295025,0.019364414736628532,2.743121385574341,0.0074835652485489845,-0.0001143056433647871,2.2761447429656982,0.015961218625307083,0.004545887000858784,1.829921841621399
274.6,RUNNING,12,HOME_DESCENT,0.936,0.9155,143.1035,5.821,True,NORMAL,MONITOR,False,{},"[""uav2"", ""uav1"", ""uav0""]",limited,True,{},NONE,NORMAL,SAFE,1.0,IDLE,0.0,0.0,0.0,,,0.0,False,avoidance not required,,{},,,,,,,,,,,0,safe,3.336,14.270,0.164,0,0,0.0,0.0,[],0.004141093231737614,0.026988700032234192,2.6965930461883545,0.011116288602352142,0.0034966198727488518,2.223456382751465,0.01661939173936844,0.005889176856726408,1.7887779474258423
274.8,RUNNING,12,HOME_DESCENT,0.937,0.9155,143.1035,5.821,True,NORMAL,MONITOR,False,{},"[""uav2"", ""uav1"", ""uav0""]",limited,True,{},NONE,NORMAL,SAFE,1.0,IDLE,0.0,0.0,0.0,,,0.0,False,avoidance not required,,{},,,,,,,,,,,0,safe,3.334,14.268,0.165,0,0,0.0,0.0,[],0.00452314130961895,0.02935727871954441,2.6530792713165283,0.013198107481002808,0.004910238087177277,2.181260347366333,0.021683059632778168,0.012604552321135998,1.7431962490081787
275.0,RUNNING,12,HOME_DESCENT,0.937,0.9155,143.1035,5.821,True,NORMAL,MONITOR,False,{},"[""uav2"", ""uav1"", ""uav0""]",limited,True,{},NONE,NORMAL,SAFE,1.0,IDLE,0.0,0.0,0.0,,,0.0,False,avoidance not required,,{},,,,,,,,,,,0,safe,3.337,14.260,0.168,0,0,0.0,0.0,[],0.00457726651802659,0.035574134439229965,2.605327606201172,0.0137422950938344,0.007582721766084433,2.1335196495056152,0.024071579799056053,0.015893014147877693,1.7018722295761108
275.2,RUNNING,12,HOME_DESCENT,0.938,0.9154,143.0781,5.803,True,NORMAL,MONITOR,False,{},"[""uav2"", ""uav1"", ""uav0""]",limited,True,{},NONE,NORMAL,SAFE,1.0,IDLE,0.0,0.0,0.0,,,0.0,False,avoidance not required,,{},,,,,,,,,,,0,safe,3.338,14.256,0.167,0,0,0.0,0.0,[],0.0047649601474404335,0.03638972342014313,2.5609488487243652,0.013525519520044327,0.008249413222074509,2.0940654277801514,0.024712802842259407,0.019961411133408546,1.6551072597503662
275.4,RUNNING,12,HOME_DESCENT,0.939,0.9154,143.0781,5.803,True,NORMAL,MONITOR,False,{},"[""uav2"", ""uav1"", ""uav0""]",limited,True,{},NONE,NORMAL,SAFE,1.0,IDLE,0.0,0.0,0.0,,,0.0,False,avoidance not required,,{},,,,,,,,,,,0,safe,3.340,14.253,0.169,0,0,0.0,0.0,[],0.005595305468887091,0.038329947739839554,2.5036303997039795,0.011799500323832035,0.012784878723323345,2.05926775932312,0.023753682151436806,0.021449128165841103,1.61640465259552
275.6,RUNNING,12,HOME_DESCENT,0.94,0.9153,143.0528,5.766,True,NORMAL,MONITOR,False,{},"[""uav2"", ""uav1"", ""uav0""]",limited,True,{},NONE,NORMAL,SAFE,1.0,IDLE,0.0,0.0,0.0,,,0.0,False,avoidance not required,,{},,,,,,,,,,,0,safe,3.336,14.252,0.158,0,0,0.0,0.0,[],0.004679772071540356,0.04037502408027649,2.454427719116211,0.011479940265417099,0.019728608429431915,2.0182266235351562,0.021378176286816597,0.027176210656762123,1.577430009841919
275.8,RUNNING,12,HOME_DESCENT,0.94,0.9153,143.0528,5.766,True,NORMAL,MONITOR,False,{},"[""uav2"", ""uav1"", ""uav0""]",limited,True,{},NONE,NORMAL,SAFE,1.0,IDLE,0.0,0.0,0.0,,,0.0,False,avoidance not required,,{},,,,,,,,,,,0,safe,3.336,14.250,0.154,0,0,0.0,0.0,[],0.003883209079504013,0.03813602030277252,2.4116499423980713,0.010825405828654766,0.022661684080958366,1.9791568517684937,0.018395921215415,0.02957887202501297,1.5436885356903076
276.0,RUNNING,12,HOME_DESCENT,0.941,0.9153,143.0528,5.766,True,NORMAL,MONITOR,False,{},"[""uav2"", ""uav1"", ""uav0""]",limited,True,{},NONE,NORMAL,SAFE,1.0,IDLE,0.0,0.0,0.0,,,0.0,False,avoidance not required,,{},,,,,,,,,,,0,safe,3.335,14.250,0.156,0,0,0.0,0.0,[],0.00746086286380887,0.0390116386115551,2.361595630645752,0.011253897100687027,0.025286978110671043,1.9350916147232056,0.014305518008768559,0.03705288842320442,1.5087374448776245
276.2,RUNNING,12,HOME_DESCENT,0.942,0.9151,143.0275,5.729,True,NORMAL,MONITOR,False,{},"[""uav2"", ""uav1"", ""uav0""]",limited,True,{},NONE,NORMAL,SAFE,1.0,IDLE,0.0,0.0,0.0,,,0.0,False,avoidance not required,,{},,,,,,,,,,,0,safe,3.330,14.248,0.151,0,0,0.0,0.0,[],0.009711064398288727,0.03610304743051529,2.3189597129821777,0.010702027939260006,0.024556146934628487,1.8959527015686035,0.01080311369150877,0.03918502852320671,1.4749823808670044
276.4,RUNNING,12,HOME_DESCENT,0.943,0.9151,143.0275,5.729,True,NORMAL,MONITOR,False,{},"[""uav2"", ""uav1"", ""uav0""]",limited,True,{},NONE,NORMAL,SAFE,1.0,IDLE,0.0,0.0,0.0,,,0.0,False,avoidance not required,,{},,,,,,,,,,,0,safe,3.327,14.249,0.153,0,0,0.0,0.0,[],0.01262250542640686,0.03550681844353676,2.272080183029175,0.011402609758079052,0.028902962803840637,1.852008581161499,0.00828125886619091,0.04337398707866669,1.4368997812271118
276.6,RUNNING,12,HOME_DESCENT,0.943,0.915,143.0022,5.693,True,NORMAL,MONITOR,False,{},"[""uav2"", ""uav1"", ""uav0""]",limited,True,{},NONE,NORMAL,SAFE,1.0,IDLE,0.0,0.0,0.0,,,0.0,False,avoidance not required,,{},,,,,,,,,,,0,safe,3.323,14.248,0.151,0,0,0.0,0.0,[],0.013748236000537872,0.03172498941421509,2.231146812438965,0.010673279874026775,0.02930268831551075,1.8136622905731201,0.006375436671078205,0.04334630072116852,1.402445673942566
276.8,RUNNING,12,HOME_DESCENT,0.944,0.915,143.0022,5.693,True,NORMAL,MONITOR,False,{},"[""uav2"", ""uav1"", ""uav0""]",limited,True,{},NONE,NORMAL,SAFE,1.0,IDLE,0.0,0.0,0.0,,,0.0,False,avoidance not required,,{},,,,,,,,,,,0,safe,3.321,14.249,0.153,0,0,0.0,0.0,[],0.01490564551204443,0.033415962010622025,2.1839077472686768,0.009453721344470978,0.030651267617940903,1.7659910917282104,0.006040660664439201,0.0454692468047142,1.3621662855148315
277.0,RUNNING,12,HOME_DESCENT,0.945,0.915,143.0022,5.693,True,NORMAL,MONITOR,False,{},"[""uav2"", ""uav1"", ""uav0""]",limited,True,{},NONE,NORMAL,SAFE,1.0,IDLE,0.0,0.0,0.0,,,0.0,False,avoidance not required,,{},,,,,,,,,,,0,safe,3.321,14.248,0.148,0,0,0.0,0.0,[],0.014290201477706432,0.031217465177178383,2.1472527980804443,0.007453953381627798,0.029089633375406265,1.7256193161010742,0.0051019517704844475,0.04430049657821655,1.3260854482650757
277.2,RUNNING,12,HOME_DESCENT,0.946,0.9149,142.9768,5.656,True,NORMAL,MONITOR,False,{},"[""uav2"", ""uav1"", ""uav0""]",limited,True,{},NONE,NORMAL,SAFE,1.0,IDLE,0.0,0.0,0.0,,,0.0,False,avoidance not required,,{},,,,,,,,,,,0,safe,3.320,14.250,0.154,0,0,0.0,0.0,[],0.0166556965559721,0.030063146725296974,2.1057891845703125,0.007701333146542311,0.02922234870493412,1.6817378997802734,0.0049240789376199245,0.047770414501428604,1.2818020582199097
277.4,RUNNING,12,HOME_DESCENT,0.946,0.9149,142.9768,5.656,True,NORMAL,MONITOR,False,{},"[""uav2"", ""uav1"", ""uav0""]",limited,True,{},NONE,NORMAL,SAFE,1.0,IDLE,0.0,0.0,0.0,,,0.0,False,avoidance not required,,{},,,,,,,,,,,0,safe,3.318,14.247,0.155,0,0,0.0,0.0,[],0.016573341563344002,0.026514777913689613,2.067293167114258,0.006914016790688038,0.026942163705825806,1.6435928344726562,0.004276694729924202,0.0469779409468174,1.2425196170806885
277.6,RUNNING,12,HOME_DESCENT,0.947,0.9148,142.9515,5.619,True,NORMAL,MONITOR,False,{},"[""uav2"", ""uav1"", ""uav0""]",limited,True,{},NONE,NORMAL,SAFE,1.0,IDLE,0.0,0.0,0.0,,,0.0,False,avoidance not required,,{},,,,,,,,,,,0,safe,3.318,14.248,0.158,0,0,0.0,0.0,[],0.017132923007011414,0.028619103133678436,2.010423421859741,0.009126517921686172,0.02917579747736454,1.5999974012374878,0.0044740838930010796,0.0467723049223423,1.1969465017318726
277.8,RUNNING,12,HOME_DESCENT,0.948,0.9148,142.9515,5.619,True,NORMAL,MONITOR,False,{},"[""uav2"", ""uav1"", ""uav0""]",limited,True,{},NONE,NORMAL,SAFE,1.0,IDLE,0.0,0.0,0.0,,,0.0,False,avoidance not required,,{},,,,,,,,,,,0,safe,3.317,14.248,0.145,0,0,0.0,0.0,[],0.01587236300110817,0.02739172801375389,1.9654407501220703,0.009034712798893452,0.02853177674114704,1.5629605054855347,0.004201939795166254,0.043805573135614395,1.1623445749282837
278.0,RUNNING,12,HOME_DESCENT,0.949,0.9148,142.9515,5.619,True,NORMAL,MONITOR,False,{},"[""uav2"", ""uav1"", ""uav0""]",limited,True,{},NONE,NORMAL,SAFE,1.0,IDLE,0.0,0.0,0.0,,,0.0,False,avoidance not required,,{},,,,,,,,,,,0,safe,3.318,14.251,0.141,0,0,0.0,0.0,[],0.015821173787117004,0.03039747104048729,1.9206138849258423,0.010336294770240784,0.02915220707654953,1.513626217842102,0.005938275717198849,0.041210662573575974,1.1245014667510986
278.2,RUNNING,12,HOME_DESCENT,0.949,0.9146,142.9263,5.582,True,NORMAL,MONITOR,False,{},"[""uav2"", ""uav1"", ""uav0""]",limited,True,{},NONE,NORMAL,SAFE,1.0,IDLE,0.0,0.0,0.0,,,0.0,False,avoidance not required,,{},,,,,,,,,,,0,safe,3.316,14.254,0.134,0,0,0.0,0.0,[],0.018031306564807892,0.03420615196228027,1.8731582164764404,0.010265735909342766,0.027524100616574287,1.4751933813095093,0.006257764063775539,0.03742096200585365,1.092921495437622
278.4,RUNNING,12,HOME_DESCENT,0.95,0.9146,142.9263,5.582,True,NORMAL,MONITOR,False,{},"[""uav2"", ""uav1"", ""uav0""]",limited,True,{},NONE,NORMAL,SAFE,1.0,IDLE,0.0,0.0,0.0,,,0.0,False,avoidance not required,,{},,,,,,,,,,,0,safe,3.316,14.254,0.134,0,0,0.0,0.0,[],0.01769036240875721,0.0341748483479023,1.8343312740325928,0.016738304868340492,0.029382219538092613,1.4316059350967407,0.007176501676440239,0.03760332986712456,1.055910348892212
278.6,RUNNING,12,HOME_DESCENT,0.951,0.9145,142.901,5.546,True,NORMAL,MONITOR,False,{},"[""uav2"", ""uav1"", ""uav0""]",limited,True,{},NONE,NORMAL,SAFE,1.0,IDLE,0.0,0.0,0.0,,,0.0,False,avoidance not required,,{},,,,,,,,,,,0,safe,3.312,14.253,0.135,0,0,0.0,0.0,[],0.018369613215327263,0.0342029370367527,1.7889419794082642,0.018846558406949043,0.02849736623466015,1.3957321643829346,0.007301699835807085,0.03505240008234978,1.0245527029037476
278.8,RUNNING,12,HOME_DESCENT,0.952,0.9145,142.901,5.546,True,NORMAL,MONITOR,False,{},"[""uav2"", ""uav1"", ""uav0""]",limited,True,{},NONE,NORMAL,SAFE,1.0,IDLE,0.0,0.0,0.0,,,0.0,False,avoidance not required,,{},,,,,,,,,,,0,safe,3.309,14.255,0.131,0,0,0.0,0.0,[],0.016683444380760193,0.03153568506240845,1.7508810758590698,0.021717814728617668,0.030678020790219307,1.3554407358169556,0.011603137478232384,0.03199869766831398,0.9914393424987793
279.0,RUNNING,12,HOME_DESCENT,0.952,0.9145,142.901,5.546,True,NORMAL,MONITOR,False,{},"[""uav2"", ""uav1"", ""uav0""]",limited,True,{},NONE,NORMAL,SAFE,1.0,IDLE,0.0,0.0,0.0,,,0.0,False,avoidance not required,,{},,,,,,,,,,,0,safe,3.310,14.254,0.132,0,0,0.0,0.0,[],0.019039180129766464,0.03227844834327698,1.702440857887268,0.02116987481713295,0.0301052313297987,1.3216267824172974,0.013797321356832981,0.02747066132724285,0.9609647393226624
279.2,RUNNING,12,HOME_DESCENT,0.953,0.9144,142.8758,5.527,True,NORMAL,MONITOR,False,{},"[""uav2"", ""uav1"", ""uav0""]",limited,True,{},NONE,NORMAL,SAFE,1.0,IDLE,0.0,0.0,0.0,,,0.0,False,avoidance not required,,{},,,,,,,,,,,0,safe,3.312,14.255,0.124,0,0,0.0,0.0,[],0.018591351807117462,0.03023991361260414,1.663719892501831,0.028849078342318535,0.02716856449842453,1.279852032661438,0.01872589997947216,0.022187858819961548,0.9215642809867859
279.4,RUNNING,12,HOME_DESCENT,0.954,0.9144,142.8758,5.527,True,NORMAL,MONITOR,False,{},"[""uav2"", ""uav1"", ""uav0""]",limited,True,{},NONE,NORMAL,SAFE,1.0,IDLE,0.0,0.0,0.0,,,0.0,False,avoidance not required,,{},,,,,,,,,,,0,safe,3.309,14.255,0.124,0,0,0.0,0.0,[],0.019614888355135918,0.027534915134310722,1.6162874698638916,0.03146471083164215,0.023600727319717407,1.244279146194458,0.020889466628432274,0.017532795667648315,0.8885650038719177
279.6,RUNNING,12,HOME_DESCENT,0.955,0.9143,142.8506,5.49,True,NORMAL,MONITOR,False,{},"[""uav2"", ""uav1"", ""uav0""]",limited,True,{},NONE,NORMAL,SAFE,1.0,IDLE,0.0,0.0,0.0,,,0.0,False,avoidance not required,,{},,,,,,,,,,,0,safe,3.309,14.257,0.115,0,0,0.0,0.0,[],0.018164435401558876,0.024136461317539215,1.5784151554107666,0.04138463735580444,0.01905711181461811,1.2012625932693481,0.02655998431146145,0.013568748719990253,0.8502812385559082
279.8,RUNNING,12,HOME_DESCENT,0.955,0.9143,142.8506,5.49,True,NORMAL,MONITOR,False,{},"[""uav2"", ""uav1"", ""uav0""]",limited,True,{},NONE,NORMAL,SAFE,1.0,IDLE,0.0,0.0,0.0,,,0.0,False,avoidance not required,,{},,,,,,,,,,,0,safe,3.304,14.256,0.115,0,0,0.0,0.0,[],0.017778851091861725,0.01944842003285885,1.5374497175216675,0.04438691958785057,0.014993923716247082,1.1683566570281982,0.028620924800634384,0.009543810971081257,0.8224332928657532
280.0,RUNNING,12,HOME_DESCENT,0.956,0.9143,142.8506,5.49,True,NORMAL,MONITOR,False,{},"[""uav2"", ""uav1"", ""uav0""]",limited,True,{},NONE,NORMAL,SAFE,1.0,IDLE,0.0,0.0,0.0,,,0.0,False,avoidance not required,,{},,,,,,,,,,,0,safe,3.302,14.257,0.111,0,0,0.0,0.0,[],0.01526483055204153,0.01491800881922245,1.5051720142364502,0.04673919081687927,0.01599646918475628,1.1226396560668945,0.03509100154042244,0.0028067873790860176,0.7892119288444519
280.2,RUNNING,12,HOME_DESCENT,0.957,0.9141,142.8254,5.454,True,NORMAL,MONITOR,False,{},"[""uav2"", ""uav1"", ""uav0""]",limited,True,{},NONE,NORMAL,SAFE,1.0,IDLE,0.0,0.0,0.0,,,0.0,False,avoidance not required,,{},,,,,,,,,,,0,safe,3.305,14.257,0.115,0,0,0.0,0.0,[],0.01841277815401554,0.014913134276866913,1.461014986038208,0.04880661144852638,0.014732114970684052,1.071982979774475,0.042007576674222946,-0.006872294470667839,0.75344318151474
280.4,RUNNING,12,HOME_DESCENT,0.958,0.9141,142.8254,5.454,True,NORMAL,MONITOR,False,{},"[""uav2"", ""uav1"", ""uav0""]",limited,True,{},NONE,NORMAL,SAFE,1.0,IDLE,0.0,0.0,0.0,,,0.0,False,avoidance not required,,{},,,,,,,,,,,0,safe,3.309,14.259,0.108,0,0,0.0,0.0,[],0.018690215423703194,0.014163854531943798,1.4240800142288208,0.046393100172281265,0.013264757581055164,1.0408021211624146,0.04352283850312233,-0.012462245300412178,0.7265210747718811
280.6,RUNNING,12,HOME_DESCENT,0.958,0.914,142.8003,5.417,True,NORMAL,MONITOR,False,{},"[""uav2"", ""uav1"", ""uav0""]",limited,True,{},NONE,NORMAL,SAFE,1.0,IDLE,0.0,0.0,0.0,,,0.0,False,avoidance not required,,{},,,,,,,,,,,0,safe,3.312,14.262,0.108,0,0,0.0,0.0,[],0.022805867716670036,0.010480476543307304,1.3795310258865356,0.046904753893613815,0.00997843872755766,1.0079927444458008,0.04491353780031204,-0.015057184733450413,0.6961801648139954
280.8,RUNNING,12,HOME_DESCENT,0.959,0.914,142.8003,5.417,True,NORMAL,MONITOR,False,{},"[""uav2"", ""uav1"", ""uav0""]",limited,True,{},NONE,NORMAL,SAFE,1.0,IDLE,0.0,0.0,0.0,,,0.0,False,avoidance not required,,{},,,,,,,,,,,0,safe,3.315,14.264,0.104,0,0,0.0,0.0,[],0.023328114300966263,0.007823397405445576,1.347257137298584,0.04326597973704338,0.007629838306456804,0.984100341796875,0.04351244494318962,-0.01599275879561901,0.6730595827102661
281.0,RUNNING,12,HOME_DESCENT,0.96,0.914,142.8003,5.417,True,NORMAL,MONITOR,False,{},"[""uav2"", ""uav1"", ""uav0""]",limited,True,{},NONE,NORMAL,SAFE,1.0,IDLE,0.0,0.0,0.0,,,0.0,False,avoidance not required,,{},,,,,,,,,,,0,safe,3.315,14.264,0.104,0,0,0.0,0.0,[],0.029473967850208282,0.001334314700216055,1.3090496063232422,0.04275292158126831,0.003353701438754797,0.9492028951644897,0.04754927381873131,-0.01962420716881752,0.64090496301651
281.2,RUNNING,12,HOME_DESCENT,0.961,0.9139,142.7752,5.38,True,NORMAL,MONITOR,False,{},"[""uav2"", ""uav1"", ""uav0""]",limited,True,{},NONE,NORMAL,SAFE,1.0,IDLE,0.0,0.0,0.0,,,0.0,False,avoidance not required,,{},,,,,,,,,,,0,safe,3.319,14.264,0.103,0,0,0.0,0.0,[],0.03101762942969799,-0.002608657581731677,1.277931571006775,0.038954492658376694,0.000533710524905473,0.9208068251609802,0.04691582918167114,-0.02053687535226345,0.6160085201263428
281.4,RUNNING,12,HOME_DESCENT,0.961,0.9139,142.7752,5.38,True,NORMAL,MONITOR,False,{},"[""uav2"", ""uav1"", ""uav0""]",limited,True,{},NONE,NORMAL,SAFE,1.0,IDLE,0.0,0.0,0.0,,,0.0,False,avoidance not required,,{},,,,,,,,,,,0,safe,3.322,14.265,0.107,0,0,0.0,0.0,[],0.034095827490091324,-0.010004889219999313,1.241407036781311,0.040114037692546844,-0.00404589856043458,0.883078396320343,0.04650568217039108,-0.021375028416514397,0.5856532454490662
281.6,RUNNING,12,HOME_DESCENT,0.962,0.9138,142.7501,5.343,True,NORMAL,MONITOR,False,{},"[""uav2"", ""uav1"", ""uav0""]",limited,True,{},NONE,NORMAL,SAFE,1.0,IDLE,0.0,0.0,0.0,,,0.0,False,avoidance not required,,{},,,,,,,,,,,0,safe,3.320,14.266,0.106,0,0,0.0,0.0,[],0.032924022525548935,-0.013788440264761448,1.208935260772705,0.037814971059560776,-0.006274375133216381,0.8561978340148926,0.04367975518107414,-0.02157730609178543,0.566219687461853
281.8,RUNNING,12,HOME_DESCENT,0.963,0.9138,142.7501,5.343,True,NORMAL,MONITOR,False,{},"[""uav2"", ""uav1"", ""uav0""]",limited,True,{},NONE,NORMAL,SAFE,1.0,IDLE,0.0,0.0,0.0,,,0.0,False,avoidance not required,,{},,,,,,,,,,,0,safe,3.319,14.268,0.108,0,0,0.0,0.0,[],0.03532770648598671,-0.01942414790391922,1.1699473857879639,0.03737824037671089,-0.008594189770519733,0.8199799656867981,0.04509809613227844,-0.028431802988052368,0.5412684082984924
282.0,RUNNING,12,HOME_DESCENT,0.964,0.9138,142.7501,5.343,True,NORMAL,MONITOR,False,{},"[""uav2"", ""uav1"", ""uav0""]",limited,True,{},NONE,NORMAL,SAFE,1.0,IDLE,0.0,0.0,0.0,,,0.0,False,avoidance not required,,{},,,,,,,,,,,0,safe,3.320,14.272,0.104,0,0,0.0,0.0,[],0.03421422094106674,-0.021210504695773125,1.1375185251235962,0.03441784530878067,-0.009249478578567505,0.7940197587013245,0.043562617152929306,-0.030778510496020317,0.5205427408218384
282.2,RUNNING,12,HOME_DESCENT,0.964,0.9136,142.725,5.306,True,NORMAL,MONITOR,False,{},"[""uav2"", ""uav1"", ""uav0""]",limited,True,{},NONE,NORMAL,SAFE,1.0,IDLE,0.0,0.0,0.0,,,0.0,False,avoidance not required,,{},,,,,,,,,,,0,safe,3.318,14.275,0.105,0,0,0.0,0.0,[],0.03646956384181976,-0.022246791049838066,1.09369695186615,0.032623495906591415,-0.009982320480048656,0.7592370510101318,0.04482651874423027,-0.031777240335941315,0.49562740325927734
282.4,RUNNING,12,HOME_DESCENT,0.965,0.9136,142.725,5.306,True,NORMAL,MONITOR,False,{},"[""uav2"", ""uav1"", ""uav0""]",limited,True,{},NONE,NORMAL,SAFE,1.0,IDLE,0.0,0.0,0.0,,,0.0,False,avoidance not required,,{},,,,,,,,,,,0,safe,3.313,14.275,0.095,0,0,0.0,0.0,[],0.03979223594069481,-0.02245982736349106,1.0511385202407837,0.02894742600619793,-0.009371580556035042,0.7360896468162537,0.04217911139130592,-0.030166324228048325,0.47591638565063477
282.6,RUNNING,12,HOME_DESCENT,0.966,0.9135,142.7,5.27,True,NORMAL,MONITOR,False,{},"[""uav2"", ""uav1"", ""uav0""]",limited,True,{},NONE,NORMAL,SAFE,1.0,IDLE,0.0,0.0,0.0,,,0.0,False,avoidance not required,,{},,,,,,,,,,,0,safe,3.304,14.275,0.087,0,0,0.0,0.0,[],0.03907052427530289,-0.020412229001522064,1.0200642347335815,0.023439723998308182,-0.012554457411170006,0.7033472657203674,0.03739849105477333,-0.030207302421331406,0.44883790612220764
282.8,RUNNING,12,HOME_DESCENT,0.967,0.9135,142.7,5.27,True,NORMAL,MONITOR,False,{},"[""uav2"", ""uav1"", ""uav0""]",limited,True,{},NONE,NORMAL,SAFE,1.0,IDLE,0.0,0.0,0.0,,,0.0,False,avoidance not required,,{},,,,,,,,,,,0,safe,3.300,14.279,0.087,0,0,0.0,0.0,[],0.037272945046424866,-0.023226382210850716,0.9796727895736694,0.018132884055376053,-0.013053949922323227,0.680640459060669,0.031214099377393723,-0.027981871739029884,0.42961063981056213
283.0,RUNNING,12,HOME_DESCENT,0.967,0.9135,142.7,5.27,True,NORMAL,MONITOR,False,{},"[""uav2"", ""uav1"", ""uav0""]",limited,True,{},NONE,NORMAL,SAFE,1.0,IDLE,0.0,0.0,0.0,,,0.0,False,avoidance not required,,{},,,,,,,,,,,0,safe,3.294,14.282,0.079,0,0,0.0,0.0,[],0.03312104940414429,-0.022830883041024208,0.9489729404449463,0.015465871430933475,-0.014478372409939766,0.6465752124786377,0.023652032017707825,-0.026469800621271133,0.40610015392303467
283.2,RUNNING,12,HOME_DESCENT,0.968,0.9134,142.6749,5.251,True,NORMAL,MONITOR,False,{},"[""uav2"", ""uav1"", ""uav0""]",limited,True,{},NONE,NORMAL,SAFE,1.0,IDLE,0.0,0.0,0.0,,,0.0,False,avoidance not required,,{},,,,,,,,,,,0,safe,3.296,14.286,0.077,0,0,0.0,0.0,[],0.03188147023320198,-0.02430460788309574,0.914973795413971,0.015217824839055538,-0.020345205441117287,0.607243537902832,0.01599452644586563,-0.024587420746684074,0.3785487413406372
283.4,RUNNING,12,HOME_DESCENT,0.969,0.9134,142.6749,5.251,True,NORMAL,MONITOR,False,{},"[""uav2"", ""uav1"", ""uav0""]",limited,True,{},NONE,NORMAL,SAFE,1.0,IDLE,0.0,0.0,0.0,,,0.0,False,avoidance not required,,{},,,,,,,,,,,0,safe,3.298,14.290,0.073,0,0,0.0,0.0,[],0.028666933998465538,-0.022678017616271973,0.8888629078865051,0.01423715427517891,-0.0220896415412426,0.5853803157806396,0.009639237076044083,-0.020982271060347557,0.3611307442188263
283.6,RUNNING,12,HOME_DESCENT,0.97,0.9132,142.6497,5.215,True,NORMAL,MONITOR,False,{},"[""uav2"", ""uav1"", ""uav0""]",limited,True,{},NONE,NORMAL,SAFE,1.0,IDLE,0.0,0.0,0.0,,,0.0,False,avoidance not required,,{},,,,,,,,,,,0,safe,3.300,14.292,0.074,0,0,0.0,0.0,[],0.024355510249733925,-0.024142669513821602,0.8502966165542603,0.013256151229143143,-0.0255679190158844,0.5599395632743835,0.004219714552164078,-0.017261995002627373,0.34190741181373596
283.8,RUNNING,12,HOME_DESCENT,0.97,0.9132,142.6497,5.215,True,NORMAL,MONITOR,False,{},"[""uav2"", ""uav1"", ""uav0""]",limited,True,{},NONE,NORMAL,SAFE,1.0,IDLE,0.0,0.0,0.0,,,0.0,False,avoidance not required,,{},,,,,,,,,,,0,safe,3.298,14.293,0.064,0,0,0.0,0.0,[],0.019811293110251427,-0.022641431540250778,0.8233228921890259,0.011884195730090141,-0.024881452322006226,0.5445325970649719,0.0004398890305310488,-0.013072614558041096,0.32850876450538635
284.0,RUNNING,12,HOME_DESCENT,0.971,0.9132,142.6497,5.215,True,NORMAL,MONITOR,False,{},"[""uav2"", ""uav1"", ""uav0""]",limited,True,{},NONE,NORMAL,SAFE,1.0,IDLE,0.0,0.0,0.0,,,0.0,False,avoidance not required,,{},,,,,,,,,,,0,safe,3.296,14.293,0.063,0,0,0.0,0.0,[],0.014704238623380661,-0.022489219903945923,0.7863151431083679,0.004950866103172302,-0.027986647561192513,0.5226919054985046,-0.003013364039361477,-0.010518587194383144,0.31086909770965576
284.2,RUNNING,12,HOME_DESCENT,0.972,0.9131,142.6246,5.178,True,NORMAL,MONITOR,False,{},"[""uav2"", ""uav1"", ""uav0""]",limited,True,{},NONE,NORMAL,SAFE,1.0,IDLE,0.0,0.0,0.0,,,0.0,False,avoidance not required,,{},,,,,,,,,,,0,safe,3.299,14.294,0.054,0,0,0.0,0.0,[],0.010584593750536442,-0.019772179424762726,0.7621541619300842,0.0004329662478994578,-0.02743867039680481,0.5067264437675476,-0.0050468142144382,-0.008018787018954754,0.29731741547584534
284.4,RUNNING,12,HOME_DESCENT,0.973,0.9131,142.6246,5.178,True,NORMAL,MONITOR,False,{},"[""uav2"", ""uav1"", ""uav0""]",limited,True,{},NONE,NORMAL,SAFE,1.0,IDLE,0.0,0.0,0.0,,,0.0,False,avoidance not required,,{},,,,,,,,,,,0,safe,3.300,14.293,0.054,0,0,0.0,0.0,[],0.003286791732534766,-0.02152610383927822,0.7261537313461304,-0.0051251729018986225,-0.02908317744731903,0.47851109504699707,-0.006502998061478138,-0.009821955114603043,0.27688631415367126
284.6,RUNNING,12,HOME_DESCENT,0.973,0.913,142.5993,5.141,True,NORMAL,MONITOR,False,{},"[""uav2"", ""uav1"", ""uav0""]",limited,True,{},NONE,NORMAL,SAFE,1.0,IDLE,0.0,0.0,0.0,,,0.0,False,avoidance not required,,{},,,,,,,,,,,0,safe,3.301,14.296,0.045,0,0,0.0,0.0,[],-0.0013762667076662183,-0.020156826823949814,0.7020561695098877,-0.007994734682142735,-0.0267378780990839,0.4588334262371063,-0.007207616697996855,-0.009434578008949757,0.26084136962890625
284.8,RUNNING,12,HOME_DESCENT,0.974,0.913,142.5993,5.141,True,NORMAL,MONITOR,False,{},"[""uav2"", ""uav1"", ""uav0""]",limited,True,{},NONE,NORMAL,SAFE,1.0,IDLE,0.0,0.0,0.0,,,0.0,False,avoidance not required,,{},,,,,,,,,,,0,safe,3.302,14.296,0.046,0,0,0.0,0.0,[],-0.006045680493116379,-0.0219640601426363,0.6640085577964783,-0.014376628212630749,-0.028792236000299454,0.4274696707725525,-0.007419238798320293,-0.009227626025676727,0.23941153287887573
285.0,RUNNING,12,HOME_DESCENT,0.975,0.913,142.5993,5.141,True,NORMAL,MONITOR,False,{},"[""uav2"", ""uav1"", ""uav0""]",limited,True,{},NONE,NORMAL,SAFE,1.0,IDLE,0.0,0.0,0.0,,,0.0,False,avoidance not required,,{},,,,,,,,,,,0,safe,3.300,14.296,0.037,0,0,0.0,0.0,[],-0.008602083660662174,-0.020363403484225273,0.6378016471862793,-0.016983088105916977,-0.026782216504216194,0.4106142222881317,-0.006992603652179241,-0.007840518839657307,0.22641833126544952
285.2,RUNNING,12,HOME_DESCENT,0.976,0.9129,142.574,5.104,True,NORMAL,MONITOR,False,{},"[""uav2"", ""uav1"", ""uav0""]",limited,True,{},NONE,NORMAL,SAFE,1.0,IDLE,0.0,0.0,0.0,,,0.0,False,avoidance not required,,{},,,,,,,,,,,0,safe,3.299,14.295,0.035,0,0,0.0,0.0,[],-0.013699337840080261,-0.024836532771587372,0.608923614025116,-0.02345683053135872,-0.02986210584640503,0.387605756521225,-0.006335408426821232,-0.006514155305922031,0.2222582995891571
285.4,RUNNING,12,HOME_DESCENT,0.976,0.9129,142.574,5.104,True,NORMAL,MONITOR,False,{},"[""uav2"", ""uav1"", ""uav0""]",limited,True,{},NONE,NORMAL,SAFE,1.0,IDLE,0.0,0.0,0.0,,,0.0,False,avoidance not required,,{},,,,,,,,,,,0,safe,3.298,14.293,0.039,0,0,0.0,0.0,[],-0.015536775812506676,-0.029637295752763748,0.5754207372665405,-0.025722606107592583,-0.028794975951313972,0.37255263328552246,-0.004494039341807365,-0.0032742901239544153,0.22361786663532257
285.6,RUNNING,12,HOME_DESCENT,0.977,0.9127,142.5476,5.067,True,NORMAL,MONITOR,False,{},"[""uav2"", ""uav1"", ""uav0""]",limited,True,{},NONE,NORMAL,SAFE,1.0,IDLE,0.0,0.0,0.0,,,0.0,False,avoidance not required,,{},,,,,,,,,,,0,safe,3.296,14.290,0.040,0,0,0.0,0.0,[],-0.015040253289043903,-0.029510444030165672,0.553903341293335,-0.0326664112508297,-0.031335245817899704,0.3522588908672333,-0.003573361085727811,-0.0005620907177217305,0.21827298402786255
285.8,RUNNING,12,HOME_DESCENT,0.978,0.9127,142.5476,5.067,True,NORMAL,MONITOR,False,{},"[""uav2"", ""uav1"", ""uav0""]",limited,True,{},NONE,NORMAL,SAFE,1.0,IDLE,0.0,0.0,0.0,,,0.0,False,avoidance not required,,{},,,,,,,,,,,0,safe,3.289,14.287,0.046,0,0,0.0,0.0,[],-0.014601600356400013,-0.029955342411994934,0.5288960337638855,-0.03411424532532692,-0.02933894842863083,0.3402192294597626,-0.002302332781255245,0.00285603036172688,0.21802429854869843
286.0,RUNNING,12,HOME_DESCENT,0.979,0.9127,142.5476,5.067,True,NORMAL,MONITOR,False,{},"[""uav2"", ""uav1"", ""uav0""]",limited,True,{},NONE,NORMAL,SAFE,1.0,IDLE,0.0,0.0,0.0,,,0.0,False,avoidance not required,,{},,,,,,,,,,,0,safe,3.286,14.284,0.046,0,0,0.0,0.0,[],-0.012712759897112846,-0.02713603712618351,0.5128075480461121,-0.039252251386642456,-0.0299537293612957,0.3214179277420044,-0.005090081132948399,0.0029144808650016785,0.21370114386081696
286.2,RUNNING,12,HOME_DESCENT,0.979,0.9126,142.5216,5.031,True,NORMAL,MONITOR,False,{},"[""uav2"", ""uav1"", ""uav0""]",limited,True,{},NONE,NORMAL,SAFE,1.0,IDLE,0.0,0.0,0.0,,,0.0,False,avoidance not required,,{},,,,,,,,,,,0,safe,3.279,14.286,0.050,0,0,0.0,0.0,[],-0.012625763192772865,-0.02687414549291134,0.49160036444664,-0.03915895149111748,-0.027328725904226303,0.30969375371932983,-0.0060345446690917015,0.004888674709945917,0.21394629776477814
286.4,RUNNING,12,HOME_DESCENT,0.98,0.9126,142.5216,5.031,True,NORMAL,MONITOR,False,{},"[""uav2"", ""uav1"", ""uav0""]",limited,True,{},NONE,NORMAL,SAFE,1.0,IDLE,0.0,0.0,0.0,,,0.0,False,avoidance not required,,{},,,,,,,,,,,0,safe,3.279,14.285,0.048,0,0,0.0,0.0,[],-0.011141287162899971,-0.02361219748854637,0.47735753655433655,-0.038461070507764816,-0.030480626970529556,0.2931138277053833,-0.009346029721200466,0.003678739070892334,0.2089935541152954
286.6,RUNNING,12,HOME_DESCENT,0.981,0.9125,142.4957,4.994,True,NORMAL,MONITOR,False,{},"[""uav2"", ""uav1"", ""uav0""]",limited,True,{},NONE,NORMAL,SAFE,1.0,IDLE,0.0,0.0,0.0,,,0.0,False,avoidance not required,,{},,,,,,,,,,,0,safe,3.278,14.288,0.049,0,0,0.0,0.0,[],-0.01141659077256918,-0.025500241667032242,0.45289891958236694,-0.04267910122871399,-0.032140787690877914,0.2761576473712921,-0.010742590762674809,0.004170456435531378,0.20352642238140106
286.8,RUNNING,12,HOME_DESCENT,0.982,0.9125,142.4957,4.994,True,NORMAL,MONITOR,False,{},"[""uav2"", ""uav1"", ""uav0""]",limited,True,{},NONE,NORMAL,SAFE,1.0,IDLE,0.0,0.0,0.0,,,0.0,False,avoidance not required,,{},,,,,,,,,,,0,safe,3.274,14.289,0.053,0,0,0.0,0.0,[],-0.010390699841082096,-0.024187281727790833,0.4346669614315033,-0.04173870012164116,-0.029689861461520195,0.266011506319046,-0.011066770181059837,0.005857684649527073,0.2025170624256134
287.0,RUNNING,12,HOME_DESCENT,0.982,0.9125,142.4957,4.994,True,NORMAL,MONITOR,False,{},"[""uav2"", ""uav1"", ""uav0""]",limited,True,{},NONE,NORMAL,SAFE,1.0,IDLE,0.0,0.0,0.0,,,0.0,False,avoidance not required,,{},,,,,,,,,,,0,safe,3.273,14.288,0.051,0,0,0.0,0.0,[],-0.007519682869315147,-0.028542550280690193,0.4144391417503357,-0.042114343494176865,-0.029537294059991837,0.250704824924469,-0.01247768010944128,0.003551059402525425,0.19876237213611603
287.2,RUNNING,12,HOME_DESCENT,0.983,0.9123,142.4699,4.975,True,NORMAL,MONITOR,False,{},"[""uav2"", ""uav1"", ""uav0""]",limited,True,{},NONE,NORMAL,SAFE,1.0,IDLE,0.0,0.0,0.0,,,0.0,False,avoidance not required,,{},,,,,,,,,,,0,safe,3.270,14.291,0.052,0,0,0.0,0.0,[],-0.00461274990811944,-0.028527796268463135,0.40060603618621826,-0.038867343217134476,-0.02651521936058998,0.2407156527042389,-0.013405237346887589,0.004200911149382591,0.19741496443748474
287.4,RUNNING,12,HOME_DESCENT,0.984,0.9123,142.4699,4.975,True,NORMAL,MONITOR,False,{},"[""uav2"", ""uav1"", ""uav0""]",limited,True,{},NONE,NORMAL,SAFE,1.0,IDLE,0.0,0.0,0.0,,,0.0,False,avoidance not required,,{},,,,,,,,,,,0,safe,3.270,14.291,0.047,0,0,0.0,0.0,[],-0.005044996738433838,-0.031150486320257187,0.3807762563228607,-0.03337092325091362,-0.022550350055098534,0.22581036388874054,-0.016561400145292282,0.005725391674786806,0.1941864937543869
287.6,RUNNING,12,HOME_DESCENT,0.985,0.9122,142.4442,4.939,True,NORMAL,MONITOR,False,{},"[""uav2"", ""uav1"", ""uav0""]",limited,True,{},NONE,NORMAL,SAFE,1.0,IDLE,0.0,0.0,0.0,,,0.0,False,avoidance not required,,{},,,,,,,,,,,0,safe,3.275,14.292,0.041,0,0,0.0,0.0,[],-0.004722872748970985,-0.02984994649887085,0.3668493628501892,-0.026756616309285164,-0.017093941569328308,0.2187391072511673,-0.018747350201010704,0.008138667792081833,0.19414111971855164
287.8,RUNNING,12,HOME_DESCENT,0.985,0.9122,142.4442,4.939,True,NORMAL,MONITOR,False,{},"[""uav2"", ""uav1"", ""uav0""]",limited,True,{},NONE,NORMAL,SAFE,1.0,IDLE,0.0,0.0,0.0,,,0.0,False,avoidance not required,,{},,,,,,,,,,,0,safe,3.285,14.292,0.031,0,0,0.0,0.0,[],-0.0040373122319579124,-0.025988958775997162,0.34798142313957214,-0.022223789244890213,-0.018277348950505257,0.21134430170059204,-0.02047765627503395,0.009236897341907024,0.18936577439308167
288.0,RUNNING,12,HOME_DESCENT,0.986,0.9122,142.4442,4.939,True,NORMAL,MONITOR,False,{},"[""uav2"", ""uav1"", ""uav0""]",limited,True,{},NONE,NORMAL,SAFE,1.0,IDLE,0.0,0.0,0.0,,,0.0,False,avoidance not required,,{},,,,,,,,,,,0,safe,3.285,14.292,0.031,0,0,0.0,0.0,[],-0.0029168319888412952,-0.02045036107301712,0.3368013799190521,-0.016920771449804306,-0.017102444544434547,0.20481392741203308,-0.021975331008434296,0.01124902069568634,0.18838371336460114
288.2,RUNNING,12,HOME_DESCENT,0.987,0.9121,142.4185,4.902,True,NORMAL,MONITOR,False,{},"[""uav2"", ""uav1"", ""uav0""]",limited,True,{},NONE,NORMAL,SAFE,1.0,IDLE,0.0,0.0,0.0,,,0.0,False,avoidance not required,,{},,,,,,,,,,,0,safe,3.289,14.292,0.029,0,0,0.0,0.0,[],-0.0020573469810187817,-0.017809376120567322,0.3194243609905243,-0.008696961216628551,-0.017553091049194336,0.19257929921150208,-0.021294400095939636,0.00998714193701744,0.18315862119197845
288.4,RUNNING,12,HOME_DESCENT,0.988,0.9121,142.4185,4.902,True,NORMAL,MONITOR,False,{},"[""uav2"", ""uav1"", ""uav0""]",limited,True,{},NONE,NORMAL,SAFE,1.0,IDLE,0.0,0.0,0.0,,,0.0,False,avoidance not required,,{},,,,,,,,,,,0,safe,3.288,14.292,0.025,0,0,0.0,0.0,[],-0.001030944287776947,-0.014184510335326195,0.3061422109603882,-0.0020666096825152636,-0.015487358905375004,0.18581178784370422,-0.02209002897143364,0.010179487988352776,0.180015429854393
288.6,RUNNING,12,HOME_DESCENT,0.988,0.912,142.3931,4.865,True,NORMAL,MONITOR,False,{},"[""uav2"", ""uav1"", ""uav0""]",limited,True,{},NONE,NORMAL,SAFE,1.0,IDLE,0.0,0.0,0.0,,,0.0,False,avoidance not required,,{},,,,,,,,,,,0,safe,3.280,14.293,0.024,0,0,0.0,0.0,[],-0.0010754539398476481,-0.01623697765171528,0.2930344343185425,0.006007208023220301,-0.01732492819428444,0.17826731503009796,-0.024267030879855156,0.007277173455804586,0.17544634640216827
288.8,RUNNING,12,HOME_DESCENT,0.989,0.912,142.3931,4.865,True,NORMAL,MONITOR,False,{},"[""uav2"", ""uav1"", ""uav0""]",limited,True,{},NONE,NORMAL,SAFE,1.0,IDLE,0.0,0.0,0.0,,,0.0,False,avoidance not required,,{},,,,,,,,,,,0,safe,3.270,14.297,0.026,0,0,0.0,0.0,[],-0.0010021880734711885,-0.015132814645767212,0.2837017774581909,0.01103285513818264,-0.016206905245780945,0.17255784571170807,-0.02735966444015503,0.006938164588063955,0.17163924872875214
289.0,RUNNING,12,HOME_DESCENT,0.99,0.912,142.3931,4.865,True,NORMAL,MONITOR,False,{},"[""uav2"", ""uav1"", ""uav0""]",limited,True,{},NONE,NORMAL,SAFE,1.0,IDLE,0.0,0.0,0.0,,,0.0,False,avoidance not required,,{},,,,,,,,,,,0,safe,3.262,14.299,0.029,0,0,0.0,0.0,[],0.0017671313835307956,-0.015165566466748714,0.2744000554084778,0.016210610046982765,-0.018354054540395737,0.16650928556919098,-0.02993815951049328,0.004965014290064573,0.16415275633335114
289.2,RUNNING,12,HOME_DESCENT,0.991,0.9118,142.3677,4.828,True,NORMAL,MONITOR,False,{},"[""uav2"", ""uav1"", ""uav0""]",limited,True,{},NONE,NORMAL,SAFE,1.0,IDLE,0.0,0.0,0.0,,,0.0,False,avoidance not required,,{},,,,,,,,,,,0,safe,3.254,14.302,0.034,0,0,0.0,0.0,[],0.003230807138606906,-0.013061432167887688,0.26424941420555115,0.018395110964775085,-0.017397237941622734,0.16283299028873444,-0.03341125324368477,0.004851191304624081,0.1588175743818283
289.4,RUNNING,12,HOME_DESCENT,0.991,0.9118,142.3677,4.828,True,NORMAL,MONITOR,False,{},"[""uav2"", ""uav1"", ""uav0""]",limited,True,{},NONE,NORMAL,SAFE,1.0,IDLE,0.0,0.0,0.0,,,0.0,False,avoidance not required,,{},,,,,,,,,,,0,safe,3.248,14.305,0.040,0,0,0.0,0.0,[],0.0054773022420704365,-0.013358594849705696,0.25329113006591797,0.017994603142142296,-0.016861729323863983,0.15918885171413422,-0.03198886662721634,0.004330616910010576,0.15337736904621124
289.6,RUNNING,12,HOME_DESCENT,0.992,0.9117,142.3425,4.792,True,NORMAL,MONITOR,False,{},"[""uav2"", ""uav1"", ""uav0""]",limited,True,{},NONE,NORMAL,SAFE,1.0,IDLE,0.0,0.0,0.0,,,0.0,False,avoidance not required,,{},,,,,,,,,,,0,safe,3.250,14.304,0.042,0,0,0.0,0.0,[],0.009216248989105225,-0.015444469638168812,0.23840034008026123,0.0186040997505188,-0.01598946750164032,0.1598065346479416,-0.03083479031920433,0.0018523314502090216,0.1470590978860855
289.8,RUNNING,12,HOME_DESCENT,0.993,0.9117,142.3425,4.792,True,NORMAL,MONITOR,False,{},"[""uav2"", ""uav1"", ""uav0""]",limited,True,{},NONE,NORMAL,SAFE,1.0,IDLE,0.0,0.0,0.0,,,0.0,False,avoidance not required,,{},,,,,,,,,,,0,safe,3.251,14.305,0.045,0,0,0.0,0.0,[],0.010698062367737293,-0.014619528315961361,0.2275107353925705,0.017425980418920517,-0.01289768423885107,0.16161222755908966,-0.03305225819349289,0.0016314972890540957,0.1430184543132782
290.0,RUNNING,12,HOME_DESCENT,0.994,0.9117,142.3425,4.792,True,NORMAL,MONITOR,False,{},"[""uav2"", ""uav1"", ""uav0""]",limited,True,{},NONE,NORMAL,SAFE,1.0,IDLE,0.0,0.0,0.0,,,0.0,False,avoidance not required,,{},,,,,,,,,,,0,safe,3.250,14.307,0.050,0,0,0.0,0.0,[],0.017772650346159935,-0.012917575426399708,0.21763275563716888,0.02260299026966095,-0.013224536553025246,0.16015058755874634,-0.033319078385829926,0.0013948455452919006,0.13718725740909576
290.2,RUNNING,12,HOME_DESCENT,0.994,0.9116,142.3174,4.755,True,NORMAL,MONITOR,False,{},"[""uav2"", ""uav1"", ""uav0""]",limited,True,{},NONE,NORMAL,SAFE,1.0,IDLE,0.0,0.0,0.0,,,0.0,False,avoidance not required,,{},,,,,,,,,,,0,safe,3.244,14.307,0.054,0,0,0.0,0.0,[],0.0207058135420084,-0.009658575989305973,0.21213087439537048,0.0240644384175539,-0.011429314501583576,0.1599034070968628,-0.03655552119016647,0.002896270714700222,0.13314926624298096
290.4,RUNNING,12,HOME_DESCENT,0.995,0.9116,142.3174,4.755,True,NORMAL,MONITOR,False,{},"[""uav2"", ""uav1"", ""uav0""]",limited,True,{},NONE,NORMAL,SAFE,1.0,IDLE,0.0,0.0,0.0,,,0.0,False,avoidance not required,,{},,,,,,,,,,,0,safe,3.240,14.308,0.059,0,0,0.0,0.0,[],0.025150256231427193,-0.009446138516068459,0.2070450633764267,0.03022592142224312,-0.01217725221067667,0.1586037278175354,-0.03543703258037567,0.005669275764375925,0.12924043834209442
290.6,RUNNING,12,HOME_DESCENT,0.996,0.9115,142.2922,4.718,True,NORMAL,MONITOR,False,{},"[""uav2"", ""uav1"", ""uav0""]",limited,True,{},NONE,NORMAL,SAFE,1.0,IDLE,0.0,0.0,0.0,,,0.0,False,avoidance not required,,{},,,,,,,,,,,0,safe,3.235,14.306,0.062,0,0,0.0,0.0,[],0.02552923932671547,-0.007670700550079346,0.20292238891124725,0.03169587627053261,-0.01095497701317072,0.15850521624088287,-0.037877388298511505,0.0084956344217062,0.12741422653198242
290.8,RUNNING,12,HOME_DESCENT,0.997,0.9115,142.2922,4.718,True,NORMAL,MONITOR,False,{},"[""uav2"", ""uav1"", ""uav0""]",limited,True,{},NONE,NORMAL,SAFE,1.0,IDLE,0.0,0.0,0.0,,,0.0,False,avoidance not required,,{},,,,,,,,,,,0,safe,3.231,14.305,0.065,0,0,0.0,0.0,[],0.028032172471284866,-0.0030551457311958075,0.19530212879180908,0.03437525033950806,-0.011958061717450619,0.15691423416137695,-0.03487211465835571,0.008977211080491543,0.12728598713874817
291.0,RUNNING,12,HOME_DESCENT,0.997,0.9115,142.2922,4.718,True,NORMAL,MONITOR,False,{},"[""uav2"", ""uav1"", ""uav0""]",limited,True,{},NONE,NORMAL,SAFE,1.0,IDLE,0.0,0.0,0.0,,,0.0,False,avoidance not required,,{},,,,,,,,,,,0,safe,3.231,14.303,0.064,0,0,0.0,0.0,[],0.02700146660208702,0.0011758580803871155,0.18979425728321075,0.03309037163853645,-0.01062455028295517,0.15699230134487152,-0.035799115896224976,0.01170255895704031,0.12568001449108124
291.2,RUNNING,12,HOME_DESCENT,0.998,0.9113,142.267,4.7,True,NORMAL,MONITOR,False,{},"[""uav2"", ""uav1"", ""uav0""]",limited,True,{},NONE,NORMAL,SAFE,1.0,IDLE,0.0,0.0,0.0,,,0.0,False,avoidance not required,,{},,,,,,,,,,,0,safe,3.231,14.302,0.066,0,0,0.0,0.0,[],0.03341707959771156,0.0032728188671171665,0.18818463385105133,0.04160380735993385,-0.007627467159181833,0.15879973769187927,-0.03459558263421059,0.010581227019429207,0.12374190986156464
291.4,RUNNING,12,HOME_DESCENT,0.999,0.9113,142.267,4.7,True,NORMAL,MONITOR,False,{},"[""uav2"", ""uav1"", ""uav0""]",limited,True,{},NONE,NORMAL,SAFE,1.0,IDLE,0.0,0.0,0.0,,,0.0,False,avoidance not required,,{},,,,,,,,,,,0,safe,3.224,14.302,0.067,0,0,0.0,0.0,[],0.03414035588502884,0.005313691683113575,0.18599815666675568,0.048073917627334595,-0.007176465354859829,0.15648996829986572,-0.03179064020514488,0.00832998938858509,0.1291721910238266
291.6,RUNNING,12,HOME_DESCENT,1.0,0.9112,142.2401,4.663,True,NORMAL,MONITOR,False,{},"[""uav2"", ""uav1"", ""uav0""]",limited,True,{},NONE,NORMAL,SAFE,1.0,IDLE,0.0,0.0,0.0,,,0.0,False,avoidance not required,,{},,,,,,,,,,,0,safe,3.220,14.301,0.061,0,0,0.0,0.0,[],0.04040314257144928,0.004651803523302078,0.19238078594207764,0.04755757749080658,-0.0055252728052437305,0.15483933687210083,-0.034460533410310745,0.009441792033612728,0.12924687564373016
291.8,RUNNING,12,HOME_DESCENT,1.0,0.9112,142.2401,4.663,True,NORMAL,MONITOR,False,{},"[""uav2"", ""uav1"", ""uav0""]",limited,True,{},NONE,NORMAL,SAFE,1.0,IDLE,0.0,0.0,0.0,,,0.0,False,avoidance not required,,{},,,,,,,,,,,0,safe,3.218,14.302,0.062,0,0,0.0,0.0,[],0.03972747549414635,0.004794809967279434,0.19244341552257538,0.04982044920325279,-0.005267895292490721,0.15453529357910156,-0.03254939243197441,0.01048786286264658,0.12347422540187836
292.0,RUNNING,12,HOME_DESCENT,1.0,0.9112,142.2401,4.663,True,NORMAL,MONITOR,False,{},"[""uav2"", ""uav1"", ""uav0""]",limited,True,{},NONE,NORMAL,SAFE,1.0,IDLE,0.0,0.0,0.0,,,0.0,False,avoidance not required,,{},,,,,,,,,,,0,safe,3.218,14.300,0.066,0,0,0.0,0.0,[],0.047141946852207184,0.004587427247315645,0.18794924020767212,0.0543806254863739,-0.0056726098991930485,0.15292704105377197,-0.031849008053541183,0.009897680953145027,0.11825865507125854
292.2,RUNNING,12,HOME_DESCENT,1.0,0.9111,142.215,0.0,True,NORMAL,MONITOR,False,{},"[""uav2"", ""uav1"", ""uav0""]",limited,True,{},NONE,NORMAL,SAFE,1.0,IDLE,0.0,0.0,0.0,,,0.0,False,avoidance not required,,{},,,,,,,,,,,0,safe,3.214,14.300,0.070,0,0,0.0,0.0,[],0.04687124863266945,0.004887747578322887,0.18307949602603912,0.05150683596730232,-0.004855538718402386,0.15321113169193268,-0.019025972113013268,0.004800902679562569,0.1133928894996643
292.4,RUNNING,12,HOME_DESCENT,1.0,0.9111,142.215,0.0,True,NORMAL,MONITOR,False,{},"[""uav2"", ""uav1"", ""uav0""]",limited,True,{},NONE,NORMAL,SAFE,1.0,IDLE,0.0,0.0,0.0,,,0.0,False,avoidance not required,,{},,,,,,,,,,,0,safe,3.230,14.294,0.069,0,0,0.0,0.0,[],0.054018326103687286,0.006691775284707546,0.1815866231918335,0.0577370822429657,-0.0023864086251705885,0.1523481160402298,-0.002223189687356353,-0.005992263555526733,0.10747981816530228
292.6,COMPLETE,12,HOME_DESCENT,1.0,0.9109,142.1833,0.0,True,NORMAL,MONITOR,False,{},"[""uav2"", ""uav1"", ""uav0""]",limited,True,{},NONE,NORMAL,SAFE,1.0,IDLE,0.0,0.0,0.0,,,0.0,False,avoidance not required,,{},,,,,,,,,,,0,safe,3.240,14.290,0.073,0,0,0.0,0.0,[],0.05260613560676575,0.007870260626077652,0.1792382150888443,0.06625252217054367,-0.0010442064376547933,0.156631737947464,0.031952980905771255,-0.02782747521996498,0.10360487550497055
292.8,COMPLETE,12,HOME_DESCENT,1.0,0.9109,142.1833,0.0,True,NORMAL,MONITOR,False,{},"[""uav2"", ""uav1"", ""uav0""]",limited,True,{},NONE,NORMAL,SAFE,1.0,IDLE,0.0,0.0,0.0,,,0.0,False,avoidance not required,,{},,,,,,,,,,,3,fleet initializing,3.266,14.281,0.087,0,0,0.0,0.0,[],0.06560435891151428,0.005627623293548822,0.16968318819999695,0.06582596898078918,0.0005279738688841462,0.1508515328168869,0.058605700731277466,-0.04830842465162277,0.08580674231052399
293.0,COMPLETE,12,HOME_DESCENT,1.0,0.9109,142.1833,0.0,True,NORMAL,MONITOR,False,{},"[""uav2"", ""uav1"", ""uav0""]",limited,True,{},NONE,NORMAL,SAFE,1.0,IDLE,0.0,0.0,0.0,,,0.0,False,avoidance not required,,{},,,,,,,,,,,3,fleet initializing,3.294,14.276,0.121,0,0,0.0,0.0,[],0.0681617259979248,0.0049728709273040295,0.10823121666908264,0.07281356304883957,0.0018089100485667586,0.0969475731253624,0.06043795868754387,-0.04850446805357933,0.08575059473514557
293.2,COMPLETE,12,HOME_DESCENT,1.0,0.9108,142.1524,0.0,True,NORMAL,MONITOR,False,{},"[""uav2"", ""uav1"", ""uav0""]",limited,True,{},NONE,NORMAL,SAFE,1.0,IDLE,0.0,0.0,0.0,,,0.0,False,avoidance not required,,{},,,,,,,,,,,3,fleet initializing,3.288,14.275,0.122,0,0,0.0,0.0,[],0.07897280156612396,0.004861216060817242,0.049531757831573486,0.07009491324424744,0.002317303093150258,0.0011277992743998766,0.054837364703416824,-0.047993458807468414,0.08479392528533936
293.4,COMPLETE,12,HOME_DESCENT,1.0,0.9108,142.1524,0.0,True,NORMAL,MONITOR,False,{},"[""uav2"", ""uav1"", ""uav0""]",limited,True,{},NONE,NORMAL,SAFE,1.0,IDLE,0.0,0.0,0.0,,,0.0,False,avoidance not required,,{},,,,,,,,,,,3,fleet initializing,3.286,14.279,0.192,0,0,0.0,0.0,[],0.09005393832921982,0.006697237491607666,-0.023170076310634613,0.07383427768945694,0.0017829679418355227,0.009087038226425648,0.05784136801958084,-0.046669185161590576,0.08421240746974945
293.6,COMPLETE,12,HOME_DESCENT,1.0,0.9106,142.1271,0.0,True,NORMAL,MONITOR,False,{},"[""uav2"", ""uav1"", ""uav0""]",limited,True,{},NONE,NORMAL,SAFE,1.0,IDLE,0.0,0.0,0.0,,,0.0,False,avoidance not required,,{},,,,,,,,,,,3,fleet initializing,3.284,14.276,0.222,0,0,0.0,0.0,[],0.08800043165683746,0.006331383250653744,-0.0694129541516304,0.06905239820480347,0.0007002135971561074,0.010623309761285782,0.05373735353350639,-0.0461161807179451,0.082614004611969
293.8,COMPLETE,12,HOME_DESCENT,1.0,0.9106,142.1271,0.0,True,NORMAL,MONITOR,False,{},"[""uav2"", ""uav1"", ""uav0""]",limited,True,{},NONE,NORMAL,SAFE,1.0,IDLE,0.0,0.0,0.0,,,0.0,False,avoidance not required,,{},,,,,,,,,,,3,fleet initializing,3.282,14.278,0.265,0,0,0.0,0.0,[],0.09270685911178589,0.007223519030958414,-0.09106960147619247,0.07277646660804749,0.0005001412937417626,0.01155630499124527,0.059259604662656784,-0.04707730561494827,0.08178304135799408
294.0,COMPLETE,12,HOME_DESCENT,1.0,0.9106,142.1271,0.0,True,NORMAL,MONITOR,False,{},"[""uav2"", ""uav1"", ""uav0""]",limited,True,{},NONE,NORMAL,SAFE,1.0,IDLE,0.0,0.0,0.0,,,0.0,False,avoidance not required,,{},,,,,,,,,,,3,fleet initializing,3.282,14.275,0.287,0,0,0.0,0.0,[],0.08704744279384613,0.005683969706296921,-0.10731654614210129,0.06884044408798218,-8.619143045507371e-05,0.009518351405858994,0.05836911126971245,-0.04799443110823631,0.07963021099567413
294.2,COMPLETE,12,HOME_DESCENT,1.0,0.9105,142.1018,0.0,True,NORMAL,MONITOR,False,{},"[""uav2"", ""uav1"", ""uav0""]",limited,True,{},NONE,NORMAL,SAFE,1.0,IDLE,0.0,0.0,0.0,,,0.0,False,avoidance not required,,{},,,,,,,,,,,3,fleet initializing,3.284,14.276,0.300,0,0,0.0,0.0,[],0.08865275233983994,0.006664518266916275,-0.1077021136879921,0.07020562142133713,0.0016135976184159517,0.006760109681636095,0.06763939559459686,-0.04706106707453728,0.07573802769184113
294.4,COMPLETE,12,HOME_DESCENT,1.0,0.9105,142.1018,0.0,True,NORMAL,MONITOR,False,{},"[""uav2"", ""uav1"", ""uav0""]",limited,True,{},NONE,NORMAL,SAFE,1.0,IDLE,0.0,0.0,0.0,,,0.0,False,avoidance not required,,{},,,,,,,,,,,3,fleet initializing,3.284,14.269,0.301,0,0,0.0,0.0,[],0.08217141777276993,0.005429389420896769,-0.11063945293426514,0.0763707384467125,0.004305260721594095,0.006499723065644503,0.07980253547430038,-0.04699990153312683,0.07305853068828583
294.6,COMPLETE,12,HOME_DESCENT,1.0,0.9104,142.0765,0.0,True,NORMAL,MONITOR,False,{},"[""uav2"", ""uav1"", ""uav0""]",limited,True,{},NONE,NORMAL,SAFE,1.0,IDLE,0.0,0.0,0.0,,,0.0,False,avoidance not required,,{},,,,,,,,,,,3,fleet initializing,3.296,14.260,0.302,0,0,0.0,0.0,[],0.08867147564888,0.007070855237543583,-0.10702954977750778,0.07726412266492844,0.0063828350976109505,0.002686871448531747,0.08594969660043716,-0.046805065125226974,0.06908378005027771
294.8,COMPLETE,12,HOME_DESCENT,1.0,0.9104,142.0765,0.0,True,NORMAL,MONITOR,False,{},"[""uav2"", ""uav1"", ""uav0""]",limited,True,{},NONE,NORMAL,SAFE,1.0,IDLE,0.0,0.0,0.0,,,0.0,False,avoidance not required,,{},,,,,,,,,,,3,fleet initializing,3.290,14.256,0.300,0,0,0.0,0.0,[],0.08858102560043335,0.006899145431816578,-0.10630707442760468,0.083241306245327,0.01026842650026083,-0.00039040338015183806,0.09311644732952118,-0.04329444840550423,0.0648035854101181
295.0,COMPLETE,12,HOME_DESCENT,1.0,0.9104,142.0765,0.0,True,NORMAL,MONITOR,False,{},"[""uav2"", ""uav1"", ""uav0""]",limited,True,{},NONE,NORMAL,SAFE,1.0,IDLE,0.0,0.0,0.0,,,0.0,False,avoidance not required,,{},,,,,,,,,,,3,fleet initializing,3.296,14.248,0.300,0,0,0.0,0.0,[],0.09606294333934784,0.008570135571062565,-0.10378539562225342,0.08566651493310928,0.013226894661784172,-0.005005564074963331,0.09650436788797379,-0.04093525931239128,0.05891215801239014
295.2,COMPLETE,12,HOME_DESCENT,1.0,0.9103,142.0514,0.0,True,NORMAL,MONITOR,False,{},"[""uav2"", ""uav1"", ""uav0""]",limited,True,{},NONE,NORMAL,SAFE,1.0,IDLE,0.0,0.0,0.0,,,0.0,False,avoidance not required,,{},,,,,,,,,,,3,fleet initializing,3.291,14.244,0.300,0,0,0.0,0.0,[],0.09770859777927399,0.008823448792099953,-0.1047017052769661,0.0947553738951683,0.012770229950547218,-0.0065824249759316444,0.09664222598075867,-0.04095013439655304,0.053485970944166183
295.4,COMPLETE,12,HOME_DESCENT,1.0,0.9103,142.0514,0.0,True,NORMAL,MONITOR,False,{},"[""uav2"", ""uav1"", ""uav0""]",limited,True,{},NONE,NORMAL,SAFE,1.0,IDLE,0.0,0.0,0.0,,,0.0,False,avoidance not required,,{},,,,,,,,,,,3,fleet initializing,3.296,14.245,0.300,0,0,0.0,0.0,[],0.10017987340688705,0.010757344774901867,-0.10309804230928421,0.10122876614332199,0.012931594625115395,-0.01147639099508524,0.09626901149749756,-0.041298601776361465,0.04627475515007973
295.6,COMPLETE,12,HOME_DESCENT,1.0,0.9101,142.0262,0.0,True,NORMAL,MONITOR,False,{},"[""uav2"", ""uav1"", ""uav0""]",limited,True,{},NONE,NORMAL,SAFE,1.0,IDLE,0.0,0.0,0.0,,,0.0,False,avoidance not required,,{},,,,,,,,,,,3,fleet initializing,3.296,14.245,0.300,0,0,0.0,0.0,[],0.0986214280128479,0.011073431931436062,-0.10569729655981064,0.10615600645542145,0.01707691140472889,-0.01217228639870882,0.09834088385105133,-0.042177002876996994,0.041338000446558
295.8,COMPLETE,12,HOME_DESCENT,1.0,0.9101,142.0262,0.0,True,NORMAL,MONITOR,False,{},"[""uav2"", ""uav1"", ""uav0""]",limited,True,{},NONE,NORMAL,SAFE,1.0,IDLE,0.0,0.0,0.0,,,0.0,False,avoidance not required,,{},,,,,,,,,,,3,fleet initializing,3.293,14.244,0.302,0,0,0.0,0.0,[],0.10328344255685806,0.0129514429718256,-0.10419157892465591,0.11031235754489899,0.02100531756877899,-0.015838107094168663,0.1010098084807396,-0.043039869517087936,0.03545680642127991
296.0,COMPLETE,12,HOME_DESCENT,1.0,0.9101,142.0262,0.0,True,NORMAL,MONITOR,False,{},"[""uav2"", ""uav1"", ""uav0""]",limited,True,{},NONE,NORMAL,SAFE,1.0,IDLE,0.0,0.0,0.0,,,0.0,False,avoidance not required,,{},,,,,,,,,,,3,fleet initializing,3.292,14.243,0.303,0,0,0.0,0.0,[],0.10514615476131439,0.013615541160106659,-0.10604695975780487,0.10893130302429199,0.021753480657935143,-0.018408996984362602,0.10906074196100235,-0.043273646384477615,0.03412138298153877
296.2,COMPLETE,12,HOME_DESCENT,1.0,0.91,142.0011,0.0,True,NORMAL,MONITOR,False,{},"[""uav2"", ""uav1"", ""uav0""]",limited,True,{},NONE,NORMAL,SAFE,1.0,IDLE,0.0,0.0,0.0,,,0.0,False,avoidance not required,,{},,,,,,,,,,,3,fleet initializing,3.303,14.233,0.302,0,0,0.0,0.0,[],0.1063874289393425,0.017347009852528572,-0.10164009034633636,0.10879228264093399,0.022861231118440628,-0.02466667629778385,0.1148051768541336,-0.04374023154377937,0.029284125193953514
296.4,COMPLETE,12,HOME_DESCENT,1.0,0.91,142.0011,0.0,True,NORMAL,MONITOR,False,{},"[""uav2"", ""uav1"", ""uav0""]",limited,True,{},NONE,NORMAL,SAFE,1.0,IDLE,0.0,0.0,0.0,,,0.0,False,avoidance not required,,{},,,,,,,,,,,3,fleet initializing,3.303,14.233,0.302,0,0,0.0,0.0,[],0.10593805462121964,0.01966155134141445,-0.10284022241830826,0.10824504494667053,0.02190227061510086,-0.02912336215376854,0.11448616534471512,-0.04395066946744919,0.02496826834976673
296.6,COMPLETE,12,HOME_DESCENT,1.0,0.9099,141.976,0.0,True,NORMAL,MONITOR,False,{},"[""uav2"", ""uav1"", ""uav0""]",limited,True,{},NONE,NORMAL,SAFE,1.0,IDLE,0.0,0.0,0.0,,,0.0,False,avoidance not required,,{},,,,,,,,,,,3,fleet initializing,3.303,14.234,0.303,0,0,0.0,0.0,[],0.10789655148983002,0.01863071881234646,-0.1020418331027031,0.1074562594294548,0.018842563033103943,-0.03352604806423187,0.11548946052789688,-0.04471564665436745,0.02026154287159443
296.8,COMPLETE,12,HOME_DESCENT,1.0,0.9099,141.976,0.0,True,NORMAL,MONITOR,False,{},"[""uav2"", ""uav1"", ""uav0""]",limited,True,{},NONE,NORMAL,SAFE,1.0,IDLE,0.0,0.0,0.0,,,0.0,False,avoidance not required,,{},,,,,,,,,,,3,fleet initializing,3.300,14.234,0.303,0,0,0.0,0.0,[],0.10848906636238098,0.017160477116703987,-0.10564810037612915,0.10799387097358704,0.017201147973537445,-0.041153088212013245,0.11713413894176483,-0.045959364622831345,0.013983900658786297
297.0,COMPLETE,12,HOME_DESCENT,1.0,0.9099,141.976,0.0,True,NORMAL,MONITOR,False,{},"[""uav2"", ""uav1"", ""uav0""]",limited,True,{},NONE,NORMAL,SAFE,1.0,IDLE,0.0,0.0,0.0,,,0.0,False,avoidance not required,,{},,,,,,,,,,,3,fleet initializing,3.300,14.233,0.306,0,0,0.0,0.0,[],0.11009397357702255,0.01714836247265339,-0.10624289512634277,0.10770309716463089,0.01637597382068634,-0.042699191719293594,0.11645162105560303,-0.04650449752807617,0.008614357560873032
297.2,COMPLETE,12,HOME_DESCENT,1.0,0.9098,141.9508,0.0,True,NORMAL,MONITOR,False,{},"[""uav2"", ""uav1"", ""uav0""]",limited,True,{},NONE,NORMAL,SAFE,1.0,IDLE,0.0,0.0,0.0,,,0.0,False,avoidance not required,,{},,,,,,,,,,,3,fleet initializing,3.298,14.234,0.307,0,0,0.0,0.0,[],0.11070539802312851,0.01667018234729767,-0.11040306836366653,0.10826729238033295,0.016222482547163963,-0.048080895096063614,0.1173623651266098,-0.04730469733476639,0.0024211229756474495
297.4,COMPLETE,12,HOME_DESCENT,1.0,0.9098,141.9508,0.0,True,NORMAL,MONITOR,False,{},"[""uav2"", ""uav1"", ""uav0""]",limited,True,{},NONE,NORMAL,SAFE,1.0,IDLE,0.0,0.0,0.0,,,0.0,False,avoidance not required,,{},,,,,,,,,,,3,fleet initializing,3.298,14.234,0.311,0,0,0.0,0.0,[],0.111603282392025,0.01727789267897606,-0.10836100578308105,0.10539960116147995,0.016292203217744827,-0.052569691091775894,0.11827394366264343,-0.04702116921544075,-0.0024073272943496704
297.6,COMPLETE,12,HOME_DESCENT,1.0,0.9096,141.9257,0.0,True,NORMAL,MONITOR,False,{},"[""uav2"", ""uav1"", ""uav0""]",limited,True,{},NONE,NORMAL,SAFE,1.0,IDLE,0.0,0.0,0.0,,,0.0,False,avoidance not required,,{},,,,,,,,,,,3,fleet initializing,3.294,14.233,0.310,0,0,0.0,0.0,[],0.11161144822835922,0.017322272062301636,-0.11028365790843964,0.10411332547664642,0.016780007630586624,-0.05993928015232086,0.1190531775355339,-0.047245804220438004,-0.008416881784796715
297.8,COMPLETE,12,HOME_DESCENT,1.0,0.9096,141.9257,0.0,True,NORMAL,MONITOR,False,{},"[""uav2"", ""uav1"", ""uav0""]",limited,True,{},NONE,NORMAL,SAFE,1.0,IDLE,0.0,0.0,0.0,,,0.0,False,avoidance not required,,{},,,,,,,,,,,3,fleet initializing,3.293,14.233,0.311,0,0,0.0,0.0,[],0.11370303481817245,0.015897352248430252,-0.10853146016597748,0.10260730236768723,0.016841420903801918,-0.06882128119468689,0.11413857340812683,-0.045408930629491806,-0.010018511675298214
298.0,COMPLETE,12,HOME_DESCENT,1.0,0.9096,141.9257,0.0,True,NORMAL,MONITOR,False,{},"[""uav2"", ""uav1"", ""uav0""]",limited,True,{},NONE,NORMAL,SAFE,1.0,IDLE,0.0,0.0,0.0,,,0.0,False,avoidance not required,,{},,,,,,,,,,,3,fleet initializing,3.289,14.235,0.311,0,0,0.0,0.0,[],0.11477574706077576,0.014604778029024601,-0.1115732416510582,0.10212083160877228,0.017273299396038055,-0.07751236855983734,0.11164812743663788,-0.04496082291007042,-0.014809942804276943
298.2,COMPLETE,12,HOME_DESCENT,1.0,0.9095,141.9005,0.0,True,NORMAL,MONITOR,False,{},"[""uav2"", ""uav1"", ""uav0""]",limited,True,{},NONE,NORMAL,SAFE,1.0,IDLE,0.0,0.0,0.0,,,0.0,False,avoidance not required,,{},,,,,,,,,,,3,fleet initializing,3.288,14.236,0.314,0,0,0.0,0.0,[],0.11481469869613647,0.016998745501041412,-0.10829872637987137,0.10613009333610535,0.019120046868920326,-0.07728508859872818,0.10953543335199356,-0.044989388436079025,-0.017923550680279732
298.4,COMPLETE,12,HOME_DESCENT,1.0,0.9095,141.9005,0.0,True,NORMAL,MONITOR,False,{},"[""uav2"", ""uav1"", ""uav0""]",limited,True,{},NONE,NORMAL,SAFE,1.0,IDLE,0.0,0.0,0.0,,,0.0,False,avoidance not required,,{},,,,,,,,,,,3,fleet initializing,3.291,14.238,0.311,0,0,0.0,0.0,[],0.11430594325065613,0.018220631405711174,-0.10958167165517807,0.1086592897772789,0.020493457093834877,-0.08186541497707367,0.10865454375743866,-0.04594170302152634,-0.024354107677936554
298.6,COMPLETE,12,HOME_DESCENT,1.0,0.9094,141.8753,0.0,True,NORMAL,MONITOR,False,{},"[""uav2"", ""uav1"", ""uav0""]",limited,True,{},NONE,NORMAL,SAFE,1.0,IDLE,0.0,0.0,0.0,,,0.0,False,avoidance not required,,{},,,,,,,,,,,3,fleet initializing,3.294,14.239,0.312,0,0,0.0,0.0,[],0.11454354971647263,0.01678500510752201,-0.1081530749797821,0.10912706702947617,0.020693816244602203,-0.08324462920427322,0.1074257344007492,-0.04636887088418007,-0.028285808861255646
298.8,COMPLETE,12,HOME_DESCENT,1.0,0.9094,141.8753,0.0,True,NORMAL,MONITOR,False,{},"[""uav2"", ""uav1"", ""uav0""]",limited,True,{},NONE,NORMAL,SAFE,1.0,IDLE,0.0,0.0,0.0,,,0.0,False,avoidance not required,,{},,,,,,,,,,,3,fleet initializing,3.295,14.240,0.311,0,0,0.0,0.0,[],0.11381202191114426,0.01532346848398447,-0.1106666550040245,0.10888358950614929,0.021000538021326065,-0.08651382476091385,0.10603292286396027,-0.04733619466423988,-0.0331440307199955
299.0,COMPLETE,12,HOME_DESCENT,1.0,0.9094,141.8753,0.0,True,NORMAL,MONITOR,False,{},"[""uav2"", ""uav1"", ""uav0""]",limited,True,{},NONE,NORMAL,SAFE,1.0,IDLE,0.0,0.0,0.0,,,0.0,False,avoidance not required,,{},,,,,,,,,,,3,fleet initializing,3.295,14.242,0.313,0,0,0.0,0.0,[],0.11324556171894073,0.010892104357481003,-0.10776553303003311,0.10841058939695358,0.021424490958452225,-0.08941102772951126,0.10287822782993317,-0.045668549835681915,-0.03508634492754936
299.2,COMPLETE,12,HOME_DESCENT,1.0,0.9093,141.8502,0.0,True,NORMAL,MONITOR,False,{},"[""uav2"", ""uav1"", ""uav0""]",limited,True,{},NONE,NORMAL,SAFE,1.0,IDLE,0.0,0.0,0.0,,,0.0,False,avoidance not required,,{},,,,,,,,,,,3,fleet initializing,3.295,14.243,0.309,0,0,0.0,0.0,[],0.11155904829502106,0.007667939178645611,-0.10747705399990082,0.1074797585606575,0.022427551448345184,-0.09528683125972748,0.10054447501897812,-0.045148082077503204,-0.0397997610270977
299.4,COMPLETE,12,HOME_DESCENT,1.0,0.9093,141.8502,0.0,True,NORMAL,MONITOR,False,{},"[""uav2"", ""uav1"", ""uav0""]",limited,True,{},NONE,NORMAL,SAFE,1.0,IDLE,0.0,0.0,0.0,,,0.0,False,avoidance not required,,{},,,,,,,,,,,3,fleet initializing,3.294,14.244,0.308,0,0,0.0,0.0,[],0.11361654847860336,0.008217738009989262,-0.10474945604801178,0.10524634271860123,0.022513097152113914,-0.09606281667947769,0.10016517341136932,-0.044715918600559235,-0.044731661677360535
299.6,COMPLETE,12,HOME_DESCENT,1.0,0.9091,141.825,0.0,True,NORMAL,MONITOR,False,{},"[""uav2"", ""uav1"", ""uav0""]",limited,True,{},NONE,NORMAL,SAFE,1.0,IDLE,0.0,0.0,0.0,,,0.0,False,avoidance not required,,{},,,,,,,,,,,3,fleet initializing,3.292,14.244,0.307,0,0,0.0,0.0,[],0.11346305161714554,0.008394398726522923,-0.10550916194915771,0.10256167501211166,0.02343701384961605,-0.09923463314771652,0.0987144261598587,-0.04569511115550995,-0.051235318183898926
299.8,COMPLETE,12,HOME_DESCENT,1.0,0.9091,141.825,0.0,True,NORMAL,MONITOR,False,{},"[""uav2"", ""uav1"", ""uav0""]",limited,True,{},NONE,NORMAL,SAFE,1.0,IDLE,0.0,0.0,0.0,,,0.0,False,avoidance not required,,{},,,,,,,,,,,3,fleet initializing,3.289,14.246,0.307,0,0,0.0,0.0,[],0.11180721968412399,0.007810014765709639,-0.10466877371072769,0.1002521812915802,0.025729889050126076,-0.09811362624168396,0.09710541367530823,-0.05150199681520462,-0.05111176520586014
300.0,COMPLETE,12,HOME_DESCENT,1.0,0.9091,141.825,0.0,True,NORMAL,MONITOR,False,{},"[""uav2"", ""uav1"", ""uav0""]",limited,True,{},NONE,NORMAL,SAFE,1.0,IDLE,0.0,0.0,0.0,,,0.0,False,avoidance not required,,{},,,,,,,,,,,3,fleet initializing,3.289,14.251,0.306,0,0,0.0,0.0,[],0.10878589749336243,0.007328915409743786,-0.10572914034128189,0.09733455628156662,0.028357865288853645,-0.10040788352489471,0.09473904222249985,-0.05485200881958008,-0.05351528152823448
300.2,COMPLETE,12,HOME_DESCENT,1.0,0.909,141.7998,0.0,True,NORMAL,MONITOR,False,{},"[""uav2"", ""uav1"", ""uav0""]",limited,True,{},NONE,NORMAL,SAFE,1.0,IDLE,0.0,0.0,0.0,,,0.0,False,avoidance not required,,{},,,,,,,,,,,3,fleet initializing,3.289,14.255,0.306,0,0,0.0,0.0,[],0.11053068190813065,0.014886753633618355,-0.10432258248329163,0.09810996800661087,0.024600813165307045,-0.09681910276412964,0.09537647664546967,-0.055637940764427185,-0.05355903506278992
300.4,COMPLETE,12,HOME_DESCENT,1.0,0.909,141.7998,0.0,True,NORMAL,MONITOR,False,{},"[""uav2"", ""uav1"", ""uav0""]",limited,True,{},NONE,NORMAL,SAFE,1.0,IDLE,0.0,0.0,0.0,,,0.0,False,avoidance not required,,{},,,,,,,,,,,3,fleet initializing,3.288,14.255,0.305,0,0,0.0,0.0,[],0.10944584757089615,0.02037227340042591,-0.10564275830984116,0.10011737793684006,0.0225541852414608,-0.09223351627588272,0.09430234879255295,-0.05571970343589783,-0.05491966754198074
300.6,COMPLETE,12,HOME_DESCENT,1.0,0.9089,141.7747,0.0,True,NORMAL,MONITOR,False,{},"[""uav2"", ""uav1"", ""uav0""]",limited,True,{},NONE,NORMAL,SAFE,1.0,IDLE,0.0,0.0,0.0,,,0.0,False,avoidance not required,,{},,,,,,,,,,,3,fleet initializing,3.291,14.256,0.307,0,0,0.0,0.0,[],0.11087942868471146,0.022795667871832848,-0.10477609932422638,0.09945704787969589,0.023397428914904594,-0.09204165637493134,0.09576664119958878,-0.05512049421668053,-0.05392647534608841
300.8,COMPLETE,12,HOME_DESCENT,1.0,0.9089,141.7747,0.0,True,NORMAL,MONITOR,False,{},"[""uav2"", ""uav1"", ""uav0""]",limited,True,{},NONE,NORMAL,SAFE,1.0,IDLE,0.0,0.0,0.0,,,0.0,False,avoidance not required,,{},,,,,,,,,,,3,fleet initializing,3.289,14.255,0.306,0,0,0.0,0.0,[],0.10976678878068924,0.02592424489557743,-0.10549603402614594,0.10101683437824249,0.02285400964319706,-0.08976911008358002,0.09509211778640747,-0.05371296778321266,-0.0555238239467144
301.0,COMPLETE,12,HOME_DESCENT,1.0,0.9089,141.7747,0.0,True,NORMAL,MONITOR,False,{},"[""uav2"", ""uav1"", ""uav0""]",limited,True,{},NONE,NORMAL,SAFE,1.0,IDLE,0.0,0.0,0.0,,,0.0,False,avoidance not required,,{},,,,,,,,,,,3,fleet initializing,3.291,14.254,0.307,0,0,0.0,0.0,[],0.11304810643196106,0.02453549951314926,-0.10238318145275116,0.10021302849054337,0.024992184713482857,-0.09094837307929993,0.09683528542518616,-0.050893839448690414,-0.05662024766206741
301.2,COMPLETE,12,HOME_DESCENT,1.0,0.9087,141.7495,0.0,True,NORMAL,MONITOR,False,{},"[""uav2"", ""uav1"", ""uav0""]",limited,True,{},NONE,NORMAL,SAFE,1.0,IDLE,0.0,0.0,0.0,,,0.0,False,avoidance not required,,{},,,,,,,,,,,3,fleet initializing,3.287,14.251,0.305,0,0,0.0,0.0,[],0.11328408867120743,0.025466933846473694,-0.10204710811376572,0.09978663176298141,0.02846529148519039,-0.08825040608644485,0.09665004909038544,-0.04810143634676933,-0.05860733985900879
301.4,COMPLETE,12,HOME_DESCENT,1.0,0.9087,141.7495,0.0,True,NORMAL,MONITOR,False,{},"[""uav2"", ""uav1"", ""uav0""]",limited,True,{},NONE,NORMAL,SAFE,1.0,IDLE,0.0,0.0,0.0,,,0.0,False,avoidance not required,,{},,,,,,,,,,,3,fleet initializing,3.286,14.246,0.301,0,0,0.0,0.0,[],0.11463277786970139,0.02872306853532791,-0.09638309478759766,0.10064363479614258,0.030759813264012337,-0.08654414862394333,0.09992381185293198,-0.04661530256271362,-0.05433555319905281
301.6,COMPLETE,12,HOME_DESCENT,1.0,0.9086,141.7244,0.0,True,NORMAL,MONITOR,False,{},"[""uav2"", ""uav1"", ""uav0""]",limited,True,{},NONE,NORMAL,SAFE,1.0,IDLE,0.0,0.0,0.0,,,0.0,False,avoidance not required,,{},,,,,,,,,,,3,fleet initializing,3.286,14.246,0.301,0,0,0.0,0.0,[],0.11341241002082825,0.03348644822835922,-0.09501267969608307,0.09942667931318283,0.0350404717028141,-0.08600455522537231,0.10019449144601822,-0.04451267793774605,-0.05387569218873978
301.8,COMPLETE,12,HOME_DESCENT,1.0,0.9086,141.7244,0.0,True,NORMAL,MONITOR,False,{},"[""uav2"", ""uav1"", ""uav0""]",limited,True,{},NONE,NORMAL,SAFE,1.0,IDLE,0.0,0.0,0.0,,,0.0,False,avoidance not required,,{},,,,,,,,,,,3,fleet initializing,3.286,14.244,0.299,0,0,0.0,0.0,[],0.11431089788675308,0.03531147912144661,-0.09345188736915588,0.09746583551168442,0.03541024029254913,-0.0828775018453598,0.10215236991643906,-0.04436489939689636,-0.04860176146030426
302.0,COMPLETE,12,HOME_DESCENT,1.0,0.9085,141.6992,0.0,True,NORMAL,MONITOR,False,{},"[""uav2"", ""uav1"", ""uav0""]",limited,True,{},NONE,NORMAL,SAFE,1.0,IDLE,0.0,0.0,0.0,,,0.0,False,avoidance not required,,{},,,,,,,,,,,3,fleet initializing,3.283,14.243,0.298,0,0,0.0,0.0,[],0.11297392100095749,0.03976154699921608,-0.09208028763532639,0.09489483386278152,0.03881005197763443,-0.08105462044477463,0.10252441465854645,-0.042771805077791214,-0.04629738628864288
302.2,COMPLETE,12,HOME_DESCENT,1.0,0.9085,141.6992,0.0,True,NORMAL,MONITOR,False,{},"[""uav2"", ""uav1"", ""uav0""]",limited,True,{},NONE,NORMAL,SAFE,1.0,IDLE,0.0,0.0,0.0,,,0.0,False,avoidance not required,,{},,,,,,,,,,,3,fleet initializing,3.282,14.241,0.297,0,0,0.0,0.0,[],0.11385563015937805,0.0382673442363739,-0.08438032120466232,0.0976281687617302,0.037512924522161484,-0.08254371583461761,0.10594405233860016,-0.043557193130254745,-0.0424545593559742
302.4,COMPLETE,12,HOME_DESCENT,1.0,0.9085,141.6992,0.0,True,NORMAL,MONITOR,False,{},"[""uav2"", ""uav1"", ""uav0""]",limited,True,{},NONE,NORMAL,SAFE,1.0,IDLE,0.0,0.0,0.0,,,0.0,False,avoidance not required,,{},,,,,,,,,,,3,fleet initializing,3.284,14.239,0.290,0,0,0.0,0.0,[],0.11320266872644424,0.040508732199668884,-0.0791555866599083,0.09873194992542267,0.039973169565200806,-0.08216806501150131,0.10754305124282837,-0.042267367243766785,-0.0407397598028183
302.6,COMPLETE,12,HOME_DESCENT,1.0,0.9084,141.6741,0.0,True,NORMAL,MONITOR,False,{},"[""uav2"", ""uav1"", ""uav0""]",limited,True,{},NONE,NORMAL,SAFE,1.0,IDLE,0.0,0.0,0.0,,,0.0,False,avoidance not required,,{},,,,,,,,,,,3,fleet initializing,3.286,14.237,0.286,0,0,0.0,0.0,[],0.11275819689035416,0.03803432732820511,-0.07332579046487808,0.10229147970676422,0.03873198479413986,-0.07543617486953735,0.11154762655496597,-0.04367665573954582,-0.03493550047278404
302.8,COMPLETE,12,HOME_DESCENT,1.0,0.9084,141.6741,0.0,True,NORMAL,MONITOR,False,{},"[""uav2"", ""uav1"", ""uav0""]",limited,True,{},NONE,NORMAL,SAFE,1.0,IDLE,0.0,0.0,0.0,,,0.0,False,avoidance not required,,{},,,,,,,,,,,3,fleet initializing,3.290,14.236,0.280,0,0,0.0,0.0,[],0.11521478742361069,0.03290672227740288,-0.06668127328157425,0.10385902225971222,0.041200846433639526,-0.07061918079853058,0.11533765494823456,-0.045366063714027405,-0.03269610553979874
303.0,COMPLETE,12,HOME_DESCENT,1.0,0.9084,141.6741,0.0,True,NORMAL,MONITOR,False,{},"[""uav2"", ""uav1"", ""uav0""]",limited,True,{},NONE,NORMAL,SAFE,1.0,IDLE,0.0,0.0,0.0,,,0.0,False,avoidance not required,,{},,,,,,,,,,,3,fleet initializing,3.289,14.234,0.274,0,0,0.0,0.0,[],0.11607299000024796,0.03316337987780571,-0.06281758099794388,0.1051284670829773,0.039780206978321075,-0.06629610806703568,0.11713545769453049,-0.04451306164264679,-0.0314197801053524
303.2,COMPLETE,12,HOME_DESCENT,1.0,0.9082,141.6491,0.0,True,NORMAL,MONITOR,False,{},"[""uav2"", ""uav1"", ""uav0""]",limited,True,{},NONE,NORMAL,SAFE,1.0,IDLE,0.0,0.0,0.0,,,0.0,False,avoidance not required,,{},,,,,,,,,,,3,fleet initializing,3.289,14.232,0.271,0,0,0.0,0.0,[],0.11673196405172348,0.029616905376315117,-0.058074843138456345,0.10563039034605026,0.04201395809650421,-0.061936888843774796,0.11759283393621445,-0.045146968215703964,-0.033582061529159546
303.4,COMPLETE,12,HOME_DESCENT,1.0,0.9082,141.6491,0.0,True,NORMAL,MONITOR,False,{},"[""uav2"", ""uav1"", ""uav0""]",limited,True,{},NONE,NORMAL,SAFE,1.0,IDLE,0.0,0.0,0.0,,,0.0,False,avoidance not required,,{},,,,,,,,,,,3,fleet initializing,3.289,14.232,0.267,0,0,0.0,0.0,[],0.11638537049293518,0.030823370441794395,-0.05470040813088417,0.11162205785512924,0.04013252258300781,-0.056612417101860046,0.11823572218418121,-0.04370599985122681,-0.03278730809688568
303.6,COMPLETE,12,HOME_DESCENT,1.0,0.9081,141.624,0.0,True,NORMAL,MONITOR,False,{},"[""uav2"", ""uav1"", ""uav0""]",limited,True,{},NONE,NORMAL,SAFE,1.0,IDLE,0.0,0.0,0.0,,,0.0,False,avoidance not required,,{},,,,,,,,,,,3,fleet initializing,3.295,14.231,0.265,0,0,0.0,0.0,[],0.11692981421947479,0.029330413788557053,-0.0547158382833004,0.11469561606645584,0.04234524443745613,-0.05264821648597717,0.12282288819551468,-0.04384642839431763,-0.029782984405755997
303.8,COMPLETE,12,HOME_DESCENT,1.0,0.9081,141.624,0.0,True,NORMAL,MONITOR,False,{},"[""uav2"", ""uav1"", ""uav0""]",limited,True,{},NONE,NORMAL,SAFE,1.0,IDLE,0.0,0.0,0.0,,,0.0,False,avoidance not required,,{},,,,,,,,,,,3,fleet initializing,3.298,14.228,0.264,0,0,0.0,0.0,[],0.11673522740602493,0.03161637857556343,-0.05193427577614784,0.11589405685663223,0.0382072851061821,-0.045362766832113266,0.12505996227264404,-0.042288631200790405,-0.0272968839854002
304.0,COMPLETE,12,HOME_DESCENT,1.0,0.908,141.599,0.0,True,NORMAL,MONITOR,False,{},"[""uav2"", ""uav1"", ""uav0""]",limited,True,{},NONE,NORMAL,SAFE,1.0,IDLE,0.0,0.0,0.0,,,0.0,False,avoidance not required,,{},,,,,,,,,,,3,fleet initializing,3.299,14.225,0.262,0,0,0.0,0.0,[],0.11694451421499252,0.03061624802649021,-0.04516904801130295,0.11607247591018677,0.038128167390823364,-0.03992651030421257,0.1252799779176712,-0.04324169084429741,-0.023371925577521324
304.2,COMPLETE,12,HOME_DESCENT,1.0,0.908,141.599,0.0,True,NORMAL,MONITOR,False,{},"[""uav2"", ""uav1"", ""uav0""]",limited,True,{},NONE,NORMAL,SAFE,1.0,IDLE,0.0,0.0,0.0,,,0.0,False,avoidance not required,,{},,,,,,,,,,,3,fleet initializing,3.299,14.226,0.256,0,0,0.0,0.0,[],0.11630848050117493,0.03261607140302658,-0.03894861787557602,0.11475666612386703,0.03734610229730606,-0.032478850334882736,0.12477970123291016,-0.04279636964201927,-0.02069505862891674
304.4,COMPLETE,12,HOME_DESCENT,1.0,0.908,141.599,0.0,True,NORMAL,MONITOR,False,{},"[""uav2"", ""uav1"", ""uav0""]",limited,True,{},NONE,NORMAL,SAFE,1.0,IDLE,0.0,0.0,0.0,,,0.0,False,avoidance not required,,{},,,,,,,,,,,3,fleet initializing,3.298,14.226,0.250,0,0,0.0,0.0,[],0.1164841279387474,0.03125889226794243,-0.035658709704875946,0.1142687052488327,0.035021863877773285,-0.02934950776398182,0.12279312312602997,-0.04476113244891167,-0.020107287913560867
304.6,COMPLETE,12,HOME_DESCENT,1.0,0.9079,141.5739,0.0,True,NORMAL,MONITOR,False,{},"[""uav2"", ""uav1"", ""uav0""]",limited,True,{},NONE,NORMAL,SAFE,1.0,IDLE,0.0,0.0,0.0,,,0.0,False,avoidance not required,,{},,,,,,,,,,,3,fleet initializing,3.298,14.228,0.247,0,0,0.0,0.0,[],0.11629640311002731,0.03291723504662514,-0.03284182399511337,0.1138160228729248,0.03571745380759239,-0.0283943060785532,0.12157949060201645,-0.04491225630044937,-0.021203618496656418
304.8,COMPLETE,12,HOME_DESCENT,1.0,0.9079,141.5739,0.0,True,NORMAL,MONITOR,False,{},"[""uav2"", ""uav1"", ""uav0""]",limited,True,{},NONE,NORMAL,SAFE,1.0,IDLE,0.0,0.0,0.0,,,0.0,False,avoidance not required,,{},,,,,,,,,,,3,fleet initializing,3.298,14.229,0.245,0,0,0.0,0.0,[],0.11685232818126678,0.031571194529533386,-0.032146427780389786,0.1150769293308258,0.03569671884179115,-0.027680013328790665,0.12038467824459076,-0.04623955860733986,-0.026800785213708878
305.0,COMPLETE,12,HOME_DESCENT,1.0,0.9079,141.5739,0.0,True,NORMAL,MONITOR,False,{},"[""uav2"", ""uav1"", ""uav0""]",limited,True,{},NONE,NORMAL,SAFE,1.0,IDLE,0.0,0.0,0.0,,,0.0,False,avoidance not required,,{},,,,,,,,,,,3,fleet initializing,3.298,14.231,0.244,0,0,0.0,0.0,[],0.11671313643455505,0.03288552910089493,-0.032125476747751236,0.11572277545928955,0.03728850930929184,-0.026918403804302216,0.11941345036029816,-0.04600571468472481,-0.030080992728471756
305.2,COMPLETE,12,HOME_DESCENT,1.0,0.9077,141.5489,0.0,True,NORMAL,MONITOR,False,{},"[""uav2"", ""uav1"", ""uav0""]",limited,True,{},NONE,NORMAL,SAFE,1.0,IDLE,0.0,0.0,0.0,,,0.0,False,avoidance not required,,{},,,,,,,,,,,3,fleet initializing,3.299,14.232,0.246,0,0,0.0,0.0,[],0.11869533360004425,0.03136365860700607,-0.03165401518344879,0.11411822587251663,0.036204688251018524,-0.02718605473637581,0.11881375312805176,-0.04546364024281502,-0.030321866273880005
305.4,COMPLETE,12,HOME_DESCENT,1.0,0.9077,141.5489,0.0,True,NORMAL,MONITOR,False,{},"[""uav2"", ""uav1"", ""uav0""]",limited,True,{},NONE,NORMAL,SAFE,1.0,IDLE,0.0,0.0,0.0,,,0.0,False,avoidance not required,,{},,,,,,,,,,,3,fleet initializing,3.293,14.232,0.246,0,0,0.0,0.0,[],0.11973420530557632,0.0321459136903286,-0.03042566403746605,0.11282021552324295,0.03727482631802559,-0.027938080951571465,0.11760986596345901,-0.04498254880309105,-0.03133591264486313
305.6,COMPLETE,12,HOME_DESCENT,1.0,0.9076,141.5238,0.0,True,NORMAL,MONITOR,False,{},"[""uav2"", ""uav1"", ""uav0""]",limited,True,{},NONE,NORMAL,SAFE,1.0,IDLE,0.0,0.0,0.0,,,0.0,False,avoidance not required,,{},,,,,,,,,,,3,fleet initializing,3.293,14.232,0.246,0,0,0.0,0.0,[],0.12202965468168259,0.030618997290730476,-0.026977714151144028,0.11255592107772827,0.03418527543544769,-0.03296332433819771,0.11357560008764267,-0.04887660592794418,-0.030143868178129196
305.8,COMPLETE,12,HOME_DESCENT,1.0,0.9076,141.5238,0.0,True,NORMAL,MONITOR,False,{},"[""uav2"", ""uav1"", ""uav0""]",limited,True,{},NONE,NORMAL,SAFE,1.0,IDLE,0.0,0.0,0.0,,,0.0,False,avoidance not required,,{},,,,,,,,,,,3,fleet initializing,3.289,14.241,0.245,0,0,0.0,0.0,[],0.12306760996580124,0.031458061188459396,-0.024803169071674347,0.11237434297800064,0.03356761485338211,-0.034984834492206573,0.11074212193489075,-0.05008087307214737,-0.03021349385380745
306.0,COMPLETE,12,HOME_DESCENT,1.0,0.9076,141.5238,0.0,True,NORMAL,MONITOR,False,{},"[""uav2"", ""uav1"", ""uav0""]",limited,True,{},NONE,NORMAL,SAFE,1.0,IDLE,0.0,0.0,0.0,,,0.0,False,avoidance not required,,{},,,,,,,,,,,3,fleet initializing,3.289,14.241,0.245,0,0,0.0,0.0,[],0.12189030647277832,0.030216051265597343,-0.02481343038380146,0.1127406656742096,0.03385699912905693,-0.03445185720920563,0.1083093136548996,-0.04823065176606178,-0.026324903592467308
306.2,COMPLETE,12,HOME_DESCENT,1.0,0.9075,141.4988,0.0,True,NORMAL,MONITOR,False,{},"[""uav2"", ""uav1"", ""uav0""]",limited,True,{},NONE,NORMAL,SAFE,1.0,IDLE,0.0,0.0,0.0,,,0.0,False,avoidance not required,,{},,,,,,,,,,,3,fleet initializing,3.291,14.241,0.245,0,0,0.0,0.0,[],0.12114862352609634,0.030843431130051613,-0.02351495996117592,0.11287300288677216,0.035194627940654755,-0.033463552594184875,0.10686492174863815,-0.04650898650288582,-0.024466535076498985
306.4,COMPLETE,12,HOME_DESCENT,1.0,0.9075,141.4988,0.0,True,NORMAL,MONITOR,False,{},"[""uav2"", ""uav1"", ""uav0""]",limited,True,{},NONE,NORMAL,SAFE,1.0,IDLE,0.0,0.0,0.0,,,0.0,False,avoidance not required,,{},,,,,,,,,,,3,fleet initializing,3.292,14.241,0.244,0,0,0.0,0.0,[],0.12118542194366455,0.031765103340148926,-0.021629134193062782,0.11219057440757751,0.034491509199142456,-0.03111470490694046,0.10651051998138428,-0.04652201756834984,-0.022142987698316574
306.6,COMPLETE,12,HOME_DESCENT,1.0,0.9074,141.4738,0.0,True,NORMAL,MONITOR,False,{},"[""uav2"", ""uav1"", ""uav0""]",limited,True,{},NONE,NORMAL,SAFE,1.0,IDLE,0.0,0.0,0.0,,,0.0,False,avoidance not required,,{},,,,,,,,,,,3,fleet initializing,3.291,14.241,0.242,0,0,0.0,0.0,[],0.12118922173976898,0.033797573298215866,-0.020006518810987473,0.11149837076663971,0.03507078438997269,-0.029604267328977585,0.10571559518575668,-0.04630249738693237,-0.019863439723849297
306.8,COMPLETE,12,HOME_DESCENT,1.0,0.9074,141.4738,0.0,True,NORMAL,MONITOR,False,{},"[""uav2"", ""uav1"", ""uav0""]",limited,True,{},NONE,NORMAL,SAFE,1.0,IDLE,0.0,0.0,0.0,,,0.0,False,avoidance not required,,{},,,,,,,,,,,3,fleet initializing,3.290,14.242,0.240,0,0,0.0,0.0,[],0.12037269026041031,0.03317088261246681,-0.017685361206531525,0.11094154417514801,0.03367849439382553,-0.027695976197719574,0.10540416091680527,-0.04874251410365105,-0.017439143732190132
307.0,COMPLETE,12,HOME_DESCENT,1.0,0.9074,141.4738,0.0,True,NORMAL,MONITOR,False,{},"[""uav2"", ""uav1"", ""uav0""]",limited,True,{},NONE,NORMAL,SAFE,1.0,IDLE,0.0,0.0,0.0,,,0.0,False,avoidance not required,,{},,,,,,,,,,,3,fleet initializing,3.290,14.245,0.236,0,0,0.0,0.0,[],0.11961564421653748,0.03413451462984085,-0.015916109085083008,0.1098586916923523,0.03357779607176781,-0.026656217873096466,0.104472316801548,-0.04981477931141853,-0.01615220122039318
307.2,COMPLETE,12,HOME_DESCENT,1.0,0.9072,141.4487,0.0,True,NORMAL,MONITOR,False,{},"[""uav2"", ""uav1"", ""uav0""]",limited,True,{},NONE,NORMAL,SAFE,1.0,IDLE,0.0,0.0,0.0,,,0.0,False,avoidance not required,,{},,,,,,,,,,,3,fleet initializing,3.290,14.245,0.236,0,0,0.0,0.0,[],0.11549243330955505,0.02928193472325802,-0.013537679798901081,0.10803591459989548,0.03216278553009033,-0.023638488724827766,0.10460825264453888,-0.049271419644355774,-0.01507099624723196
307.4,COMPLETE,12,HOME_DESCENT,1.0,0.9072,141.4487,0.0,True,NORMAL,MONITOR,False,{},"[""uav2"", ""uav1"", ""uav0""]",limited,True,{},NONE,NORMAL,SAFE,1.0,IDLE,0.0,0.0,0.0,,,0.0,False,avoidance not required,,{},,,,,,,,,,,3,fleet initializing,3.293,14.244,0.233,0,0,0.0,0.0,[],0.11208608746528625,0.02703622169792652,-0.012545482255518436,0.10584560036659241,0.03185562044382095,-0.022690018638968468,0.10369155555963516,-0.048808880150318146,-0.014187277294695377
307.6,COMPLETE,12,HOME_DESCENT,1.0,0.9071,141.4237,0.0,True,NORMAL,MONITOR,False,{},"[""uav2"", ""uav1"", ""uav0""]",limited,True,{},NONE,NORMAL,SAFE,1.0,IDLE,0.0,0.0,0.0,,,0.0,False,avoidance not required,,{},,,,,,,,,,,3,fleet initializing,3.294,14.245,0.231,0,0,0.0,0.0,[],0.11097941547632217,0.024948205798864365,-0.015088488347828388,0.10522972792387009,0.030900372192263603,-0.016903715208172798,0.10218258947134018,-0.04850206896662712,-0.013474470004439354
307.8,COMPLETE,12,HOME_DESCENT,1.0,0.9071,141.4237,0.0,True,NORMAL,MONITOR,False,{},"[""uav2"", ""uav1"", ""uav0""]",limited,True,{},NONE,NORMAL,SAFE,1.0,IDLE,0.0,0.0,0.0,,,0.0,False,avoidance not required,,{},,,,,,,,,,,3,fleet initializing,3.294,14.246,0.226,0,0,0.0,0.0,[],0.10919518768787384,0.02420993149280548,-0.017116902396082878,0.10351954400539398,0.03069276176393032,-0.01448210421949625,0.10031507164239883,-0.04789907857775688,-0.013731344603002071
308.0,COMPLETE,12,HOME_DESCENT,1.0,0.9071,141.4237,0.0,True,NORMAL,MONITOR,False,{},"[""uav2"", ""uav1"", ""uav0""]",limited,True,{},NONE,NORMAL,SAFE,1.0,IDLE,0.0,0.0,0.0,,,0.0,False,avoidance not required,,{},,,,,,,,,,,3,fleet initializing,3.294,14.247,0.227,0,0,0.0,0.0,[],0.10909971594810486,0.02171197533607483,-0.012034622021019459,0.10397868603467941,0.027408720925450325,-0.017919328063726425,0.10032521188259125,-0.04676099866628647,-0.01493964996188879
308.2,COMPLETE,12,HOME_DESCENT,1.0,0.907,141.3986,0.0,True,NORMAL,MONITOR,False,{},"[""uav2"", ""uav1"", ""uav0""]",limited,True,{},NONE,NORMAL,SAFE,1.0,IDLE,0.0,0.0,0.0,,,0.0,False,avoidance not required,,{},,,,,,,,,,,3,fleet initializing,3.295,14.246,0.225,0,0,0.0,0.0,[],0.10765794664621353,0.020467162132263184,-0.010308285243809223,0.10271458327770233,0.02525911293923855,-0.020015258342027664,0.09926129132509232,-0.04652954265475273,-0.015239635482430458
308.4,COMPLETE,12,HOME_DESCENT,1.0,0.907,141.3986,0.0,True,NORMAL,MONITOR,False,{},"[""uav2"", ""uav1"", ""uav0""]",limited,True,{},NONE,NORMAL,SAFE,1.0,IDLE,0.0,0.0,0.0,,,0.0,False,avoidance not required,,{},,,,,,,,,,,3,fleet initializing,3.295,14.246,0.226,0,0,0.0,0.0,[],0.10850906372070312,0.017461195588111877,-0.014213637448847294,0.10279782116413116,0.027359627187252045,-0.01930566318333149,0.09958387166261673,-0.047235433012247086,-0.011107889004051685
308.6,COMPLETE,12,HOME_DESCENT,1.0,0.9069,141.3735,0.0,True,NORMAL,MONITOR,False,{},"[""uav2"", ""uav1"", ""uav0""]",limited,True,{},NONE,NORMAL,SAFE,1.0,IDLE,0.0,0.0,0.0,,,0.0,False,avoidance not required,,{},,,,,,,,,,,3,fleet initializing,3.294,14.247,0.226,0,0,0.0,0.0,[],0.10739084333181381,0.015133623033761978,-0.016127094626426697,0.10043589770793915,0.028200963512063026,-0.019896822050213814,0.09795565158128738,-0.04817507416009903,-0.010299785062670708
308.8,COMPLETE,12,HOME_DESCENT,1.0,0.9069,141.3735,0.0,True,NORMAL,MONITOR,False,{},"[""uav2"", ""uav1"", ""uav0""]",limited,True,{},NONE,NORMAL,SAFE,1.0,IDLE,0.0,0.0,0.0,,,0.0,False,avoidance not required,,{},,,,,,,,,,,3,fleet initializing,3.293,14.248,0.225,0,0,0.0,0.0,[],0.10736667364835739,0.014466388151049614,-0.014481429010629654,0.10067637264728546,0.031794603914022446,-0.024891214445233345,0.09801369905471802,-0.04850941151380539,-0.012935183942317963
309.0,COMPLETE,12,HOME_DESCENT,1.0,0.9069,141.3735,0.0,True,NORMAL,MONITOR,False,{},"[""uav2"", ""uav1"", ""uav0""]",limited,True,{},NONE,NORMAL,SAFE,1.0,IDLE,0.0,0.0,0.0,,,0.0,False,avoidance not required,,{},,,,,,,,,,,3,fleet initializing,3.293,14.249,0.230,0,0,0.0,0.0,[],0.10479852557182312,0.013160433620214462,-0.014226575382053852,0.09798450767993927,0.033411335200071335,-0.030300144106149673,0.0956151932477951,-0.04978039488196373,-0.015928439795970917
309.2,COMPLETE,12,HOME_DESCENT,1.0,0.9067,141.3484,0.0,True,NORMAL,MONITOR,False,{},"[""uav2"", ""uav1"", ""uav0""]",limited,True,{},NONE,NORMAL,SAFE,1.0,IDLE,0.0,0.0,0.0,,,0.0,False,avoidance not required,,{},,,,,,,,,,,3,fleet initializing,3.293,14.251,0.234,0,0,0.0,0.0,[],0.10168879479169846,0.013389341533184052,-0.01392601989209652,0.09957097470760345,0.0333414264023304,-0.033622246235609055,0.09467975795269012,-0.05211299657821655,-0.017406068742275238
309.4,COMPLETE,12,HOME_DESCENT,1.0,0.9067,141.3484,0.0,True,NORMAL,MONITOR,False,{},"[""uav2"", ""uav1"", ""uav0""]",limited,True,{},NONE,NORMAL,SAFE,1.0,IDLE,0.0,0.0,0.0,,,0.0,False,avoidance not required,,{},,,,,,,,,,,3,fleet initializing,3.296,14.254,0.238,0,0,0.0,0.0,[],0.09685087949037552,0.01249712985008955,-0.016398226842284203,0.09749939292669296,0.03242065757513046,-0.03553616255521774,0.09194282442331314,-0.05430929735302925,-0.019417395815253258
309.6,COMPLETE,12,HOME_DESCENT,1.0,0.9066,141.3234,0.0,True,NORMAL,MONITOR,False,{},"[""uav2"", ""uav1"", ""uav0""]",limited,True,{},NONE,NORMAL,SAFE,1.0,IDLE,0.0,0.0,0.0,,,0.0,False,avoidance not required,,{},,,,,,,,,,,3,fleet initializing,3.296,14.257,0.239,0,0,0.0,0.0,[],0.09396455436944962,0.012974373996257782,-0.02272273413836956,0.10057292878627777,0.03160727024078369,-0.039373233914375305,0.09287633001804352,-0.05346911400556564,-0.016993606463074684
309.8,COMPLETE,12,HOME_DESCENT,1.0,0.9066,141.3234,0.0,True,NORMAL,MONITOR,False,{},"[""uav2"", ""uav1"", ""uav0""]",limited,True,{},NONE,NORMAL,SAFE,1.0,IDLE,0.0,0.0,0.0,,,0.0,False,avoidance not required,,{},,,,,,,,,,,3,fleet initializing,3.293,14.256,0.243,0,0,0.0,0.0,[],0.08848973363637924,0.011792326346039772,-0.025796901434659958,0.09946923702955246,0.0301657784730196,-0.042748093605041504,0.09083323925733566,-0.054035916924476624,-0.015546810813248158
310.0,COMPLETE,12,HOME_DESCENT,1.0,0.9066,141.3234,0.0,True,NORMAL,MONITOR,False,{},"[""uav2"", ""uav1"", ""uav0""]",limited,True,{},NONE,NORMAL,SAFE,1.0,IDLE,0.0,0.0,0.0,,,0.0,False,avoidance not required,,{},,,,,,,,,,,3,fleet initializing,3.293,14.258,0.246,0,0,0.0,0.0,[],0.09172555059194565,0.01629677414894104,-0.02933700941503048,0.09953942894935608,0.03296489268541336,-0.042429063469171524,0.09247396141290665,-0.054189201444387436,-0.016031414270401
310.2,COMPLETE,12,HOME_DESCENT,1.0,0.9065,141.2983,0.0,True,NORMAL,MONITOR,False,{},"[""uav2"", ""uav1"", ""uav0""]",limited,True,{},NONE,NORMAL,SAFE,1.0,IDLE,0.0,0.0,0.0,,,0.0,False,avoidance not required,,{},,,,,,,,,,,3,fleet initializing,3.294,14.257,0.246,0,0,0.0,0.0,[],0.09582749754190445,0.01898336224257946,-0.030012203380465508,0.09622126072645187,0.03340046852827072,-0.041866786777973175,0.09090761095285416,-0.05559594929218292,-0.016153484582901
310.4,COMPLETE,12,HOME_DESCENT,1.0,0.9065,141.2983,0.0,True,NORMAL,MONITOR,False,{},"[""uav2"", ""uav1"", ""uav0""]",limited,True,{},NONE,NORMAL,SAFE,1.0,IDLE,0.0,0.0,0.0,,,0.0,False,avoidance not required,,{},,,,,,,,,,,3,fleet initializing,3.296,14.259,0.244,0,0,0.0,0.0,[],0.09494316577911377,0.01908419467508793,-0.030951185151934624,0.09559254348278046,0.0300335381180048,-0.04165875166654587,0.092404305934906,-0.05563894659280777,-0.013998097740113735
310.6,COMPLETE,12,HOME_DESCENT,1.0,0.9064,141.2732,0.0,True,NORMAL,MONITOR,False,{},"[""uav2"", ""uav1"", ""uav0""]",limited,True,{},NONE,NORMAL,SAFE,1.0,IDLE,0.0,0.0,0.0,,,0.0,False,avoidance not required,,{},,,,,,,,,,,3,fleet initializing,3.298,14.258,0.243,0,0,0.0,0.0,[],0.09665534645318985,0.018248803913593292,-0.029137102887034416,0.09164351224899292,0.026805248111486435,-0.04312831908464432,0.09061310440301895,-0.056856878101825714,-0.015588113106787205
310.8,COMPLETE,12,HOME_DESCENT,1.0,0.9064,141.2732,0.0,True,NORMAL,MONITOR,False,{},"[""uav2"", ""uav1"", ""uav0""]",limited,True,{},NONE,NORMAL,SAFE,1.0,IDLE,0.0,0.0,0.0,,,0.0,False,avoidance not required,,{},,,,,,,,,,,3,fleet initializing,3.295,14.260,0.243,0,0,0.0,0.0,[],0.09428267180919647,0.016343120485544205,-0.030597535893321037,0.09247243404388428,0.02513713762164116,-0.03848414123058319,0.09209619462490082,-0.05676358938217163,-0.018215356394648552
311.0,COMPLETE,12,HOME_DESCENT,1.0,0.9064,141.2732,0.0,True,NORMAL,MONITOR,False,{},"[""uav2"", ""uav1"", ""uav0""]",limited,True,{},NONE,NORMAL,SAFE,1.0,IDLE,0.0,0.0,0.0,,,0.0,False,avoidance not required,,{},,,,,,,,,,,3,fleet initializing,3.298,14.259,0.239,0,0,0.0,0.0,[],0.09387599676847458,0.0164045300334692,-0.02737363427877426,0.08912809938192368,0.02310771308839321,-0.03885141387581825,0.09044157713651657,-0.05756450444459915,-0.020866338163614273
311.2,COMPLETE,12,HOME_DESCENT,1.0,0.9062,141.2481,0.0,True,NORMAL,MONITOR,False,{},"[""uav2"", ""uav1"", ""uav0""]",limited,True,{},NONE,NORMAL,SAFE,1.0,IDLE,0.0,0.0,0.0,,,0.0,False,avoidance not required,,{},,,,,,,,,,,3,fleet initializing,3.295,14.260,0.237,0,0,0.0,0.0,[],0.08968986570835114,0.015046969056129456,-0.027415279299020767,0.09150563180446625,0.023262981325387955,-0.038983628153800964,0.09488394111394882,-0.05501321703195572,-0.019791213795542717
311.4,COMPLETE,12,HOME_DESCENT,1.0,0.9062,141.2481,0.0,True,NORMAL,MONITOR,False,{},"[""uav2"", ""uav1"", ""uav0""]",limited,True,{},NONE,NORMAL,SAFE,1.0,IDLE,0.0,0.0,0.0,,,0.0,False,avoidance not required,,{},,,,,,,,,,,3,fleet initializing,3.302,14.255,0.238,0,0,0.0,0.0,[],0.09313337504863739,0.01745690405368805,-0.02583976648747921,0.09365890920162201,0.02249162830412388,-0.04206392541527748,0.09861012548208237,-0.05305752903223038,-0.01516561210155487
311.6,COMPLETE,12,HOME_DESCENT,1.0,0.9061,141.223,0.0,True,NORMAL,MONITOR,False,{},"[""uav2"", ""uav1"", ""uav0""]",limited,True,{},NONE,NORMAL,SAFE,1.0,IDLE,0.0,0.0,0.0,,,0.0,False,avoidance not required,,{},,,,,,,,,,,3,fleet initializing,3.301,14.251,0.242,0,0,0.0,0.0,[],0.0915585458278656,0.01820514351129532,-0.027246326208114624,0.09152922034263611,0.02118556946516037,-0.04614081233739853,0.09815478324890137,-0.05215670168399811,-0.01337985135614872
311.8,COMPLETE,12,HOME_DESCENT,1.0,0.9061,141.223,0.0,True,NORMAL,MONITOR,False,{},"[""uav2"", ""uav1"", ""uav0""]",limited,True,{},NONE,NORMAL,SAFE,1.0,IDLE,0.0,0.0,0.0,,,0.0,False,avoidance not required,,{},,,,,,,,,,,3,fleet initializing,3.300,14.251,0.245,0,0,0.0,0.0,[],0.09292691946029663,0.017973609268665314,-0.03170044720172882,0.09322602301836014,0.020957540720701218,-0.04551272094249725,0.09955678135156631,-0.04959620535373688,-0.00974962580949068
312.0,COMPLETE,12,HOME_DESCENT,1.0,0.9061,141.223,0.0,True,NORMAL,MONITOR,False,{},"[""uav2"", ""uav1"", ""uav0""]",limited,True,{},NONE,NORMAL,SAFE,1.0,IDLE,0.0,0.0,0.0,,,0.0,False,avoidance not required,,{},,,,,,,,,,,3,fleet initializing,3.300,14.248,0.245,0,0,0.0,0.0,[],0.08989334851503372,0.01691747084259987,-0.03559569641947746,0.09058964252471924,0.02002222090959549,-0.04528963565826416,0.09762955456972122,-0.048643749207258224,-0.008067436516284943
312.2,COMPLETE,12,HOME_DESCENT,1.0,0.906,141.1979,0.0,True,NORMAL,MONITOR,False,{},"[""uav2"", ""uav1"", ""uav0""]",limited,True,{},NONE,NORMAL,SAFE,1.0,IDLE,0.0,0.0,0.0,,,0.0,False,avoidance not required,,{},,,,,,,,,,,3,fleet initializing,3.301,14.249,0.244,0,0,0.0,0.0,[],0.09204071015119553,0.019029852002859116,-0.036370303481817245,0.08904893696308136,0.02003726176917553,-0.04198263958096504,0.09703602641820908,-0.046593815088272095,-0.00101481843739748
312.4,COMPLETE,12,HOME_DESCENT,1.0,0.906,141.1979,0.0,True,NORMAL,MONITOR,False,{},"[""uav2"", ""uav1"", ""uav0""]",limited,True,{},NONE,NORMAL,SAFE,1.0,IDLE,0.0,0.0,0.0,,,0.0,False,avoidance not required,,{},,,,,,,,,,,3,fleet initializing,3.297,14.248,0.240,0,0,0.0,0.0,[],0.09568512439727783,0.020696787163615227,-0.03534168377518654,0.08767654746770859,0.020216066390275955,-0.0376763679087162,0.093742236495018,-0.04610694572329521,0.000849463976919651
312.6,COMPLETE,12,HOME_DESCENT,1.0,0.9059,141.1729,0.0,True,NORMAL,MONITOR,False,{},"[""uav2"", ""uav1"", ""uav0""]",limited,True,{},NONE,NORMAL,SAFE,1.0,IDLE,0.0,0.0,0.0,,,0.0,False,avoidance not required,,{},,,,,,,,,,,3,fleet initializing,3.292,14.250,0.237,0,0,0.0,0.0,[],0.09449974447488785,0.020967818796634674,-0.03731890395283699,0.08306530117988586,0.01907435804605484,-0.03619668260216713,0.09102114289999008,-0.046521417796611786,0.0034410138614475727
312.8,COMPLETE,12,HOME_DESCENT,1.0,0.9059,141.1729,0.0,True,NORMAL,MONITOR,False,{},"[""uav2"", ""uav1"", ""uav0""]",limited,True,{},NONE,NORMAL,SAFE,1.0,IDLE,0.0,0.0,0.0,,,0.0,False,avoidance not required,,{},,,,,,,,,,,3,fleet initializing,3.289,14.252,0.238,0,0,0.0,0.0,[],0.09354741126298904,0.021157288923859596,-0.035537924617528915,0.08196550607681274,0.01765354722738266,-0.033948060125112534,0.08644254505634308,-0.04777243360877037,0.004387288354337215
313.0,COMPLETE,12,HOME_DESCENT,1.0,0.9059,141.1729,0.0,True,NORMAL,MONITOR,False,{},"[""uav2"", ""uav1"", ""uav0""]",limited,True,{},NONE,NORMAL,SAFE,1.0,IDLE,0.0,0.0,0.0,,,0.0,False,avoidance not required,,{},,,,,,,,,,,3,fleet initializing,3.288,14.256,0.236,0,0,0.0,0.0,[],0.08908744156360626,0.02022753842175007,-0.0359223335981369,0.08551611006259918,0.017554454505443573,-0.03387283533811569,0.08503815531730652,-0.049391161650419235,0.005506131798028946
313.2,COMPLETE,12,HOME_DESCENT,1.0,0.9057,141.1478,0.0,True,NORMAL,MONITOR,False,{},"[""uav2"", ""uav1"", ""uav0""]",limited,True,{},NONE,NORMAL,SAFE,1.0,IDLE,0.0,0.0,0.0,,,0.0,False,avoidance not required,,{},,,,,,,,,,,3,fleet initializing,3.296,14.258,0.234,0,0,0.0,0.0,[],0.09178385138511658,0.015415721572935581,-0.03677889704704285,0.08363931626081467,0.01641484908759594,-0.03754226490855217,0.08147072046995163,-0.05139485001564026,0.0031680590473115444
313.4,COMPLETE,12,HOME_DESCENT,1.0,0.9057,141.1478,0.0,True,NORMAL,MONITOR,False,{},"[""uav2"", ""uav1"", ""uav0""]",limited,True,{},NONE,NORMAL,SAFE,1.0,IDLE,0.0,0.0,0.0,,,0.0,False,avoidance not required,,{},,,,,,,,,,,3,fleet initializing,3.292,14.262,0.236,0,0,0.0,0.0,[],0.08984299749135971,0.011253905482590199,-0.04042835906147957,0.08533843606710434,0.01686164364218712,-0.04356667771935463,0.08386607468128204,-0.05364997684955597,-0.0011227511567994952
313.6,COMPLETE,12,HOME_DESCENT,1.0,0.9056,141.1227,0.0,True,NORMAL,MONITOR,False,{},"[""uav2"", ""uav1"", ""uav0""]",limited,True,{},NONE,NORMAL,SAFE,1.0,IDLE,0.0,0.0,0.0,,,0.0,False,avoidance not required,,{},,,,,,,,,,,3,fleet initializing,3.296,14.262,0.240,0,0,0.0,0.0,[],0.09091655910015106,0.007301438134163618,-0.039886750280857086,0.08835741132497787,0.016332898288965225,-0.04591485485434532,0.08690844476222992,-0.05580538883805275,-0.0038977102376520634
313.8,COMPLETE,12,HOME_DESCENT,1.0,0.9056,141.1227,0.0,True,NORMAL,MONITOR,False,{},"[""uav2"", ""uav1"", ""uav0""]",limited,True,{},NONE,NORMAL,SAFE,1.0,IDLE,0.0,0.0,0.0,,,0.0,False,avoidance not required,,{},,,,,,,,,,,3,fleet initializing,3.297,14.262,0.243,0,0,0.0,0.0,[],0.08741886913776398,0.003872303757816553,-0.04308793693780899,0.08586465567350388,0.015217789448797703,-0.04975844547152519,0.08568200469017029,-0.05759537220001221,-0.00695581641048193
314.0,COMPLETE,12,HOME_DESCENT,1.0,0.9056,141.1227,0.0,True,NORMAL,MONITOR,False,{},"[""uav2"", ""uav1"", ""uav0""]",limited,True,{},NONE,NORMAL,SAFE,1.0,IDLE,0.0,0.0,0.0,,,0.0,False,avoidance not required,,{},,,,,,,,,,,3,fleet initializing,3.298,14.264,0.246,0,0,0.0,0.0,[],0.09076805412769318,0.0007478336337953806,-0.04318562522530556,0.08709948509931564,0.017096221446990967,-0.04978248104453087,0.08700703084468842,-0.05805227905511856,-0.0052661169320344925
314.2,COMPLETE,12,HOME_DESCENT,1.0,0.9055,141.0976,0.0,True,NORMAL,MONITOR,False,{},"[""uav2"", ""uav1"", ""uav0""]",limited,True,{},NONE,NORMAL,SAFE,1.0,IDLE,0.0,0.0,0.0,,,0.0,False,avoidance not required,,{},,,,,,,,,,,3,fleet initializing,3.296,14.263,0.246,0,0,0.0,0.0,[],0.08890046179294586,-0.002315223915502429,-0.045652903616428375,0.08397028595209122,0.017900271341204643,-0.05178424343466759,0.08465679734945297,-0.058428648859262466,-0.005332187749445438
314.4,COMPLETE,12,HOME_DESCENT,1.0,0.9055,141.0976,0.0,True,NORMAL,MONITOR,False,{},"[""uav2"", ""uav1"", ""uav0""]",limited,True,{},NONE,NORMAL,SAFE,1.0,IDLE,0.0,0.0,0.0,,,0.0,False,avoidance not required,,{},,,,,,,,,,,3,fleet initializing,3.295,14.265,0.247,0,0,0.0,0.0,[],0.08951009809970856,-0.0012927167117595673,-0.0475006029009819,0.08570931106805801,0.017318224534392357,-0.049221742898225784,0.08642179518938065,-0.05633211508393288,-0.002498626708984375
314.6,COMPLETE,12,HOME_DESCENT,1.0,0.9054,141.0725,0.0,True,NORMAL,MONITOR,False,{},"[""uav2"", ""uav1"", ""uav0""]",limited,True,{},NONE,NORMAL,SAFE,1.0,IDLE,0.0,0.0,0.0,,,0.0,False,avoidance not required,,{},,,,,,,,,,,3,fleet initializing,3.297,14.263,0.245,0,0,0.0,0.0,[],0.08621705323457718,-0.0014190118527039886,-0.049806781113147736,0.08337126672267914,0.016924699768424034,-0.04902949184179306,0.0850737914443016,-0.05526448041200638,-0.00264353328384459
314.8,COMPLETE,12,HOME_DESCENT,1.0,0.9054,141.0725,0.0,True,NORMAL,MONITOR,False,{},"[""uav2"", ""uav1"", ""uav0""]",limited,True,{},NONE,NORMAL,SAFE,1.0,IDLE,0.0,0.0,0.0,,,0.0,False,avoidance not required,,{},,,,,,,,,,,3,fleet initializing,3.297,14.263,0.245,0,0,0.0,0.0,[],0.08915619552135468,-0.001025834702886641,-0.04710335657000542,0.08510392904281616,0.0171044934540987,-0.04441206157207489,0.08866067975759506,-0.054279252886772156,0.0004949955618940294
315.0,COMPLETE,12,HOME_DESCENT,1.0,0.9054,141.0725,0.0,True,NORMAL,MONITOR,False,{},"[""uav2"", ""uav1"", ""uav0""]",limited,True,{},NONE,NORMAL,SAFE,1.0,IDLE,0.0,0.0,0.0,,,0.0,False,avoidance not required,,{},,,,,,,,,,,3,fleet initializing,3.296,14.259,0.244,0,0,0.0,0.0,[],0.08718307316303253,-0.0013808904914185405,-0.04725334420800209,0.08247413486242294,0.017175773158669472,-0.04431946203112602,0.08817777782678604,-0.05370384827256203,-0.0003032530948985368
315.2,COMPLETE,12,HOME_DESCENT,1.0,0.9052,141.0474,0.0,True,NORMAL,MONITOR,False,{},"[""uav2"", ""uav1"", ""uav0""]",limited,True,{},NONE,NORMAL,SAFE,1.0,IDLE,0.0,0.0,0.0,,,0.0,False,avoidance not required,,{},,,,,,,,,,,3,fleet initializing,3.295,14.259,0.243,0,0,0.0,0.0,[],0.09036976844072342,0.0003245330008212477,-0.04110325500369072,0.0848746970295906,0.021350691094994545,-0.04518070071935654,0.09043224155902863,-0.05338985100388527,-0.0003948817902710289
315.4,COMPLETE,12,HOME_DESCENT,1.0,0.9052,141.0474,0.0,True,NORMAL,MONITOR,False,{},"[""uav2"", ""uav1"", ""uav0""]",limited,True,{},NONE,NORMAL,SAFE,1.0,IDLE,0.0,0.0,0.0,,,0.0,False,avoidance not required,,{},,,,,,,,,,,3,fleet initializing,3.295,14.257,0.242,0,0,0.0,0.0,[],0.0886855274438858,0.0008356598555110395,-0.04014711081981659,0.08290699869394302,0.024327822029590607,-0.04834114760160446,0.09023373574018478,-0.05289987474679947,-0.002999470802024007
315.6,COMPLETE,12,HOME_DESCENT,1.0,0.9051,141.0223,0.0,True,NORMAL,MONITOR,False,{},"[""uav2"", ""uav1"", ""uav0""]",limited,True,{},NONE,NORMAL,SAFE,1.0,IDLE,0.0,0.0,0.0,,,0.0,False,avoidance not required,,{},,,,,,,,,,,3,fleet initializing,3.294,14.257,0.244,0,0,0.0,0.0,[],0.0918726995587349,0.0030740550719201565,-0.03900918737053871,0.08379042893648148,0.029010465368628502,-0.048518139868974686,0.0971749797463417,-0.05271923914551735,-0.006241531576961279
315.8,COMPLETE,12,HOME_DESCENT,1.0,0.9051,141.0223,0.0,True,NORMAL,MONITOR,False,{},"[""uav2"", ""uav1"", ""uav0""]",limited,True,{},NONE,NORMAL,SAFE,1.0,IDLE,0.0,0.0,0.0,,,0.0,False,avoidance not required,,{},,,,,,,,,,,3,fleet initializing,3.292,14.252,0.245,0,0,0.0,0.0,[],0.09070169925689697,0.004358432721346617,-0.0407928004860878,0.08124172687530518,0.0328831821680069,-0.05123978853225708,0.09910038858652115,-0.051782190799713135,-0.011160383000969887
316.0,COMPLETE,12,HOME_DESCENT,1.0,0.9051,141.0223,0.0,True,NORMAL,MONITOR,False,{},"[""uav2"", ""uav1"", ""uav0""]",limited,True,{},NONE,NORMAL,SAFE,1.0,IDLE,0.0,0.0,0.0,,,0.0,False,avoidance not required,,{},,,,,,,,,,,3,fleet initializing,3.291,14.250,0.247,0,0,0.0,0.0,[],0.09394374489784241,0.008169746026396751,-0.03976693004369736,0.08329683542251587,0.03776613250374794,-0.04750784486532211,0.10164543241262436,-0.049281954765319824,-0.012524265795946121
316.2,COMPLETE,12,HOME_DESCENT,1.0,0.905,140.9972,0.0,True,NORMAL,MONITOR,False,{},"[""uav2"", ""uav1"", ""uav0""]",limited,True,{},NONE,NORMAL,SAFE,1.0,IDLE,0.0,0.0,0.0,,,0.0,False,avoidance not required,,{},,,,,,,,,,,3,fleet initializing,3.289,14.247,0.245,0,0,0.0,0.0,[],0.0926261693239212,0.010798770934343338,-0.04264887049794197,0.08085570484399796,0.041920002549886703,-0.04726722836494446,0.10116583108901978,-0.04743008688092232,-0.01521383598446846
316.4,COMPLETE,12,HOME_DESCENT,1.0,0.905,140.9972,0.0,True,NORMAL,MONITOR,False,{},"[""uav2"", ""uav1"", ""uav0""]",limited,True,{},NONE,NORMAL,SAFE,1.0,IDLE,0.0,0.0,0.0,,,0.0,False,avoidance not required,,{},,,,,,,,,,,3,fleet initializing,3.288,14.246,0.245,0,0,0.0,0.0,[],0.09547758847475052,0.017029739916324615,-0.038598429411649704,0.08387644588947296,0.04364192113280296,-0.042178742587566376,0.10253140330314636,-0.048270341008901596,-0.015948263928294182
316.6,COMPLETE,12,HOME_DESCENT,1.0,0.9049,140.9721,0.0,True,NORMAL,MONITOR,False,{},"[""uav2"", ""uav1"", ""uav0""]",limited,True,{},NONE,NORMAL,SAFE,1.0,IDLE,0.0,0.0,0.0,,,0.0,False,avoidance not required,,{},,,,,,,,,,,3,fleet initializing,3.289,14.245,0.241,0,0,0.0,0.0,[],0.09375933557748795,0.021352505311369896,-0.03859088942408562,0.08297072350978851,0.04592747986316681,-0.043232258409261703,0.10150320827960968,-0.04809531942009926,-0.018931714817881584
316.8,COMPLETE,12,HOME_DESCENT,1.0,0.9049,140.9721,0.0,True,NORMAL,MONITOR,False,{},"[""uav2"", ""uav1"", ""uav0""]",limited,True,{},NONE,NORMAL,SAFE,1.0,IDLE,0.0,0.0,0.0,,,0.0,False,avoidance not required,,{},,,,,,,,,,,3,fleet initializing,3.289,14.246,0.243,0,0,0.0,0.0,[],0.09658817946910858,0.02473679557442665,-0.036834120750427246,0.08611748367547989,0.04299367219209671,-0.04819171130657196,0.10266336053609848,-0.04807696491479874,-0.019242562353610992
317.0,COMPLETE,12,HOME_DESCENT,1.0,0.9049,140.9721,0.0,True,NORMAL,MONITOR,False,{},"[""uav2"", ""uav1"", ""uav0""]",limited,True,{},NONE,NORMAL,SAFE,1.0,IDLE,0.0,0.0,0.0,,,0.0,False,avoidance not required,,{},,,,,,,,,,,3,fleet initializing,3.289,14.245,0.252,0,0,0.0,0.0,[],0.0956634134054184,0.027750393375754356,-0.039537716656923294,0.08485019952058792,0.042763639241456985,-0.0537104457616806,0.10144408792257309,-0.04717308655381203,-0.021158907562494278
317.2,COMPLETE,12,HOME_DESCENT,1.0,0.9047,140.9469,0.0,True,NORMAL,MONITOR,False,{},"[""uav2"", ""uav1"", ""uav0""]",limited,True,{},NONE,NORMAL,SAFE,1.0,IDLE,0.0,0.0,0.0,,,0.0,False,avoidance not required,,{},,,,,,,,,,,3,fleet initializing,3.289,14.245,0.252,0,0,0.0,0.0,[],0.0983288362622261,0.03173183649778366,-0.040996771305799484,0.08588506281375885,0.0419490672647953,-0.05000404641032219,0.1023307740688324,-0.045237019658088684,-0.015505285933613777
317.4,COMPLETE,12,HOME_DESCENT,1.0,0.9047,140.9469,0.0,True,NORMAL,MONITOR,False,{},"[""uav2"", ""uav1"", ""uav0""]",limited,True,{},NONE,NORMAL,SAFE,1.0,IDLE,0.0,0.0,0.0,,,0.0,False,avoidance not required,,{},,,,,,,,,,,3,fleet initializing,3.288,14.243,0.249,0,0,0.0,0.0,[],0.0970497652888298,0.035390183329582214,-0.04497202858328819,0.08369272947311401,0.04271301254630089,-0.052003711462020874,0.10110004246234894,-0.0442856028676033,-0.014159725047647953
317.6,COMPLETE,12,HOME_DESCENT,1.0,0.9046,140.9218,0.0,True,NORMAL,MONITOR,False,{},"[""uav2"", ""uav1"", ""uav0""]",limited,True,{},NONE,NORMAL,SAFE,1.0,IDLE,0.0,0.0,0.0,,,0.0,False,avoidance not required,,{},,,,,,,,,,,3,fleet initializing,3.287,14.243,0.250,0,0,0.0,0.0,[],0.09935147315263748,0.040465328842401505,-0.045736510306596756,0.0863879919052124,0.040877509862184525,-0.052928581833839417,0.10228972136974335,-0.04825449362397194,-0.010630042292177677
317.8,COMPLETE,12,HOME_DESCENT,1.0,0.9046,140.9218,0.0,True,NORMAL,MONITOR,False,{},"[""uav2"", ""uav1"", ""uav0""]",limited,True,{},NONE,NORMAL,SAFE,1.0,IDLE,0.0,0.0,0.0,,,0.0,False,avoidance not required,,{},,,,,,,,,,,3,fleet initializing,3.287,14.245,0.252,0,0,0.0,0.0,[],0.09840285778045654,0.04488047957420349,-0.050420183688402176,0.08518015593290329,0.04101984202861786,-0.056256253272295,0.1009819358587265,-0.05000119283795357,-0.014495953917503357
318.0,COMPLETE,12,HOME_DESCENT,1.0,0.9046,140.9218,0.0,True,NORMAL,MONITOR,False,{},"[""uav2"", ""uav1"", ""uav0""]",limited,True,{},NONE,NORMAL,SAFE,1.0,IDLE,0.0,0.0,0.0,,,0.0,False,avoidance not required,,{},,,,,,,,,,,3,fleet initializing,3.287,14.248,0.255,0,0,0.0,0.0,[],0.10103046149015427,0.04433972388505936,-0.05311327800154686,0.08643526583909988,0.03919926658272743,-0.05583123117685318,0.09886319935321808,-0.04963761195540428,-0.020315993577241898
318.2,COMPLETE,12,HOME_DESCENT,1.0,0.9045,140.8967,0.0,True,NORMAL,MONITOR,False,{},"[""uav2"", ""uav1"", ""uav0""]",limited,True,{},NONE,NORMAL,SAFE,1.0,IDLE,0.0,0.0,0.0,,,0.0,False,avoidance not required,,{},,,,,,,,,,,3,fleet initializing,3.285,14.249,0.258,0,0,0.0,0.0,[],0.10011272132396698,0.04550173878669739,-0.057636212557554245,0.08977016061544418,0.03683962672948837,-0.054065752774477005,0.09794030338525772,-0.04833381623029709,-0.02228822186589241
318.4,COMPLETE,12,HOME_DESCENT,1.0,0.9045,140.8967,0.0,True,NORMAL,MONITOR,False,{},"[""uav2"", ""uav1"", ""uav0""]",limited,True,{},NONE,NORMAL,SAFE,1.0,IDLE,0.0,0.0,0.0,,,0.0,False,avoidance not required,,{},,,,,,,,,,,3,fleet initializing,3.290,14.249,0.262,0,0,0.0,0.0,[],0.10080952197313309,0.04369070380926132,-0.058225784450769424,0.08946751058101654,0.03647765517234802,-0.056851714849472046,0.09606743603944778,-0.04758963733911514,-0.02717682346701622
318.6,COMPLETE,12,HOME_DESCENT,1.0,0.9044,140.8715,0.0,True,NORMAL,MONITOR,False,{},"[""uav2"", ""uav1"", ""uav0""]",limited,True,{},NONE,NORMAL,SAFE,1.0,IDLE,0.0,0.0,0.0,,,0.0,False,avoidance not required,,{},,,,,,,,,,,3,fleet initializing,3.289,14.249,0.262,0,0,0.0,0.0,[],0.09925905615091324,0.04411020874977112,-0.062137652188539505,0.0895298421382904,0.034740839153528214,-0.055852726101875305,0.09655426442623138,-0.050826869904994965,-0.03179163485765457
318.8,COMPLETE,12,HOME_DESCENT,1.0,0.9044,140.8715,0.0,True,NORMAL,MONITOR,False,{},"[""uav2"", ""uav1"", ""uav0""]",limited,True,{},NONE,NORMAL,SAFE,1.0,IDLE,0.0,0.0,0.0,,,0.0,False,avoidance not required,,{},,,,,,,,,,,3,fleet initializing,3.290,14.251,0.265,0,0,0.0,0.0,[],0.10108157992362976,0.040090836584568024,-0.06394127756357193,0.08722783625125885,0.03448126092553139,-0.05865486338734627,0.09546501189470291,-0.05260397866368294,-0.03801383078098297
319.0,COMPLETE,12,HOME_DESCENT,1.0,0.9042,140.8464,0.0,True,NORMAL,MONITOR,False,{},"[""uav2"", ""uav1"", ""uav0""]",limited,True,{},NONE,NORMAL,SAFE,1.0,IDLE,0.0,0.0,0.0,,,0.0,False,avoidance not required,,{},,,,,,,,,,,3,fleet initializing,3.286,14.253,0.267,0,0,0.0,0.0,[],0.10017944872379303,0.03877309337258339,-0.06988000869750977,0.08681916445493698,0.031033523380756378,-0.06113693490624428,0.09618628025054932,-0.05371434986591339,-0.04105350375175476
319.2,COMPLETE,12,HOME_DESCENT,1.0,0.9042,140.8464,0.0,True,NORMAL,MONITOR,False,{},"[""uav2"", ""uav1"", ""uav0""]",limited,True,{},NONE,NORMAL,SAFE,1.0,IDLE,0.0,0.0,0.0,,,0.0,False,avoidance not required,,{},,,,,,,,,,,3,fleet initializing,3.287,14.254,0.272,0,0,0.0,0.0,[],0.10195279121398926,0.03458748757839203,-0.06821567565202713,0.0842956081032753,0.028955796733498573,-0.06649754196405411,0.0950520858168602,-0.05486304685473442,-0.04723956808447838
319.4,COMPLETE,12,HOME_DESCENT,1.0,0.9042,140.8464,0.0,True,NORMAL,MONITOR,False,{},"[""uav2"", ""uav1"", ""uav0""]",limited,True,{},NONE,NORMAL,SAFE,1.0,IDLE,0.0,0.0,0.0,,,0.0,False,avoidance not required,,{},,,,,,,,,,,3,fleet initializing,3.282,14.255,0.271,0,0,0.0,0.0,[],0.10084468871355057,0.0326291099190712,-0.07226402312517166,0.08245674520730972,0.02685617096722126,-0.06802761554718018,0.09611964970827103,-0.057390548288822174,-0.05032782629132271
319.6,COMPLETE,12,HOME_DESCENT,1.0,0.9041,140.8212,0.0,True,NORMAL,MONITOR,False,{},"[""uav2"", ""uav1"", ""uav0""]",limited,True,{},NONE,NORMAL,SAFE,1.0,IDLE,0.0,0.0,0.0,,,0.0,False,avoidance not required,,{},,,,,,,,,,,3,fleet initializing,3.282,14.256,0.274,0,0,0.0,0.0,[],0.10444410890340805,0.03390612080693245,-0.07729831337928772,0.07939043641090393,0.024809634312987328,-0.07319052517414093,0.09514568746089935,-0.05966445803642273,-0.053495217114686966
319.8,COMPLETE,12,HOME_DESCENT,1.0,0.9041,140.8212,0.0,True,NORMAL,MONITOR,False,{},"[""uav2"", ""uav1"", ""uav0""]",limited,True,{},NONE,NORMAL,SAFE,1.0,IDLE,0.0,0.0,0.0,,,0.0,False,avoidance not required,,{},,,,,,,,,,,3,fleet initializing,3.275,14.259,0.280,0,0,0.0,0.0,[],0.10493293404579163,0.03464863821864128,-0.08301112055778503,0.08091957867145538,0.023409847170114517,-0.07514873147010803,0.09486158192157745,-0.06082718074321747,-0.05462348461151123
320.0,COMPLETE,12,HOME_DESCENT,1.0,0.9041,140.8212,0.0,True,NORMAL,MONITOR,False,{},"[""uav2"", ""uav1"", ""uav0""]",limited,True,{},NONE,NORMAL,SAFE,1.0,IDLE,0.0,0.0,0.0,,,0.0,False,avoidance not required,,{},,,,,,,,,,,3,fleet initializing,3.276,14.260,0.285,0,0,0.0,0.0,[],0.10729705542325974,0.035383474081754684,-0.08219295740127563,0.07936275750398636,0.021403202787041664,-0.07871831953525543,0.09320922195911407,-0.062388043850660324,-0.05763055384159088
320.2,COMPLETE,12,HOME_DESCENT,1.0,0.904,140.7961,0.0,True,NORMAL,MONITOR,False,{},"[""uav2"", ""uav1"", ""uav0""]",limited,True,{},NONE,NORMAL,SAFE,1.0,IDLE,0.0,0.0,0.0,,,0.0,False,avoidance not required,,{},,,,,,,,,,,3,fleet initializing,3.272,14.262,0.285,0,0,0.0,0.0,[],0.10695918649435043,0.035261500626802444,-0.08523068577051163,0.08182666450738907,0.02071603201329708,-0.0788414478302002,0.09330984205007553,-0.06110718101263046,-0.05987871438264847
320.4,COMPLETE,12,HOME_DESCENT,1.0,0.904,140.7961,0.0,True,NORMAL,MONITOR,False,{},"[""uav2"", ""uav1"", ""uav0""]",limited,True,{},NONE,NORMAL,SAFE,1.0,IDLE,0.0,0.0,0.0,,,0.0,False,avoidance not required,,{},,,,,,,,,,,3,fleet initializing,3.275,14.261,0.288,0,0,0.0,0.0,[],0.10763286799192429,0.035309482365846634,-0.08638747036457062,0.08165034651756287,0.01874888874590397,-0.08172954618930817,0.09172043204307556,-0.06191500276327133,-0.06278051435947418
320.6,COMPLETE,12,HOME_DESCENT,1.0,0.9039,140.7709,0.0,True,NORMAL,MONITOR,False,{},"[""uav2"", ""uav1"", ""uav0""]",limited,True,{},NONE,NORMAL,SAFE,1.0,IDLE,0.0,0.0,0.0,,,0.0,False,avoidance not required,,{},,,,,,,,,,,3,fleet initializing,3.274,14.263,0.289,0,0,0.0,0.0,[],0.10633372515439987,0.03465071693062782,-0.09043599665164948,0.08618015795946121,0.018449608236551285,-0.08139445632696152,0.09138455986976624,-0.06329295039176941,-0.05799735337495804
320.8,COMPLETE,12,HOME_DESCENT,1.0,0.9039,140.7709,0.0,True,NORMAL,MONITOR,False,{},"[""uav2"", ""uav1"", ""uav0""]",limited,True,{},NONE,NORMAL,SAFE,1.0,IDLE,0.0,0.0,0.0,,,0.0,False,avoidance not required,,{},,,,,,,,,,,3,fleet initializing,3.280,14.264,0.293,0,0,0.0,0.0,[],0.10755572468042374,0.03357512876391411,-0.08838403970003128,0.0876396894454956,0.016254637390375137,-0.08487340062856674,0.09041303396224976,-0.06557681411504745,-0.057793017476797104
321.0,COMPLETE,12,HOME_DESCENT,1.0,0.9039,140.7709,0.0,True,NORMAL,MONITOR,False,{},"[""uav2"", ""uav1"", ""uav0""]",limited,True,{},NONE,NORMAL,SAFE,1.0,IDLE,0.0,0.0,0.0,,,0.0,False,avoidance not required,,{},,,,,,,,,,,3,fleet initializing,3.280,14.266,0.291,0,0,0.0,0.0,[],0.10737206041812897,0.031753674149513245,-0.09025804698467255,0.09064298868179321,0.01652834564447403,-0.08058372139930725,0.09198112785816193,-0.06520151346921921,-0.057889923453330994
321.2,COMPLETE,12,HOME_DESCENT,1.0,0.9037,140.7458,0.0,True,NORMAL,MONITOR,False,{},"[""uav2"", ""uav1"", ""uav0""]",limited,True,{},NONE,NORMAL,SAFE,1.0,IDLE,0.0,0.0,0.0,,,0.0,False,avoidance not required,,{},,,,,,,,,,,3,fleet initializing,3.283,14.265,0.293,0,0,0.0,0.0,[],0.10891881585121155,0.028788110241293907,-0.0893746018409729,0.09134674817323685,0.014889737591147423,-0.08026561141014099,0.09238938242197037,-0.0672261193394661,-0.0605941116809845
321.4,COMPLETE,12,HOME_DESCENT,1.0,0.9037,140.7458,0.0,True,NORMAL,MONITOR,False,{},"[""uav2"", ""uav1"", ""uav0""]",limited,True,{},NONE,NORMAL,SAFE,1.0,IDLE,0.0,0.0,0.0,,,0.0,False,avoidance not required,,{},,,,,,,,,,,3,fleet initializing,3.282,14.266,0.292,0,0,0.0,0.0,[],0.10900341719388962,0.0254634078592062,-0.09120333939790726,0.09386759996414185,0.018920984119176865,-0.07468855381011963,0.09590544551610947,-0.07001089304685593,-0.0617835707962513
321.6,COMPLETE,12,HOME_DESCENT,1.0,0.9036,140.7206,0.0,True,NORMAL,MONITOR,False,{},"[""uav2"", ""uav1"", ""uav0""]",limited,True,{},NONE,NORMAL,SAFE,1.0,IDLE,0.0,0.0,0.0,,,0.0,False,avoidance not required,,{},,,,,,,,,,,3,fleet initializing,3.285,14.265,0.293,0,0,0.0,0.0,[],0.1121990829706192,0.020911378785967827,-0.09124325960874557,0.09460241347551346,0.018919816240668297,-0.07389716804027557,0.09754382818937302,-0.07357592135667801,-0.06546179950237274
321.8,COMPLETE,12,HOME_DESCENT,1.0,0.9036,140.7206,0.0,True,NORMAL,MONITOR,False,{},"[""uav2"", ""uav1"", ""uav0""]",limited,True,{},NONE,NORMAL,SAFE,1.0,IDLE,0.0,0.0,0.0,,,0.0,False,avoidance not required,,{},,,,,,,,,,,3,fleet initializing,3.282,14.267,0.294,0,0,0.0,0.0,[],0.11365795135498047,0.01614423468708992,-0.09388761967420578,0.09681089222431183,0.020306231454014778,-0.07064200192689896,0.09961754828691483,-0.07352971285581589,-0.069414883852005
322.0,COMPLETE,12,HOME_DESCENT,1.0,0.9036,140.7206,0.0,True,NORMAL,MONITOR,False,{},"[""uav2"", ""uav1"", ""uav0""]",limited,True,{},NONE,NORMAL,SAFE,1.0,IDLE,0.0,0.0,0.0,,,0.0,False,avoidance not required,,{},,,,,,,,,,,3,fleet initializing,3.283,14.265,0.297,0,0,0.0,0.0,[],0.12057872861623764,0.015296842902898788,-0.09213540703058243,0.09770316630601883,0.01858494058251381,-0.06980682164430618,0.10096561908721924,-0.07609161734580994,-0.07183898240327835
322.2,COMPLETE,12,HOME_DESCENT,1.0,0.9035,140.6954,0.0,True,NORMAL,MONITOR,False,{},"[""uav2"", ""uav1"", ""uav0""]",limited,True,{},NONE,NORMAL,SAFE,1.0,IDLE,0.0,0.0,0.0,,,0.0,False,avoidance not required,,{},,,,,,,,,,,3,fleet initializing,3.277,14.266,0.298,0,0,0.0,0.0,[],0.12492091953754425,0.012416090816259384,-0.09363225847482681,0.10093006491661072,0.019329242408275604,-0.06754054129123688,0.10411248356103897,-0.0784931555390358,-0.06619559228420258
322.4,COMPLETE,12,HOME_DESCENT,1.0,0.9035,140.6954,0.0,True,NORMAL,MONITOR,False,{},"[""uav2"", ""uav1"", ""uav0""]",limited,True,{},NONE,NORMAL,SAFE,1.0,IDLE,0.0,0.0,0.0,,,0.0,False,avoidance not required,,{},,,,,,,,,,,3,fleet initializing,3.276,14.265,0.301,0,0,0.0,0.0,[],0.12654423713684082,0.012917671352624893,-0.09121090918779373,0.10231407731771469,0.01736626587808132,-0.0682394877076149,0.1056896522641182,-0.08187530189752579,-0.06369026005268097
322.6,COMPLETE,12,HOME_DESCENT,1.0,0.9034,140.6703,0.0,True,NORMAL,MONITOR,False,{},"[""uav2"", ""uav1"", ""uav0""]",limited,True,{},NONE,NORMAL,SAFE,1.0,IDLE,0.0,0.0,0.0,,,0.0,False,avoidance not required,,{},,,,,,,,,,,3,fleet initializing,3.276,14.267,0.300,0,0,0.0,0.0,[],0.12765641510486603,0.01055239699780941,-0.09076185524463654,0.10011186450719833,0.01780063472688198,-0.06671736389398575,0.10688086599111557,-0.07934761047363281,-0.05974001809954643
322.8,COMPLETE,12,HOME_DESCENT,1.0,0.9034,140.6703,0.0,True,NORMAL,MONITOR,False,{},"[""uav2"", ""uav1"", ""uav0""]",limited,True,{},NONE,NORMAL,SAFE,1.0,IDLE,0.0,0.0,0.0,,,0.0,False,avoidance not required,,{},,,,,,,,,,,3,fleet initializing,3.273,14.264,0.300,0,0,0.0,0.0,[],0.12695646286010742,0.01157368067651987,-0.09197790175676346,0.09816858917474747,0.015151731669902802,-0.06894723325967789,0.10734868794679642,-0.08028677105903625,-0.06121281161904335
323.0,COMPLETE,12,HOME_DESCENT,1.0,0.9034,140.6703,0.0,True,NORMAL,MONITOR,False,{},"[""uav2"", ""uav1"", ""uav0""]",limited,True,{},NONE,NORMAL,SAFE,1.0,IDLE,0.0,0.0,0.0,,,0.0,False,avoidance not required,,{},,,,,,,,,,,3,fleet initializing,3.271,14.264,0.300,0,0,0.0,0.0,[],0.12675118446350098,0.009225224144756794,-0.09663601219654083,0.09848998486995697,0.019731437787413597,-0.06954269111156464,0.10778102278709412,-0.07745681703090668,-0.057984862476587296
323.2,COMPLETE,12,HOME_DESCENT,1.0,0.9032,140.6451,0.0,True,NORMAL,MONITOR,False,{},"[""uav2"", ""uav1"", ""uav0""]",limited,True,{},NONE,NORMAL,SAFE,1.0,IDLE,0.0,0.0,0.0,,,0.0,False,avoidance not required,,{},,,,,,,,,,,3,fleet initializing,3.272,14.262,0.304,0,0,0.0,0.0,[],0.12402386218309402,0.010428573936223984,-0.09643327444791794,0.09967373311519623,0.022762250155210495,-0.06666337698698044,0.10820800811052322,-0.07442519068717957,-0.049370743334293365
323.4,COMPLETE,12,HOME_DESCENT,1.0,0.9032,140.6451,0.0,True,NORMAL,MONITOR,False,{},"[""uav2"", ""uav1"", ""uav0""]",limited,True,{},NONE,NORMAL,SAFE,1.0,IDLE,0.0,0.0,0.0,,,0.0,False,avoidance not required,,{},,,,,,,,,,,3,fleet initializing,3.276,14.260,0.303,0,0,0.0,0.0,[],0.1223783865571022,0.008007202297449112,-0.09904813021421432,0.09982137382030487,0.02151358313858509,-0.06839851289987564,0.10863175243139267,-0.07573407143354416,-0.04696192592382431
323.6,COMPLETE,12,HOME_DESCENT,1.0,0.9031,140.62,0.0,True,NORMAL,MONITOR,False,{},"[""uav2"", ""uav1"", ""uav0""]",limited,True,{},NONE,NORMAL,SAFE,1.0,IDLE,0.0,0.0,0.0,,,0.0,False,avoidance not required,,{},,,,,,,,,,,3,fleet initializing,3.278,14.260,0.305,0,0,0.0,0.0,[],0.11962205171585083,0.009322523139417171,-0.09219054132699966,0.09933223575353622,0.02173374965786934,-0.06461432576179504,0.11206956207752228,-0.07611800730228424,-0.043601181358098984
323.8,COMPLETE,12,HOME_DESCENT,1.0,0.9031,140.62,0.0,True,NORMAL,MONITOR,False,{},"[""uav2"", ""uav1"", ""uav0""]",limited,True,{},NONE,NORMAL,SAFE,1.0,IDLE,0.0,0.0,0.0,,,0.0,False,avoidance not required,,{},,,,,,,,,,,3,fleet initializing,3.280,14.258,0.297,0,0,0.0,0.0,[],0.11797574162483215,0.006681411527097225,-0.09167386591434479,0.09858512878417969,0.018445048481225967,-0.06477528810501099,0.1141098365187645,-0.07942426204681396,-0.043941911309957504
324.0,COMPLETE,12,HOME_DESCENT,1.0,0.903,140.5949,0.0,True,NORMAL,MONITOR,False,{},"[""uav2"", ""uav1"", ""uav0""]",limited,True,{},NONE,NORMAL,SAFE,1.0,IDLE,0.0,0.0,0.0,,,0.0,False,avoidance not required,,{},,,,,,,,,,,3,fleet initializing,3.281,14.259,0.296,0,0,0.0,0.0,[],0.11754601448774338,0.007878112606704235,-0.08706001192331314,0.09758895635604858,0.018383363261818886,-0.06091450899839401,0.11490770429372787,-0.08002164214849472,-0.0395745187997818
324.2,COMPLETE,12,HOME_DESCENT,1.0,0.903,140.5949,0.0,True,NORMAL,MONITOR,False,{},"[""uav2"", ""uav1"", ""uav0""]",limited,True,{},NONE,NORMAL,SAFE,1.0,IDLE,0.0,0.0,0.0,,,0.0,False,avoidance not required,,{},,,,,,,,,,,3,fleet initializing,3.280,14.259,0.292,0,0,0.0,0.0,[],0.11722756177186966,0.004687937907874584,-0.08701211214065552,0.09662431478500366,0.015080216340720654,-0.06255021691322327,0.11545432358980179,-0.0831410214304924,-0.03843148425221443
324.4,COMPLETE,12,HOME_DESCENT,1.0,0.903,140.5949,0.0,True,NORMAL,MONITOR,False,{},"[""uav2"", ""uav1"", ""uav0""]",limited,True,{},NONE,NORMAL,SAFE,1.0,IDLE,0.0,0.0,0.0,,,0.0,False,avoidance not required,,{},,,,,,,,,,,3,fleet initializing,3.280,14.261,0.292,0,0,0.0,0.0,[],0.11732585728168488,0.008086951449513435,-0.0828961580991745,0.09591898322105408,0.015180295333266258,-0.0583217516541481,0.11604048311710358,-0.08005814254283905,-0.04022622108459473
324.6,COMPLETE,12,HOME_DESCENT,1.0,0.9028,140.5697,0.0,True,NORMAL,MONITOR,False,{},"[""uav2"", ""uav1"", ""uav0""]",limited,True,{},NONE,NORMAL,SAFE,1.0,IDLE,0.0,0.0,0.0,,,0.0,False,avoidance not required,,{},,,,,,,,,,,3,fleet initializing,3.279,14.258,0.288,0,0,0.0,0.0,[],0.11738447099924088,0.006168572697788477,-0.08391325175762177,0.0947871059179306,0.011745180934667587,-0.05987689271569252,0.11637113988399506,-0.08115334808826447,-0.04350220412015915
324.8,COMPLETE,12,HOME_DESCENT,1.0,0.9028,140.5697,0.0,True,NORMAL,MONITOR,False,{},"[""uav2"", ""uav1"", ""uav0""]",limited,True,{},NONE,NORMAL,SAFE,1.0,IDLE,0.0,0.0,0.0,,,0.0,False,avoidance not required,,{},,,,,,,,,,,3,fleet initializing,3.277,14.259,0.289,0,0,0.0,0.0,[],0.11746864020824432,0.008266609162092209,-0.08144813776016235,0.0939837247133255,0.012639669701457024,-0.05994917452335358,0.11614257842302322,-0.07730928808450699,-0.04292691498994827
325.0,COMPLETE,12,HOME_DESCENT,1.0,0.9028,140.5697,0.0,True,NORMAL,MONITOR,False,{},"[""uav2"", ""uav1"", ""uav0""]",limited,True,{},NONE,NORMAL,SAFE,1.0,IDLE,0.0,0.0,0.0,,,0.0,False,avoidance not required,,{},,,,,,,,,,,3,fleet initializing,3.277,14.256,0.287,0,0,0.0,0.0,[],0.11729200184345245,0.00570471677929163,-0.08435961604118347,0.09287980198860168,0.009570812806487083,-0.06337224692106247,0.1160467192530632,-0.07769949734210968,-0.044553983956575394
325.2,COMPLETE,12,HOME_DESCENT,1.0,0.9027,140.5445,0.0,True,NORMAL,MONITOR,False,{},"[""uav2"", ""uav1"", ""uav0""]",limited,True,{},NONE,NORMAL,SAFE,1.0,IDLE,0.0,0.0,0.0,,,0.0,False,avoidance not required,,{},,,,,,,,,,,3,fleet initializing,3.276,14.256,0.289,0,0,0.0,0.0,[],0.11706125736236572,0.005846867337822914,-0.08460696786642075,0.093667171895504,0.006890019401907921,-0.06242961809039116,0.1156729981303215,-0.07400002330541611,-0.04375826194882393
325.4,COMPLETE,12,HOME_DESCENT,1.0,0.9027,140.5445,0.0,True,NORMAL,MONITOR,False,{},"[""uav2"", ""uav1"", ""uav0""]",limited,True,{},NONE,NORMAL,SAFE,1.0,IDLE,0.0,0.0,0.0,,,0.0,False,avoidance not required,,{},,,,,,,,,,,3,fleet initializing,3.277,14.254,0.289,0,0,0.0,0.0,[],0.11672735214233398,0.0020119789987802505,-0.08807333558797836,0.09344032406806946,0.001695794751867652,-0.06558004021644592,0.11543913930654526,-0.07464376837015152,-0.04732396453619003
325.6,COMPLETE,12,HOME_DESCENT,1.0,0.9026,140.5194,0.0,True,NORMAL,MONITOR,False,{},"[""uav2"", ""uav1"", ""uav0""]",limited,True,{},NONE,NORMAL,SAFE,1.0,IDLE,0.0,0.0,0.0,,,0.0,False,avoidance not required,,{},,,,,,,,,,,3,fleet initializing,3.277,14.255,0.292,0,0,0.0,0.0,[],0.11671921610832214,0.003396493149921298,-0.08646053820848465,0.09490039199590683,0.002815593034029007,-0.06587468832731247,0.1155058890581131,-0.07092683762311935,-0.048734184354543686
325.8,COMPLETE,12,HOME_DESCENT,1.0,0.9026,140.5194,0.0,True,NORMAL,MONITOR,False,{},"[""uav2"", ""uav1"", ""uav0""]",limited,True,{},NONE,NORMAL,SAFE,1.0,IDLE,0.0,0.0,0.0,,,0.0,False,avoidance not required,,{},,,,,,,,,,,3,fleet initializing,3.278,14.252,0.291,0,0,0.0,0.0,[],0.11641209572553635,0.0003196620673406869,-0.0898631289601326,0.09516258537769318,4.69074584543705e-05,-0.07059846818447113,0.11554811149835587,-0.07126569002866745,-0.052809976041316986
326.0,COMPLETE,12,HOME_DESCENT,1.0,0.9026,140.5194,0.0,True,NORMAL,MONITOR,False,{},"[""uav2"", ""uav1"", ""uav0""]",limited,True,{},NONE,NORMAL,SAFE,1.0,IDLE,0.0,0.0,0.0,,,0.0,False,avoidance not required,,{},,,,,,,,,,,3,fleet initializing,3.279,14.252,0.294,0,0,0.0,0.0,[],0.11077675223350525,0.0030876807868480682,-0.08828182518482208,0.09700372815132141,0.0016789797227829695,-0.06672585755586624,0.11527694761753082,-0.06934478878974915,-0.055432483553886414
326.2,COMPLETE,12,HOME_DESCENT,1.0,0.9025,140.4942,0.0,True,NORMAL,MONITOR,False,{},"[""uav2"", ""uav1"", ""uav0""]",limited,True,{},NONE,NORMAL,SAFE,1.0,IDLE,0.0,0.0,0.0,,,0.0,False,avoidance not required,,{},,,,,,,,,,,3,fleet initializing,3.286,14.251,0.290,0,0,0.0,0.0,[],0.10691812634468079,0.0008858345681801438,-0.09265512228012085,0.09760106354951859,-0.0009100239840336144,-0.07003988325595856,0.11473031342029572,-0.0704810619354248,-0.061138514429330826
326.4,COMPLETE,12,HOME_DESCENT,1.0,0.9025,140.4942,0.0,True,NORMAL,MONITOR,False,{},"[""uav2"", ""uav1"", ""uav0""]",limited,True,{},NONE,NORMAL,SAFE,1.0,IDLE,0.0,0.0,0.0,,,0.0,False,avoidance not required,,{},,,,,,,,,,,3,fleet initializing,3.291,14.252,0.293,0,0,0.0,0.0,[],0.10625041276216507,0.0031648133881390095,-0.08707451820373535,0.10308468341827393,0.001328175188973546,-0.07249683886766434,0.11272364854812622,-0.0657418966293335,-0.06174619868397713
326.6,COMPLETE,12,HOME_DESCENT,1.0,0.9023,140.4689,0.0,True,NORMAL,MONITOR,False,{},"[""uav2"", ""uav1"", ""uav0""]",limited,True,{},NONE,NORMAL,SAFE,1.0,IDLE,0.0,0.0,0.0,,,0.0,False,avoidance not required,,{},,,,,,,,,,,3,fleet initializing,3.297,14.250,0.287,0,0,0.0,0.0,[],0.1051177904009819,0.0005821989616379142,-0.08931993693113327,0.10616888850927353,-0.0003822221187874675,-0.0813046246767044,0.11174897849559784,-0.0653490349650383,-0.06700040400028229
326.8,COMPLETE,12,HOME_DESCENT,1.0,0.9023,140.4689,0.0,True,NORMAL,MONITOR,False,{},"[""uav2"", ""uav1"", ""uav0""]",limited,True,{},NONE,NORMAL,SAFE,1.0,IDLE,0.0,0.0,0.0,,,0.0,False,avoidance not required,,{},,,,,,,,,,,3,fleet initializing,3.301,14.251,0.289,0,0,0.0,0.0,[],0.10421983152627945,0.0029101832769811153,-0.08814814686775208,0.10770104080438614,0.004335592035204172,-0.08386475592851639,0.11334636062383652,-0.0631750077009201,-0.0718395859003067
327.0,COMPLETE,12,HOME_DESCENT,1.0,0.9023,140.4689,0.0,True,NORMAL,MONITOR,False,{},"[""uav2"", ""uav1"", ""uav0""]",limited,True,{},NONE,NORMAL,SAFE,1.0,IDLE,0.0,0.0,0.0,,,0.0,False,avoidance not required,,{},,,,,,,,,,,3,fleet initializing,3.303,14.248,0.288,0,0,0.0,0.0,[],0.10333556681871414,0.001059993403032422,-0.0947270393371582,0.10883563756942749,0.004386423621326685,-0.09052116423845291,0.11497560888528824,-0.06331687420606613,-0.07859470695257187
327.2,COMPLETE,12,HOME_DESCENT,1.0,0.9022,140.4437,0.0,True,NORMAL,MONITOR,False,{},"[""uav2"", ""uav1"", ""uav0""]",limited,True,{},NONE,NORMAL,SAFE,1.0,IDLE,0.0,0.0,0.0,,,0.0,False,avoidance not required,,{},,,,,,,,,,,3,fleet initializing,3.306,14.247,0.294,0,0,0.0,0.0,[],0.10578814148902893,0.004204137716442347,-0.09440329670906067,0.10980100184679031,0.005892517510801554,-0.08416325598955154,0.11910649389028549,-0.060024891048669815,-0.07975316792726517
327.4,COMPLETE,12,HOME_DESCENT,1.0,0.9022,140.4437,0.0,True,NORMAL,MONITOR,False,{},"[""uav2"", ""uav1"", ""uav0""]",limited,True,{},NONE,NORMAL,SAFE,1.0,IDLE,0.0,0.0,0.0,,,0.0,False,avoidance not required,,{},,,,,,,,,,,3,fleet initializing,3.304,14.242,0.294,0,0,0.0,0.0,[],0.10712119191884995,0.003290785476565361,-0.09963149577379227,0.11043481528759003,0.004342461936175823,-0.08575111627578735,0.12171383947134018,-0.05938320606946945,-0.08272887021303177
327.6,COMPLETE,12,HOME_DESCENT,1.0,0.9021,140.4185,0.0,True,NORMAL,MONITOR,False,{},"[""uav2"", ""uav1"", ""uav0""]",limited,True,{},NONE,NORMAL,SAFE,1.0,IDLE,0.0,0.0,0.0,,,0.0,False,avoidance not required,,{},,,,,,,,,,,3,fleet initializing,3.301,14.239,0.298,0,0,0.0,0.0,[],0.10905014723539352,0.008082058280706406,-0.09669163078069687,0.11049783229827881,0.006240501068532467,-0.07983128726482391,0.12014774978160858,-0.057632580399513245,-0.07879135757684708
327.8,COMPLETE,12,HOME_DESCENT,1.0,0.9021,140.4185,0.0,True,NORMAL,MONITOR,False,{},"[""uav2"", ""uav1"", ""uav0""]",limited,True,{},NONE,NORMAL,SAFE,1.0,IDLE,0.0,0.0,0.0,,,0.0,False,avoidance not required,,{},,,,,,,,,,,3,fleet initializing,3.299,14.239,0.301,0,0,0.0,0.0,[],0.1099257692694664,0.008633754216134548,-0.1004159227013588,0.1089850664138794,0.009195955470204353,-0.07643840461969376,0.11863560229539871,-0.055701129138469696,-0.07264980673789978
328.0,COMPLETE,12,HOME_DESCENT,1.0,0.9021,140.4185,0.0,True,NORMAL,MONITOR,False,{},"[""uav2"", ""uav1"", ""uav0""]",limited,True,{},NONE,NORMAL,SAFE,1.0,IDLE,0.0,0.0,0.0,,,0.0,False,avoidance not required,,{},,,,,,,,,,,3,fleet initializing,3.299,14.239,0.301,0,0,0.0,0.0,[],0.10901550948619843,0.011129382997751236,-0.09663644433021545,0.10791929066181183,0.009176823310554028,-0.07954209297895432,0.11775217205286026,-0.05585680156946182,-0.07328565418720245
328.2,COMPLETE,12,HOME_DESCENT,1.0,0.902,140.3932,0.0,True,NORMAL,MONITOR,False,{},"[""uav2"", ""uav1"", ""uav0""]",limited,True,{},NONE,NORMAL,SAFE,1.0,IDLE,0.0,0.0,0.0,,,0.0,False,avoidance not required,,{},,,,,,,,,,,3,fleet initializing,3.299,14.240,0.298,0,0,0.0,0.0,[],0.10812316834926605,0.010681879706680775,-0.09897956997156143,0.10914990305900574,0.010903578251600266,-0.07448703795671463,0.11518784612417221,-0.05632849410176277,-0.07130692154169083
328.4,COMPLETE,12,HOME_DESCENT,1.0,0.902,140.3932,0.0,True,NORMAL,MONITOR,False,{},"[""uav2"", ""uav1"", ""uav0""]",limited,True,{},NONE,NORMAL,SAFE,1.0,IDLE,0.0,0.0,0.0,,,0.0,False,avoidance not required,,{},,,,,,,,,,,3,fleet initializing,3.301,14.242,0.299,0,0,0.0,0.0,[],0.1061929389834404,0.010603483766317368,-0.09634165465831757,0.10950583219528198,0.010427644476294518,-0.07595504075288773,0.1136414185166359,-0.057130903005599976,-0.07370933890342712
328.6,COMPLETE,12,HOME_DESCENT,1.0,0.9018,140.368,0.0,True,NORMAL,MONITOR,False,{},"[""uav2"", ""uav1"", ""uav0""]",limited,True,{},NONE,NORMAL,SAFE,1.0,IDLE,0.0,0.0,0.0,,,0.0,False,avoidance not required,,{},,,,,,,,,,,3,fleet initializing,3.303,14.244,0.296,0,0,0.0,0.0,[],0.10441914200782776,0.008930421434342861,-0.09913624078035355,0.10966910421848297,0.010123326443135738,-0.07123567163944244,0.11251765489578247,-0.05482377111911774,-0.07125350832939148
328.8,COMPLETE,12,HOME_DESCENT,1.0,0.9018,140.368,0.0,True,NORMAL,MONITOR,False,{},"[""uav2"", ""uav1"", ""uav0""]",limited,True,{},NONE,NORMAL,SAFE,1.0,IDLE,0.0,0.0,0.0,,,0.0,False,avoidance not required,,{},,,,,,,,,,,3,fleet initializing,3.303,14.243,0.298,0,0,0.0,0.0,[],0.10283821821212769,0.008342018350958824,-0.09829919040203094,0.10889125615358353,0.008841527625918388,-0.07318691909313202,0.11139622330665588,-0.05384356155991554,-0.0721474215388298
329.0,COMPLETE,12,HOME_DESCENT,1.0,0.9018,140.368,0.0,True,NORMAL,MONITOR,False,{},"[""uav2"", ""uav1"", ""uav0""]",limited,True,{},NONE,NORMAL,SAFE,1.0,IDLE,0.0,0.0,0.0,,,0.0,False,avoidance not required,,{},,,,,,,,,,,3,fleet initializing,3.303,14.243,0.297,0,0,0.0,0.0,[],0.10073940455913544,0.006582243368029594,-0.10193240642547607,0.11043670028448105,0.011448490433394909,-0.06948511302471161,0.11054138839244843,-0.051408637315034866,-0.06806976348161697
329.2,COMPLETE,12,HOME_DESCENT,1.0,0.9017,140.3428,0.0,True,NORMAL,MONITOR,False,{},"[""uav2"", ""uav1"", ""uav0""]",limited,True,{},NONE,NORMAL,SAFE,1.0,IDLE,0.0,0.0,0.0,,,0.0,False,avoidance not required,,{},,,,,,,,,,,3,fleet initializing,3.301,14.242,0.299,0,0,0.0,0.0,[],0.09942451119422913,0.004390357527881861,-0.10033763945102692,0.11128917336463928,0.013914007693529129,-0.061902087181806564,0.10857029259204865,-0.050266463309526443,-0.06393091380596161
329.4,COMPLETE,12,HOME_DESCENT,1.0,0.9017,140.3428,0.0,True,NORMAL,MONITOR,False,{},"[""uav2"", ""uav1"", ""uav0""]",limited,True,{},NONE,NORMAL,SAFE,1.0,IDLE,0.0,0.0,0.0,,,0.0,False,avoidance not required,,{},,,,,,,,,,,3,fleet initializing,3.298,14.242,0.297,0,0,0.0,0.0,[],0.09693082422018051,0.0016761403530836105,-0.10390406101942062,0.1101001501083374,0.014567464590072632,-0.06103338673710823,0.10602881759405136,-0.04958554729819298,-0.06399416923522949
329.6,COMPLETE,12,HOME_DESCENT,1.0,0.9016,140.3176,0.0,True,NORMAL,MONITOR,False,{},"[""uav2"", ""uav1"", ""uav0""]",limited,True,{},NONE,NORMAL,SAFE,1.0,IDLE,0.0,0.0,0.0,,,0.0,False,avoidance not required,,{},,,,,,,,,,,3,fleet initializing,3.297,14.244,0.300,0,0,0.0,0.0,[],0.09560786187648773,0.004459004383534193,-0.09835181385278702,0.10970485955476761,0.01583181694149971,-0.0600048191845417,0.10276906937360764,-0.048125896602869034,-0.06111845001578331
329.8,COMPLETE,12,HOME_DESCENT,1.0,0.9016,140.3176,0.0,True,NORMAL,MONITOR,False,{},"[""uav2"", ""uav1"", ""uav0""]",limited,True,{},NONE,NORMAL,SAFE,1.0,IDLE,0.0,0.0,0.0,,,0.0,False,avoidance not required,,{},,,,,,,,,,,3,fleet initializing,3.294,14.245,0.294,0,0,0.0,0.0,[],0.09235047549009323,0.005186476279050112,-0.09774351865053177,0.10750430077314377,0.016014188528060913,-0.06038270145654678,0.09969857335090637,-0.04745383560657501,-0.06089746952056885
330.0,COMPLETE,12,HOME_DESCENT,1.0,0.9016,140.3176,0.0,True,NORMAL,MONITOR,False,{},"[""uav2"", ""uav1"", ""uav0""]",limited,True,{},NONE,NORMAL,SAFE,1.0,IDLE,0.0,0.0,0.0,,,0.0,False,avoidance not required,,{},,,,,,,,,,,3,fleet initializing,3.293,14.247,0.293,0,0,0.0,0.0,[],0.0933658704161644,0.00736880162730813,-0.09326164424419403,0.10684426873922348,0.015176570042967796,-0.05820907652378082,0.10177323967218399,-0.048432014882564545,-0.05713755637407303
330.2,COMPLETE,12,HOME_DESCENT,1.0,0.9015,140.2925,0.0,True,NORMAL,MONITOR,False,{},"[""uav2"", ""uav1"", ""uav0""]",limited,True,{},NONE,NORMAL,SAFE,1.0,IDLE,0.0,0.0,0.0,,,0.0,False,avoidance not required,,{},,,,,,,,,,,3,fleet initializing,3.296,14.246,0.289,0,0,0.0,0.0,[],0.091156505048275,0.007919914089143276,-0.09186674654483795,0.10393184423446655,0.01440794300287962,-0.059300195425748825,0.1006767600774765,-0.04905448108911514,-0.057525843381881714
330.4,COMPLETE,12,HOME_DESCENT,1.0,0.9015,140.2925,0.0,True,NORMAL,MONITOR,False,{},"[""uav2"", ""uav1"", ""uav0""]",limited,True,{},NONE,NORMAL,SAFE,1.0,IDLE,0.0,0.0,0.0,,,0.0,False,avoidance not required,,{},,,,,,,,,,,3,fleet initializing,3.297,14.247,0.287,0,0,0.0,0.0,[],0.09290839731693268,0.007810626644641161,-0.08765013515949249,0.10345040261745453,0.014368364587426186,-0.06400741636753082,0.09891655296087265,-0.04956172779202461,-0.057114824652671814
330.6,COMPLETE,12,HOME_DESCENT,1.0,0.9013,140.2673,0.0,True,NORMAL,MONITOR,False,{},"[""uav2"", ""uav1"", ""uav0""]",limited,True,{},NONE,NORMAL,SAFE,1.0,IDLE,0.0,0.0,0.0,,,0.0,False,avoidance not required,,{},,,,,,,,,,,3,fleet initializing,3.296,14.249,0.283,0,0,0.0,0.0,[],0.0905933827161789,0.007204331457614899,-0.08741915971040726,0.09981751441955566,0.014243346638977528,-0.06852651387453079,0.09538783133029938,-0.04955701157450676,-0.05699392780661583
330.8,COMPLETE,12,HOME_DESCENT,1.0,0.9013,140.2673,0.0,True,NORMAL,MONITOR,False,{},"[""uav2"", ""uav1"", ""uav0""]",limited,True,{},NONE,NORMAL,SAFE,1.0,IDLE,0.0,0.0,0.0,,,0.0,False,avoidance not required,,{},,,,,,,,,,,3,fleet initializing,3.296,14.251,0.282,0,0,0.0,0.0,[],0.09225963801145554,0.007863969542086124,-0.0824599638581276,0.0998404324054718,0.014623611234128475,-0.0719025656580925,0.09500722587108612,-0.050005897879600525,-0.05238206312060356
331.0,COMPLETE,12,HOME_DESCENT,1.0,0.9013,140.2673,0.0,True,NORMAL,MONITOR,False,{},"[""uav2"", ""uav1"", ""uav0""]",limited,True,{},NONE,NORMAL,SAFE,1.0,IDLE,0.0,0.0,0.0,,,0.0,False,avoidance not required,,{},,,,,,,,,,,3,fleet initializing,3.296,14.252,0.278,0,0,0.0,0.0,[],0.0893155038356781,0.007811381481587887,-0.08097376674413681,0.09613341093063354,0.014353220351040363,-0.07554632425308228,0.09158660471439362,-0.05024617537856102,-0.05183717608451843
331.2,COMPLETE,12,HOME_DESCENT,1.0,0.9012,140.2422,0.0,True,NORMAL,MONITOR,False,{},"[""uav2"", ""uav1"", ""uav0""]",limited,True,{},NONE,NORMAL,SAFE,1.0,IDLE,0.0,0.0,0.0,,,0.0,False,avoidance not required,,{},,,,,,,,,,,3,fleet initializing,3.296,14.254,0.276,0,0,0.0,0.0,[],0.08904742449522018,0.005335437599569559,-0.07750388979911804,0.09643469750881195,0.007680322974920273,-0.07548122107982635,0.09005522727966309,-0.05082434043288231,-0.048163291066884995
331.4,COMPLETE,12,HOME_DESCENT,1.0,0.9012,140.2422,0.0,True,NORMAL,MONITOR,False,{},"[""uav2"", ""uav1"", ""uav0""]",limited,True,{},NONE,NORMAL,SAFE,1.0,IDLE,0.0,0.0,0.0,,,0.0,False,avoidance not required,,{},,,,,,,,,,,3,fleet initializing,3.294,14.256,0.273,0,0,0.0,0.0,[],0.08420243114233017,0.0032416086178272963,-0.07711608707904816,0.0920473113656044,0.0028291817288845778,-0.07545191794633865,0.08559737354516983,-0.05143756419420242,-0.04727260768413544
331.6,COMPLETE,12,HOME_DESCENT,1.0,0.9011,140.2171,0.0,True,NORMAL,MONITOR,False,{},"[""uav2"", ""uav1"", ""uav0""]",limited,True,{},NONE,NORMAL,SAFE,1.0,IDLE,0.0,0.0,0.0,,,0.0,False,avoidance not required,,{},,,,,,,,,,,3,fleet initializing,3.294,14.259,0.272,0,0,0.0,0.0,[],0.08631247282028198,-0.00015247470582835376,-0.0796150341629982,0.09257807582616806,0.0014374676393344998,-0.07405425608158112,0.08564021438360214,-0.05240285396575928,-0.042542655020952225
331.8,COMPLETE,12,HOME_DESCENT,1.0,0.9011,140.2171,0.0,True,NORMAL,MONITOR,False,{},"[""uav2"", ""uav1"", ""uav0""]",limited,True,{},NONE,NORMAL,SAFE,1.0,IDLE,0.0,0.0,0.0,,,0.0,False,avoidance not required,,{},,,,,,,,,,,3,fleet initializing,3.294,14.260,0.274,0,0,0.0,0.0,[],0.0819116085767746,-0.0034569839481264353,-0.08073891699314117,0.08793189376592636,-0.0008656703867018223,-0.07370168715715408,0.08205941319465637,-0.05351899936795235,-0.04076499864459038
332.0,COMPLETE,12,HOME_DESCENT,1.0,0.9011,140.2171,0.0,True,NORMAL,MONITOR,False,{},"[""uav2"", ""uav1"", ""uav0""]",limited,True,{},NONE,NORMAL,SAFE,1.0,IDLE,0.0,0.0,0.0,,,0.0,False,avoidance not required,,{},,,,,,,,,,,3,fleet initializing,3.295,14.263,0.273,0,0,0.0,0.0,[],0.08404451608657837,-0.0033709038980305195,-0.07858400046825409,0.08873430639505386,-0.0004638420941773802,-0.07051150500774384,0.08663606643676758,-0.05288099870085716,-0.03573886677622795
332.2,COMPLETE,12,HOME_DESCENT,1.0,0.901,140.1919,0.0,True,NORMAL,MONITOR,False,{},"[""uav2"", ""uav1"", ""uav0""]",limited,True,{},NONE,NORMAL,SAFE,1.0,IDLE,0.0,0.0,0.0,,,0.0,False,avoidance not required,,{},,,,,,,,,,,3,fleet initializing,3.299,14.260,0.272,0,0,0.0,0.0,[],0.07944351434707642,-0.005112860817462206,-0.07748093456029892,0.08331211656332016,-0.002369847148656845,-0.06839152425527573,0.08526424318552017,-0.05367906764149666,-0.03208892047405243
332.4,COMPLETE,12,HOME_DESCENT,1.0,0.901,140.1919,0.0,True,NORMAL,MONITOR,False,{},"[""uav2"", ""uav1"", ""uav0""]",limited,True,{},NONE,NORMAL,SAFE,1.0,IDLE,0.0,0.0,0.0,,,0.0,False,avoidance not required,,{},,,,,,,,,,,3,fleet initializing,3.303,14.261,0.270,0,0,0.0,0.0,[],0.08218826353549957,-0.003843892365694046,-0.07365847378969193,0.08410649001598358,-0.004886207636445761,-0.06561901420354843,0.08935689926147461,-0.054165102541446686,-0.02914879284799099
332.6,COMPLETE,12,HOME_DESCENT,1.0,0.9008,140.1665,0.0,True,NORMAL,MONITOR,False,{},"[""uav2"", ""uav1"", ""uav0""]",limited,True,{},NONE,NORMAL,SAFE,1.0,IDLE,0.0,0.0,0.0,,,0.0,False,avoidance not required,,{},,,,,,,,,,,3,fleet initializing,3.302,14.259,0.267,0,0,0.0,0.0,[],0.07744990289211273,-0.005373948719352484,-0.07049926370382309,0.07929971069097519,-0.00900556705892086,-0.0629548653960228,0.08761682361364365,-0.056035805493593216,-0.025389913469552994
332.8,COMPLETE,12,HOME_DESCENT,1.0,0.9008,140.1665,0.0,True,NORMAL,MONITOR,False,{},"[""uav2"", ""uav1"", ""uav0""]",limited,True,{},NONE,NORMAL,SAFE,1.0,IDLE,0.0,0.0,0.0,,,0.0,False,avoidance not required,,{},,,,,,,,,,,3,fleet initializing,3.302,14.261,0.262,0,0,0.0,0.0,[],0.08125617355108261,-0.0038909667637199163,-0.06464480608701706,0.08346343785524368,-0.008169085718691349,-0.06464679539203644,0.09017942100763321,-0.05684230104088783,-0.02288944087922573
333.0,COMPLETE,12,HOME_DESCENT,1.0,0.9008,140.1665,0.0,True,NORMAL,MONITOR,False,{},"[""uav2"", ""uav1"", ""uav0""]",limited,True,{},NONE,NORMAL,SAFE,1.0,IDLE,0.0,0.0,0.0,,,0.0,False,avoidance not required,,{},,,,,,,,,,,3,fleet initializing,3.302,14.260,0.259,0,0,0.0,0.0,[],0.0776444599032402,-0.005765976384282112,-0.059799544513225555,0.08023111522197723,-0.010855953209102154,-0.06375189870595932,0.08743932098150253,-0.05922046676278114,-0.019494779407978058
333.2,COMPLETE,12,HOME_DESCENT,1.0,0.9007,140.1411,0.0,True,NORMAL,MONITOR,False,{},"[""uav2"", ""uav1"", ""uav0""]",limited,True,{},NONE,NORMAL,SAFE,1.0,IDLE,0.0,0.0,0.0,,,0.0,False,avoidance not required,,{},,,,,,,,,,,3,fleet initializing,3.303,14.264,0.257,0,0,0.0,0.0,[],0.07814125716686249,-0.003964531235396862,-0.0521911159157753,0.08310596644878387,-0.007009364664554596,-0.061820369213819504,0.08925950527191162,-0.06007612496614456,-0.012107951566576958
333.4,COMPLETE,12,HOME_DESCENT,1.0,0.9007,140.1411,0.0,True,NORMAL,MONITOR,False,{},"[""uav2"", ""uav1"", ""uav0""]",limited,True,{},NONE,NORMAL,SAFE,1.0,IDLE,0.0,0.0,0.0,,,0.0,False,avoidance not required,,{},,,,,,,,,,,3,fleet initializing,3.305,14.263,0.256,0,0,0.0,0.0,[],0.07231272011995316,-0.006037283223122358,-0.04553575441241264,0.07880885154008865,-0.007994444109499454,-0.059796229004859924,0.08561769872903824,-0.062317341566085815,-0.0053648087196052074
333.6,COMPLETE,12,HOME_DESCENT,1.0,0.9006,140.1158,0.0,True,NORMAL,MONITOR,False,{},"[""uav2"", ""uav1"", ""uav0""]",limited,True,{},NONE,NORMAL,SAFE,1.0,IDLE,0.0,0.0,0.0,,,0.0,False,avoidance not required,,{},,,,,,,,,,,3,fleet initializing,3.307,14.267,0.253,0,0,0.0,0.0,[],0.07534878700971603,-0.003996606450527906,-0.0360235832631588,0.08043073862791061,-0.0035859548952430487,-0.06033143028616905,0.08748801797628403,-0.06031040474772453,0.0003038632567040622
333.8,COMPLETE,12,HOME_DESCENT,1.0,0.9006,140.1158,0.0,True,NORMAL,MONITOR,False,{},"[""uav2"", ""uav1"", ""uav0""]",limited,True,{},NONE,NORMAL,SAFE,1.0,IDLE,0.0,0.0,0.0,,,0.0,False,avoidance not required,,{},,,,,,,,,,,3,fleet initializing,3.305,14.264,0.253,0,0,0.0,0.0,[],0.07001528888940811,-0.006495948415249586,-0.028985653072595596,0.0757468044757843,-0.004172869957983494,-0.05780341848731041,0.08457568287849426,-0.061823055148124695,0.005191626027226448
334.0,COMPLETE,12,HOME_DESCENT,1.0,0.9006,140.1158,0.0,True,NORMAL,MONITOR,False,{},"[""uav2"", ""uav1"", ""uav0""]",limited,True,{},NONE,NORMAL,SAFE,1.0,IDLE,0.0,0.0,0.0,,,0.0,False,avoidance not required,,{},,,,,,,,,,,3,fleet initializing,3.306,14.268,0.250,0,0,0.0,0.0,[],0.07317034900188446,-0.0042275176383554935,-0.02527257800102234,0.08070875704288483,0.0002068180328933522,-0.054637305438518524,0.08858002722263336,-0.062156859785318375,0.008985624648630619
334.2,COMPLETE,12,HOME_DESCENT,1.0,0.9005,140.0903,0.0,True,NORMAL,MONITOR,False,{},"[""uav2"", ""uav1"", ""uav0""]",limited,True,{},NONE,NORMAL,SAFE,1.0,IDLE,0.0,0.0,0.0,,,0.0,False,avoidance not required,,{},,,,,,,,,,,3,fleet initializing,3.308,14.265,0.248,0,0,0.0,0.0,[],0.06843169033527374,-0.006438632495701313,-0.02021978422999382,0.07821167260408401,-0.000778788817115128,-0.050516970455646515,0.08665462583303452,-0.06519988924264908,0.012993557378649712
334.4,COMPLETE,12,HOME_DESCENT,1.0,0.9005,140.0903,0.0,True,NORMAL,MONITOR,False,{},"[""uav2"", ""uav1"", ""uav0""]",limited,True,{},NONE,NORMAL,SAFE,1.0,IDLE,0.0,0.0,0.0,,,0.0,False,avoidance not required,,{},,,,,,,,,,,3,fleet initializing,3.310,14.268,0.243,0,0,0.0,0.0,[],0.07517600059509277,-0.002216202672570944,-0.017417630180716515,0.08214827626943588,0.003576007205992937,-0.048355832695961,0.09004326164722443,-0.06517523527145386,0.009311416186392307
334.6,COMPLETE,12,HOME_DESCENT,1.0,0.9003,140.0648,0.0,True,NORMAL,MONITOR,False,{},"[""uav2"", ""uav1"", ""uav0""]",limited,True,{},NONE,NORMAL,SAFE,1.0,IDLE,0.0,0.0,0.0,,,0.0,False,avoidance not required,,{},,,,,,,,,,,3,fleet initializing,3.307,14.266,0.243,0,0,0.0,0.0,[],0.07274902611970901,-0.0038377949967980385,-0.013298614881932735,0.07930531352758408,0.0025611710734665394,-0.045594342052936554,0.08810271322727203,-0.06819496303796768,0.008486074395477772
334.8,COMPLETE,12,HOME_DESCENT,1.0,0.9003,140.0648,0.0,True,NORMAL,MONITOR,False,{},"[""uav2"", ""uav1"", ""uav0""]",limited,True,{},NONE,NORMAL,SAFE,1.0,IDLE,0.0,0.0,0.0,,,0.0,False,avoidance not required,,{},,,,,,,,,,,3,fleet initializing,3.307,14.270,0.239,0,0,0.0,0.0,[],0.07593800127506256,-0.0009475293336436152,-0.01276468113064766,0.08458917587995529,0.004789917264133692,-0.03648592159152031,0.0920199528336525,-0.06871223449707031,0.00556193245574832
335.0,COMPLETE,12,HOME_DESCENT,1.0,0.9003,140.0648,0.0,True,NORMAL,MONITOR,False,{},"[""uav2"", ""uav1"", ""uav0""]",limited,True,{},NONE,NORMAL,SAFE,1.0,IDLE,0.0,0.0,0.0,,,0.0,False,avoidance not required,,{},,,,,,,,,,,3,fleet initializing,3.309,14.267,0.232,0,0,0.0,0.0,[],0.07160266488790512,-0.003370567224919796,-0.011168839409947395,0.0824459046125412,0.0016165385022759438,-0.030256520956754684,0.09047684818506241,-0.07196364551782608,0.006597794592380524
335.2,COMPLETE,12,HOME_DESCENT,1.0,0.9002,140.0393,0.0,True,NORMAL,MONITOR,False,{},"[""uav2"", ""uav1"", ""uav0""]",limited,True,{},NONE,NORMAL,SAFE,1.0,IDLE,0.0,0.0,0.0,,,0.0,False,avoidance not required,,{},,,,,,,,,,,3,fleet initializing,3.309,14.270,0.226,0,0,0.0,0.0,[],0.07791457325220108,-0.002803604817017913,-0.011183565482497215,0.08661159127950668,0.0014403561362996697,-0.031047994270920753,0.09154043346643448,-0.0699111670255661,0.007556607946753502
335.4,COMPLETE,12,HOME_DESCENT,1.0,0.9002,140.0393,0.0,True,NORMAL,MONITOR,False,{},"[""uav2"", ""uav1"", ""uav0""]",limited,True,{},NONE,NORMAL,SAFE,1.0,IDLE,0.0,0.0,0.0,,,0.0,False,avoidance not required,,{},,,,,,,,,,,3,fleet initializing,3.306,14.268,0.228,0,0,0.0,0.0,[],0.07605797052383423,-0.0072410451248288155,-0.009755115956068039,0.08405858278274536,-0.003738684579730034,-0.03153255581855774,0.08873731642961502,-0.07214125990867615,0.008929295465350151
335.6,COMPLETE,12,HOME_DESCENT,1.0,0.9001,140.0138,0.0,True,NORMAL,MONITOR,False,{},"[""uav2"", ""uav1"", ""uav0""]",limited,True,{},NONE,NORMAL,SAFE,1.0,IDLE,0.0,0.0,0.0,,,0.0,False,avoidance not required,,{},,,,,,,,,,,3,fleet initializing,3.306,14.272,0.228,0,0,0.0,0.0,[],0.08318593353033066,-0.007227741647511721,-0.0017240492161363363,0.08787478506565094,-0.004639062564820051,-0.03765953704714775,0.09070058166980743,-0.06940703094005585,0.006773488596081734
335.8,COMPLETE,12,HOME_DESCENT,1.0,0.9001,140.0138,0.0,True,NORMAL,MONITOR,False,{},"[""uav2"", ""uav1"", ""uav0""]",limited,True,{},NONE,NORMAL,SAFE,1.0,IDLE,0.0,0.0,0.0,,,0.0,False,avoidance not required,,{},,,,,,,,,,,3,fleet initializing,3.304,14.269,0.235,0,0,0.0,0.0,[],0.08220291882753372,-0.012588056735694408,0.0027511550579220057,0.085615374147892,-0.01047179289162159,-0.03841935843229294,0.08848061412572861,-0.07109986245632172,0.006878821179270744
336.0,COMPLETE,12,HOME_DESCENT,1.0,0.9001,140.0138,0.0,True,NORMAL,MONITOR,False,{},"[""uav2"", ""uav1"", ""uav0""]",limited,True,{},NONE,NORMAL,SAFE,1.0,IDLE,0.0,0.0,0.0,,,0.0,False,avoidance not required,,{},,,,,,,,,,,3,fleet initializing,3.304,14.271,0.235,0,0,0.0,0.0,[],0.08535254746675491,-0.01300224382430315,0.003755441401153803,0.0908801406621933,-0.007909059524536133,-0.03617456182837486,0.08912333101034164,-0.06617623567581177,0.006702200975269079
336.2,COMPLETE,12,HOME_DESCENT,1.0,0.8999,139.9885,0.0,True,NORMAL,MONITOR,False,{},"[""uav2"", ""uav1"", ""uav0""]",limited,True,{},NONE,NORMAL,SAFE,1.0,IDLE,0.0,0.0,0.0,,,0.0,False,avoidance not required,,{},,,,,,,,,,,3,fleet initializing,3.299,14.267,0.235,0,0,0.0,0.0,[],0.0827893316745758,-0.01854459010064602,0.00693248538300395,0.08967821300029755,-0.011527959257364273,-0.031764134764671326,0.08651303499937057,-0.06657881289720535,0.010037465952336788
336.4,COMPLETE,12,HOME_DESCENT,1.0,0.8999,139.9885,0.0,True,NORMAL,MONITOR,False,{},"[""uav2"", ""uav1"", ""uav0""]",limited,True,{},NONE,NORMAL,SAFE,1.0,IDLE,0.0,0.0,0.0,,,0.0,False,avoidance not required,,{},,,,,,,,,,,3,fleet initializing,3.298,14.269,0.230,0,0,0.0,0.0,[],0.08859175443649292,-0.01530416589230299,0.009361758828163147,0.0914732962846756,-0.009956495836377144,-0.02451346628367901,0.0883433073759079,-0.06281284242868423,0.012900943867862225
336.6,COMPLETE,12,HOME_DESCENT,1.0,0.8998,139.9633,0.0,True,NORMAL,MONITOR,False,{},"[""uav2"", ""uav1"", ""uav0""]",limited,True,{},NONE,NORMAL,SAFE,1.0,IDLE,0.0,0.0,0.0,,,0.0,False,avoidance not required,,{},,,,,,,,,,,3,fleet initializing,3.298,14.266,0.224,0,0,0.0,0.0,[],0.08752670884132385,-0.01875452697277069,0.013567074202001095,0.0889231413602829,-0.013415880501270294,-0.019178200513124466,0.08642943203449249,-0.06415557116270065,0.016921473667025566
336.8,COMPLETE,12,HOME_DESCENT,1.0,0.8998,139.9633,0.0,True,NORMAL,MONITOR,False,{},"[""uav2"", ""uav1"", ""uav0""]",limited,True,{},NONE,NORMAL,SAFE,1.0,IDLE,0.0,0.0,0.0,,,0.0,False,avoidance not required,,{},,,,,,,,,,,3,fleet initializing,3.298,14.268,0.219,0,0,0.0,0.0,[],0.09184812754392624,-0.018373295664787292,0.015001990832388401,0.09132128953933716,-0.010179559700191021,-0.01707722805440426,0.08695957809686661,-0.06232148036360741,0.020159965381026268
337.0,COMPLETE,12,HOME_DESCENT,1.0,0.8998,139.9633,0.0,True,NORMAL,MONITOR,False,{},"[""uav2"", ""uav1"", ""uav0""]",limited,True,{},NONE,NORMAL,SAFE,1.0,IDLE,0.0,0.0,0.0,,,0.0,False,avoidance not required,,{},,,,,,,,,,,3,fleet initializing,3.296,14.266,0.217,0,0,0.0,0.0,[],0.09034699946641922,-0.023401005193591118,0.01686202362179756,0.08900131285190582,-0.013166557997465134,-0.012961341999471188,0.08490061014890671,-0.06466051191091537,0.022221321240067482
337.2,COMPLETE,12,HOME_DESCENT,1.0,0.8997,139.938,0.0,True,NORMAL,MONITOR,False,{},"[""uav2"", ""uav1"", ""uav0""]",limited,True,{},NONE,NORMAL,SAFE,1.0,IDLE,0.0,0.0,0.0,,,0.0,False,avoidance not required,,{},,,,,,,,,,,3,fleet initializing,3.296,14.269,0.213,0,0,0.0,0.0,[],0.0937119647860527,-0.019846143200993538,0.016029419377446175,0.09365943819284439,-0.009439149871468544,-0.008331220597028732,0.08859535306692123,-0.0653112530708313,0.020687855780124664
337.4,COMPLETE,12,HOME_DESCENT,1.0,0.8997,139.938,0.0,True,NORMAL,MONITOR,False,{},"[""uav2"", ""uav1"", ""uav0""]",limited,True,{},NONE,NORMAL,SAFE,1.0,IDLE,0.0,0.0,0.0,,,0.0,False,avoidance not required,,{},,,,,,,,,,,3,fleet initializing,3.296,14.267,0.211,0,0,0.0,0.0,[],0.0922197699546814,-0.022565528750419617,0.018056968227028847,0.09355081617832184,-0.011440223082900047,-0.0028836142737418413,0.0884670838713646,-0.0688028559088707,0.023103484883904457
337.6,COMPLETE,12,HOME_DESCENT,1.0,0.8996,139.9127,0.0,True,NORMAL,MONITOR,False,{},"[""uav2"", ""uav1"", ""uav0""]",limited,True,{},NONE,NORMAL,SAFE,1.0,IDLE,0.0,0.0,0.0,,,0.0,False,avoidance not required,,{},,,,,,,,,,,3,fleet initializing,3.296,14.270,0.206,0,0,0.0,0.0,[],0.10056384652853012,-0.01978898048400879,0.01925746724009514,0.09639360010623932,-0.008046903647482395,0.005880058743059635,0.0920410305261612,-0.06706751137971878,0.02727203257381916
337.8,COMPLETE,12,HOME_DESCENT,1.0,0.8996,139.9127,0.0,True,NORMAL,MONITOR,False,{},"[""uav2"", ""uav1"", ""uav0""]",limited,True,{},NONE,NORMAL,SAFE,1.0,IDLE,0.0,0.0,0.0,,,0.0,False,avoidance not required,,{},,,,,,,,,,,3,fleet initializing,3.296,14.266,0.199,0,0,0.0,0.0,[],0.10257112234830856,-0.023198043927550316,0.022497646510601044,0.09996223449707031,-0.0011508085299283266,0.011320255696773529,0.0956522524356842,-0.06476619094610214,0.034779373556375504
338.0,COMPLETE,12,HOME_DESCENT,1.0,0.8996,139.9127,0.0,True,NORMAL,MONITOR,False,{},"[""uav2"", ""uav1"", ""uav0""]",limited,True,{},NONE,NORMAL,SAFE,1.0,IDLE,0.0,0.0,0.0,,,0.0,False,avoidance not required,,{},,,,,,,,,,,3,fleet initializing,3.296,14.262,0.196,0,0,0.0,0.0,[],0.10626465082168579,-0.01926579512655735,0.029416687786579132,0.09979008883237839,-0.0009962152689695358,0.015914320945739746,0.09597568213939667,-0.06642960011959076,0.04094314202666283
338.2,COMPLETE,12,HOME_DESCENT,1.0,0.8994,139.8874,0.0,True,NORMAL,MONITOR,False,{},"[""uav2"", ""uav1"", ""uav0""]",limited,True,{},NONE,NORMAL,SAFE,1.0,IDLE,0.0,0.0,0.0,,,0.0,False,avoidance not required,,{},,,,,,,,,,,3,fleet initializing,3.294,14.263,0.192,0,0,0.0,0.0,[],0.10594730079174042,-0.02147960104048252,0.03523701801896095,0.10083779692649841,0.00013015449803788215,0.016287753358483315,0.0999118983745575,-0.06483786553144455,0.04312679171562195
338.4,COMPLETE,12,HOME_DESCENT,1.0,0.8994,139.8874,0.0,True,NORMAL,MONITOR,False,{},"[""uav2"", ""uav1"", ""uav0""]",limited,True,{},NONE,NORMAL,SAFE,1.0,IDLE,0.0,0.0,0.0,,,0.0,False,avoidance not required,,{},,,,,,,,,,,3,fleet initializing,3.295,14.259,0.192,0,0,0.0,0.0,[],0.10961371660232544,-0.017109962180256844,0.03644556552171707,0.10214032232761383,0.004655914846807718,0.018822459504008293,0.10235439240932465,-0.06326582282781601,0.04364616051316261
338.6,COMPLETE,12,HOME_DESCENT,1.0,0.8993,139.862,0.0,True,NORMAL,MONITOR,False,{},"[""uav2"", ""uav1"", ""uav0""]",limited,True,{},NONE,NORMAL,SAFE,1.0,IDLE,0.0,0.0,0.0,,,0.0,False,avoidance not required,,{},,,,,,,,,,,3,fleet initializing,3.293,14.256,0.191,0,0,0.0,0.0,[],0.10976681113243103,-0.018970249220728874,0.03878088295459747,0.10065311938524246,0.004070582799613476,0.023833584040403366,0.10161435604095459,-0.06518228352069855,0.04709938168525696
338.8,COMPLETE,12,HOME_DESCENT,1.0,0.8993,139.862,0.0,True,NORMAL,MONITOR,False,{},"[""uav2"", ""uav1"", ""uav0""]",limited,True,{},NONE,NORMAL,SAFE,1.0,IDLE,0.0,0.0,0.0,,,0.0,False,avoidance not required,,{},,,,,,,,,,,3,fleet initializing,3.291,14.258,0.186,0,0,0.0,0.0,[],0.11095594614744186,-0.012978420592844486,0.04125219210982323,0.10145315527915955,0.008703095838427544,0.026418695226311684,0.10129749029874802,-0.06385534256696701,0.05257131904363632
339.0,COMPLETE,12,HOME_DESCENT,1.0,0.8993,139.862,0.0,True,NORMAL,MONITOR,False,{},"[""uav2"", ""uav1"", ""uav0""]",limited,True,{},NONE,NORMAL,SAFE,1.0,IDLE,0.0,0.0,0.0,,,0.0,False,avoidance not required,,{},,,,,,,,,,,3,fleet initializing,3.291,14.257,0.184,0,0,0.0,0.0,[],0.11234661936759949,-0.0062028500251472,0.044983528554439545,0.1029001995921135,0.015488633885979652,0.028204768896102905,0.10200527310371399,-0.06011667102575302,0.05521627515554428
339.2,COMPLETE,12,HOME_DESCENT,1.0,0.8992,139.8368,0.0,True,NORMAL,MONITOR,False,{},"[""uav2"", ""uav1"", ""uav0""]",limited,True,{},NONE,NORMAL,SAFE,1.0,IDLE,0.0,0.0,0.0,,,0.0,False,avoidance not required,,{},,,,,,,,,,,3,fleet initializing,3.291,14.254,0.184,0,0,0.0,0.0,[],0.11143713444471359,-0.006115376017987728,0.04836101457476616,0.10179499536752701,0.016853535547852516,0.02972949855029583,0.10050777345895767,-0.06040715053677559,0.057772476226091385
339.4,COMPLETE,12,HOME_DESCENT,1.0,0.8992,139.8368,0.0,True,NORMAL,MONITOR,False,{},"[""uav2"", ""uav1"", ""uav0""]",limited,True,{},NONE,NORMAL,SAFE,1.0,IDLE,0.0,0.0,0.0,,,0.0,False,avoidance not required,,{},,,,,,,,,,,3,fleet initializing,3.290,14.255,0.182,0,0,0.0,0.0,[],0.11224556714296341,-0.0009793802164494991,0.047166481614112854,0.10229525715112686,0.018490230664610863,0.023584555834531784,0.0992928147315979,-0.0597924068570137,0.060531120747327805
339.6,COMPLETE,12,HOME_DESCENT,1.0,0.8991,139.8115,0.0,True,NORMAL,MONITOR,False,{},"[""uav2"", ""uav1"", ""uav0""]",limited,True,{},NONE,NORMAL,SAFE,1.0,IDLE,0.0,0.0,0.0,,,0.0,False,avoidance not required,,{},,,,,,,,,,,3,fleet initializing,3.290,14.256,0.188,0,0,0.0,0.0,[],0.1131100207567215,0.005243854131549597,0.0448373481631279,0.10092929005622864,0.017153047025203705,0.020690103992819786,0.0970969870686531,-0.06139347329735756,0.06146373599767685
339.8,COMPLETE,12,HOME_DESCENT,1.0,0.8991,139.8115,0.0,True,NORMAL,MONITOR,False,{},"[""uav2"", ""uav1"", ""uav0""]",limited,True,{},NONE,NORMAL,SAFE,1.0,IDLE,0.0,0.0,0.0,,,0.0,False,avoidance not required,,{},,,,,,,,,,,3,fleet initializing,3.288,14.258,0.189,0,0,0.0,0.0,[],0.11197645217180252,0.005893634166568518,0.0435316227376461,0.10191158205270767,0.01737288571894169,0.018559491261839867,0.09770277887582779,-0.05926794186234474,0.05644715204834938
340.0,COMPLETE,12,HOME_DESCENT,1.0,0.8991,139.8115,0.0,True,NORMAL,MONITOR,False,{},"[""uav2"", ""uav1"", ""uav0""]",limited,True,{},NONE,NORMAL,SAFE,1.0,IDLE,0.0,0.0,0.0,,,0.0,False,avoidance not required,,{},,,,,,,,,,,3,fleet initializing,3.290,14.256,0.192,0,0,0.0,0.0,[],0.11404876410961151,0.009741449728608131,0.040941882878541946,0.10121550410985947,0.015320977196097374,0.018063465133309364,0.09696391224861145,-0.06020569056272507,0.05436614155769348
340.2,COMPLETE,12,HOME_DESCENT,1.0,0.8989,139.7863,0.0,True,NORMAL,MONITOR,False,{},"[""uav2"", ""uav1"", ""uav0""]",limited,True,{},NONE,NORMAL,SAFE,1.0,IDLE,0.0,0.0,0.0,,,0.0,False,avoidance not required,,{},,,,,,,,,,,3,fleet initializing,3.287,14.258,0.192,0,0,0.0,0.0,[],0.11399377137422562,0.009330579079687595,0.03978646546602249,0.10245231539011002,0.015578973107039928,0.01478550210595131,0.09967547655105591,-0.059714820235967636,0.05143767595291138
340.4,COMPLETE,12,HOME_DESCENT,1.0,0.8989,139.7863,0.0,True,NORMAL,MONITOR,False,{},"[""uav2"", ""uav1"", ""uav0""]",limited,True,{},NONE,NORMAL,SAFE,1.0,IDLE,0.0,0.0,0.0,,,0.0,False,avoidance not required,,{},,,,,,,,,,,3,fleet initializing,3.284,14.256,0.196,0,0,0.0,0.0,[],0.11799702793359756,0.011044008657336235,0.03342851251363754,0.10199819505214691,0.013763247057795525,0.012671918608248234,0.10046529769897461,-0.06173250079154968,0.04859323427081108
340.6,COMPLETE,12,HOME_DESCENT,1.0,0.8988,139.7613,0.0,True,NORMAL,MONITOR,False,{},"[""uav2"", ""uav1"", ""uav0""]",limited,True,{},NONE,NORMAL,SAFE,1.0,IDLE,0.0,0.0,0.0,,,0.0,False,avoidance not required,,{},,,,,,,,,,,3,fleet initializing,3.284,14.256,0.196,0,0,0.0,0.0,[],0.11982500553131104,0.00949148926883936,0.028584759682416916,0.10100812464952469,0.014015006832778454,0.00962106417864561,0.10149458795785904,-0.06341082602739334,0.04604136198759079
340.8,COMPLETE,12,HOME_DESCENT,1.0,0.8988,139.7613,0.0,True,NORMAL,MONITOR,False,{},"[""uav2"", ""uav1"", ""uav0""]",limited,True,{},NONE,NORMAL,SAFE,1.0,IDLE,0.0,0.0,0.0,,,0.0,False,avoidance not required,,{},,,,,,,,,,,3,fleet initializing,3.281,14.257,0.199,0,0,0.0,0.0,[],0.12062624841928482,0.009012183174490929,0.02582387998700142,0.1017828956246376,0.015169625170528889,0.006318605970591307,0.10123132914304733,-0.06377352774143219,0.04242178052663803
341.0,COMPLETE,12,HOME_DESCENT,1.0,0.8988,139.7613,0.0,True,NORMAL,MONITOR,False,{},"[""uav2"", ""uav1"", ""uav0""]",limited,True,{},NONE,NORMAL,SAFE,1.0,IDLE,0.0,0.0,0.0,,,0.0,False,avoidance not required,,{},,,,,,,,,,,3,fleet initializing,3.281,14.257,0.202,0,0,0.0,0.0,[],0.12072361260652542,0.0061621349304914474,0.0224560908973217,0.10141731798648834,0.013459192588925362,0.003103087190538645,0.10058384388685226,-0.0660519227385521,0.0382799468934536
341.2,COMPLETE,12,HOME_DESCENT,1.0,0.8987,139.7362,0.0,True,NORMAL,MONITOR,False,{},"[""uav2"", ""uav1"", ""uav0""]",limited,True,{},NONE,NORMAL,SAFE,1.0,IDLE,0.0,0.0,0.0,,,0.0,False,avoidance not required,,{},,,,,,,,,,,3,fleet initializing,3.281,14.259,0.204,0,0,0.0,0.0,[],0.11906123906373978,0.006702651735395193,0.018416807055473328,0.10232239961624146,0.012167965061962605,-0.0017983880825340748,0.10117482393980026,-0.06633301824331284,0.037201669067144394
341.4,COMPLETE,12,HOME_DESCENT,1.0,0.8987,139.7362,0.0,True,NORMAL,MONITOR,False,{},"[""uav2"", ""uav1"", ""uav0""]",limited,True,{},NONE,NORMAL,SAFE,1.0,IDLE,0.0,0.0,0.0,,,0.0,False,avoidance not required,,{},,,,,,,,,,,3,fleet initializing,3.283,14.259,0.209,0,0,0.0,0.0,[],0.11778031289577484,0.0045034997165203094,0.014470096677541733,0.10231202095746994,0.008593963459134102,-0.004813284147530794,0.10116676986217499,-0.0689006820321083,0.034874849021434784
341.6,COMPLETE,12,HOME_DESCENT,1.0,0.8986,139.7112,0.0,True,NORMAL,MONITOR,False,{},"[""uav2"", ""uav1"", ""uav0""]",limited,True,{},NONE,NORMAL,SAFE,1.0,IDLE,0.0,0.0,0.0,,,0.0,False,avoidance not required,,{},,,,,,,,,,,3,fleet initializing,3.285,14.261,0.211,0,0,0.0,0.0,[],0.11756562441587448,0.007157863117754459,0.011005842126905918,0.10366424918174744,0.006786311976611614,-0.00645553320646286,0.10206484794616699,-0.07071453332901001,0.030750293284654617
341.8,COMPLETE,12,HOME_DESCENT,1.0,0.8986,139.7112,0.0,True,NORMAL,MONITOR,False,{},"[""uav2"", ""uav1"", ""uav0""]",limited,True,{},NONE,NORMAL,SAFE,1.0,IDLE,0.0,0.0,0.0,,,0.0,False,avoidance not required,,{},,,,,,,,,,,3,fleet initializing,3.286,14.261,0.213,0,0,0.0,0.0,[],0.11739323288202286,0.006047156173735857,0.0083736851811409,0.10483548790216446,0.002865953603759408,-0.007679632864892483,0.10297999531030655,-0.07420065253973007,0.02890176698565483
342.0,COMPLETE,12,HOME_DESCENT,1.0,0.8986,139.7112,0.0,True,NORMAL,MONITOR,False,{},"[""uav2"", ""uav1"", ""uav0""]",limited,True,{},NONE,NORMAL,SAFE,1.0,IDLE,0.0,0.0,0.0,,,0.0,False,avoidance not required,,{},,,,,,,,,,,3,fleet initializing,3.287,14.263,0.215,0,0,0.0,0.0,[],0.11800786852836609,0.007551036775112152,0.006280961446464062,0.10629771649837494,0.003019203431904316,-0.00810849480330944,0.10609140247106552,-0.0743047371506691,0.02676079049706459
342.2,COMPLETE,12,HOME_DESCENT,1.0,0.8984,139.6861,0.0,True,NORMAL,MONITOR,False,{},"[""uav2"", ""uav1"", ""uav0""]",limited,True,{},NONE,NORMAL,SAFE,1.0,IDLE,0.0,0.0,0.0,,,0.0,False,avoidance not required,,{},,,,,,,,,,,3,fleet initializing,3.288,14.261,0.216,0,0,0.0,0.0,[],0.11915098130702972,0.005368979647755623,0.004602361936122179,0.10744886845350266,0.0002715972368605435,-0.0071808467619121075,0.10872172564268112,-0.07685358077287674,0.026765095070004463
342.4,COMPLETE,12,HOME_DESCENT,1.0,0.8984,139.6861,0.0,True,NORMAL,MONITOR,False,{},"[""uav2"", ""uav1"", ""uav0""]",limited,True,{},NONE,NORMAL,SAFE,1.0,IDLE,0.0,0.0,0.0,,,0.0,False,avoidance not required,,{},,,,,,,,,,,3,fleet initializing,3.288,14.261,0.216,0,0,0.0,0.0,[],0.11946824193000793,0.0065307640470564365,0.0033477034885436296,0.10651395469903946,0.0030566868372261524,-0.006268313154578209,0.11115875095129013,-0.07609068602323532,0.0311332605779171
342.6,COMPLETE,12,HOME_DESCENT,1.0,0.8983,139.661,0.0,True,NORMAL,MONITOR,False,{},"[""uav2"", ""uav1"", ""uav0""]",limited,True,{},NONE,NORMAL,SAFE,1.0,IDLE,0.0,0.0,0.0,,,0.0,False,avoidance not required,,{},,,,,,,,,,,3,fleet initializing,3.287,14.259,0.215,0,0,0.0,0.0,[],0.12041173875331879,0.004291297402232885,0.0036299293860793114,0.10641158372163773,0.0015687234699726105,-0.0049182577058672905,0.11315134167671204,-0.07815917581319809,0.034389883279800415
342.8,COMPLETE,12,HOME_DESCENT,1.0,0.8983,139.661,0.0,True,NORMAL,MONITOR,False,{},"[""uav2"", ""uav1"", ""uav0""]",limited,True,{},NONE,NORMAL,SAFE,1.0,IDLE,0.0,0.0,0.0,,,0.0,False,avoidance not required,,{},,,,,,,,,,,3,fleet initializing,3.286,14.259,0.214,0,0,0.0,0.0,[],0.1199730783700943,0.003348170779645443,0.003705541603267193,0.10663828998804092,0.001733869663439691,-0.004141590092331171,0.11388047784566879,-0.07708916068077087,0.035501815378665924
343.0,COMPLETE,12,HOME_DESCENT,1.0,0.8983,139.661,0.0,True,NORMAL,MONITOR,False,{},"[""uav2"", ""uav1"", ""uav0""]",limited,True,{},NONE,NORMAL,SAFE,1.0,IDLE,0.0,0.0,0.0,,,0.0,False,avoidance not required,,{},,,,,,,,,,,3,fleet initializing,3.287,14.258,0.213,0,0,0.0,0.0,[],0.12065688520669937,-0.000713165441993624,0.004316260572522879,0.10768454521894455,-0.0011379520874470472,-0.0015559493331238627,0.11502037197351456,-0.07887377589941025,0.03615844249725342
343.2,COMPLETE,12,HOME_DESCENT,1.0,0.8982,139.6358,0.0,True,NORMAL,MONITOR,False,{},"[""uav2"", ""uav1"", ""uav0""]",limited,True,{},NONE,NORMAL,SAFE,1.0,IDLE,0.0,0.0,0.0,,,0.0,False,avoidance not required,,{},,,,,,,,,,,3,fleet initializing,3.287,14.258,0.213,0,0,0.0,0.0,[],0.12051869928836823,0.0006444382015615702,0.0064756134524941444,0.10636124759912491,0.0007285292376764119,0.000557316408958286,0.11541316658258438,-0.07688313722610474,0.03699186444282532
343.4,COMPLETE,12,HOME_DESCENT,1.0,0.8982,139.6358,0.0,True,NORMAL,MONITOR,False,{},"[""uav2"", ""uav1"", ""uav0""]",limited,True,{},NONE,NORMAL,SAFE,1.0,IDLE,0.0,0.0,0.0,,,0.0,False,avoidance not required,,{},,,,,,,,,,,3,fleet initializing,3.286,14.256,0.211,0,0,0.0,0.0,[],0.12169026583433151,-0.0013308431953191757,0.009653160348534584,0.10644478350877762,-0.0008420986705459654,0.004378056153655052,0.11707200855016708,-0.07781508564949036,0.03733125329017639
343.6,COMPLETE,12,HOME_DESCENT,1.0,0.8981,139.6106,0.0,True,NORMAL,MONITOR,False,{},"[""uav2"", ""uav1"", ""uav0""]",limited,True,{},NONE,NORMAL,SAFE,1.0,IDLE,0.0,0.0,0.0,,,0.0,False,avoidance not required,,{},,,,,,,,,,,3,fleet initializing,3.285,14.256,0.209,0,0,0.0,0.0,[],0.11940073221921921,0.0008677041041664779,0.015049224719405174,0.10664300620555878,0.0011347190011292696,0.006200111471116543,0.12053175270557404,-0.07607173174619675,0.036153644323349
343.8,COMPLETE,12,HOME_DESCENT,1.0,0.8981,139.6106,0.0,True,NORMAL,MONITOR,False,{},"[""uav2"", ""uav1"", ""uav0""]",limited,True,{},NONE,NORMAL,SAFE,1.0,IDLE,0.0,0.0,0.0,,,0.0,False,avoidance not required,,{},,,,,,,,,,,3,fleet initializing,3.287,14.252,0.204,0,0,0.0,0.0,[],0.11917958408594131,-0.0005337803740985692,0.02047264203429222,0.10773822665214539,-0.0006850053323432803,0.006171874701976776,0.12372901290655136,-0.07685361802577972,0.03630060702562332
344.0,COMPLETE,12,HOME_DESCENT,1.0,0.8981,139.6106,0.0,True,NORMAL,MONITOR,False,{},"[""uav2"", ""uav1"", ""uav0""]",limited,True,{},NONE,NORMAL,SAFE,1.0,IDLE,0.0,0.0,0.0,,,0.0,False,avoidance not required,,{},,,,,,,,,,,3,fleet initializing,3.289,14.250,0.205,0,0,0.0,0.0,[],0.11873514950275421,-4.200224066153169e-05,0.019081875681877136,0.10736238956451416,0.0013036770978942513,0.006336086429655552,0.12401232868432999,-0.07358677685260773,0.0345044881105423
344.2,COMPLETE,12,HOME_DESCENT,1.0,0.8979,139.5854,0.0,True,NORMAL,MONITOR,False,{},"[""uav2"", ""uav1"", ""uav0""]",limited,True,{},NONE,NORMAL,SAFE,1.0,IDLE,0.0,0.0,0.0,,,0.0,False,avoidance not required,,{},,,,,,,,,,,3,fleet initializing,3.288,14.247,0.207,0,0,0.0,0.0,[],0.11970726400613785,-0.002585307927802205,0.019207386299967766,0.10809405148029327,-0.00045207052608020604,0.007154562044888735,0.12514258921146393,-0.07356486469507217,0.03218284249305725
344.4,COMPLETE,12,HOME_DESCENT,1.0,0.8979,139.5854,0.0,True,NORMAL,MONITOR,False,{},"[""uav2"", ""uav1"", ""uav0""]",limited,True,{},NONE,NORMAL,SAFE,1.0,IDLE,0.0,0.0,0.0,,,0.0,False,avoidance not required,,{},,,,,,,,,,,3,fleet initializing,3.288,14.247,0.207,0,0,0.0,0.0,[],0.11884652078151703,-0.0008530578925274312,0.018526285886764526,0.10808436572551727,0.0021111632231622934,0.00321098230779171,0.12390123307704926,-0.0692119300365448,0.026248127222061157
344.6,COMPLETE,12,HOME_DESCENT,1.0,0.8978,139.5602,0.0,True,NORMAL,MONITOR,False,{},"[""uav2"", ""uav1"", ""uav0""]",limited,True,{},NONE,NORMAL,SAFE,1.0,IDLE,0.0,0.0,0.0,,,0.0,False,avoidance not required,,{},,,,,,,,,,,3,fleet initializing,3.289,14.245,0.209,0,0,0.0,0.0,[],0.11957226693630219,-0.0027553292457014322,0.01701604388654232,0.10885133594274521,0.0016993449535220861,0.004707868676632643,0.12420947849750519,-0.06800851970911026,0.02553246170282364
344.8,COMPLETE,12,HOME_DESCENT,1.0,0.8978,139.5602,0.0,True,NORMAL,MONITOR,False,{},"[""uav2"", ""uav1"", ""uav0""]",limited,True,{},NONE,NORMAL,SAFE,1.0,IDLE,0.0,0.0,0.0,,,0.0,False,avoidance not required,,{},,,,,,,,,,,3,fleet initializing,3.289,14.244,0.210,0,0,0.0,0.0,[],0.11875005066394806,-0.00026026531122624874,0.016356686130166054,0.10736903548240662,0.00439292611554265,0.006699254736304283,0.12309355288743973,-0.06310102343559265,0.02589333988726139
345.0,COMPLETE,12,HOME_DESCENT,1.0,0.8978,139.5602,0.0,True,NORMAL,MONITOR,False,{},"[""uav2"", ""uav1"", ""uav0""]",limited,True,{},NONE,NORMAL,SAFE,1.0,IDLE,0.0,0.0,0.0,,,0.0,False,avoidance not required,,{},,,,,,,,,,,3,fleet initializing,3.289,14.241,0.207,0,0,0.0,0.0,[],0.11936190724372864,-0.0008076410740613937,0.017708027735352516,0.1074921265244484,0.004096444230526686,0.01158126164227724,0.12390457838773727,-0.061382368206977844,0.028800424188375473
345.2,COMPLETE,12,HOME_DESCENT,1.0,0.8977,139.5349,0.0,True,NORMAL,MONITOR,False,{},"[""uav2"", ""uav1"", ""uav0""]",limited,True,{},NONE,NORMAL,SAFE,1.0,IDLE,0.0,0.0,0.0,,,0.0,False,avoidance not required,,{},,,,,,,,,,,3,fleet initializing,3.288,14.239,0.205,0,0,0.0,0.0,[],0.11734534800052643,0.0022305650636553764,0.016386065632104874,0.10556703805923462,0.008224564604461193,0.016757216304540634,0.12469702214002609,-0.05946694314479828,0.030511340126395226
345.4,COMPLETE,12,HOME_DESCENT,1.0,0.8977,139.5349,0.0,True,NORMAL,MONITOR,False,{},"[""uav2"", ""uav1"", ""uav0""]",limited,True,{},NONE,NORMAL,SAFE,1.0,IDLE,0.0,0.0,0.0,,,0.0,False,avoidance not required,,{},,,,,,,,,,,3,fleet initializing,3.288,14.237,0.204,0,0,0.0,0.0,[],0.1173311322927475,0.0021575125865638256,0.017680224031209946,0.10564548522233963,0.009450098499655724,0.02472859062254429,0.12535707652568817,-0.05930912122130394,0.034411005675792694
345.6,COMPLETE,12,HOME_DESCENT,1.0,0.8975,139.5095,0.0,True,NORMAL,MONITOR,False,{},"[""uav2"", ""uav1"", ""uav0""]",limited,True,{},NONE,NORMAL,SAFE,1.0,IDLE,0.0,0.0,0.0,,,0.0,False,avoidance not required,,{},,,,,,,,,,,3,fleet initializing,3.288,14.237,0.201,0,0,0.0,0.0,[],0.11699377000331879,0.006397978402674198,0.02385071851313114,0.10549848526716232,0.015725404024124146,0.02871030569076538,0.11805028468370438,-0.05813441425561905,0.031703680753707886
345.8,COMPLETE,12,HOME_DESCENT,1.0,0.8975,139.5095,0.0,True,NORMAL,MONITOR,False,{},"[""uav2"", ""uav1"", ""uav0""]",limited,True,{},NONE,NORMAL,SAFE,1.0,IDLE,0.0,0.0,0.0,,,0.0,False,avoidance not required,,{},,,,,,,,,,,3,fleet initializing,3.289,14.241,0.198,0,0,0.0,0.0,[],0.11813819408416748,0.007682136259973049,0.03132819011807442,0.10693348944187164,0.019199734553694725,0.03740254417061806,0.11511325091123581,-0.057773515582084656,0.03464510664343834
346.0,COMPLETE,12,HOME_DESCENT,1.0,0.8975,139.5095,0.0,True,NORMAL,MONITOR,False,{},"[""uav2"", ""uav1"", ""uav0""]",limited,True,{},NONE,NORMAL,SAFE,1.0,IDLE,0.0,0.0,0.0,,,0.0,False,avoidance not required,,{},,,,,,,,,,,3,fleet initializing,3.289,14.243,0.194,0,0,0.0,0.0,[],0.11985044926404953,0.00861869566142559,0.03534579277038574,0.1073632463812828,0.02005544863641262,0.040685757994651794,0.11388242244720459,-0.056574512273073196,0.03826476261019707
346.2,COMPLETE,12,HOME_DESCENT,1.0,0.8974,139.4839,0.0,True,NORMAL,MONITOR,False,{},"[""uav2"", ""uav1"", ""uav0""]",limited,True,{},NONE,NORMAL,SAFE,1.0,IDLE,0.0,0.0,0.0,,,0.0,False,avoidance not required,,{},,,,,,,,,,,3,fleet initializing,3.288,14.243,0.190,0,0,0.0,0.0,[],0.12266059964895248,0.008678722195327282,0.04280614107847214,0.10939265042543411,0.021098479628562927,0.04657958447933197,0.11453232914209366,-0.05551346018910408,0.044597476720809937
346.4,COMPLETE,12,HOME_DESCENT,1.0,0.8974,139.4839,0.0,True,NORMAL,MONITOR,False,{},"[""uav2"", ""uav1"", ""uav0""]",limited,True,{},NONE,NORMAL,SAFE,1.0,IDLE,0.0,0.0,0.0,,,0.0,False,avoidance not required,,{},,,,,,,,,,,3,fleet initializing,3.287,14.242,0.186,0,0,0.0,0.0,[],0.12259530276060104,0.008860071189701557,0.04599109664559364,0.10632525384426117,0.02300138585269451,0.05461837723851204,0.11447516828775406,-0.05448763445019722,0.04819399490952492
346.6,COMPLETE,12,HOME_DESCENT,1.0,0.8973,139.4583,0.0,True,NORMAL,MONITOR,False,{},"[""uav2"", ""uav1"", ""uav0""]",limited,True,{},NONE,NORMAL,SAFE,1.0,IDLE,0.0,0.0,0.0,,,0.0,False,avoidance not required,,{},,,,,,,,,,,3,fleet initializing,3.284,14.241,0.183,0,0,0.0,0.0,[],0.12462083995342255,0.009168682619929314,0.05180764198303223,0.10647978633642197,0.02498006261885166,0.06563308835029602,0.11611497402191162,-0.05322684720158577,0.054710935801267624
346.8,COMPLETE,12,HOME_DESCENT,1.0,0.8973,139.4583,0.0,True,NORMAL,MONITOR,False,{},"[""uav2"", ""uav1"", ""uav0""]",limited,True,{},NONE,NORMAL,SAFE,1.0,IDLE,0.0,0.0,0.0,,,0.0,False,avoidance not required,,{},,,,,,,,,,,3,fleet initializing,3.282,14.239,0.179,0,0,0.0,0.0,[],0.11930932104587555,0.009891307912766933,0.056759707629680634,0.10605427622795105,0.027432618662714958,0.06893564760684967,0.11627017706632614,-0.05300072580575943,0.05684997886419296
347.0,COMPLETE,12,HOME_DESCENT,1.0,0.8973,139.4583,0.0,True,NORMAL,MONITOR,False,{},"[""uav2"", ""uav1"", ""uav0""]",limited,True,{},NONE,NORMAL,SAFE,1.0,IDLE,0.0,0.0,0.0,,,0.0,False,avoidance not required,,{},,,,,,,,,,,3,fleet initializing,3.287,14.239,0.177,0,0,0.0,0.0,[],0.11804501712322235,0.01072390004992485,0.06571441888809204,0.10788507014513016,0.030727554112672806,0.07746390998363495,0.11802118271589279,-0.05196448415517807,0.06406603753566742
347.2,COMPLETE,12,HOME_DESCENT,1.0,0.8972,139.4325,0.0,True,NORMAL,MONITOR,False,{},"[""uav2"", ""uav1"", ""uav0""]",limited,True,{},NONE,NORMAL,SAFE,1.0,IDLE,0.0,0.0,0.0,,,0.0,False,avoidance not required,,{},,,,,,,,,,,3,fleet initializing,3.290,14.237,0.173,0,0,0.0,0.0,[],0.11612581461668015,0.01200923416763544,0.07412949204444885,0.10785883665084839,0.03229006007313728,0.07876624912023544,0.11795244365930557,-0.05139553174376488,0.06652780622243881
347.4,COMPLETE,12,HOME_DESCENT,1.0,0.8972,139.4325,0.0,True,NORMAL,MONITOR,False,{},"[""uav2"", ""uav1"", ""uav0""]",limited,True,{},NONE,NORMAL,SAFE,1.0,IDLE,0.0,0.0,0.0,,,0.0,False,avoidance not required,,{},,,,,,,,,,,3,fleet initializing,3.292,14.237,0.172,0,0,0.0,0.0,[],0.11720763891935349,0.014057817868888378,0.08538103848695755,0.1098240464925766,0.03510269150137901,0.08469107747077942,0.11952713876962662,-0.049406856298446655,0.07230302691459656
347.6,COMPLETE,12,HOME_DESCENT,1.0,0.897,139.4065,0.0,True,NORMAL,MONITOR,False,{},"[""uav2"", ""uav1"", ""uav0""]",limited,True,{},NONE,NORMAL,SAFE,1.0,IDLE,0.0,0.0,0.0,,,0.0,False,avoidance not required,,{},,,,,,,,,,,3,fleet initializing,3.293,14.234,0.168,0,0,0.0,0.0,[],0.11672435700893402,0.016477106139063835,0.08535877615213394,0.11048395186662674,0.03471716493368149,0.08656411617994308,0.11929386854171753,-0.04766775295138359,0.07537154853343964
347.8,COMPLETE,12,HOME_DESCENT,1.0,0.897,139.4065,0.0,True,NORMAL,MONITOR,False,{},"[""uav2"", ""uav1"", ""uav0""]",limited,True,{},NONE,NORMAL,SAFE,1.0,IDLE,0.0,0.0,0.0,,,0.0,False,avoidance not required,,{},,,,,,,,,,,3,fleet initializing,3.294,14.233,0.166,0,0,0.0,0.0,[],0.1187167763710022,0.019623013213276863,0.09090477228164673,0.11307373642921448,0.03688938543200493,0.09486377984285355,0.12119051069021225,-0.04498257115483284,0.08220874518156052
348.0,COMPLETE,12,HOME_DESCENT,1.0,0.897,139.4065,0.0,True,NORMAL,MONITOR,False,{},"[""uav2"", ""uav1"", ""uav0""]",limited,True,{},NONE,NORMAL,SAFE,1.0,IDLE,0.0,0.0,0.0,,,0.0,False,avoidance not required,,{},,,,,,,,,,,3,fleet initializing,3.294,14.230,0.162,0,0,0.0,0.0,[],0.12227264791727066,0.02042374759912491,0.08629114925861359,0.11272003501653671,0.032174449414014816,0.09290860593318939,0.12062400579452515,-0.04438682645559311,0.0863252580165863
348.2,COMPLETE,12,HOME_DESCENT,1.0,0.8969,139.3805,0.0,True,NORMAL,MONITOR,False,{},"[""uav2"", ""uav1"", ""uav0""]",limited,True,{},NONE,NORMAL,SAFE,1.0,IDLE,0.0,0.0,0.0,,,0.0,False,avoidance not required,,{},,,,,,,,,,,3,fleet initializing,3.290,14.230,0.159,0,0,0.0,0.0,[],0.12659858167171478,0.02266591042280197,0.0907507836818695,0.11433133482933044,0.03190923482179642,0.09969274699687958,0.12209396064281464,-0.042293254286050797,0.09505180269479752
348.4,COMPLETE,12,HOME_DESCENT,1.0,0.8969,139.3805,0.0,True,NORMAL,MONITOR,False,{},"[""uav2"", ""uav1"", ""uav0""]",limited,True,{},NONE,NORMAL,SAFE,1.0,IDLE,0.0,0.0,0.0,,,0.0,False,avoidance not required,,{},,,,,,,,,,,3,fleet initializing,3.288,14.227,0.157,0,0,0.0,0.0,[],0.12434444576501846,0.021054785698652267,0.09297269582748413,0.11411108821630478,0.03203622251749039,0.10016485303640366,0.12289762496948242,-0.04257131367921829,0.10083673149347305
348.6,COMPLETE,12,HOME_DESCENT,1.0,0.8968,139.3544,0.0,True,NORMAL,MONITOR,False,{},"[""uav2"", ""uav1"", ""uav0""]",limited,True,{},NONE,NORMAL,SAFE,1.0,IDLE,0.0,0.0,0.0,,,0.0,False,avoidance not required,,{},,,,,,,,,,,3,fleet initializing,3.290,14.227,0.153,0,0,0.0,0.0,[],0.12515124678611755,0.022363882511854172,0.10271381586790085,0.11306733638048172,0.03218824416399002,0.09754902869462967,0.12508946657180786,-0.040660660713911057,0.110459104180336
348.8,COMPLETE,12,HOME_DESCENT,1.0,0.8968,139.3544,0.0,True,NORMAL,MONITOR,False,{},"[""uav2"", ""uav1"", ""uav0""]",limited,True,{},NONE,NORMAL,SAFE,1.0,IDLE,0.0,0.0,0.0,,,0.0,False,avoidance not required,,{},,,,,,,,,,,3,fleet initializing,3.288,14.224,0.149,0,0,0.0,0.0,[],0.12227535247802734,0.022036928683519363,0.10497929155826569,0.11437752097845078,0.035054534673690796,0.10303792357444763,0.12455614656209946,-0.041425131261348724,0.11379604786634445
349.0,COMPLETE,12,HOME_DESCENT,1.0,0.8968,139.3544,0.0,True,NORMAL,MONITOR,False,{},"[""uav2"", ""uav1"", ""uav0""]",limited,True,{},NONE,NORMAL,SAFE,1.0,IDLE,0.0,0.0,0.0,,,0.0,False,avoidance not required,,{},,,,,,,,,,,3,fleet initializing,3.292,14.225,0.147,0,0,0.0,0.0,[],0.12274697422981262,0.024366727098822594,0.11339402943849564,0.11432941257953644,0.03803528845310211,0.10331691056489944,0.125891774892807,-0.03922164440155029,0.12130667269229889
349.2,COMPLETE,12,HOME_DESCENT,1.0,0.8966,139.3282,0.0,True,NORMAL,MONITOR,False,{},"[""uav2"", ""uav1"", ""uav0""]",limited,True,{},NONE,NORMAL,SAFE,1.0,IDLE,0.0,0.0,0.0,,,0.0,False,avoidance not required,,{},,,,,,,,,,,3,fleet initializing,3.292,14.222,0.144,0,0,0.0,0.0,[],0.1215829998254776,0.023897463455796242,0.11978330463171005,0.11624336987733841,0.043157920241355896,0.11100075393915176,0.1245109885931015,-0.03715762123465538,0.12140991538763046
349.4,COMPLETE,12,HOME_DESCENT,1.0,0.8966,139.3282,0.0,True,NORMAL,MONITOR,False,{},"[""uav2"", ""uav1"", ""uav0""]",limited,True,{},NONE,NORMAL,SAFE,1.0,IDLE,0.0,0.0,0.0,,,0.0,False,avoidance not required,,{},,,,,,,,,,,3,fleet initializing,3.295,14.222,0.143,0,0,0.0,0.0,[],0.12324506044387817,0.026431603357195854,0.13221819698810577,0.11241501569747925,0.04293401911854744,0.10923208296298981,0.12242456525564194,-0.03899342566728592,0.11935407668352127
349.6,COMPLETE,12,HOME_DESCENT,1.0,0.8965,139.302,0.0,True,NORMAL,MONITOR,False,{},"[""uav2"", ""uav1"", ""uav0""]",limited,True,{},NONE,NORMAL,SAFE,1.0,IDLE,0.0,0.0,0.0,,,0.0,False,avoidance not required,,{},,,,,,,,,,,3,fleet initializing,3.289,14.225,0.142,0,0,0.0,0.0,[],0.12228573113679886,0.022329354658722878,0.13238383829593658,0.11176285147666931,0.04586656391620636,0.11648045480251312,0.12265069782733917,-0.037662386894226074,0.1244952380657196
349.8,COMPLETE,12,HOME_DESCENT,1.0,0.8965,139.302,0.0,True,NORMAL,MONITOR,False,{},"[""uav2"", ""uav1"", ""uav0""]",limited,True,{},NONE,NORMAL,SAFE,1.0,IDLE,0.0,0.0,0.0,,,0.0,False,avoidance not required,,{},,,,,,,,,,,3,fleet initializing,3.290,14.223,0.140,0,0,0.0,0.0,[],0.12352535873651505,0.022528421133756638,0.14064595103263855,0.11234169453382492,0.04452275484800339,0.11681850254535675,0.1216452419757843,-0.03872949257493019,0.12411662191152573
350.0,COMPLETE,12,HOME_DESCENT,1.0,0.8965,139.302,0.0,True,NORMAL,MONITOR,False,{},"[""uav2"", ""uav1"", ""uav0""]",limited,True,{},NONE,NORMAL,SAFE,1.0,IDLE,0.0,0.0,0.0,,,0.0,False,avoidance not required,,{},,,,,,,,,,,3,fleet initializing,3.289,14.225,0.139,0,0,0.0,0.0,[],0.11719423532485962,0.019253958016633987,0.1387791633605957,0.11402938514947891,0.04666578024625778,0.12223690003156662,0.12261330336332321,-0.037269480526447296,0.13125985860824585
350.2,COMPLETE,12,HOME_DESCENT,1.0,0.8964,139.2758,0.0,True,NORMAL,MONITOR,False,{},"[""uav2"", ""uav1"", ""uav0""]",limited,True,{},NONE,NORMAL,SAFE,1.0,IDLE,0.0,0.0,0.0,,,0.0,False,avoidance not required,,{},,,,,,,,,,,3,fleet initializing,3.297,14.223,0.137,0,0,0.0,0.0,[],0.11492079496383667,0.01998518779873848,0.14608439803123474,0.11391673237085342,0.04467327520251274,0.11846840381622314,0.12333118170499802,-0.0401136577129364,0.13689234852790833
350.4,COMPLETE,12,HOME_DESCENT,1.0,0.8964,139.2758,0.0,True,NORMAL,MONITOR,False,{},"[""uav2"", ""uav1"", ""uav0""]",limited,True,{},NONE,NORMAL,SAFE,1.0,IDLE,0.0,0.0,0.0,,,0.0,False,avoidance not required,,{},,,,,,,,,,,3,fleet initializing,3.300,14.224,0.137,0,0,0.0,0.0,[],0.11499448865652084,0.017084291204810143,0.14943279325962067,0.11479255557060242,0.046479687094688416,0.12238524109125137,0.12459094822406769,-0.03972537815570831,0.14454886317253113
350.6,COMPLETE,12,HOME_DESCENT,1.0,0.8962,139.2496,0.0,True,NORMAL,MONITOR,False,{},"[""uav2"", ""uav1"", ""uav0""]",limited,True,{},NONE,NORMAL,SAFE,1.0,IDLE,0.0,0.0,0.0,,,0.0,False,avoidance not required,,{},,,,,,,,,,,3,fleet initializing,3.300,14.224,0.137,0,0,0.0,0.0,[],0.11627594381570816,0.01750638522207737,0.15746720135211945,0.11407887935638428,0.045967888087034225,0.11919139325618744,0.12211921066045761,-0.0412663109600544,0.14504240453243256
350.8,COMPLETE,12,HOME_DESCENT,1.0,0.8962,139.2496,0.0,True,NORMAL,MONITOR,False,{},"[""uav2"", ""uav1"", ""uav0""]",limited,True,{},NONE,NORMAL,SAFE,1.0,IDLE,0.0,0.0,0.0,,,0.0,False,avoidance not required,,{},,,,,,,,,,,3,fleet initializing,3.298,14.226,0.137,0,0,0.0,0.0,[],0.11962323635816574,0.016720235347747803,0.1549883484840393,0.11452934890985489,0.048454850912094116,0.12396906316280365,0.12126466631889343,-0.04069705680012703,0.15050865709781647
351.0,COMPLETE,12,HOME_DESCENT,1.0,0.8962,139.2496,0.0,True,NORMAL,MONITOR,False,{},"[""uav2"", ""uav1"", ""uav0""]",limited,True,{},NONE,NORMAL,SAFE,1.0,IDLE,0.0,0.0,0.0,,,0.0,False,avoidance not required,,{},,,,,,,,,,,3,fleet initializing,3.295,14.227,0.136,0,0,0.0,0.0,[],0.12244375795125961,0.018381832167506218,0.15915343165397644,0.11704450845718384,0.04645637050271034,0.11988341063261032,0.11975204944610596,-0.045248329639434814,0.15421992540359497
351.2,COMPLETE,12,HOME_DESCENT,1.0,0.8961,139.2234,0.0,True,NORMAL,MONITOR,False,{},"[""uav2"", ""uav1"", ""uav0""]",limited,True,{},NONE,NORMAL,SAFE,1.0,IDLE,0.0,0.0,0.0,,,0.0,False,avoidance not required,,{},,,,,,,,,,,3,fleet initializing,3.295,14.231,0.140,0,0,0.0,0.0,[],0.12275692820549011,0.019871026277542114,0.15860198438167572,0.11865393817424774,0.048062514513731,0.12295223027467728,0.11900244653224945,-0.04585273191332817,0.16105584800243378
351.4,COMPLETE,12,HOME_DESCENT,1.0,0.8961,139.2234,0.0,True,NORMAL,MONITOR,False,{},"[""uav2"", ""uav1"", ""uav0""]",limited,True,{},NONE,NORMAL,SAFE,1.0,IDLE,0.0,0.0,0.0,,,0.0,False,avoidance not required,,{},,,,,,,,,,,3,fleet initializing,3.296,14.232,0.140,0,0,0.0,0.0,[],0.12327710539102554,0.023001840338110924,0.16539587080478668,0.1199466660618782,0.04750511795282364,0.11647790670394897,0.11747486144304276,-0.04592546075582504,0.15771853923797607
351.6,COMPLETE,12,HOME_DESCENT,1.0,0.896,139.1973,0.0,True,NORMAL,MONITOR,False,{},"[""uav2"", ""uav1"", ""uav0""]",limited,True,{},NONE,NORMAL,SAFE,1.0,IDLE,0.0,0.0,0.0,,,0.0,False,avoidance not required,,{},,,,,,,,,,,3,fleet initializing,3.297,14.233,0.144,0,0,0.0,0.0,[],0.12186718732118607,0.02303110435605049,0.1631210297346115,0.12030421197414398,0.05025845393538475,0.11802027374505997,0.11623751372098923,-0.044270001351833344,0.16186273097991943
351.8,COMPLETE,12,HOME_DESCENT,1.0,0.896,139.1973,0.0,True,NORMAL,MONITOR,False,{},"[""uav2"", ""uav1"", ""uav0""]",limited,True,{},NONE,NORMAL,SAFE,1.0,IDLE,0.0,0.0,0.0,,,0.0,False,avoidance not required,,{},,,,,,,,,,,3,fleet initializing,3.298,14.233,0.144,0,0,0.0,0.0,[],0.12077394872903824,0.025282615795731544,0.16883032023906708,0.12172849476337433,0.04978464916348457,0.11860189586877823,0.11496006697416306,-0.044823601841926575,0.1643064022064209
352.0,COMPLETE,12,HOME_DESCENT,1.0,0.896,139.1973,0.0,True,NORMAL,MONITOR,False,{},"[""uav2"", ""uav1"", ""uav0""]",limited,True,{},NONE,NORMAL,SAFE,1.0,IDLE,0.0,0.0,0.0,,,0.0,False,avoidance not required,,{},,,,,,,,,,,3,fleet initializing,3.295,14.234,0.145,0,0,0.0,0.0,[],0.11975442618131638,0.02305392362177372,0.16372886300086975,0.12226220965385437,0.05200236663222313,0.12469711899757385,0.11378315091133118,-0.043667759746313095,0.171508327126503
352.2,COMPLETE,12,HOME_DESCENT,1.0,0.8959,139.1711,0.0,True,NORMAL,MONITOR,False,{},"[""uav2"", ""uav1"", ""uav0""]",limited,True,{},NONE,NORMAL,SAFE,1.0,IDLE,0.0,0.0,0.0,,,0.0,False,avoidance not required,,{},,,,,,,,,,,3,fleet initializing,3.293,14.234,0.144,0,0,0.0,0.0,[],0.11862782388925552,0.023902876302599907,0.16790854930877686,0.12199006229639053,0.04816117882728577,0.12370815128087997,0.11323804408311844,-0.04561815410852432,0.17373807728290558
352.4,COMPLETE,12,HOME_DESCENT,1.0,0.8959,139.1711,0.0,True,NORMAL,MONITOR,False,{},"[""uav2"", ""uav1"", ""uav0""]",limited,True,{},NONE,NORMAL,SAFE,1.0,IDLE,0.0,0.0,0.0,,,0.0,False,avoidance not required,,{},,,,,,,,,,,3,fleet initializing,3.293,14.236,0.143,0,0,0.0,0.0,[],0.1183624267578125,0.021063897758722305,0.16654129326343536,0.12147939950227737,0.04863471910357475,0.12828274071216583,0.11239886283874512,-0.04447997733950615,0.1781775802373886
352.6,COMPLETE,12,HOME_DESCENT,1.0,0.8957,139.145,0.0,True,NORMAL,MONITOR,False,{},"[""uav2"", ""uav1"", ""uav0""]",limited,True,{},NONE,NORMAL,SAFE,1.0,IDLE,0.0,0.0,0.0,,,0.0,False,avoidance not required,,{},,,,,,,,,,,3,fleet initializing,3.293,14.234,0.141,0,0,0.0,0.0,[],0.11753865331411362,0.021526282653212547,0.17178833484649658,0.12062845379114151,0.04908614605665207,0.12598849833011627,0.1123848482966423,-0.04170167073607445,0.16798542439937592
352.8,COMPLETE,12,HOME_DESCENT,1.0,0.8957,139.145,0.0,True,NORMAL,MONITOR,False,{},"[""uav2"", ""uav1"", ""uav0""]",limited,True,{},NONE,NORMAL,SAFE,1.0,IDLE,0.0,0.0,0.0,,,0.0,False,avoidance not required,,{},,,,,,,,,,,3,fleet initializing,3.293,14.234,0.141,0,0,0.0,0.0,[],0.12314672023057938,0.020636562258005142,0.17100000381469727,0.12131447345018387,0.04651176184415817,0.12164977192878723,0.11231368035078049,-0.0389225147664547,0.15926459431648254
353.0,COMPLETE,12,HOME_DESCENT,1.0,0.8957,139.145,0.0,True,NORMAL,MONITOR,False,{},"[""uav2"", ""uav1"", ""uav0""]",limited,True,{},NONE,NORMAL,SAFE,1.0,IDLE,0.0,0.0,0.0,,,0.0,False,avoidance not required,,{},,,,,,,,,,,3,fleet initializing,3.292,14.232,0.142,0,0,0.0,0.0,[],0.12567982077598572,0.02189113199710846,0.1759876161813736,0.12070978432893753,0.04722430184483528,0.12476958334445953,0.11106772720813751,-0.03585028648376465,0.15896335244178772
353.2,COMPLETE,12,HOME_DESCENT,1.0,0.8956,139.119,0.0,True,NORMAL,MONITOR,False,{},"[""uav2"", ""uav1"", ""uav0""]",limited,True,{},NONE,NORMAL,SAFE,1.0,IDLE,0.0,0.0,0.0,,,0.0,False,avoidance not required,,{},,,,,,,,,,,3,fleet initializing,3.290,14.232,0.142,0,0,0.0,0.0,[],0.12656636536121368,0.021379251033067703,0.17313142120838165,0.12007351219654083,0.04676120728254318,0.121372751891613,0.10886982828378677,-0.036086514592170715,0.15895210206508636
353.4,COMPLETE,12,HOME_DESCENT,1.0,0.8956,139.119,0.0,True,NORMAL,MONITOR,False,{},"[""uav2"", ""uav1"", ""uav0""]",limited,True,{},NONE,NORMAL,SAFE,1.0,IDLE,0.0,0.0,0.0,,,0.0,False,avoidance not required,,{},,,,,,,,,,,3,fleet initializing,3.290,14.232,0.142,0,0,0.0,0.0,[],0.1258772313594818,0.022607509046792984,0.17667092382907867,0.11864850670099258,0.04896612465381622,0.12318282574415207,0.1064210832118988,-0.03474900498986244,0.1605762094259262
353.6,COMPLETE,12,HOME_DESCENT,1.0,0.8955,139.0931,0.0,True,NORMAL,MONITOR,False,{},"[""uav2"", ""uav1"", ""uav0""]",limited,True,{},NONE,NORMAL,SAFE,1.0,IDLE,0.0,0.0,0.0,,,0.0,False,avoidance not required,,{},,,,,,,,,,,3,fleet initializing,3.289,14.233,0.140,0,0,0.0,0.0,[],0.12378887087106705,0.022153833881020546,0.1706714779138565,0.11639974266290665,0.04718789830803871,0.1231149211525917,0.10584507882595062,-0.035115934908390045,0.15512286126613617
353.8,COMPLETE,12,HOME_DESCENT,1.0,0.8955,139.0931,0.0,True,NORMAL,MONITOR,False,{},"[""uav2"", ""uav1"", ""uav0""]",limited,True,{},NONE,NORMAL,SAFE,1.0,IDLE,0.0,0.0,0.0,,,0.0,False,avoidance not required,,{},,,,,,,,,,,3,fleet initializing,3.291,14.234,0.138,0,0,0.0,0.0,[],0.1213003620505333,0.023487204685807228,0.17035070061683655,0.11402801424264908,0.048207156360149384,0.12594981491565704,0.10434767603874207,-0.034041937440633774,0.1538691520690918
354.0,COMPLETE,12,HOME_DESCENT,1.0,0.8955,139.0931,0.0,True,NORMAL,MONITOR,False,{},"[""uav2"", ""uav1"", ""uav0""]",limited,True,{},NONE,NORMAL,SAFE,1.0,IDLE,0.0,0.0,0.0,,,0.0,False,avoidance not required,,{},,,,,,,,,,,3,fleet initializing,3.291,14.234,0.135,0,0,0.0,0.0,[],0.12073381245136261,0.024850891903042793,0.16273361444473267,0.11241313070058823,0.04406041279435158,0.12447348237037659,0.104681596159935,-0.03554718196392059,0.14896245300769806
354.2,COMPLETE,12,HOME_DESCENT,1.0,0.8953,139.0674,0.0,True,NORMAL,MONITOR,False,{},"[""uav2"", ""uav1"", ""uav0""]",limited,True,{},NONE,NORMAL,SAFE,1.0,IDLE,0.0,0.0,0.0,,,0.0,False,avoidance not required,,{},,,,,,,,,,,3,fleet initializing,3.292,14.235,0.133,0,0,0.0,0.0,[],0.11924368143081665,0.027110645547509193,0.16149497032165527,0.1106649860739708,0.04322274029254913,0.12608397006988525,0.10422897338867188,-0.035440582782030106,0.14899656176567078
354.4,COMPLETE,12,HOME_DESCENT,1.0,0.8953,139.0674,0.0,True,NORMAL,MONITOR,False,{},"[""uav2"", ""uav1"", ""uav0""]",limited,True,{},NONE,NORMAL,SAFE,1.0,IDLE,0.0,0.0,0.0,,,0.0,False,avoidance not required,,{},,,,,,,,,,,3,fleet initializing,3.292,14.235,0.130,0,0,0.0,0.0,[],0.11774423718452454,0.024898527190089226,0.15651358664035797,0.11102568358182907,0.04214635491371155,0.12550053000450134,0.10713290423154831,-0.037402987480163574,0.14476166665554047
354.6,COMPLETE,12,HOME_DESCENT,1.0,0.8952,139.0418,0.0,True,NORMAL,MONITOR,False,{},"[""uav2"", ""uav1"", ""uav0""]",limited,True,{},NONE,NORMAL,SAFE,1.0,IDLE,0.0,0.0,0.0,,,0.0,False,avoidance not required,,{},,,,,,,,,,,3,fleet initializing,3.293,14.234,0.131,0,0,0.0,0.0,[],0.11600405722856522,0.024707302451133728,0.1557050198316574,0.11227869987487793,0.03981504961848259,0.12046989798545837,0.10964753478765488,-0.038468848913908005,0.13780933618545532
354.8,COMPLETE,12,HOME_DESCENT,1.0,0.8952,139.0418,0.0,True,NORMAL,MONITOR,False,{},"[""uav2"", ""uav1"", ""uav0""]",limited,True,{},NONE,NORMAL,SAFE,1.0,IDLE,0.0,0.0,0.0,,,0.0,False,avoidance not required,,{},,,,,,,,,,,3,fleet initializing,3.296,14.233,0.133,0,0,0.0,0.0,[],0.11661310493946075,0.025267556309700012,0.14740420877933502,0.11316900700330734,0.039772000163793564,0.11932051181793213,0.11111873388290405,-0.03803450986742973,0.13515540957450867
355.0,COMPLETE,12,HOME_DESCENT,1.0,0.8952,139.0418,0.0,True,NORMAL,MONITOR,False,{},"[""uav2"", ""uav1"", ""uav0""]",limited,True,{},NONE,NORMAL,SAFE,1.0,IDLE,0.0,0.0,0.0,,,0.0,False,avoidance not required,,{},,,,,,,,,,,3,fleet initializing,3.297,14.232,0.134,0,0,0.0,0.0,[],0.11685460060834885,0.026552556082606316,0.14433600008487701,0.1141732931137085,0.04244634136557579,0.11308950185775757,0.11258410662412643,-0.03726852685213089,0.12933698296546936
355.2,COMPLETE,12,HOME_DESCENT,1.0,0.8951,139.0164,0.0,True,NORMAL,MONITOR,False,{},"[""uav2"", ""uav1"", ""uav0""]",limited,True,{},NONE,NORMAL,SAFE,1.0,IDLE,0.0,0.0,0.0,,,0.0,False,avoidance not required,,{},,,,,,,,,,,3,fleet initializing,3.298,14.230,0.139,0,0,0.0,0.0,[],0.11797236651182175,0.02449522726237774,0.13811363279819489,0.11532501131296158,0.0446503683924675,0.11095064133405685,0.11396519094705582,-0.03406761586666107,0.1222929060459137
355.4,COMPLETE,12,HOME_DESCENT,1.0,0.8951,139.0164,0.0,True,NORMAL,MONITOR,False,{},"[""uav2"", ""uav1"", ""uav0""]",limited,True,{},NONE,NORMAL,SAFE,1.0,IDLE,0.0,0.0,0.0,,,0.0,False,avoidance not required,,{},,,,,,,,,,,3,fleet initializing,3.298,14.227,0.142,0,0,0.0,0.0,[],0.11899575591087341,0.02346556819975376,0.13597948849201202,0.11591772735118866,0.04522651806473732,0.11012768000364304,0.115169957280159,-0.031717389822006226,0.11951949447393417
355.6,COMPLETE,12,HOME_DESCENT,1.0,0.895,138.991,0.0,True,NORMAL,MONITOR,False,{},"[""uav2"", ""uav1"", ""uav0""]",limited,True,{},NONE,NORMAL,SAFE,1.0,IDLE,0.0,0.0,0.0,,,0.0,False,avoidance not required,,{},,,,,,,,,,,3,fleet initializing,3.297,14.225,0.143,0,0,0.0,0.0,[],0.11794575303792953,0.020484691485762596,0.13075147569179535,0.11722063273191452,0.045968394726514816,0.11004962027072906,0.11601285636425018,-0.030942372977733612,0.11874942481517792
355.8,COMPLETE,12,HOME_DESCENT,1.0,0.895,138.991,0.0,True,NORMAL,MONITOR,False,{},"[""uav2"", ""uav1"", ""uav0""]",limited,True,{},NONE,NORMAL,SAFE,1.0,IDLE,0.0,0.0,0.0,,,0.0,False,avoidance not required,,{},,,,,,,,,,,3,fleet initializing,3.299,14.223,0.144,0,0,0.0,0.0,[],0.11781097948551178,0.01835503801703453,0.1283842772245407,0.11923760920763016,0.042633865028619766,0.10672430694103241,0.117472805082798,-0.030407076701521873,0.11838138848543167
356.0,COMPLETE,12,HOME_DESCENT,1.0,0.895,138.991,0.0,True,NORMAL,MONITOR,False,{},"[""uav2"", ""uav1"", ""uav0""]",limited,True,{},NONE,NORMAL,SAFE,1.0,IDLE,0.0,0.0,0.0,,,0.0,False,avoidance not required,,{},,,,,,,,,,,3,fleet initializing,3.299,14.222,0.146,0,0,0.0,0.0,[],0.11753718554973602,0.01770414225757122,0.12360181659460068,0.12161757797002792,0.03822033852338791,0.1043696403503418,0.11962712556123734,-0.03327096253633499,0.11563536524772644
356.2,COMPLETE,12,HOME_DESCENT,1.0,0.8948,138.9657,0.0,True,NORMAL,MONITOR,False,{},"[""uav2"", ""uav1"", ""uav0""]",limited,True,{},NONE,NORMAL,SAFE,1.0,IDLE,0.0,0.0,0.0,,,0.0,False,avoidance not required,,{},,,,,,,,,,,3,fleet initializing,3.299,14.223,0.148,0,0,0.0,0.0,[],0.11832837015390396,0.016949640586972237,0.12131933122873306,0.125040665268898,0.0355750173330307,0.10346712172031403,0.12242535501718521,-0.034439682960510254,0.11445669829845428
356.4,COMPLETE,12,HOME_DESCENT,1.0,0.8948,138.9657,0.0,True,NORMAL,MONITOR,False,{},"[""uav2"", ""uav1"", ""uav0""]",limited,True,{},NONE,NORMAL,SAFE,1.0,IDLE,0.0,0.0,0.0,,,0.0,False,avoidance not required,,{},,,,,,,,,,,3,fleet initializing,3.298,14.221,0.151,0,0,0.0,0.0,[],0.1184287816286087,0.017002854496240616,0.1132490485906601,0.12398659437894821,0.031866759061813354,0.10847529768943787,0.12499751150608063,-0.03338420018553734,0.10580700635910034
356.6,COMPLETE,12,HOME_DESCENT,1.0,0.8947,138.9405,0.0,True,NORMAL,MONITOR,False,{},"[""uav2"", ""uav1"", ""uav0""]",limited,True,{},NONE,NORMAL,SAFE,1.0,IDLE,0.0,0.0,0.0,,,0.0,False,avoidance not required,,{},,,,,,,,,,,3,fleet initializing,3.302,14.219,0.149,0,0,0.0,0.0,[],0.12021993845701218,0.016488604247570038,0.10935328155755997,0.12559154629707336,0.029163794592022896,0.11119142919778824,0.12810689210891724,-0.03360610455274582,0.1010870710015297
356.8,COMPLETE,12,HOME_DESCENT,1.0,0.8947,138.9405,0.0,True,NORMAL,MONITOR,False,{},"[""uav2"", ""uav1"", ""uav0""]",limited,True,{},NONE,NORMAL,SAFE,1.0,IDLE,0.0,0.0,0.0,,,0.0,False,avoidance not required,,{},,,,,,,,,,,3,fleet initializing,3.303,14.217,0.154,0,0,0.0,0.0,[],0.11830370128154755,0.014964686706662178,0.11216667294502258,0.12718486785888672,0.027548210695385933,0.10964785516262054,0.12872099876403809,-0.03967151418328285,0.09745064377784729
357.0,COMPLETE,12,HOME_DESCENT,1.0,0.8947,138.9405,0.0,True,NORMAL,MONITOR,False,{},"[""uav2"", ""uav1"", ""uav0""]",limited,True,{},NONE,NORMAL,SAFE,1.0,IDLE,0.0,0.0,0.0,,,0.0,False,avoidance not required,,{},,,,,,,,,,,3,fleet initializing,3.302,14.221,0.158,0,0,0.0,0.0,[],0.1153775230050087,0.014635969884693623,0.11082150787115097,0.13121570646762848,0.025744697079062462,0.10910116881132126,0.1312388926744461,-0.04352040961384773,0.09604738652706146
357.2,COMPLETE,12,HOME_DESCENT,1.0,0.8946,138.9152,0.0,True,NORMAL,MONITOR,False,{},"[""uav2"", ""uav1"", ""uav0""]",limited,True,{},NONE,NORMAL,SAFE,1.0,IDLE,0.0,0.0,0.0,,,0.0,False,avoidance not required,,{},,,,,,,,,,,3,fleet initializing,3.301,14.222,0.162,0,0,0.0,0.0,[],0.11547230929136276,0.013496916741132736,0.1108241155743599,0.13442064821720123,0.025339070707559586,0.10671606659889221,0.1329585462808609,-0.045416202396154404,0.09422419965267181
357.4,COMPLETE,12,HOME_DESCENT,1.0,0.8946,138.9152,0.0,True,NORMAL,MONITOR,False,{},"[""uav2"", ""uav1"", ""uav0""]",limited,True,{},NONE,NORMAL,SAFE,1.0,IDLE,0.0,0.0,0.0,,,0.0,False,avoidance not required,,{},,,,,,,,,,,3,fleet initializing,3.299,14.222,0.165,0,0,0.0,0.0,[],0.11535056680440903,0.013729960657656193,0.10549277812242508,0.13988743722438812,0.024413535371422768,0.1070827916264534,0.1360446661710739,-0.047374699264764786,0.09404535591602325
357.6,COMPLETE,12,HOME_DESCENT,1.0,0.8944,138.8898,0.0,True,NORMAL,MONITOR,False,{},"[""uav2"", ""uav1"", ""uav0""]",limited,True,{},NONE,NORMAL,SAFE,1.0,IDLE,0.0,0.0,0.0,,,0.0,False,avoidance not required,,{},,,,,,,,,,,3,fleet initializing,3.297,14.221,0.168,0,0,0.0,0.0,[],0.11774767935276031,0.013056009076535702,0.10441310703754425,0.13927361369132996,0.026671521365642548,0.10213292390108109,0.13407190144062042,-0.05155208706855774,0.08873984217643738
357.8,COMPLETE,12,HOME_DESCENT,1.0,0.8944,138.8898,0.0,True,NORMAL,MONITOR,False,{},"[""uav2"", ""uav1"", ""uav0""]",limited,True,{},NONE,NORMAL,SAFE,1.0,IDLE,0.0,0.0,0.0,,,0.0,False,avoidance not required,,{},,,,,,,,,,,3,fleet initializing,3.296,14.225,0.170,0,0,0.0,0.0,[],0.11838757246732712,0.01381942629814148,0.09968066215515137,0.14238376915454865,0.02693551778793335,0.10107994079589844,0.1354752480983734,-0.05442843586206436,0.08724953979253769
358.0,COMPLETE,12,HOME_DESCENT,1.0,0.8944,138.8898,0.0,True,NORMAL,MONITOR,False,{},"[""uav2"", ""uav1"", ""uav0""]",limited,True,{},NONE,NORMAL,SAFE,1.0,IDLE,0.0,0.0,0.0,,,0.0,False,avoidance not required,,{},,,,,,,,,,,3,fleet initializing,3.294,14.226,0.173,0,0,0.0,0.0,[],0.12154395878314972,0.013404476456344128,0.09841559082269669,0.1419164389371872,0.02696169912815094,0.09605003148317337,0.13402463495731354,-0.05529263615608215,0.08500723540782928
358.2,COMPLETE,12,HOME_DESCENT,1.0,0.8943,138.8645,0.0,True,NORMAL,MONITOR,False,{},"[""uav2"", ""uav1"", ""uav0""]",limited,True,{},NONE,NORMAL,SAFE,1.0,IDLE,0.0,0.0,0.0,,,0.0,False,avoidance not required,,{},,,,,,,,,,,3,fleet initializing,3.293,14.228,0.173,0,0,0.0,0.0,[],0.11844043433666229,0.01392543874680996,0.09293100982904434,0.14056481420993805,0.0269573163241148,0.09093564003705978,0.13571785390377045,-0.0564715601503849,0.08494989573955536
358.4,COMPLETE,12,HOME_DESCENT,1.0,0.8943,138.8645,0.0,True,NORMAL,MONITOR,False,{},"[""uav2"", ""uav1"", ""uav0""]",limited,True,{},NONE,NORMAL,SAFE,1.0,IDLE,0.0,0.0,0.0,,,0.0,False,avoidance not required,,{},,,,,,,,,,,3,fleet initializing,3.296,14.228,0.175,0,0,0.0,0.0,[],0.1194252222776413,0.012785199098289013,0.09128083288669586,0.14283712208271027,0.025623351335525513,0.09050071239471436,0.13408587872982025,-0.05442022532224655,0.08521309494972229
358.6,COMPLETE,12,HOME_DESCENT,1.0,0.8942,138.839,0.0,True,NORMAL,MONITOR,False,{},"[""uav2"", ""uav1"", ""uav0""]",limited,True,{},NONE,NORMAL,SAFE,1.0,IDLE,0.0,0.0,0.0,,,0.0,False,avoidance not required,,{},,,,,,,,,,,3,fleet initializing,3.292,14.227,0.173,0,0,0.0,0.0,[],0.11511147767305374,0.015138085000216961,0.08890315890312195,0.13717687129974365,0.026259025558829308,0.0871351882815361,0.13514171540737152,-0.05452542379498482,0.08751621842384338
358.8,COMPLETE,12,HOME_DESCENT,1.0,0.8942,138.839,0.0,True,NORMAL,MONITOR,False,{},"[""uav2"", ""uav1"", ""uav0""]",limited,True,{},NONE,NORMAL,SAFE,1.0,IDLE,0.0,0.0,0.0,,,0.0,False,avoidance not required,,{},,,,,,,,,,,3,fleet initializing,3.299,14.227,0.173,0,0,0.0,0.0,[],0.11506494879722595,0.01496505830436945,0.09122231602668762,0.1367010921239853,0.024421026930212975,0.08811388164758682,0.13087858259677887,-0.054726582020521164,0.08517566323280334
359.0,COMPLETE,12,HOME_DESCENT,1.0,0.8942,138.839,0.0,True,NORMAL,MONITOR,False,{},"[""uav2"", ""uav1"", ""uav0""]",limited,True,{},NONE,NORMAL,SAFE,1.0,IDLE,0.0,0.0,0.0,,,0.0,False,avoidance not required,,{},,,,,,,,,,,3,fleet initializing,3.295,14.230,0.171,0,0,0.0,0.0,[],0.1115579903125763,0.015520305372774601,0.08507409691810608,0.13360045850276947,0.02404903620481491,0.08476807922124863,0.13029979169368744,-0.05666257068514824,0.08532791584730148
359.2,COMPLETE,12,HOME_DESCENT,1.0,0.8941,138.8135,0.0,True,NORMAL,MONITOR,False,{},"[""uav2"", ""uav1"", ""uav0""]",limited,True,{},NONE,NORMAL,SAFE,1.0,IDLE,0.0,0.0,0.0,,,0.0,False,avoidance not required,,{},,,,,,,,,,,3,fleet initializing,3.298,14.231,0.171,0,0,0.0,0.0,[],0.11134684085845947,0.01353425346314907,0.08418546617031097,0.13447540998458862,0.021494124084711075,0.0873703882098198,0.1278887242078781,-0.05704281106591225,0.08337461948394775
359.4,COMPLETE,12,HOME_DESCENT,1.0,0.8941,138.8135,0.0,True,NORMAL,MONITOR,False,{},"[""uav2"", ""uav1"", ""uav0""]",limited,True,{},NONE,NORMAL,SAFE,1.0,IDLE,0.0,0.0,0.0,,,0.0,False,avoidance not required,,{},,,,,,,,,,,3,fleet initializing,3.294,14.233,0.170,0,0,0.0,0.0,[],0.1101800948381424,0.013935779221355915,0.07964613288640976,0.13137654960155487,0.02119840681552887,0.08714351803064346,0.12823063135147095,-0.059087879955768585,0.085936538875103
359.6,COMPLETE,12,HOME_DESCENT,1.0,0.8939,138.788,0.0,True,NORMAL,MONITOR,False,{},"[""uav2"", ""uav1"", ""uav0""]",limited,True,{},NONE,NORMAL,SAFE,1.0,IDLE,0.0,0.0,0.0,,,0.0,False,avoidance not required,,{},,,,,,,,,,,3,fleet initializing,3.298,14.235,0.170,0,0,0.0,0.0,[],0.11128196120262146,0.011777267791330814,0.0808543786406517,0.13113638758659363,0.01854202337563038,0.09064221382141113,0.12563739717006683,-0.05932306870818138,0.08654680103063583
359.8,COMPLETE,12,HOME_DESCENT,1.0,0.8939,138.788,0.0,True,NORMAL,MONITOR,False,{},"[""uav2"", ""uav1"", ""uav0""]",limited,True,{},NONE,NORMAL,SAFE,1.0,IDLE,0.0,0.0,0.0,,,0.0,False,avoidance not required,,{},,,,,,,,,,,3,fleet initializing,3.295,14.237,0.167,0,0,0.0,0.0,[],0.11046971380710602,0.014164971187710762,0.07975891977548599,0.12679599225521088,0.018215060234069824,0.08271260559558868,0.12502072751522064,-0.061561211943626404,0.09114265441894531
360.0,COMPLETE,12,HOME_DESCENT,1.0,0.8939,138.788,0.0,True,NORMAL,MONITOR,False,{},"[""uav2"", ""uav1"", ""uav0""]",limited,True,{},NONE,NORMAL,SAFE,1.0,IDLE,0.0,0.0,0.0,,,0.0,False,avoidance not required,,{},,,,,,,,,,,3,fleet initializing,3.299,14.239,0.165,0,0,0.0,0.0,[],0.11106008291244507,0.0129222571849823,0.08374817669391632,0.12302235513925552,0.01865501143038273,0.07844606041908264,0.12134779989719391,-0.06195637956261635,0.09443844109773636
360.2,COMPLETE,12,HOME_DESCENT,1.0,0.8938,138.7624,0.0,True,NORMAL,MONITOR,False,{},"[""uav2"", ""uav1"", ""uav0""]",limited,True,{},NONE,NORMAL,SAFE,1.0,IDLE,0.0,0.0,0.0,,,0.0,False,avoidance not required,,{},,,,,,,,,,,3,fleet initializing,3.299,14.242,0.161,0,0,0.0,0.0,[],0.11253480613231659,0.011905133724212646,0.08632215112447739,0.12229432165622711,0.015667151659727097,0.08064808696508408,0.12129101157188416,-0.06476064771413803,0.10063335299491882
360.4,COMPLETE,12,HOME_DESCENT,1.0,0.8938,138.7624,0.0,True,NORMAL,MONITOR,False,{},"[""uav2"", ""uav1"", ""uav0""]",limited,True,{},NONE,NORMAL,SAFE,1.0,IDLE,0.0,0.0,0.0,,,0.0,False,avoidance not required,,{},,,,,,,,,,,3,fleet initializing,3.300,14.244,0.159,0,0,0.0,0.0,[],0.11481582373380661,0.007900076918303967,0.09289330244064331,0.11740592867136002,0.01387437991797924,0.07885567098855972,0.12432166934013367,-0.06448466330766678,0.10360878705978394
360.6,COMPLETE,12,HOME_DESCENT,1.0,0.8937,138.7367,0.0,True,NORMAL,MONITOR,False,{},"[""uav2"", ""uav1"", ""uav0""]",limited,True,{},NONE,NORMAL,SAFE,1.0,IDLE,0.0,0.0,0.0,,,0.0,False,avoidance not required,,{},,,,,,,,,,,3,fleet initializing,3.303,14.241,0.160,0,0,0.0,0.0,[],0.11112673580646515,0.008621549233794212,0.09402765333652496,0.11546503752470016,0.009283903054893017,0.08018356561660767,0.12691757082939148,-0.06708992272615433,0.10806501656770706
360.8,COMPLETE,12,HOME_DESCENT,1.0,0.8937,138.7367,0.0,True,NORMAL,MONITOR,False,{},"[""uav2"", ""uav1"", ""uav0""]",limited,True,{},NONE,NORMAL,SAFE,1.0,IDLE,0.0,0.0,0.0,,,0.0,False,avoidance not required,,{},,,,,,,,,,,3,fleet initializing,3.304,14.241,0.161,0,0,0.0,0.0,[],0.10983738303184509,0.0053214989602565765,0.09822004288434982,0.11397050321102142,0.009616781957447529,0.07800525426864624,0.12490608543157578,-0.06628061085939407,0.10862939804792404
361.0,COMPLETE,12,HOME_DESCENT,1.0,0.8937,138.7367,0.0,True,NORMAL,MONITOR,False,{},"[""uav2"", ""uav1"", ""uav0""]",limited,True,{},NONE,NORMAL,SAFE,1.0,IDLE,0.0,0.0,0.0,,,0.0,False,avoidance not required,,{},,,,,,,,,,,3,fleet initializing,3.304,14.242,0.158,0,0,0.0,0.0,[],0.11275062710046768,0.005000089295208454,0.0982947126030922,0.11382357776165009,0.006140049546957016,0.08035911619663239,0.12496362626552582,-0.06826910376548767,0.10964372754096985
361.2,COMPLETE,12,HOME_DESCENT,1.0,0.8936,138.711,0.0,True,NORMAL,MONITOR,False,{},"[""uav2"", ""uav1"", ""uav0""]",limited,True,{},NONE,NORMAL,SAFE,1.0,IDLE,0.0,0.0,0.0,,,0.0,False,avoidance not required,,{},,,,,,,,,,,3,fleet initializing,3.301,14.243,0.159,0,0,0.0,0.0,[],0.1154804527759552,0.0014844899997115135,0.10111458599567413,0.11321364343166351,0.007092579267919064,0.08247319608926773,0.12521831691265106,-0.06736329197883606,0.10053759813308716
361.4,COMPLETE,12,HOME_DESCENT,1.0,0.8936,138.711,0.0,True,NORMAL,MONITOR,False,{},"[""uav2"", ""uav1"", ""uav0""]",limited,True,{},NONE,NORMAL,SAFE,1.0,IDLE,0.0,0.0,0.0,,,0.0,False,avoidance not required,,{},,,,,,,,,,,3,fleet initializing,3.298,14.243,0.163,0,0,0.0,0.0,[],0.11768317222595215,0.0028793220408260822,0.09044371545314789,0.11317964643239975,0.004235828761011362,0.08711142838001251,0.1258677989244461,-0.06957922875881195,0.09773863106966019
361.6,COMPLETE,12,HOME_DESCENT,1.0,0.8934,138.6854,0.0,True,NORMAL,MONITOR,False,{},"[""uav2"", ""uav1"", ""uav0""]",limited,True,{},NONE,NORMAL,SAFE,1.0,IDLE,0.0,0.0,0.0,,,0.0,False,avoidance not required,,{},,,,,,,,,,,3,fleet initializing,3.295,14.244,0.166,0,0,0.0,0.0,[],0.11976663023233414,0.00011972473294008523,0.08727920055389404,0.11152947694063187,0.005265553016215563,0.08739245682954788,0.12312861531972885,-0.06852445006370544,0.09262029826641083
361.8,COMPLETE,12,HOME_DESCENT,1.0,0.8934,138.6854,0.0,True,NORMAL,MONITOR,False,{},"[""uav2"", ""uav1"", ""uav0""]",limited,True,{},NONE,NORMAL,SAFE,1.0,IDLE,0.0,0.0,0.0,,,0.0,False,avoidance not required,,{},,,,,,,,,,,3,fleet initializing,3.292,14.245,0.166,0,0,0.0,0.0,[],0.12004470080137253,0.0023500004317611456,0.08027798682451248,0.11044799536466599,0.0018770479364320636,0.09036832302808762,0.12198922783136368,-0.07096613943576813,0.09161121398210526
362.0,COMPLETE,12,HOME_DESCENT,1.0,0.8934,138.6854,0.0,True,NORMAL,MONITOR,False,{},"[""uav2"", ""uav1"", ""uav0""]",limited,True,{},NONE,NORMAL,SAFE,1.0,IDLE,0.0,0.0,0.0,,,0.0,False,avoidance not required,,{},,,,,,,,,,,3,fleet initializing,3.290,14.247,0.167,0,0,0.0,0.0,[],0.12067204713821411,-0.00035225850297138095,0.07874008268117905,0.11176339536905289,0.00209698430262506,0.08808863162994385,0.12025385349988937,-0.07094265520572662,0.08865486085414886
362.2,COMPLETE,12,HOME_DESCENT,1.0,0.8933,138.6599,0.0,True,NORMAL,MONITOR,False,{},"[""uav2"", ""uav1"", ""uav0""]",limited,True,{},NONE,NORMAL,SAFE,1.0,IDLE,0.0,0.0,0.0,,,0.0,False,avoidance not required,,{},,,,,,,,,,,3,fleet initializing,3.291,14.249,0.167,0,0,0.0,0.0,[],0.12021509557962418,0.0019487215904518962,0.07592375576496124,0.11224322021007538,-0.0010108425049111247,0.08887282758951187,0.11948497593402863,-0.07359778881072998,0.08858150988817215
362.4,COMPLETE,12,HOME_DESCENT,1.0,0.8933,138.6599,0.0,True,NORMAL,MONITOR,False,{},"[""uav2"", ""uav1"", ""uav0""]",limited,True,{},NONE,NORMAL,SAFE,1.0,IDLE,0.0,0.0,0.0,,,0.0,False,avoidance not required,,{},,,,,,,,,,,3,fleet initializing,3.292,14.251,0.167,0,0,0.0,0.0,[],0.12015949189662933,-0.0004206462763249874,0.07700475305318832,0.1109205111861229,0.000981891993433237,0.08863800019025803,0.11838887631893158,-0.0721815899014473,0.08535154163837433
362.6,COMPLETE,12,HOME_DESCENT,1.0,0.8932,138.6343,0.0,True,NORMAL,MONITOR,False,{},"[""uav2"", ""uav1"", ""uav0""]",limited,True,{},NONE,NORMAL,SAFE,1.0,IDLE,0.0,0.0,0.0,,,0.0,False,avoidance not required,,{},,,,,,,,,,,3,fleet initializing,3.291,14.251,0.168,0,0,0.0,0.0,[],0.11980734020471573,0.004155621863901615,0.07410142570734024,0.11010415852069855,-0.0007352794636972249,0.09048151224851608,0.11760015040636063,-0.07375014573335648,0.08646219223737717
362.8,COMPLETE,12,HOME_DESCENT,1.0,0.8932,138.6343,0.0,True,NORMAL,MONITOR,False,{},"[""uav2"", ""uav1"", ""uav0""]",limited,True,{},NONE,NORMAL,SAFE,1.0,IDLE,0.0,0.0,0.0,,,0.0,False,avoidance not required,,{},,,,,,,,,,,3,fleet initializing,3.290,14.253,0.167,0,0,0.0,0.0,[],0.11975952982902527,0.003602580865845084,0.07610710710287094,0.10981190949678421,0.0020423897076398134,0.08817509561777115,0.11489821970462799,-0.07177066802978516,0.08551025390625
363.0,COMPLETE,12,HOME_DESCENT,1.0,0.8932,138.6343,0.0,True,NORMAL,MONITOR,False,{},"[""uav2"", ""uav1"", ""uav0""]",limited,True,{},NONE,NORMAL,SAFE,1.0,IDLE,0.0,0.0,0.0,,,0.0,False,avoidance not required,,{},,,,,,,,,,,3,fleet initializing,3.290,14.255,0.163,0,0,0.0,0.0,[],0.11924420297145844,0.00855387095361948,0.07319898158311844,0.10947287082672119,0.0009083133190870285,0.09048759192228317,0.11334758251905441,-0.0724363774061203,0.088365338742733
363.2,COMPLETE,12,HOME_DESCENT,1.0,0.893,138.6087,0.0,True,NORMAL,MONITOR,False,{},"[""uav2"", ""uav1"", ""uav0""]",limited,True,{},NONE,NORMAL,SAFE,1.0,IDLE,0.0,0.0,0.0,,,0.0,False,avoidance not required,,{},,,,,,,,,,,3,fleet initializing,3.290,14.255,0.163,0,0,0.0,0.0,[],0.11902501434087753,0.009058715775609016,0.07641004770994186,0.11009237170219421,0.003417257685214281,0.08839167654514313,0.1127055212855339,-0.07048841565847397,0.08737285435199738
363.4,COMPLETE,12,HOME_DESCENT,1.0,0.893,138.6087,0.0,True,NORMAL,MONITOR,False,{},"[""uav2"", ""uav1"", ""uav0""]",limited,True,{},NONE,NORMAL,SAFE,1.0,IDLE,0.0,0.0,0.0,,,0.0,False,avoidance not required,,{},,,,,,,,,,,3,fleet initializing,3.291,14.254,0.162,0,0,0.0,0.0,[],0.11853216588497162,0.011836964637041092,0.07535763829946518,0.11047736555337906,0.0024905928876250982,0.09040850400924683,0.11245783418416977,-0.07113006711006165,0.08800213783979416
363.6,COMPLETE,12,HOME_DESCENT,1.0,0.8929,138.5831,0.0,True,NORMAL,MONITOR,False,{},"[""uav2"", ""uav1"", ""uav0""]",limited,True,{},NONE,NORMAL,SAFE,1.0,IDLE,0.0,0.0,0.0,,,0.0,False,avoidance not required,,{},,,,,,,,,,,3,fleet initializing,3.292,14.254,0.162,0,0,0.0,0.0,[],0.11881431937217712,0.011121232993900776,0.07690472155809402,0.11071375012397766,0.004982550162822008,0.08599983900785446,0.11074504256248474,-0.06891566514968872,0.08603423088788986
363.8,COMPLETE,12,HOME_DESCENT,1.0,0.8929,138.5831,0.0,True,NORMAL,MONITOR,False,{},"[""uav2"", ""uav1"", ""uav0""]",limited,True,{},NONE,NORMAL,SAFE,1.0,IDLE,0.0,0.0,0.0,,,0.0,False,avoidance not required,,{},,,,,,,,,,,3,fleet initializing,3.292,14.254,0.161,0,0,0.0,0.0,[],0.11708071827888489,0.014637796208262444,0.07480848580598831,0.11104153096675873,0.004331759177148342,0.08684467524290085,0.10973711311817169,-0.06915028393268585,0.08832898736000061
364.0,COMPLETE,12,HOME_DESCENT,1.0,0.8929,138.5831,0.0,True,NORMAL,MONITOR,False,{},"[""uav2"", ""uav1"", ""uav0""]",limited,True,{},NONE,NORMAL,SAFE,1.0,IDLE,0.0,0.0,0.0,,,0.0,False,avoidance not required,,{},,,,,,,,,,,3,fleet initializing,3.294,14.255,0.159,0,0,0.0,0.0,[],0.11571567505598068,0.01795273832976818,0.06923180818557739,0.11330277472734451,0.0064600994810462,0.09099914878606796,0.10996142774820328,-0.06705285608768463,0.0891478955745697
364.2,COMPLETE,12,HOME_DESCENT,1.0,0.8928,138.5576,0.0,True,NORMAL,MONITOR,False,{},"[""uav2"", ""uav1"", ""uav0""]",limited,True,{},NONE,NORMAL,SAFE,1.0,IDLE,0.0,0.0,0.0,,,0.0,False,avoidance not required,,{},,,,,,,,,,,3,fleet initializing,3.297,14.253,0.161,0,0,0.0,0.0,[],0.11530846357345581,0.01811729185283184,0.06890080869197845,0.11461013555526733,0.009222700260579586,0.08822457492351532,0.11191210150718689,-0.06493579596281052,0.08357386291027069
364.4,COMPLETE,12,HOME_DESCENT,1.0,0.8928,138.5576,0.0,True,NORMAL,MONITOR,False,{},"[""uav2"", ""uav1"", ""uav0""]",limited,True,{},NONE,NORMAL,SAFE,1.0,IDLE,0.0,0.0,0.0,,,0.0,False,avoidance not required,,{},,,,,,,,,,,3,fleet initializing,3.298,14.250,0.161,0,0,0.0,0.0,[],0.11729779094457626,0.019170917570590973,0.07280679792165756,0.11590085923671722,0.00893966294825077,0.08933351933956146,0.11352076381444931,-0.06484900414943695,0.08156158030033112
364.6,COMPLETE,12,HOME_DESCENT,1.0,0.8927,138.5322,0.0,True,NORMAL,MONITOR,False,{},"[""uav2"", ""uav1"", ""uav0""]",limited,True,{},NONE,NORMAL,SAFE,1.0,IDLE,0.0,0.0,0.0,,,0.0,False,avoidance not required,,{},,,,,,,,,,,3,fleet initializing,3.297,14.247,0.165,0,0,0.0,0.0,[],0.11905517429113388,0.01819951832294464,0.07621287554502487,0.11824549734592438,0.01163911260664463,0.09299436956644058,0.11429206281900406,-0.06194048747420311,0.07915903627872467
364.8,COMPLETE,12,HOME_DESCENT,1.0,0.8927,138.5322,0.0,True,NORMAL,MONITOR,False,{},"[""uav2"", ""uav1"", ""uav0""]",limited,True,{},NONE,NORMAL,SAFE,1.0,IDLE,0.0,0.0,0.0,,,0.0,False,avoidance not required,,{},,,,,,,,,,,3,fleet initializing,3.297,14.247,0.165,0,0,0.0,0.0,[],0.11655981838703156,0.01855289936065674,0.07532212883234024,0.12017372250556946,0.011330642737448215,0.09706909209489822,0.11515602469444275,-0.061878785490989685,0.07988076657056808
365.0,COMPLETE,12,HOME_DESCENT,1.0,0.8927,138.5322,0.0,True,NORMAL,MONITOR,False,{},"[""uav2"", ""uav1"", ""uav0""]",limited,True,{},NONE,NORMAL,SAFE,1.0,IDLE,0.0,0.0,0.0,,,0.0,False,avoidance not required,,{},,,,,,,,,,,3,fleet initializing,3.296,14.246,0.165,0,0,0.0,0.0,[],0.11542747169733047,0.016939697787165642,0.07712244242429733,0.12043175101280212,0.01595030538737774,0.0914786159992218,0.11541932821273804,-0.06065210700035095,0.07839334011077881
365.2,COMPLETE,12,HOME_DESCENT,1.0,0.8925,138.5067,0.0,True,NORMAL,MONITOR,False,{},"[""uav2"", ""uav1"", ""uav0""]",limited,True,{},NONE,NORMAL,SAFE,1.0,IDLE,0.0,0.0,0.0,,,0.0,False,avoidance not required,,{},,,,,,,,,,,3,fleet initializing,3.296,14.245,0.165,0,0,0.0,0.0,[],0.1133582666516304,0.020503854379057884,0.074795663356781,0.12022670358419418,0.019040485844016075,0.08804396539926529,0.11608469486236572,-0.06202944368124008,0.07853317260742188
365.4,COMPLETE,12,HOME_DESCENT,1.0,0.8925,138.5067,0.0,True,NORMAL,MONITOR,False,{},"[""uav2"", ""uav1"", ""uav0""]",limited,True,{},NONE,NORMAL,SAFE,1.0,IDLE,0.0,0.0,0.0,,,0.0,False,avoidance not required,,{},,,,,,,,,,,3,fleet initializing,3.297,14.245,0.166,0,0,0.0,0.0,[],0.11264973878860474,0.020908640697598457,0.07497330009937286,0.12075410783290863,0.019323445856571198,0.08844789862632751,0.11630924791097641,-0.06475730240345001,0.07755199819803238
365.6,COMPLETE,12,HOME_DESCENT,1.0,0.8924,138.4813,0.0,True,NORMAL,MONITOR,False,{},"[""uav2"", ""uav1"", ""uav0""]",limited,True,{},NONE,NORMAL,SAFE,1.0,IDLE,0.0,0.0,0.0,,,0.0,False,avoidance not required,,{},,,,,,,,,,,3,fleet initializing,3.297,14.247,0.168,0,0,0.0,0.0,[],0.1163053810596466,0.022017737850546837,0.07234583050012589,0.1198132261633873,0.020189909264445305,0.08302967250347137,0.11684061586856842,-0.06804623454809189,0.0787087082862854
365.8,COMPLETE,12,HOME_DESCENT,1.0,0.8924,138.4813,0.0,True,NORMAL,MONITOR,False,{},"[""uav2"", ""uav1"", ""uav0""]",limited,True,{},NONE,NORMAL,SAFE,1.0,IDLE,0.0,0.0,0.0,,,0.0,False,avoidance not required,,{},,,,,,,,,,,3,fleet initializing,3.298,14.249,0.169,0,0,0.0,0.0,[],0.11915767192840576,0.021180424839258194,0.07393090426921844,0.1171177476644516,0.01962517760694027,0.07219606637954712,0.11632572114467621,-0.06975677609443665,0.07409214228391647
366.0,COMPLETE,12,HOME_DESCENT,1.0,0.8924,138.4813,0.0,True,NORMAL,MONITOR,False,{},"[""uav2"", ""uav1"", ""uav0""]",limited,True,{},NONE,NORMAL,SAFE,1.0,IDLE,0.0,0.0,0.0,,,0.0,False,avoidance not required,,{},,,,,,,,,,,3,fleet initializing,3.298,14.251,0.172,0,0,0.0,0.0,[],0.1197594478726387,0.01924087665975094,0.07347914576530457,0.11623004078865051,0.01774635724723339,0.06706763058900833,0.11662684381008148,-0.07176974415779114,0.07264295220375061
366.2,COMPLETE,12,HOME_DESCENT,1.0,0.8923,138.4559,0.0,True,NORMAL,MONITOR,False,{},"[""uav2"", ""uav1"", ""uav0""]",limited,True,{},NONE,NORMAL,SAFE,1.0,IDLE,0.0,0.0,0.0,,,0.0,False,avoidance not required,,{},,,,,,,,,,,3,fleet initializing,3.296,14.252,0.174,0,0,0.0,0.0,[],0.1209731325507164,0.016640955582261086,0.07473720610141754,0.11562231928110123,0.017488960176706314,0.0640449970960617,0.11630444973707199,-0.06903959065675735,0.07021577656269073
366.4,COMPLETE,12,HOME_DESCENT,1.0,0.8923,138.4559,0.0,True,NORMAL,MONITOR,False,{},"[""uav2"", ""uav1"", ""uav0""]",limited,True,{},NONE,NORMAL,SAFE,1.0,IDLE,0.0,0.0,0.0,,,0.0,False,avoidance not required,,{},,,,,,,,,,,3,fleet initializing,3.295,14.250,0.174,0,0,0.0,0.0,[],0.12050812691450119,0.01837967522442341,0.07213036715984344,0.11617079377174377,0.015781400725245476,0.06369210034608841,0.11687642335891724,-0.06892474740743637,0.07183831930160522
366.6,COMPLETE,12,HOME_DESCENT,1.0,0.8922,138.4306,0.0,True,NORMAL,MONITOR,False,{},"[""uav2"", ""uav1"", ""uav0""]",limited,True,{},NONE,NORMAL,SAFE,1.0,IDLE,0.0,0.0,0.0,,,0.0,False,avoidance not required,,{},,,,,,,,,,,3,fleet initializing,3.296,14.250,0.174,0,0,0.0,0.0,[],0.12131492048501968,0.017885783687233925,0.07386916875839233,0.11897936463356018,0.017546186223626137,0.06413117796182632,0.11669592559337616,-0.06756261736154556,0.07110550999641418
366.8,COMPLETE,12,HOME_DESCENT,1.0,0.8922,138.4306,0.0,True,NORMAL,MONITOR,False,{},"[""uav2"", ""uav1"", ""uav0""]",limited,True,{},NONE,NORMAL,SAFE,1.0,IDLE,0.0,0.0,0.0,,,0.0,False,avoidance not required,,{},,,,,,,,,,,3,fleet initializing,3.298,14.249,0.173,0,0,0.0,0.0,[],0.12071350961923599,0.01859641633927822,0.07180476933717728,0.1210947334766388,0.017265725880861282,0.06531878560781479,0.11734532564878464,-0.06789261102676392,0.072005994617939
367.0,COMPLETE,12,HOME_DESCENT,1.0,0.8922,138.4306,0.0,True,NORMAL,MONITOR,False,{},"[""uav2"", ""uav1"", ""uav0""]",limited,True,{},NONE,NORMAL,SAFE,1.0,IDLE,0.0,0.0,0.0,,,0.0,False,avoidance not required,,{},,,,,,,,,,,3,fleet initializing,3.297,14.249,0.173,0,0,0.0,0.0,[],0.12102160602807999,0.016537487506866455,0.07059638202190399,0.12216705083847046,0.01633228175342083,0.059513941407203674,0.11821269989013672,-0.06319653242826462,0.07021870464086533
367.2,COMPLETE,12,HOME_DESCENT,1.0,0.892,138.4053,0.0,True,NORMAL,MONITOR,False,{},"[""uav2"", ""uav1"", ""uav0""]",limited,True,{},NONE,NORMAL,SAFE,1.0,IDLE,0.0,0.0,0.0,,,0.0,False,avoidance not required,,{},,,,,,,,,,,3,fleet initializing,3.297,14.245,0.173,0,0,0.0,0.0,[],0.1217067763209343,0.013805264607071877,0.07066421955823898,0.12299514561891556,0.014381375163793564,0.05744333937764168,0.11855313181877136,-0.06192867085337639,0.06947655230760574
367.4,COMPLETE,12,HOME_DESCENT,1.0,0.892,138.4053,0.0,True,NORMAL,MONITOR,False,{},"[""uav2"", ""uav1"", ""uav0""]",limited,True,{},NONE,NORMAL,SAFE,1.0,IDLE,0.0,0.0,0.0,,,0.0,False,avoidance not required,,{},,,,,,,,,,,3,fleet initializing,3.296,14.244,0.174,0,0,0.0,0.0,[],0.12252206355333328,0.013626505620777607,0.07075084745883942,0.12221809476613998,0.01615394651889801,0.05222636088728905,0.11643461883068085,-0.06166777387261391,0.06701362133026123
367.6,COMPLETE,12,HOME_DESCENT,1.0,0.8919,138.38,0.0,True,NORMAL,MONITOR,False,{},"[""uav2"", ""uav1"", ""uav0""]",limited,True,{},NONE,NORMAL,SAFE,1.0,IDLE,0.0,0.0,0.0,,,0.0,False,avoidance not required,,{},,,,,,,,,,,3,fleet initializing,3.295,14.245,0.178,0,0,0.0,0.0,[],0.12187781184911728,0.014401702210307121,0.06790073215961456,0.12120360881090164,0.017513645812869072,0.04369335621595383,0.11621444672346115,-0.06107605621218681,0.06644773483276367
367.8,COMPLETE,12,HOME_DESCENT,1.0,0.8919,138.38,0.0,True,NORMAL,MONITOR,False,{},"[""uav2"", ""uav1"", ""uav0""]",limited,True,{},NONE,NORMAL,SAFE,1.0,IDLE,0.0,0.0,0.0,,,0.0,False,avoidance not required,,{},,,,,,,,,,,3,fleet initializing,3.296,14.245,0.183,0,0,0.0,0.0,[],0.12140385061502457,0.013397696428000927,0.06593292951583862,0.12082938104867935,0.01671775057911873,0.03813226521015167,0.11598554253578186,-0.061855483800172806,0.06706467270851135
368.0,COMPLETE,12,HOME_DESCENT,1.0,0.8919,138.38,0.0,True,NORMAL,MONITOR,False,{},"[""uav2"", ""uav1"", ""uav0""]",limited,True,{},NONE,NORMAL,SAFE,1.0,IDLE,0.0,0.0,0.0,,,0.0,False,avoidance not required,,{},,,,,,,,,,,3,fleet initializing,3.296,14.245,0.188,0,0,0.0,0.0,[],0.12363225966691971,0.013629863038659096,0.06311279535293579,0.12009361386299133,0.01711864396929741,0.03586208075284958,0.11545218527317047,-0.060257527977228165,0.06665649265050888
368.2,COMPLETE,12,HOME_DESCENT,1.0,0.8918,138.3548,0.0,True,NORMAL,MONITOR,False,{},"[""uav2"", ""uav1"", ""uav0""]",limited,True,{},NONE,NORMAL,SAFE,1.0,IDLE,0.0,0.0,0.0,,,0.0,False,avoidance not required,,{},,,,,,,,,,,3,fleet initializing,3.296,14.245,0.188,0,0,0.0,0.0,[],0.12536980211734772,0.012036050669848919,0.06092410907149315,0.11946354061365128,0.01584087312221527,0.03584715723991394,0.11528126895427704,-0.06061623618006706,0.06790626049041748
368.4,COMPLETE,12,HOME_DESCENT,1.0,0.8918,138.3548,0.0,True,NORMAL,MONITOR,False,{},"[""uav2"", ""uav1"", ""uav0""]",limited,True,{},NONE,NORMAL,SAFE,1.0,IDLE,0.0,0.0,0.0,,,0.0,False,avoidance not required,,{},,,,,,,,,,,3,fleet initializing,3.294,14.245,0.188,0,0,0.0,0.0,[],0.1220661923289299,0.012475717812776566,0.05832768976688385,0.12029187381267548,0.016079971566796303,0.032843589782714844,0.11625926941633224,-0.060344014316797256,0.06902062147855759
368.6,COMPLETE,12,HOME_DESCENT,1.0,0.8916,138.3296,0.0,True,NORMAL,MONITOR,False,{},"[""uav2"", ""uav1"", ""uav0""]",limited,True,{},NONE,NORMAL,SAFE,1.0,IDLE,0.0,0.0,0.0,,,0.0,False,avoidance not required,,{},,,,,,,,,,,3,fleet initializing,3.297,14.244,0.191,0,0,0.0,0.0,[],0.11984577775001526,0.010870257392525673,0.05893922597169876,0.1205449253320694,0.014889240264892578,0.03254810348153114,0.1163531020283699,-0.061390090733766556,0.06940892338752747
368.8,COMPLETE,12,HOME_DESCENT,1.0,0.8916,138.3296,0.0,True,NORMAL,MONITOR,False,{},"[""uav2"", ""uav1"", ""uav0""]",limited,True,{},NONE,NORMAL,SAFE,1.0,IDLE,0.0,0.0,0.0,,,0.0,False,avoidance not required,,{},,,,,,,,,,,3,fleet initializing,3.297,14.245,0.191,0,0,0.0,0.0,[],0.11831982433795929,0.013154454529285431,0.05625960975885391,0.12012988328933716,0.01542253140360117,0.033333469182252884,0.11464502662420273,-0.061057962477207184,0.06500770896673203
369.0,COMPLETE,12,HOME_DESCENT,1.0,0.8916,138.3296,0.0,True,NORMAL,MONITOR,False,{},"[""uav2"", ""uav1"", ""uav0""]",limited,True,{},NONE,NORMAL,SAFE,1.0,IDLE,0.0,0.0,0.0,,,0.0,False,avoidance not required,,{},,,,,,,,,,,3,fleet initializing,3.296,14.246,0.190,0,0,0.0,0.0,[],0.11708948016166687,0.012901601381599903,0.05647796019911766,0.11939059942960739,0.014802382327616215,0.0337655209004879,0.11320240795612335,-0.061856888234615326,0.06250324845314026
369.2,COMPLETE,12,HOME_DESCENT,1.0,0.8915,138.3044,0.0,True,NORMAL,MONITOR,False,{},"[""uav2"", ""uav1"", ""uav0""]",limited,True,{},NONE,NORMAL,SAFE,1.0,IDLE,0.0,0.0,0.0,,,0.0,False,avoidance not required,,{},,,,,,,,,,,3,fleet initializing,3.295,14.247,0.189,0,0,0.0,0.0,[],0.11625318229198456,0.010789311490952969,0.05382074788212776,0.11842580884695053,0.017388595268130302,0.035202424973249435,0.11247049272060394,-0.06123436614871025,0.05880383029580116
369.4,COMPLETE,12,HOME_DESCENT,1.0,0.8915,138.3044,0.0,True,NORMAL,MONITOR,False,{},"[""uav2"", ""uav1"", ""uav0""]",limited,True,{},NONE,NORMAL,SAFE,1.0,IDLE,0.0,0.0,0.0,,,0.0,False,avoidance not required,,{},,,,,,,,,,,3,fleet initializing,3.295,14.247,0.188,0,0,0.0,0.0,[],0.11512503027915955,0.00809422880411148,0.0524984672665596,0.11771532893180847,0.018108651041984558,0.03435622528195381,0.11102936416864395,-0.06149166077375412,0.05717163532972336
369.6,COMPLETE,12,HOME_DESCENT,1.0,0.8914,138.2793,0.0,True,NORMAL,MONITOR,False,{},"[""uav2"", ""uav1"", ""uav0""]",limited,True,{},NONE,NORMAL,SAFE,1.0,IDLE,0.0,0.0,0.0,,,0.0,False,avoidance not required,,{},,,,,,,,,,,3,fleet initializing,3.294,14.249,0.188,0,0,0.0,0.0,[],0.11477714031934738,0.008748243562877178,0.0496862456202507,0.11756973713636398,0.020897729322314262,0.034041501581668854,0.10727821290493011,-0.06024077534675598,0.05792931094765663
369.8,COMPLETE,12,HOME_DESCENT,1.0,0.8914,138.2793,0.0,True,NORMAL,MONITOR,False,{},"[""uav2"", ""uav1"", ""uav0""]",limited,True,{},NONE,NORMAL,SAFE,1.0,IDLE,0.0,0.0,0.0,,,0.0,False,avoidance not required,,{},,,,,,,,,,,3,fleet initializing,3.291,14.250,0.189,0,0,0.0,0.0,[],0.11422108858823776,0.007771572098135948,0.04693449288606644,0.1172092854976654,0.021791614592075348,0.03205091506242752,0.10479863733053207,-0.06036987900733948,0.057888299226760864
370.0,COMPLETE,12,HOME_DESCENT,1.0,0.8914,138.2793,0.0,True,NORMAL,MONITOR,False,{},"[""uav2"", ""uav1"", ""uav0""]",limited,True,{},NONE,NORMAL,SAFE,1.0,IDLE,0.0,0.0,0.0,,,0.0,False,avoidance not required,,{},,,,,,,,,,,3,fleet initializing,3.289,14.252,0.190,0,0,0.0,0.0,[],0.11797050386667252,0.00904669426381588,0.0404990054666996,0.11713539063930511,0.02270321547985077,0.02318412810564041,0.1038329154253006,-0.06094266474246979,0.05544279143214226
370.2,COMPLETE,12,HOME_DESCENT,1.0,0.8913,138.2543,0.0,True,NORMAL,MONITOR,False,{},"[""uav2"", ""uav1"", ""uav0""]",limited,True,{},NONE,NORMAL,SAFE,1.0,IDLE,0.0,0.0,0.0,,,0.0,False,avoidance not required,,{},,,,,,,,,,,3,fleet initializing,3.288,14.253,0.197,0,0,0.0,0.0,[],0.11992448568344116,0.00848827138543129,0.035952553153038025,0.1170259341597557,0.022455284371972084,0.017675625160336494,0.10309531539678574,-0.06213616952300072,0.05120942369103432
370.4,COMPLETE,12,HOME_DESCENT,1.0,0.8913,138.2543,0.0,True,NORMAL,MONITOR,False,{},"[""uav2"", ""uav1"", ""uav0""]",limited,True,{},NONE,NORMAL,SAFE,1.0,IDLE,0.0,0.0,0.0,,,0.0,False,avoidance not required,,{},,,,,,,,,,,3,fleet initializing,3.287,14.255,0.201,0,0,0.0,0.0,[],0.12069952487945557,0.009907429106533527,0.02546721138060093,0.11746375262737274,0.024621684104204178,0.015118652023375034,0.10367424041032791,-0.06314080208539963,0.04706403240561485
370.6,COMPLETE,12,HOME_DESCENT,1.0,0.8911,138.2292,0.0,True,NORMAL,MONITOR,False,{},"[""uav2"", ""uav1"", ""uav0""]",limited,True,{},NONE,NORMAL,SAFE,1.0,IDLE,0.0,0.0,0.0,,,0.0,False,avoidance not required,,{},,,,,,,,,,,3,fleet initializing,3.288,14.255,0.204,0,0,0.0,0.0,[],0.12115651369094849,0.009448074735701084,0.019198782742023468,0.11756441742181778,0.025472871959209442,0.012828039936721325,0.10384750366210938,-0.06442686915397644,0.04452477768063545
370.8,COMPLETE,12,HOME_DESCENT,1.0,0.8911,138.2292,0.0,True,NORMAL,MONITOR,False,{},"[""uav2"", ""uav1"", ""uav0""]",limited,True,{},NONE,NORMAL,SAFE,1.0,IDLE,0.0,0.0,0.0,,,0.0,False,avoidance not required,,{},,,,,,,,,,,3,fleet initializing,3.288,14.256,0.206,0,0,0.0,0.0,[],0.11439315229654312,0.01261581014841795,0.01833646185696125,0.11762916296720505,0.02605213224887848,0.009333895519375801,0.1045427918434143,-0.0641108974814415,0.03808973357081413
371.0,COMPLETE,12,HOME_DESCENT,1.0,0.8911,138.2292,0.0,True,NORMAL,MONITOR,False,{},"[""uav2"", ""uav1"", ""uav0""]",limited,True,{},NONE,NORMAL,SAFE,1.0,IDLE,0.0,0.0,0.0,,,0.0,False,avoidance not required,,{},,,,,,,,,,,3,fleet initializing,3.288,14.255,0.209,0,0,0.0,0.0,[],0.10998768359422684,0.013553207740187645,0.017091481015086174,0.11758679896593094,0.026390479877591133,0.006839494686573744,0.1048974022269249,-0.0644199475646019,0.03243419900536537
371.2,COMPLETE,12,HOME_DESCENT,1.0,0.891,138.2042,0.0,True,NORMAL,MONITOR,False,{},"[""uav2"", ""uav1"", ""uav0""]",limited,True,{},NONE,NORMAL,SAFE,1.0,IDLE,0.0,0.0,0.0,,,0.0,False,avoidance not required,,{},,,,,,,,,,,3,fleet initializing,3.289,14.255,0.211,0,0,0.0,0.0,[],0.1091323122382164,0.015228611417114735,0.010277597233653069,0.11739527434110641,0.026736384257674217,0.0077875833958387375,0.10550864785909653,-0.06337473541498184,0.02635650895535946
371.4,COMPLETE,12,HOME_DESCENT,1.0,0.891,138.2042,0.0,True,NORMAL,MONITOR,False,{},"[""uav2"", ""uav1"", ""uav0""]",limited,True,{},NONE,NORMAL,SAFE,1.0,IDLE,0.0,0.0,0.0,,,0.0,False,avoidance not required,,{},,,,,,,,,,,3,fleet initializing,3.289,14.254,0.210,0,0,0.0,0.0,[],0.10823698341846466,0.01577293872833252,0.006139143370091915,0.1172938197851181,0.02752179279923439,0.006073745898902416,0.10520118474960327,-0.06284739077091217,0.022909773513674736
371.6,COMPLETE,12,HOME_DESCENT,1.0,0.8909,138.1791,0.0,True,NORMAL,MONITOR,False,{},"[""uav2"", ""uav1"", ""uav0""]",limited,True,{},NONE,NORMAL,SAFE,1.0,IDLE,0.0,0.0,0.0,,,0.0,False,avoidance not required,,{},,,,,,,,,,,3,fleet initializing,3.289,14.254,0.212,0,0,0.0,0.0,[],0.10845412313938141,0.01527272816747427,0.0012154564028605819,0.11705884337425232,0.030943792313337326,0.004483790602535009,0.10236737877130508,-0.06172577664256096,0.01810193993151188
371.8,COMPLETE,12,HOME_DESCENT,1.0,0.8909,138.1791,0.0,True,NORMAL,MONITOR,False,{},"[""uav2"", ""uav1"", ""uav0""]",limited,True,{},NONE,NORMAL,SAFE,1.0,IDLE,0.0,0.0,0.0,,,0.0,False,avoidance not required,,{},,,,,,,,,,,3,fleet initializing,3.287,14.255,0.213,0,0,0.0,0.0,[],0.10826125741004944,0.01494135707616806,-0.0037126203533262014,0.11693552881479263,0.03336528688669205,0.0011094302171841264,0.10053091496229172,-0.06064442917704582,0.014666467905044556
372.0,COMPLETE,12,HOME_DESCENT,1.0,0.8909,138.1791,0.0,True,NORMAL,MONITOR,False,{},"[""uav2"", ""uav1"", ""uav0""]",limited,True,{},NONE,NORMAL,SAFE,1.0,IDLE,0.0,0.0,0.0,,,0.0,False,avoidance not required,,{},,,,,,,,,,,3,fleet initializing,3.285,14.255,0.216,0,0,0.0,0.0,[],0.10558033734560013,0.017215365543961525,-0.005854576360434294,0.11851531267166138,0.036893460899591446,-0.001368756522424519,0.10038696974515915,-0.05672933906316757,0.011507833376526833
372.2,COMPLETE,12,HOME_DESCENT,1.0,0.8908,138.154,0.0,True,NORMAL,MONITOR,False,{},"[""uav2"", ""uav1"", ""uav0""]",limited,True,{},NONE,NORMAL,SAFE,1.0,IDLE,0.0,0.0,0.0,,,0.0,False,avoidance not required,,{},,,,,,,,,,,3,fleet initializing,3.283,14.253,0.220,0,0,0.0,0.0,[],0.10340268164873123,0.018313152715563774,-0.009302583523094654,0.11962292343378067,0.03941715508699417,-0.0033042188733816147,0.10017012804746628,-0.05488026514649391,0.007833504118025303
372.4,COMPLETE,12,HOME_DESCENT,1.0,0.8908,138.154,0.0,True,NORMAL,MONITOR,False,{},"[""uav2"", ""uav1"", ""uav0""]",limited,True,{},NONE,NORMAL,SAFE,1.0,IDLE,0.0,0.0,0.0,,,0.0,False,avoidance not required,,{},,,,,,,,,,,3,fleet initializing,3.282,14.252,0.222,0,0,0.0,0.0,[],0.10575978457927704,0.02259860374033451,-0.011286478489637375,0.11763787269592285,0.04256138205528259,-2.7217247406952083e-05,0.10117633640766144,-0.055904828011989594,0.005685052834451199
372.6,COMPLETE,12,HOME_DESCENT,1.0,0.8906,138.129,0.0,True,NORMAL,MONITOR,False,{},"[""uav2"", ""uav1"", ""uav0""]",limited,True,{},NONE,NORMAL,SAFE,1.0,IDLE,0.0,0.0,0.0,,,0.0,False,avoidance not required,,{},,,,,,,,,,,3,fleet initializing,3.285,14.252,0.220,0,0,0.0,0.0,[],0.10697466880083084,0.024966657161712646,-0.01350080594420433,0.11713655292987823,0.04467371851205826,0.00248340074904263,0.10185477882623672,-0.05677400156855583,0.004776867106556892
372.8,COMPLETE,12,HOME_DESCENT,1.0,0.8906,138.129,0.0,True,NORMAL,MONITOR,False,{},"[""uav2"", ""uav1"", ""uav0""]",limited,True,{},NONE,NORMAL,SAFE,1.0,IDLE,0.0,0.0,0.0,,,0.0,False,avoidance not required,,{},,,,,,,,,,,3,fleet initializing,3.290,14.251,0.220,0,0,0.0,0.0,[],0.11013925075531006,0.025670504197478294,-0.009050392545759678,0.11491934210062027,0.04545701667666435,0.005055047105997801,0.10325352102518082,-0.057459812611341476,0.0056497869081795216
373.0,COMPLETE,12,HOME_DESCENT,1.0,0.8906,138.129,0.0,True,NORMAL,MONITOR,False,{},"[""uav2"", ""uav1"", ""uav0""]",limited,True,{},NONE,NORMAL,SAFE,1.0,IDLE,0.0,0.0,0.0,,,0.0,False,avoidance not required,,{},,,,,,,,,,,3,fleet initializing,3.290,14.251,0.220,0,0,0.0,0.0,[],0.11233362555503845,0.025658870115876198,-0.006076666992157698,0.1146206185221672,0.0461818091571331,0.004175563342869282,0.10453540831804276,-0.05797047168016434,0.006664631888270378
373.2,COMPLETE,12,HOME_DESCENT,1.0,0.8905,138.1039,0.0,True,NORMAL,MONITOR,False,{},"[""uav2"", ""uav1"", ""uav0""]",limited,True,{},NONE,NORMAL,SAFE,1.0,IDLE,0.0,0.0,0.0,,,0.0,False,avoidance not required,,{},,,,,,,,,,,3,fleet initializing,3.292,14.251,0.219,0,0,0.0,0.0,[],0.11411745101213455,0.028851013630628586,-0.002657662844285369,0.11607712507247925,0.046190906316041946,0.003160532098263502,0.10587609559297562,-0.055737417191267014,0.007296163588762283
373.4,COMPLETE,12,HOME_DESCENT,1.0,0.8905,138.1039,0.0,True,NORMAL,MONITOR,False,{},"[""uav2"", ""uav1"", ""uav0""]",limited,True,{},NONE,NORMAL,SAFE,1.0,IDLE,0.0,0.0,0.0,,,0.0,False,avoidance not required,,{},,,,,,,,,,,3,fleet initializing,3.291,14.248,0.217,0,0,0.0,0.0,[],0.11602549999952316,0.030560286715626717,-0.0026335318107157946,0.11644958704710007,0.044777244329452515,0.0027751729357987642,0.1072131022810936,-0.054830845445394516,0.007591938599944115
373.6,COMPLETE,12,HOME_DESCENT,1.0,0.8904,138.0788,0.0,True,NORMAL,MONITOR,False,{},"[""uav2"", ""uav1"", ""uav0""]",limited,True,{},NONE,NORMAL,SAFE,1.0,IDLE,0.0,0.0,0.0,,,0.0,False,avoidance not required,,{},,,,,,,,,,,3,fleet initializing,3.292,14.247,0.219,0,0,0.0,0.0,[],0.11668148636817932,0.030619395896792412,-0.0027753959875553846,0.11810063570737839,0.04422282800078392,1.0494803063920699e-05,0.10878898948431015,-0.05477173253893852,0.006844887975603342
373.8,COMPLETE,12,HOME_DESCENT,1.0,0.8904,138.0788,0.0,True,NORMAL,MONITOR,False,{},"[""uav2"", ""uav1"", ""uav0""]",limited,True,{},NONE,NORMAL,SAFE,1.0,IDLE,0.0,0.0,0.0,,,0.0,False,avoidance not required,,{},,,,,,,,,,,3,fleet initializing,3.292,14.245,0.220,0,0,0.0,0.0,[],0.11827605962753296,0.030308052897453308,-0.003759259358048439,0.12013652175664902,0.04247962683439255,-0.0007182327681221068,0.10941024124622345,-0.05466253310441971,0.0050902701914310455
374.0,COMPLETE,12,HOME_DESCENT,1.0,0.8904,138.0788,0.0,True,NORMAL,MONITOR,False,{},"[""uav2"", ""uav1"", ""uav0""]",limited,True,{},NONE,NORMAL,SAFE,1.0,IDLE,0.0,0.0,0.0,,,0.0,False,avoidance not required,,{},,,,,,,,,,,3,fleet initializing,3.291,14.245,0.221,0,0,0.0,0.0,[],0.12007898837327957,0.029856497421860695,-0.0046427021734416485,0.12279859930276871,0.04137824848294258,-0.004110886715352535,0.11077035218477249,-0.05503721907734871,0.0023003991227597
374.2,COMPLETE,12,HOME_DESCENT,1.0,0.8903,138.0537,0.0,True,NORMAL,MONITOR,False,{},"[""uav2"", ""uav1"", ""uav0""]",limited,True,{},NONE,NORMAL,SAFE,1.0,IDLE,0.0,0.0,0.0,,,0.0,False,avoidance not required,,{},,,,,,,,,,,3,fleet initializing,3.289,14.244,0.225,0,0,0.0,0.0,[],0.1226133480668068,0.029247580096125603,-0.007533732336014509,0.12295800447463989,0.03639156371355057,-0.00928837712854147,0.11142370104789734,-0.055097658187150955,0.00012893603707198054
374.4,COMPLETE,12,HOME_DESCENT,1.0,0.8903,138.0537,0.0,True,NORMAL,MONITOR,False,{},"[""uav2"", ""uav1"", ""uav0""]",limited,True,{},NONE,NORMAL,SAFE,1.0,IDLE,0.0,0.0,0.0,,,0.0,False,avoidance not required,,{},,,,,,,,,,,3,fleet initializing,3.290,14.244,0.229,0,0,0.0,0.0,[],0.12297000735998154,0.028723711147904396,-0.01030521560460329,0.12437473237514496,0.03325590491294861,-0.015171896666288376,0.1128997802734375,-0.05546025559306145,-0.0021787649020552635
374.6,COMPLETE,12,HOME_DESCENT,1.0,0.8901,138.0286,0.0,True,NORMAL,MONITOR,False,{},"[""uav2"", ""uav1"", ""uav0""]",limited,True,{},NONE,NORMAL,SAFE,1.0,IDLE,0.0,0.0,0.0,,,0.0,False,avoidance not required,,{},,,,,,,,,,,3,fleet initializing,3.290,14.243,0.234,0,0,0.0,0.0,[],0.12486757338047028,0.028045551851391792,-0.014366677962243557,0.12252563238143921,0.031015995889902115,-0.017100118100643158,0.11313948035240173,-0.05498339980840683,-0.0015812647761777043
374.8,COMPLETE,12,HOME_DESCENT,1.0,0.8901,138.0286,0.0,True,NORMAL,MONITOR,False,{},"[""uav2"", ""uav1"", ""uav0""]",limited,True,{},NONE,NORMAL,SAFE,1.0,IDLE,0.0,0.0,0.0,,,0.0,False,avoidance not required,,{},,,,,,,,,,,3,fleet initializing,3.292,14.242,0.234,0,0,0.0,0.0,[],0.12627623975276947,0.027474813163280487,-0.017045682296156883,0.12246612459421158,0.029207240790128708,-0.019427012652158737,0.11437557637691498,-0.055369783192873,-0.0026847755070775747
375.0,COMPLETE,12,HOME_DESCENT,1.0,0.8901,138.0286,0.0,True,NORMAL,MONITOR,False,{},"[""uav2"", ""uav1"", ""uav0""]",limited,True,{},NONE,NORMAL,SAFE,1.0,IDLE,0.0,0.0,0.0,,,0.0,False,avoidance not required,,{},,,,,,,,,,,3,fleet initializing,3.293,14.242,0.236,0,0,0.0,0.0,[],0.1288505345582962,0.026535646989941597,-0.020785745233297348,0.11777999997138977,0.02671007625758648,-0.0222715362906456,0.11415911465883255,-0.055384114384651184,-0.0007695186650380492
375.2,COMPLETE,12,HOME_DESCENT,1.0,0.89,138.0035,0.0,True,NORMAL,MONITOR,False,{},"[""uav2"", ""uav1"", ""uav0""]",limited,True,{},NONE,NORMAL,SAFE,1.0,IDLE,0.0,0.0,0.0,,,0.0,False,avoidance not required,,{},,,,,,,,,,,3,fleet initializing,3.289,14.242,0.240,0,0,0.0,0.0,[],0.1263517588376999,0.026052212342619896,-0.01654660329222679,0.1161985695362091,0.02456636354327202,-0.025994570925831795,0.11519233882427216,-0.05559803545475006,-0.0030155566055327654
375.4,COMPLETE,12,HOME_DESCENT,1.0,0.89,138.0035,0.0,True,NORMAL,MONITOR,False,{},"[""uav2"", ""uav1"", ""uav0""]",limited,True,{},NONE,NORMAL,SAFE,1.0,IDLE,0.0,0.0,0.0,,,0.0,False,avoidance not required,,{},,,,,,,,,,,3,fleet initializing,3.290,14.241,0.238,0,0,0.0,0.0,[],0.12634839117527008,0.02548815868794918,-0.018299033865332603,0.11454243957996368,0.02397053688764572,-0.02959192357957363,0.11667424440383911,-0.05518073961138725,-0.002916830824688077
375.6,COMPLETE,12,HOME_DESCENT,1.0,0.8899,137.9784,0.0,True,NORMAL,MONITOR,False,{},"[""uav2"", ""uav1"", ""uav0""]",limited,True,{},NONE,NORMAL,SAFE,1.0,IDLE,0.0,0.0,0.0,,,0.0,False,avoidance not required,,{},,,,,,,,,,,3,fleet initializing,3.288,14.240,0.240,0,0,0.0,0.0,[],0.12685127556324005,0.02504962496459484,-0.017388654872775078,0.11434534192085266,0.023192616179585457,-0.03505751118063927,0.11841024458408356,-0.054971612989902496,-0.005114660132676363
375.8,COMPLETE,12,HOME_DESCENT,1.0,0.8899,137.9784,0.0,True,NORMAL,MONITOR,False,{},"[""uav2"", ""uav1"", ""uav0""]",limited,True,{},NONE,NORMAL,SAFE,1.0,IDLE,0.0,0.0,0.0,,,0.0,False,avoidance not required,,{},,,,,,,,,,,3,fleet initializing,3.288,14.239,0.245,0,0,0.0,0.0,[],0.1286771148443222,0.024356484413146973,-0.020665079355239868,0.11711487919092178,0.024916714057326317,-0.03548620641231537,0.11820375919342041,-0.052387844771146774,-0.004249520134180784
376.0,COMPLETE,12,HOME_DESCENT,1.0,0.8899,137.9784,0.0,True,NORMAL,MONITOR,False,{},"[""uav2"", ""uav1"", ""uav0""]",limited,True,{},NONE,NORMAL,SAFE,1.0,IDLE,0.0,0.0,0.0,,,0.0,False,avoidance not required,,{},,,,,,,,,,,3,fleet initializing,3.288,14.237,0.247,0,0,0.0,0.0,[],0.12961772084236145,0.02609364502131939,-0.02517550252377987,0.11907239258289337,0.025562545284628868,-0.03849101811647415,0.11889976263046265,-0.05115397274494171,-0.00788334384560585
376.2,COMPLETE,12,HOME_DESCENT,1.0,0.8898,137.9533,0.0,True,NORMAL,MONITOR,False,{},"[""uav2"", ""uav1"", ""uav0""]",limited,True,{},NONE,NORMAL,SAFE,1.0,IDLE,0.0,0.0,0.0,,,0.0,False,avoidance not required,,{},,,,,,,,,,,3,fleet initializing,3.289,14.236,0.250,0,0,0.0,0.0,[],0.13198330998420715,0.028487490490078926,-0.02594631165266037,0.11871722340583801,0.024230780079960823,-0.03795817866921425,0.11959538608789444,-0.04999624192714691,-0.008945989422500134
376.4,COMPLETE,12,HOME_DESCENT,1.0,0.8898,137.9533,0.0,True,NORMAL,MONITOR,False,{},"[""uav2"", ""uav1"", ""uav0""]",limited,True,{},NONE,NORMAL,SAFE,1.0,IDLE,0.0,0.0,0.0,,,0.0,False,avoidance not required,,{},,,,,,,,,,,3,fleet initializing,3.287,14.234,0.249,0,0,0.0,0.0,[],0.13431857526302338,0.02988502010703087,-0.029421305283904076,0.11838699877262115,0.023112481459975243,-0.039719484746456146,0.12035004794597626,-0.04953887313604355,-0.011270548216998577
376.6,COMPLETE,12,HOME_DESCENT,1.0,0.8896,137.9282,0.0,True,NORMAL,MONITOR,False,{},"[""uav2"", ""uav1"", ""uav0""]",limited,True,{},NONE,NORMAL,SAFE,1.0,IDLE,0.0,0.0,0.0,,,0.0,False,avoidance not required,,{},,,,,,,,,,,3,fleet initializing,3.284,14.234,0.251,0,0,0.0,0.0,[],0.1334817111492157,0.030218522995710373,-0.030332306399941444,0.11735033988952637,0.022741341963410378,-0.034233931452035904,0.1187979131937027,-0.049599356949329376,-0.01109366212040186
376.8,COMPLETE,12,HOME_DESCENT,1.0,0.8896,137.9282,0.0,True,NORMAL,MONITOR,False,{},"[""uav2"", ""uav1"", ""uav0""]",limited,True,{},NONE,NORMAL,SAFE,1.0,IDLE,0.0,0.0,0.0,,,0.0,False,avoidance not required,,{},,,,,,,,,,,3,fleet initializing,3.283,14.236,0.254,0,0,0.0,0.0,[],0.13338887691497803,0.030421441420912743,-0.033497560769319534,0.11616905778646469,0.022237446159124374,-0.03497053310275078,0.11772759258747101,-0.04997079819440842,-0.013198674656450748
377.0,COMPLETE,12,HOME_DESCENT,1.0,0.8896,137.9282,0.0,True,NORMAL,MONITOR,False,{},"[""uav2"", ""uav1"", ""uav0""]",limited,True,{},NONE,NORMAL,SAFE,1.0,IDLE,0.0,0.0,0.0,,,0.0,False,avoidance not required,,{},,,,,,,,,,,3,fleet initializing,3.283,14.236,0.254,0,0,0.0,0.0,[],0.13128836452960968,0.03000301867723465,-0.02972300350666046,0.11516519635915756,0.02244948223233223,-0.040645208209753036,0.11631680279970169,-0.05133570730686188,-0.014029097743332386
377.2,COMPLETE,12,HOME_DESCENT,1.0,0.8895,137.903,0.0,True,NORMAL,MONITOR,False,{},"[""uav2"", ""uav1"", ""uav0""]",limited,True,{},NONE,NORMAL,SAFE,1.0,IDLE,0.0,0.0,0.0,,,0.0,False,avoidance not required,,{},,,,,,,,,,,3,fleet initializing,3.284,14.238,0.250,0,0,0.0,0.0,[],0.12994040548801422,0.02986062690615654,-0.03163507580757141,0.11332415044307709,0.022388814017176628,-0.04453202337026596,0.11434537172317505,-0.052108317613601685,-0.01679963245987892
377.4,COMPLETE,12,HOME_DESCENT,1.0,0.8895,137.903,0.0,True,NORMAL,MONITOR,False,{},"[""uav2"", ""uav1"", ""uav0""]",limited,True,{},NONE,NORMAL,SAFE,1.0,IDLE,0.0,0.0,0.0,,,0.0,False,avoidance not required,,{},,,,,,,,,,,3,fleet initializing,3.283,14.240,0.253,0,0,0.0,0.0,[],0.1277797669172287,0.02953297831118107,-0.03846798464655876,0.11112596094608307,0.022473471239209175,-0.04528755322098732,0.10967497527599335,-0.052684422582387924,-0.013717894442379475
377.6,COMPLETE,12,HOME_DESCENT,1.0,0.8894,137.8779,0.0,True,NORMAL,MONITOR,False,{},"[""uav2"", ""uav1"", ""uav0""]",limited,True,{},NONE,NORMAL,SAFE,1.0,IDLE,0.0,0.0,0.0,,,0.0,False,avoidance not required,,{},,,,,,,,,,,3,fleet initializing,3.283,14.243,0.255,0,0,0.0,0.0,[],0.12567757070064545,0.02956017479300499,-0.043014250695705414,0.10840079188346863,0.0220724456012249,-0.04812569543719292,0.10614302009344101,-0.053145430982112885,-0.013660025782883167
377.8,COMPLETE,12,HOME_DESCENT,1.0,0.8894,137.8779,0.0,True,NORMAL,MONITOR,False,{},"[""uav2"", ""uav1"", ""uav0""]",limited,True,{},NONE,NORMAL,SAFE,1.0,IDLE,0.0,0.0,0.0,,,0.0,False,avoidance not required,,{},,,,,,,,,,,3,fleet initializing,3.283,14.246,0.258,0,0,0.0,0.0,[],0.12240181118249893,0.030726978555321693,-0.0427066907286644,0.1057904064655304,0.022107623517513275,-0.04636203125119209,0.10506900399923325,-0.05369122326374054,-0.012564411386847496
378.0,COMPLETE,12,HOME_DESCENT,1.0,0.8894,137.8779,0.0,True,NORMAL,MONITOR,False,{},"[""uav2"", ""uav1"", ""uav0""]",limited,True,{},NONE,NORMAL,SAFE,1.0,IDLE,0.0,0.0,0.0,,,0.0,False,avoidance not required,,{},,,,,,,,,,,3,fleet initializing,3.283,14.247,0.256,0,0,0.0,0.0,[],0.11935345828533173,0.03147971257567406,-0.04491426423192024,0.10552509129047394,0.019368281587958336,-0.04800105094909668,0.10328376293182373,-0.05397603660821915,-0.010698997415602207
378.2,COMPLETE,12,HOME_DESCENT,1.0,0.8893,137.8528,0.0,True,NORMAL,MONITOR,False,{},"[""uav2"", ""uav1"", ""uav0""]",limited,True,{},NONE,NORMAL,SAFE,1.0,IDLE,0.0,0.0,0.0,,,0.0,False,avoidance not required,,{},,,,,,,,,,,3,fleet initializing,3.286,14.249,0.257,0,0,0.0,0.0,[],0.1161794438958168,0.02939622476696968,-0.04822211340069771,0.10360587388277054,0.017924651503562927,-0.05032765865325928,0.10064049810171127,-0.05397950857877731,-0.012091080658137798
378.4,COMPLETE,12,HOME_DESCENT,1.0,0.8893,137.8528,0.0,True,NORMAL,MONITOR,False,{},"[""uav2"", ""uav1"", ""uav0""]",limited,True,{},NONE,NORMAL,SAFE,1.0,IDLE,0.0,0.0,0.0,,,0.0,False,avoidance not required,,{},,,,,,,,,,,3,fleet initializing,3.287,14.251,0.258,0,0,0.0,0.0,[],0.11298811435699463,0.02857653610408306,-0.05217205733060837,0.10547053813934326,0.01704483851790428,-0.04751528054475784,0.0975542888045311,-0.05345690995454788,-0.01599261723458767
378.6,COMPLETE,12,HOME_DESCENT,1.0,0.8891,137.8277,0.0,True,NORMAL,MONITOR,False,{},"[""uav2"", ""uav1"", ""uav0""]",limited,True,{},NONE,NORMAL,SAFE,1.0,IDLE,0.0,0.0,0.0,,,0.0,False,avoidance not required,,{},,,,,,,,,,,3,fleet initializing,3.293,14.252,0.260,0,0,0.0,0.0,[],0.11245852708816528,0.027463015168905258,-0.05009614676237106,0.10695862025022507,0.016629794612526894,-0.045199889689683914,0.09542756527662277,-0.05187305808067322,-0.025470947846770287
378.8,COMPLETE,12,HOME_DESCENT,1.0,0.8891,137.8277,0.0,True,NORMAL,MONITOR,False,{},"[""uav2"", ""uav1"", ""uav0""]",limited,True,{},NONE,NORMAL,SAFE,1.0,IDLE,0.0,0.0,0.0,,,0.0,False,avoidance not required,,{},,,,,,,,,,,3,fleet initializing,3.289,14.253,0.258,0,0,0.0,0.0,[],0.1104891374707222,0.027399122714996338,-0.05067351460456848,0.10586768388748169,0.017044277861714363,-0.045511629432439804,0.09264170378446579,-0.05020611733198166,-0.031748395413160324
379.0,COMPLETE,12,HOME_DESCENT,1.0,0.8891,137.8277,0.0,True,NORMAL,MONITOR,False,{},"[""uav2"", ""uav1"", ""uav0""]",limited,True,{},NONE,NORMAL,SAFE,1.0,IDLE,0.0,0.0,0.0,,,0.0,False,avoidance not required,,{},,,,,,,,,,,3,fleet initializing,3.287,14.254,0.257,0,0,0.0,0.0,[],0.1107850968837738,0.02638753317296505,-0.04740215092897415,0.10924866795539856,0.017855940386652946,-0.04100300371646881,0.0944778099656105,-0.04815281927585602,-0.03427693992853165
379.2,COMPLETE,12,HOME_DESCENT,1.0,0.889,137.8026,0.0,True,NORMAL,MONITOR,False,{},"[""uav2"", ""uav1"", ""uav0""]",limited,True,{},NONE,NORMAL,SAFE,1.0,IDLE,0.0,0.0,0.0,,,0.0,False,avoidance not required,,{},,,,,,,,,,,3,fleet initializing,3.286,14.251,0.254,0,0,0.0,0.0,[],0.10862032324075699,0.026927178725600243,-0.04806924983859062,0.11132330447435379,0.018201807513833046,-0.037905991077423096,0.09756747633218765,-0.047133661806583405,-0.033461328595876694
379.4,COMPLETE,12,HOME_DESCENT,1.0,0.889,137.8026,0.0,True,NORMAL,MONITOR,False,{},"[""uav2"", ""uav1"", ""uav0""]",limited,True,{},NONE,NORMAL,SAFE,1.0,IDLE,0.0,0.0,0.0,,,0.0,False,avoidance not required,,{},,,,,,,,,,,3,fleet initializing,3.287,14.248,0.254,0,0,0.0,0.0,[],0.11270400881767273,0.026807185262441635,-0.0427374541759491,0.10999160259962082,0.019039491191506386,-0.036732107400894165,0.097441166639328,-0.0457991287112236,-0.033431604504585266
379.6,COMPLETE,12,HOME_DESCENT,1.0,0.8889,137.7775,0.0,True,NORMAL,MONITOR,False,{},"[""uav2"", ""uav1"", ""uav0""]",limited,True,{},NONE,NORMAL,SAFE,1.0,IDLE,0.0,0.0,0.0,,,0.0,False,avoidance not required,,{},,,,,,,,,,,3,fleet initializing,3.288,14.247,0.251,0,0,0.0,0.0,[],0.11261539906263351,0.027699822559952736,-0.041145339608192444,0.10957761853933334,0.019719071686267853,-0.032507047057151794,0.09944501519203186,-0.04512285441160202,-0.030977163463830948
379.8,COMPLETE,12,HOME_DESCENT,1.0,0.8889,137.7775,0.0,True,NORMAL,MONITOR,False,{},"[""uav2"", ""uav1"", ""uav0""]",limited,True,{},NONE,NORMAL,SAFE,1.0,IDLE,0.0,0.0,0.0,,,0.0,False,avoidance not required,,{},,,,,,,,,,,3,fleet initializing,3.291,14.245,0.250,0,0,0.0,0.0,[],0.11593113839626312,0.027275774627923965,-0.037739768624305725,0.10602384805679321,0.02141175977885723,-0.03030194528400898,0.09800512343645096,-0.04375621676445007,-0.03099471516907215
380.0,COMPLETE,12,HOME_DESCENT,1.0,0.8889,137.7775,0.0,True,NORMAL,MONITOR,False,{},"[""uav2"", ""uav1"", ""uav0""]",limited,True,{},NONE,NORMAL,SAFE,1.0,IDLE,0.0,0.0,0.0,,,0.0,False,avoidance not required,,{},,,,,,,,,,,3,fleet initializing,3.290,14.245,0.248,0,0,0.0,0.0,[],0.11483827233314514,0.028355607762932777,-0.036719463765621185,0.1083652526140213,0.022433698177337646,-0.0278096254914999,0.09793694317340851,-0.04343007132411003,-0.032807040959596634
380.2,COMPLETE,12,HOME_DESCENT,1.0,0.8888,137.7524,0.0,True,NORMAL,MONITOR,False,{},"[""uav2"", ""uav1"", ""uav0""]",limited,True,{},NONE,NORMAL,SAFE,1.0,IDLE,0.0,0.0,0.0,,,0.0,False,avoidance not required,,{},,,,,,,,,,,3,fleet initializing,3.290,14.245,0.247,0,0,0.0,0.0,[],0.11508357524871826,0.028262833133339882,-0.03626435250043869,0.10594163835048676,0.025070857256650925,-0.026822399348020554,0.09485433995723724,-0.04172341898083687,-0.03551928699016571
380.4,COMPLETE,12,HOME_DESCENT,1.0,0.8888,137.7524,0.0,True,NORMAL,MONITOR,False,{},"[""uav2"", ""uav1"", ""uav0""]",limited,True,{},NONE,NORMAL,SAFE,1.0,IDLE,0.0,0.0,0.0,,,0.0,False,avoidance not required,,{},,,,,,,,,,,3,fleet initializing,3.290,14.246,0.247,0,0,0.0,0.0,[],0.11169939488172531,0.030108287930488586,-0.03833503648638725,0.10622242838144302,0.025797545909881592,-0.026965109631419182,0.0944305807352066,-0.041389383375644684,-0.03619055449962616
380.6,COMPLETE,12,HOME_DESCENT,1.0,0.8886,137.7274,0.0,True,NORMAL,MONITOR,False,{},"[""uav2"", ""uav1"", ""uav0""]",limited,True,{},NONE,NORMAL,SAFE,1.0,IDLE,0.0,0.0,0.0,,,0.0,False,avoidance not required,,{},,,,,,,,,,,3,fleet initializing,3.289,14.246,0.247,0,0,0.0,0.0,[],0.11144185811281204,0.03008471429347992,-0.046222154051065445,0.10236869007349014,0.028306784108281136,-0.025983324274420738,0.0910569280385971,-0.0393555648624897,-0.036149654537439346
380.8,COMPLETE,12,HOME_DESCENT,1.0,0.8886,137.7274,0.0,True,NORMAL,MONITOR,False,{},"[""uav2"", ""uav1"", ""uav0""]",limited,True,{},NONE,NORMAL,SAFE,1.0,IDLE,0.0,0.0,0.0,,,0.0,False,avoidance not required,,{},,,,,,,,,,,3,fleet initializing,3.289,14.247,0.254,0,0,0.0,0.0,[],0.10728543996810913,0.03243815526366234,-0.050342559814453125,0.10228534787893295,0.02848896011710167,-0.025074491277337074,0.09252463281154633,-0.03952599689364433,-0.03543475270271301
381.0,COMPLETE,12,HOME_DESCENT,1.0,0.8886,137.7274,0.0,True,NORMAL,MONITOR,False,{},"[""uav2"", ""uav1"", ""uav0""]",limited,True,{},NONE,NORMAL,SAFE,1.0,IDLE,0.0,0.0,0.0,,,0.0,False,avoidance not required,,{},,,,,,,,,,,3,fleet initializing,3.291,14.246,0.256,0,0,0.0,0.0,[],0.10612235963344574,0.03185422718524933,-0.04901491105556488,0.09768430888652802,0.031162679195404053,-0.02558145858347416,0.08983635157346725,-0.037757787853479385,-0.03618443384766579
381.2,COMPLETE,12,HOME_DESCENT,1.0,0.8885,137.6991,0.0,True,NORMAL,MONITOR,False,{},"[""uav2"", ""uav1"", ""uav0""]",limited,True,{},NONE,NORMAL,SAFE,1.0,IDLE,0.0,0.0,0.0,,,0.0,False,avoidance not required,,{},,,,,,,,,,,3,fleet initializing,3.292,14.247,0.254,0,0,0.0,0.0,[],0.10064458847045898,0.034073926508426666,-0.04935642331838608,0.09677553176879883,0.030878180637955666,-0.026736697182059288,0.09077557176351547,-0.03834836557507515,-0.037606801837682724
381.4,COMPLETE,12,HOME_DESCENT,1.0,0.8885,137.6991,0.0,True,NORMAL,MONITOR,False,{},"[""uav2"", ""uav1"", ""uav0""]",limited,True,{},NONE,NORMAL,SAFE,1.0,IDLE,0.0,0.0,0.0,,,0.0,False,avoidance not required,,{},,,,,,,,,,,3,fleet initializing,3.295,14.247,0.253,0,0,0.0,0.0,[],0.10287871211767197,0.033237602561712265,-0.050401393324136734,0.09172262251377106,0.03342489153146744,-0.028392938897013664,0.0877341702580452,-0.03691377863287926,-0.03831319510936737
381.6,COMPLETE,12,HOME_DESCENT,1.0,0.8884,137.674,0.0,True,NORMAL,MONITOR,False,{},"[""uav2"", ""uav1"", ""uav0""]",limited,True,{},NONE,NORMAL,SAFE,1.0,IDLE,0.0,0.0,0.0,,,0.0,False,avoidance not required,,{},,,,,,,,,,,3,fleet initializing,3.289,14.248,0.255,0,0,0.0,0.0,[],0.0996655523777008,0.035404324531555176,-0.05137305334210396,0.09401467442512512,0.03328220173716545,-0.02714649960398674,0.0886680856347084,-0.03926154226064682,-0.03799346089363098
381.8,COMPLETE,12,HOME_DESCENT,1.0,0.8884,137.674,0.0,True,NORMAL,MONITOR,False,{},"[""uav2"", ""uav1"", ""uav0""]",limited,True,{},NONE,NORMAL,SAFE,1.0,IDLE,0.0,0.0,0.0,,,0.0,False,avoidance not required,,{},,,,,,,,,,,3,fleet initializing,3.294,14.249,0.254,0,0,0.0,0.0,[],0.10139963030815125,0.03252251818776131,-0.05098547413945198,0.09054630994796753,0.03645911067724228,-0.025632690638303757,0.0852876752614975,-0.03815750777721405,-0.036138199269771576
382.0,COMPLETE,12,HOME_DESCENT,1.0,0.8884,137.674,0.0,True,NORMAL,MONITOR,False,{},"[""uav2"", ""uav1"", ""uav0""]",limited,True,{},NONE,NORMAL,SAFE,1.0,IDLE,0.0,0.0,0.0,,,0.0,False,avoidance not required,,{},,,,,,,,,,,3,fleet initializing,3.289,14.250,0.254,0,0,0.0,0.0,[],0.09708023816347122,0.03416410833597183,-0.050103865563869476,0.09002560377120972,0.035698436200618744,-0.01834600605070591,0.08666634559631348,-0.039017822593450546,-0.03413340821862221
382.2,COMPLETE,12,HOME_DESCENT,1.0,0.8882,137.6489,0.0,True,NORMAL,MONITOR,False,{},"[""uav2"", ""uav1"", ""uav0""]",limited,True,{},NONE,NORMAL,SAFE,1.0,IDLE,0.0,0.0,0.0,,,0.0,False,avoidance not required,,{},,,,,,,,,,,3,fleet initializing,3.293,14.250,0.252,0,0,0.0,0.0,[],0.10303927212953568,0.032916247844696045,-0.04775775223970413,0.08497577160596848,0.03837462514638901,-0.014893670566380024,0.08280433714389801,-0.03730909526348114,-0.03280268982052803
382.4,COMPLETE,12,HOME_DESCENT,1.0,0.8882,137.6489,0.0,True,NORMAL,MONITOR,False,{},"[""uav2"", ""uav1"", ""uav0""]",limited,True,{},NONE,NORMAL,SAFE,1.0,IDLE,0.0,0.0,0.0,,,0.0,False,avoidance not required,,{},,,,,,,,,,,3,fleet initializing,3.282,14.251,0.252,0,0,0.0,0.0,[],0.10106540471315384,0.035703517496585846,-0.04659740999341011,0.08674431592226028,0.03722570091485977,-0.014876419678330421,0.08310380578041077,-0.04155184328556061,-0.03161463513970375
382.6,COMPLETE,12,HOME_DESCENT,1.0,0.8881,137.6237,0.0,True,NORMAL,MONITOR,False,{},"[""uav2"", ""uav1"", ""uav0""]",limited,True,{},NONE,NORMAL,SAFE,1.0,IDLE,0.0,0.0,0.0,,,0.0,False,avoidance not required,,{},,,,,,,,,,,3,fleet initializing,3.286,14.254,0.251,0,0,0.0,0.0,[],0.10632070153951645,0.03232264518737793,-0.04508388787508011,0.09103972464799881,0.034524060785770416,-0.017697039991617203,0.08706982433795929,-0.04844380542635918,-0.027370359748601913
382.8,COMPLETE,12,HOME_DESCENT,1.0,0.8881,137.6237,0.0,True,NORMAL,MONITOR,False,{},"[""uav2"", ""uav1"", ""uav0""]",limited,True,{},NONE,NORMAL,SAFE,1.0,IDLE,0.0,0.0,0.0,,,0.0,False,avoidance not required,,{},,,,,,,,,,,3,fleet initializing,3.285,14.256,0.251,0,0,0.0,0.0,[],0.10433782637119293,0.033847708255052567,-0.043488744646310806,0.0881323367357254,0.03658336028456688,-0.017685063183307648,0.0853143110871315,-0.05006986856460571,-0.023707032203674316
383.0,COMPLETE,12,HOME_DESCENT,1.0,0.8881,137.6237,0.0,True,NORMAL,MONITOR,False,{},"[""uav2"", ""uav1"", ""uav0""]",limited,True,{},NONE,NORMAL,SAFE,1.0,IDLE,0.0,0.0,0.0,,,0.0,False,avoidance not required,,{},,,,,,,,,,,3,fleet initializing,3.284,14.259,0.249,0,0,0.0,0.0,[],0.10645931959152222,0.028424248099327087,-0.037472713738679886,0.09039318561553955,0.035465363413095474,-0.018430115655064583,0.08686691522598267,-0.051674868911504745,-0.019525356590747833
383.2,COMPLETE,12,HOME_DESCENT,1.0,0.888,137.5986,0.0,True,NORMAL,MONITOR,False,{},"[""uav2"", ""uav1"", ""uav0""]",limited,True,{},NONE,NORMAL,SAFE,1.0,IDLE,0.0,0.0,0.0,,,0.0,False,avoidance not required,,{},,,,,,,,,,,3,fleet initializing,3.284,14.259,0.244,0,0,0.0,0.0,[],0.10281676799058914,0.02846693806350231,-0.032739974558353424,0.08691631257534027,0.0381108783185482,-0.01796136051416397,0.08373165130615234,-0.05009135603904724,-0.015373986214399338
383.4,COMPLETE,12,HOME_DESCENT,1.0,0.888,137.5986,0.0,True,NORMAL,MONITOR,False,{},"[""uav2"", ""uav1"", ""uav0""]",limited,True,{},NONE,NORMAL,SAFE,1.0,IDLE,0.0,0.0,0.0,,,0.0,False,avoidance not required,,{},,,,,,,,,,,3,fleet initializing,3.284,14.260,0.238,0,0,0.0,0.0,[],0.10498607903718948,0.026458509266376495,-0.03317822515964508,0.088897705078125,0.03556748852133751,-0.016529245302081108,0.08517977595329285,-0.05042886361479759,-0.006053141318261623
383.6,COMPLETE,12,HOME_DESCENT,1.0,0.8879,137.5733,0.0,True,NORMAL,MONITOR,False,{},"[""uav2"", ""uav1"", ""uav0""]",limited,True,{},NONE,NORMAL,SAFE,1.0,IDLE,0.0,0.0,0.0,,,0.0,False,avoidance not required,,{},,,,,,,,,,,3,fleet initializing,3.284,14.259,0.239,0,0,0.0,0.0,[],0.10111179202795029,0.0287056602537632,-0.032584916800260544,0.08494044840335846,0.037700701504945755,-0.013189981691539288,0.0825384110212326,-0.0481857992708683,0.0016746771289035678
383.8,COMPLETE,12,HOME_DESCENT,1.0,0.8879,137.5733,0.0,True,NORMAL,MONITOR,False,{},"[""uav2"", ""uav1"", ""uav0""]",limited,True,{},NONE,NORMAL,SAFE,1.0,IDLE,0.0,0.0,0.0,,,0.0,False,avoidance not required,,{},,,,,,,,,,,3,fleet initializing,3.284,14.259,0.237,0,0,0.0,0.0,[],0.10512418299913406,0.027707232162356377,-0.03132176026701927,0.0874740481376648,0.03604608029127121,-0.011187314987182617,0.08710342645645142,-0.04895482212305069,0.010734855197370052
384.0,COMPLETE,12,HOME_DESCENT,1.0,0.8879,137.5733,0.0,True,NORMAL,MONITOR,False,{},"[""uav2"", ""uav1"", ""uav0""]",limited,True,{},NONE,NORMAL,SAFE,1.0,IDLE,0.0,0.0,0.0,,,0.0,False,avoidance not required,,{},,,,,,,,,,,3,fleet initializing,3.282,14.257,0.238,0,0,0.0,0.0,[],0.10295544564723969,0.030319415032863617,-0.02826414257287979,0.09022282809019089,0.034595947712659836,-0.014644300565123558,0.09159886091947556,-0.04955112189054489,0.016214637085795403
384.2,COMPLETE,12,HOME_DESCENT,1.0,0.8877,137.548,0.0,True,NORMAL,MONITOR,False,{},"[""uav2"", ""uav1"", ""uav0""]",limited,True,{},NONE,NORMAL,SAFE,1.0,IDLE,0.0,0.0,0.0,,,0.0,False,avoidance not required,,{},,,,,,,,,,,3,fleet initializing,3.287,14.254,0.234,0,0,0.0,0.0,[],0.10598090291023254,0.029153648763895035,-0.024867286905646324,0.08741771429777145,0.036676112562417984,-0.015277756378054619,0.09096042066812515,-0.046966344118118286,0.022808244451880455
384.4,COMPLETE,12,HOME_DESCENT,1.0,0.8877,137.548,0.0,True,NORMAL,MONITOR,False,{},"[""uav2"", ""uav1"", ""uav0""]",limited,True,{},NONE,NORMAL,SAFE,1.0,IDLE,0.0,0.0,0.0,,,0.0,False,avoidance not required,,{},,,,,,,,,,,3,fleet initializing,3.281,14.253,0.232,0,0,0.0,0.0,[],0.10315535217523575,0.031674060970544815,-0.01936475746333599,0.08872897177934647,0.03922427073121071,-0.017971361055970192,0.09491702169179916,-0.04260874167084694,0.029643096029758453
384.6,COMPLETE,12,HOME_DESCENT,1.0,0.8876,137.5227,0.0,True,NORMAL,MONITOR,False,{},"[""uav2"", ""uav1"", ""uav0""]",limited,True,{},NONE,NORMAL,SAFE,1.0,IDLE,0.0,0.0,0.0,,,0.0,False,avoidance not required,,{},,,,,,,,,,,3,fleet initializing,3.286,14.247,0.227,0,0,0.0,0.0,[],0.1030772477388382,0.030056724324822426,-0.016369007527828217,0.09324626624584198,0.03995491564273834,-0.019316980615258217,0.09785187989473343,-0.03852716088294983,0.03031565621495247
384.8,COMPLETE,12,HOME_DESCENT,1.0,0.8876,137.5227,0.0,True,NORMAL,MONITOR,False,{},"[""uav2"", ""uav1"", ""uav0""]",limited,True,{},NONE,NORMAL,SAFE,1.0,IDLE,0.0,0.0,0.0,,,0.0,False,avoidance not required,,{},,,,,,,,,,,3,fleet initializing,3.290,14.242,0.224,0,0,0.0,0.0,[],0.09831646829843521,0.031550269573926926,-0.013619046658277512,0.09102333337068558,0.0432400107383728,-0.018390750512480736,0.09627806395292282,-0.03433253988623619,0.03202482685446739
385.0,COMPLETE,12,HOME_DESCENT,1.0,0.8876,137.5227,0.0,True,NORMAL,MONITOR,False,{},"[""uav2"", ""uav1"", ""uav0""]",limited,True,{},NONE,NORMAL,SAFE,1.0,IDLE,0.0,0.0,0.0,,,0.0,False,avoidance not required,,{},,,,,,,,,,,3,fleet initializing,3.293,14.240,0.223,0,0,0.0,0.0,[],0.09643188863992691,0.029858391731977463,-0.01270279847085476,0.09273466467857361,0.0443146675825119,-0.020323097705841064,0.09796209633350372,-0.03384796157479286,0.03213726729154587
385.2,COMPLETE,12,HOME_DESCENT,1.0,0.8875,137.4973,0.0,True,NORMAL,MONITOR,False,{},"[""uav2"", ""uav1"", ""uav0""]",limited,True,{},NONE,NORMAL,SAFE,1.0,IDLE,0.0,0.0,0.0,,,0.0,False,avoidance not required,,{},,,,,,,,,,,3,fleet initializing,3.296,14.238,0.225,0,0,0.0,0.0,[],0.09026879817247391,0.03130510821938515,-0.01031537540256977,0.08929387480020523,0.04817594587802887,-0.01876967027783394,0.09510817378759384,-0.03154768422245979,0.03517390042543411
385.4,COMPLETE,12,HOME_DESCENT,1.0,0.8875,137.4973,0.0,True,NORMAL,MONITOR,False,{},"[""uav2"", ""uav1"", ""uav0""]",limited,True,{},NONE,NORMAL,SAFE,1.0,IDLE,0.0,0.0,0.0,,,0.0,False,avoidance not required,,{},,,,,,,,,,,3,fleet initializing,3.299,14.239,0.223,0,0,0.0,0.0,[],0.09198420494794846,0.03195524215698242,-0.006681310012936592,0.09137772023677826,0.04718465358018875,-0.016745317727327347,0.09332720935344696,-0.032716017216444016,0.03817059472203255
385.6,COMPLETE,12,HOME_DESCENT,1.0,0.8874,137.4719,0.0,True,NORMAL,MONITOR,False,{},"[""uav2"", ""uav1"", ""uav0""]",limited,True,{},NONE,NORMAL,SAFE,1.0,IDLE,0.0,0.0,0.0,,,0.0,False,avoidance not required,,{},,,,,,,,,,,3,fleet initializing,3.299,14.241,0.222,0,0,0.0,0.0,[],0.09608172625303268,0.032490868121385574,-0.0051741451025009155,0.0944957584142685,0.046156518161296844,-0.016206901520490646,0.09147658199071884,-0.03452754020690918,0.04151105880737305
385.8,COMPLETE,12,HOME_DESCENT,1.0,0.8874,137.4719,0.0,True,NORMAL,MONITOR,False,{},"[""uav2"", ""uav1"", ""uav0""]",limited,True,{},NONE,NORMAL,SAFE,1.0,IDLE,0.0,0.0,0.0,,,0.0,False,avoidance not required,,{},,,,,,,,,,,3,fleet initializing,3.298,14.243,0.223,0,0,0.0,0.0,[],0.09431357681751251,0.03551717847585678,-0.0007504571694880724,0.09245146065950394,0.048635728657245636,-0.01282521616667509,0.08742053061723709,-0.03360956534743309,0.04557674005627632
386.0,COMPLETE,12,HOME_DESCENT,1.0,0.8872,137.4465,0.0,True,NORMAL,MONITOR,False,{},"[""uav2"", ""uav1"", ""uav0""]",limited,True,{},NONE,NORMAL,SAFE,1.0,IDLE,0.0,0.0,0.0,,,0.0,False,avoidance not required,,{},,,,,,,,,,,3,fleet initializing,3.292,14.246,0.216,0,0,0.0,0.0,[],0.09653063863515854,0.035052839666604996,0.0011627563508227468,0.08897417038679123,0.047290198504924774,-0.010681563057005405,0.08734626322984695,-0.03461116552352905,0.04776936024427414
386.2,COMPLETE,12,HOME_DESCENT,1.0,0.8872,137.4465,0.0,True,NORMAL,MONITOR,False,{},"[""uav2"", ""uav1"", ""uav0""]",limited,True,{},NONE,NORMAL,SAFE,1.0,IDLE,0.0,0.0,0.0,,,0.0,False,avoidance not required,,{},,,,,,,,,,,3,fleet initializing,3.292,14.246,0.216,0,0,0.0,0.0,[],0.09380945563316345,0.03734365105628967,0.005389397032558918,0.08313911408185959,0.049186162650585175,-0.008275036700069904,0.08410430699586868,-0.03333195298910141,0.05163637548685074
386.4,COMPLETE,12,HOME_DESCENT,1.0,0.8872,137.4465,0.0,True,NORMAL,MONITOR,False,{},"[""uav2"", ""uav1"", ""uav0""]",limited,True,{},NONE,NORMAL,SAFE,1.0,IDLE,0.0,0.0,0.0,,,0.0,False,avoidance not required,,{},,,,,,,,,,,3,fleet initializing,3.289,14.248,0.212,0,0,0.0,0.0,[],0.09585870057344437,0.036214347928762436,0.005294940900057554,0.08298145979642868,0.04941403865814209,-0.006245998200029135,0.08488103002309799,-0.03443800285458565,0.0523257739841938
386.6,COMPLETE,12,HOME_DESCENT,1.0,0.8871,137.4211,0.0,True,NORMAL,MONITOR,False,{},"[""uav2"", ""uav1"", ""uav0""]",limited,True,{},NONE,NORMAL,SAFE,1.0,IDLE,0.0,0.0,0.0,,,0.0,False,avoidance not required,,{},,,,,,,,,,,3,fleet initializing,3.287,14.248,0.210,0,0,0.0,0.0,[],0.09274803102016449,0.0381183885037899,0.006663401145488024,0.0791403129696846,0.05219273641705513,-0.0033879412803798914,0.08273842930793762,-0.03313780203461647,0.05449661239981651
386.8,COMPLETE,12,HOME_DESCENT,1.0,0.8871,137.4211,0.0,True,NORMAL,MONITOR,False,{},"[""uav2"", ""uav1"", ""uav0""]",limited,True,{},NONE,NORMAL,SAFE,1.0,IDLE,0.0,0.0,0.0,,,0.0,False,avoidance not required,,{},,,,,,,,,,,3,fleet initializing,3.286,14.249,0.206,0,0,0.0,0.0,[],0.09472235292196274,0.03697384148836136,0.005822181701660156,0.08027391135692596,0.05460689216852188,-0.003506535431370139,0.08554182946681976,-0.03391488641500473,0.055616967380046844
387.0,COMPLETE,12,HOME_DESCENT,1.0,0.8871,137.4211,0.0,True,NORMAL,MONITOR,False,{},"[""uav2"", ""uav1"", ""uav0""]",limited,True,{},NONE,NORMAL,SAFE,1.0,IDLE,0.0,0.0,0.0,,,0.0,False,avoidance not required,,{},,,,,,,,,,,3,fleet initializing,3.286,14.247,0.208,0,0,0.0,0.0,[],0.09166897088289261,0.038692377507686615,0.008157218806445599,0.08226221054792404,0.05457303300499916,-0.004754689987748861,0.08442483097314835,-0.03274686634540558,0.05800086259841919
387.2,COMPLETE,12,HOME_DESCENT,1.0,0.887,137.3957,0.0,True,NORMAL,MONITOR,False,{},"[""uav2"", ""uav1"", ""uav0""]",limited,True,{},NONE,NORMAL,SAFE,1.0,IDLE,0.0,0.0,0.0,,,0.0,False,avoidance not required,,{},,,,,,,,,,,3,fleet initializing,3.291,14.247,0.209,0,0,0.0,0.0,[],0.09363878518342972,0.03617466613650322,0.004990747198462486,0.07955198734998703,0.057231854647397995,-0.0036228818353265524,0.08630725741386414,-0.03403112664818764,0.05705961212515831
387.4,COMPLETE,12,HOME_DESCENT,1.0,0.887,137.3957,0.0,True,NORMAL,MONITOR,False,{},"[""uav2"", ""uav1"", ""uav0""]",limited,True,{},NONE,NORMAL,SAFE,1.0,IDLE,0.0,0.0,0.0,,,0.0,False,avoidance not required,,{},,,,,,,,,,,3,fleet initializing,3.286,14.247,0.208,0,0,0.0,0.0,[],0.09068553149700165,0.03696390613913536,0.0040466804057359695,0.08166354894638062,0.055229224264621735,-0.009054668247699738,0.08480343967676163,-0.03344408795237541,0.058474838733673096
387.6,COMPLETE,12,HOME_DESCENT,1.0,0.8869,137.3703,0.0,True,NORMAL,MONITOR,False,{},"[""uav2"", ""uav1"", ""uav0""]",limited,True,{},NONE,NORMAL,SAFE,1.0,IDLE,0.0,0.0,0.0,,,0.0,False,avoidance not required,,{},,,,,,,,,,,3,fleet initializing,3.291,14.247,0.213,0,0,0.0,0.0,[],0.09336017072200775,0.03498102352023125,-0.0010835687862709165,0.07941165566444397,0.056406065821647644,-0.010813257656991482,0.08681564033031464,-0.03519214689731598,0.0614762119948864
387.8,COMPLETE,12,HOME_DESCENT,1.0,0.8869,137.3703,0.0,True,NORMAL,MONITOR,False,{},"[""uav2"", ""uav1"", ""uav0""]",limited,True,{},NONE,NORMAL,SAFE,1.0,IDLE,0.0,0.0,0.0,,,0.0,False,avoidance not required,,{},,,,,,,,,,,3,fleet initializing,3.286,14.247,0.214,0,0,0.0,0.0,[],0.09095887839794159,0.035738758742809296,-0.0016900496557354927,0.08134175837039948,0.05459676310420036,-0.010907605290412903,0.08538247644901276,-0.03478873521089554,0.06249411031603813
388.0,COMPLETE,12,HOME_DESCENT,1.0,0.8869,137.3703,0.0,True,NORMAL,MONITOR,False,{},"[""uav2"", ""uav1"", ""uav0""]",limited,True,{},NONE,NORMAL,SAFE,1.0,IDLE,0.0,0.0,0.0,,,0.0,False,avoidance not required,,{},,,,,,,,,,,3,fleet initializing,3.290,14.248,0.215,0,0,0.0,0.0,[],0.09185976535081863,0.036087505519390106,-0.003068355144932866,0.07912678271532059,0.05626906082034111,-0.00978159811347723,0.08713588863611221,-0.035912491381168365,0.0541747510433197
388.2,COMPLETE,12,HOME_DESCENT,1.0,0.8867,137.3451,0.0,True,NORMAL,MONITOR,False,{},"[""uav2"", ""uav1"", ""uav0""]",limited,True,{},NONE,NORMAL,SAFE,1.0,IDLE,0.0,0.0,0.0,,,0.0,False,avoidance not required,,{},,,,,,,,,,,3,fleet initializing,3.287,14.247,0.213,0,0,0.0,0.0,[],0.08845019340515137,0.03870439529418945,-0.0026200697757303715,0.08127099275588989,0.05439530685544014,-0.009702024981379509,0.08510987460613251,-0.034826356917619705,0.050517741590738297
388.4,COMPLETE,12,HOME_DESCENT,1.0,0.8867,137.3451,0.0,True,NORMAL,MONITOR,False,{},"[""uav2"", ""uav1"", ""uav0""]",limited,True,{},NONE,NORMAL,SAFE,1.0,IDLE,0.0,0.0,0.0,,,0.0,False,avoidance not required,,{},,,,,,,,,,,3,fleet initializing,3.293,14.248,0.213,0,0,0.0,0.0,[],0.09279006719589233,0.03727501258254051,-0.002131172688677907,0.0795396938920021,0.055931128561496735,-0.00802827998995781,0.08356861770153046,-0.03581938147544861,0.04818115383386612
388.6,COMPLETE,12,HOME_DESCENT,1.0,0.8866,137.3198,0.0,True,NORMAL,MONITOR,False,{},"[""uav2"", ""uav1"", ""uav0""]",limited,True,{},NONE,NORMAL,SAFE,1.0,IDLE,0.0,0.0,0.0,,,0.0,False,avoidance not required,,{},,,,,,,,,,,3,fleet initializing,3.287,14.250,0.212,0,0,0.0,0.0,[],0.09189023822546005,0.03911956399679184,-0.0006260082591325045,0.08241165429353714,0.053440988063812256,-0.009267931804060936,0.08041994273662567,-0.03476453945040703,0.04794372245669365
388.8,COMPLETE,12,HOME_DESCENT,1.0,0.8866,137.3198,0.0,True,NORMAL,MONITOR,False,{},"[""uav2"", ""uav1"", ""uav0""]",limited,True,{},NONE,NORMAL,SAFE,1.0,IDLE,0.0,0.0,0.0,,,0.0,False,avoidance not required,,{},,,,,,,,,,,3,fleet initializing,3.291,14.251,0.213,0,0,0.0,0.0,[],0.09637879580259323,0.0395049974322319,0.00185898516792804,0.08635356277227402,0.05005514994263649,-0.009561284445226192,0.08198238164186478,-0.035987310111522675,0.04512343555688858
389.0,COMPLETE,12,HOME_DESCENT,1.0,0.8866,137.3198,0.0,True,NORMAL,MONITOR,False,{},"[""uav2"", ""uav1"", ""uav0""]",limited,True,{},NONE,NORMAL,SAFE,1.0,IDLE,0.0,0.0,0.0,,,0.0,False,avoidance not required,,{},,,,,,,,,,,3,fleet initializing,3.290,14.251,0.214,0,0,0.0,0.0,[],0.09615341573953629,0.04229125380516052,0.005837352480739355,0.08598426729440689,0.05078577250242233,-0.007617506198585033,0.08105780184268951,-0.03489576280117035,0.04401584342122078
389.2,COMPLETE,12,HOME_DESCENT,1.0,0.8865,137.2946,0.0,True,NORMAL,MONITOR,False,{},"[""uav2"", ""uav1"", ""uav0""]",limited,True,{},NONE,NORMAL,SAFE,1.0,IDLE,0.0,0.0,0.0,,,0.0,False,avoidance not required,,{},,,,,,,,,,,3,fleet initializing,3.290,14.251,0.213,0,0,0.0,0.0,[],0.09875153005123138,0.04121535271406174,0.009352193213999271,0.08966907113790512,0.049652352929115295,-0.007198782172054052,0.08494483679533005,-0.03620153293013573,0.04183049499988556
389.4,COMPLETE,12,HOME_DESCENT,1.0,0.8865,137.2946,0.0,True,NORMAL,MONITOR,False,{},"[""uav2"", ""uav1"", ""uav0""]",limited,True,{},NONE,NORMAL,SAFE,1.0,IDLE,0.0,0.0,0.0,,,0.0,False,avoidance not required,,{},,,,,,,,,,,3,fleet initializing,3.291,14.249,0.213,0,0,0.0,0.0,[],0.09741093218326569,0.04322962462902069,0.01325232069939375,0.08927968889474869,0.05184687301516533,-0.004974646959453821,0.08479323983192444,-0.03483937308192253,0.04104963317513466
389.6,COMPLETE,12,HOME_DESCENT,1.0,0.8863,137.2694,0.0,True,NORMAL,MONITOR,False,{},"[""uav2"", ""uav1"", ""uav0""]",limited,True,{},NONE,NORMAL,SAFE,1.0,IDLE,0.0,0.0,0.0,,,0.0,False,avoidance not required,,{},,,,,,,,,,,3,fleet initializing,3.292,14.248,0.212,0,0,0.0,0.0,[],0.09980498254299164,0.04053768888115883,0.013579086400568485,0.09068675339221954,0.048778872936964035,-0.003627954050898552,0.08564319461584091,-0.03534800559282303,0.04399878904223442
389.8,COMPLETE,12,HOME_DESCENT,1.0,0.8863,137.2694,0.0,True,NORMAL,MONITOR,False,{},"[""uav2"", ""uav1"", ""uav0""]",limited,True,{},NONE,NORMAL,SAFE,1.0,IDLE,0.0,0.0,0.0,,,0.0,False,avoidance not required,,{},,,,,,,,,,,3,fleet initializing,3.291,14.248,0.211,0,0,0.0,0.0,[],0.09828154742717743,0.04204970970749855,0.015704205259680748,0.08867427706718445,0.04963180795311928,-0.0004331241361796856,0.08332469314336777,-0.03386007994413376,0.04691813141107559
390.0,COMPLETE,12,HOME_DESCENT,1.0,0.8863,137.2694,0.0,True,NORMAL,MONITOR,False,{},"[""uav2"", ""uav1"", ""uav0""]",limited,True,{},NONE,NORMAL,SAFE,1.0,IDLE,0.0,0.0,0.0,,,0.0,False,avoidance not required,,{},,,,,,,,,,,3,fleet initializing,3.288,14.252,0.204,0,0,0.0,0.0,[],0.09973708540201187,0.04024575278162956,0.012642530724406242,0.08798392117023468,0.04750143736600876,0.002304374473169446,0.08149100095033646,-0.03706633299589157,0.04955994710326195
390.2,COMPLETE,12,HOME_DESCENT,1.0,0.8862,137.244,0.0,True,NORMAL,MONITOR,False,{},"[""uav2"", ""uav1"", ""uav0""]",limited,True,{},NONE,NORMAL,SAFE,1.0,IDLE,0.0,0.0,0.0,,,0.0,False,avoidance not required,,{},,,,,,,,,,,3,fleet initializing,3.288,14.252,0.204,0,0,0.0,0.0,[],0.09757351875305176,0.041928332298994064,0.013366117142140865,0.08423052728176117,0.04947255551815033,0.005754806566983461,0.07806473970413208,-0.03689029440283775,0.05384233221411705
390.4,COMPLETE,12,HOME_DESCENT,1.0,0.8862,137.244,0.0,True,NORMAL,MONITOR,False,{},"[""uav2"", ""uav1"", ""uav0""]",limited,True,{},NONE,NORMAL,SAFE,1.0,IDLE,0.0,0.0,0.0,,,0.0,False,avoidance not required,,{},,,,,,,,,,,3,fleet initializing,3.287,14.255,0.200,0,0,0.0,0.0,[],0.09723635762929916,0.039990656077861786,0.013903208076953888,0.08705217391252518,0.04753952473402023,0.0033507966436445713,0.07927118241786957,-0.03867669776082039,0.05691196396946907
390.6,COMPLETE,12,HOME_DESCENT,1.0,0.8861,137.2186,0.0,True,NORMAL,MONITOR,False,{},"[""uav2"", ""uav1"", ""uav0""]",limited,True,{},NONE,NORMAL,SAFE,1.0,IDLE,0.0,0.0,0.0,,,0.0,False,avoidance not required,,{},,,,,,,,,,,3,fleet initializing,3.290,14.255,0.203,0,0,0.0,0.0,[],0.09353724122047424,0.04206134378910065,0.015796205028891563,0.08504794538021088,0.049916114658117294,0.004679144360125065,0.07635709643363953,-0.03748438507318497,0.05921231955289841
390.8,COMPLETE,12,HOME_DESCENT,1.0,0.8861,137.2186,0.0,True,NORMAL,MONITOR,False,{},"[""uav2"", ""uav1"", ""uav0""]",limited,True,{},NONE,NORMAL,SAFE,1.0,IDLE,0.0,0.0,0.0,,,0.0,False,avoidance not required,,{},,,,,,,,,,,3,fleet initializing,3.292,14.256,0.201,0,0,0.0,0.0,[],0.09492375701665878,0.04036291688680649,0.016964757815003395,0.0872906818985939,0.04813084006309509,0.004263675305992365,0.07313897460699081,-0.03864695131778717,0.05920902639627457
391.0,COMPLETE,12,HOME_DESCENT,1.0,0.8861,137.2186,0.0,True,NORMAL,MONITOR,False,{},"[""uav2"", ""uav1"", ""uav0""]",limited,True,{},NONE,NORMAL,SAFE,1.0,IDLE,0.0,0.0,0.0,,,0.0,False,avoidance not required,,{},,,,,,,,,,,3,fleet initializing,3.287,14.259,0.202,0,0,0.0,0.0,[],0.09202945977449417,0.042872462421655655,0.020436817780137062,0.08543401211500168,0.05050313472747803,0.007838928140699863,0.0683199018239975,-0.03675460070371628,0.059978194534778595
391.2,COMPLETE,12,HOME_DESCENT,1.0,0.886,137.1932,0.0,True,NORMAL,MONITOR,False,{},"[""uav2"", ""uav1"", ""uav0""]",limited,True,{},NONE,NORMAL,SAFE,1.0,IDLE,0.0,0.0,0.0,,,0.0,False,avoidance not required,,{},,,,,,,,,,,3,fleet initializing,3.284,14.261,0.199,0,0,0.0,0.0,[],0.09356654435396194,0.04495640844106674,0.02064785175025463,0.08748948574066162,0.048504430800676346,0.013617807999253273,0.0701276957988739,-0.03782355785369873,0.060237761586904526
391.4,COMPLETE,12,HOME_DESCENT,1.0,0.886,137.1932,0.0,True,NORMAL,MONITOR,False,{},"[""uav2"", ""uav1"", ""uav0""]",limited,True,{},NONE,NORMAL,SAFE,1.0,IDLE,0.0,0.0,0.0,,,0.0,False,avoidance not required,,{},,,,,,,,,,,3,fleet initializing,3.284,14.261,0.194,0,0,0.0,0.0,[],0.09080440551042557,0.050190091133117676,0.023940803483128548,0.08505117893218994,0.051390063017606735,0.019053645431995392,0.06795068085193634,-0.035927072167396545,0.06320007890462875
391.6,COMPLETE,12,HOME_DESCENT,1.0,0.8858,137.1674,0.0,True,NORMAL,MONITOR,False,{},"[""uav2"", ""uav1"", ""uav0""]",limited,True,{},NONE,NORMAL,SAFE,1.0,IDLE,0.0,0.0,0.0,,,0.0,False,avoidance not required,,{},,,,,,,,,,,3,fleet initializing,3.284,14.261,0.189,0,0,0.0,0.0,[],0.09621535241603851,0.04896325618028641,0.028621330857276917,0.08736627548933029,0.04870744049549103,0.02118467353284359,0.06929675489664078,-0.03692593425512314,0.06665726751089096
391.8,COMPLETE,12,HOME_DESCENT,1.0,0.8858,137.1674,0.0,True,NORMAL,MONITOR,False,{},"[""uav2"", ""uav1"", ""uav0""]",limited,True,{},NONE,NORMAL,SAFE,1.0,IDLE,0.0,0.0,0.0,,,0.0,False,avoidance not required,,{},,,,,,,,,,,3,fleet initializing,3.283,14.261,0.188,0,0,0.0,0.0,[],0.09604766964912415,0.05227291211485863,0.033803895115852356,0.08523082733154297,0.050730183720588684,0.02639693021774292,0.06693091988563538,-0.03496859222650528,0.07221733033657074
392.0,COMPLETE,12,HOME_DESCENT,1.0,0.8858,137.1674,0.0,True,NORMAL,MONITOR,False,{},"[""uav2"", ""uav1"", ""uav0""]",limited,True,{},NONE,NORMAL,SAFE,1.0,IDLE,0.0,0.0,0.0,,,0.0,False,avoidance not required,,{},,,,,,,,,,,3,fleet initializing,3.283,14.261,0.183,0,0,0.0,0.0,[],0.10064017027616501,0.04760657995939255,0.04005326330661774,0.08744684606790543,0.050089310854673386,0.02830060012638569,0.06926576048135757,-0.03559201583266258,0.07255935668945312
392.2,COMPLETE,12,HOME_DESCENT,1.0,0.8857,137.1419,0.0,True,NORMAL,MONITOR,False,{},"[""uav2"", ""uav1"", ""uav0""]",limited,True,{},NONE,NORMAL,SAFE,1.0,IDLE,0.0,0.0,0.0,,,0.0,False,avoidance not required,,{},,,,,,,,,,,3,fleet initializing,3.283,14.260,0.182,0,0,0.0,0.0,[],0.0995546206831932,0.04893681779503822,0.04757159948348999,0.0866990014910698,0.04707736894488335,0.029547005891799927,0.06771917641162872,-0.03337336331605911,0.07515546679496765
392.4,COMPLETE,12,HOME_DESCENT,1.0,0.8857,137.1419,0.0,True,NORMAL,MONITOR,False,{},"[""uav2"", ""uav1"", ""uav0""]",limited,True,{},NONE,NORMAL,SAFE,1.0,IDLE,0.0,0.0,0.0,,,0.0,False,avoidance not required,,{},,,,,,,,,,,3,fleet initializing,3.282,14.259,0.180,0,0,0.0,0.0,[],0.1017010360956192,0.04758907109498978,0.04910546541213989,0.08251983672380447,0.04944327473640442,0.032614871859550476,0.07299888879060745,-0.034492406994104385,0.07579880952835083
392.6,COMPLETE,12,HOME_DESCENT,1.0,0.8856,137.1163,0.0,True,NORMAL,MONITOR,False,{},"[""uav2"", ""uav1"", ""uav0""]",limited,True,{},NONE,NORMAL,SAFE,1.0,IDLE,0.0,0.0,0.0,,,0.0,False,avoidance not required,,{},,,,,,,,,,,3,fleet initializing,3.281,14.256,0.176,0,0,0.0,0.0,[],0.09944892674684525,0.05123372748494148,0.052643321454524994,0.08392026275396347,0.04768081381917,0.03645274415612221,0.07293017953634262,-0.03260805085301399,0.07674524188041687
392.8,COMPLETE,12,HOME_DESCENT,1.0,0.8856,137.1163,0.0,True,NORMAL,MONITOR,False,{},"[""uav2"", ""uav1"", ""uav0""]",limited,True,{},NONE,NORMAL,SAFE,1.0,IDLE,0.0,0.0,0.0,,,0.0,False,avoidance not required,,{},,,,,,,,,,,3,fleet initializing,3.285,14.255,0.173,0,0,0.0,0.0,[],0.1018381342291832,0.05061168968677521,0.04975132271647453,0.08110503852367401,0.05084387585520744,0.040382564067840576,0.07499781250953674,-0.03549863025546074,0.07410120964050293
393.0,COMPLETE,12,HOME_DESCENT,1.0,0.8856,137.1163,0.0,True,NORMAL,MONITOR,False,{},"[""uav2"", ""uav1"", ""uav0""]",limited,True,{},NONE,NORMAL,SAFE,1.0,IDLE,0.0,0.0,0.0,,,0.0,False,avoidance not required,,{},,,,,,,,,,,3,fleet initializing,3.279,14.256,0.173,0,0,0.0,0.0,[],0.09975399076938629,0.055073365569114685,0.04895113781094551,0.0844065248966217,0.049323759973049164,0.039829593151807785,0.07322502881288528,-0.03402241691946983,0.07362709194421768
393.2,COMPLETE,12,HOME_DESCENT,1.0,0.8855,137.0909,0.0,True,NORMAL,MONITOR,False,{},"[""uav2"", ""uav1"", ""uav0""]",limited,True,{},NONE,NORMAL,SAFE,1.0,IDLE,0.0,0.0,0.0,,,0.0,False,avoidance not required,,{},,,,,,,,,,,3,fleet initializing,3.285,14.256,0.174,0,0,0.0,0.0,[],0.10134416073560715,0.05300386995077133,0.04847971349954605,0.08288748562335968,0.05317014455795288,0.03946544602513313,0.07747345417737961,-0.03567219898104668,0.07087185233831406
393.4,COMPLETE,12,HOME_DESCENT,1.0,0.8855,137.0909,0.0,True,NORMAL,MONITOR,False,{},"[""uav2"", ""uav1"", ""uav0""]",limited,True,{},NONE,NORMAL,SAFE,1.0,IDLE,0.0,0.0,0.0,,,0.0,False,avoidance not required,,{},,,,,,,,,,,3,fleet initializing,3.282,14.254,0.174,0,0,0.0,0.0,[],0.09853051602840424,0.0565607026219368,0.049233801662921906,0.08549793064594269,0.051624659448862076,0.03521449491381645,0.07699893414974213,-0.032956864684820175,0.06894401460886002
393.6,COMPLETE,12,HOME_DESCENT,1.0,0.8853,137.0654,0.0,True,NORMAL,MONITOR,False,{},"[""uav2"", ""uav1"", ""uav0""]",limited,True,{},NONE,NORMAL,SAFE,1.0,IDLE,0.0,0.0,0.0,,,0.0,False,avoidance not required,,{},,,,,,,,,,,3,fleet initializing,3.287,14.253,0.176,0,0,0.0,0.0,[],0.0989290326833725,0.05210753530263901,0.0441872663795948,0.08310162276029587,0.056041110306978226,0.03389131650328636,0.08029719442129135,-0.034146614372730255,0.06372441351413727
393.8,COMPLETE,12,HOME_DESCENT,1.0,0.8853,137.0654,0.0,True,NORMAL,MONITOR,False,{},"[""uav2"", ""uav1"", ""uav0""]",limited,True,{},NONE,NORMAL,SAFE,1.0,IDLE,0.0,0.0,0.0,,,0.0,False,avoidance not required,,{},,,,,,,,,,,3,fleet initializing,3.284,14.251,0.177,0,0,0.0,0.0,[],0.09549069404602051,0.055041249841451645,0.04322179779410362,0.0889376774430275,0.05185006558895111,0.03301934897899628,0.07921729981899261,-0.031202930957078934,0.06124623492360115
394.0,COMPLETE,12,HOME_DESCENT,1.0,0.8853,137.0654,0.0,True,NORMAL,MONITOR,False,{},"[""uav2"", ""uav1"", ""uav0""]",limited,True,{},NONE,NORMAL,SAFE,1.0,IDLE,0.0,0.0,0.0,,,0.0,False,avoidance not required,,{},,,,,,,,,,,3,fleet initializing,3.291,14.250,0.179,0,0,0.0,0.0,[],0.09739898890256882,0.05158169940114021,0.04687921330332756,0.08878675103187561,0.054375119507312775,0.03297527879476547,0.08167573809623718,-0.032635822892189026,0.058702029287815094
394.2,COMPLETE,12,HOME_DESCENT,1.0,0.8852,137.0402,0.0,True,NORMAL,MONITOR,False,{},"[""uav2"", ""uav1"", ""uav0""]",limited,True,{},NONE,NORMAL,SAFE,1.0,IDLE,0.0,0.0,0.0,,,0.0,False,avoidance not required,,{},,,,,,,,,,,3,fleet initializing,3.291,14.249,0.180,0,0,0.0,0.0,[],0.09442096203565598,0.05522129684686661,0.04972048103809357,0.09343747049570084,0.051472581923007965,0.03109019435942173,0.07992403954267502,-0.029904643073678017,0.057246603071689606
394.4,COMPLETE,12,HOME_DESCENT,1.0,0.8852,137.0402,0.0,True,NORMAL,MONITOR,False,{},"[""uav2"", ""uav1"", ""uav0""]",limited,True,{},NONE,NORMAL,SAFE,1.0,IDLE,0.0,0.0,0.0,,,0.0,False,avoidance not required,,{},,,,,,,,,,,3,fleet initializing,3.288,14.248,0.183,0,0,0.0,0.0,[],0.09291459619998932,0.05220089480280876,0.04687964916229248,0.09261342138051987,0.05463731288909912,0.029193343594670296,0.08237552642822266,-0.03331756964325905,0.054676786065101624
394.6,COMPLETE,12,HOME_DESCENT,1.0,0.8851,137.015,0.0,True,NORMAL,MONITOR,False,{},"[""uav2"", ""uav1"", ""uav0""]",limited,True,{},NONE,NORMAL,SAFE,1.0,IDLE,0.0,0.0,0.0,,,0.0,False,avoidance not required,,{},,,,,,,,,,,3,fleet initializing,3.291,14.249,0.185,0,0,0.0,0.0,[],0.08786370605230331,0.05585511028766632,0.044741399586200714,0.09427452087402344,0.050120145082473755,0.024799766018986702,0.08061501383781433,-0.031424254179000854,0.05212889611721039
394.8,COMPLETE,12,HOME_DESCENT,1.0,0.8851,137.015,0.0,True,NORMAL,MONITOR,False,{},"[""uav2"", ""uav1"", ""uav0""]",limited,True,{},NONE,NORMAL,SAFE,1.0,IDLE,0.0,0.0,0.0,,,0.0,False,avoidance not required,,{},,,,,,,,,,,3,fleet initializing,3.287,14.249,0.188,0,0,0.0,0.0,[],0.08910998702049255,0.05260675027966499,0.03840474411845207,0.1001557931303978,0.04475788772106171,0.02286607213318348,0.08341415226459503,-0.03431091830134392,0.04677500203251839
395.0,COMPLETE,12,HOME_DESCENT,1.0,0.8851,137.015,0.0,True,NORMAL,MONITOR,False,{},"[""uav2"", ""uav1"", ""uav0""]",limited,True,{},NONE,NORMAL,SAFE,1.0,IDLE,0.0,0.0,0.0,,,0.0,False,avoidance not required,,{},,,,,,,,,,,3,fleet initializing,3.284,14.249,0.192,0,0,0.0,0.0,[],0.08537266403436661,0.05575726926326752,0.03555621951818466,0.0990225151181221,0.04709209129214287,0.021629899740219116,0.08646785467863083,-0.03833016753196716,0.04435040056705475
395.2,COMPLETE,12,HOME_DESCENT,1.0,0.8849,136.9898,0.0,True,NORMAL,MONITOR,False,{},"[""uav2"", ""uav1"", ""uav0""]",limited,True,{},NONE,NORMAL,SAFE,1.0,IDLE,0.0,0.0,0.0,,,0.0,False,avoidance not required,,{},,,,,,,,,,,3,fleet initializing,3.289,14.250,0.193,0,0,0.0,0.0,[],0.08746344596147537,0.05269788205623627,0.03204304724931717,0.10056038200855255,0.04648495465517044,0.02060949243605137,0.08428475260734558,-0.03676743805408478,0.04231790080666542
395.4,COMPLETE,12,HOME_DESCENT,1.0,0.8849,136.9898,0.0,True,NORMAL,MONITOR,False,{},"[""uav2"", ""uav1"", ""uav0""]",limited,True,{},NONE,NORMAL,SAFE,1.0,IDLE,0.0,0.0,0.0,,,0.0,False,avoidance not required,,{},,,,,,,,,,,3,fleet initializing,3.290,14.250,0.194,0,0,0.0,0.0,[],0.08365000784397125,0.05633295699954033,0.029784265905618668,0.09684953093528748,0.05156524106860161,0.019860023632645607,0.08533623814582825,-0.037869762629270554,0.040695592761039734
395.6,COMPLETE,12,HOME_DESCENT,1.0,0.8848,136.9646,0.0,True,NORMAL,MONITOR,False,{},"[""uav2"", ""uav1"", ""uav0""]",limited,True,{},NONE,NORMAL,SAFE,1.0,IDLE,0.0,0.0,0.0,,,0.0,False,avoidance not required,,{},,,,,,,,,,,3,fleet initializing,3.290,14.250,0.194,0,0,0.0,0.0,[],0.08587460219860077,0.05326997861266136,0.03141907975077629,0.09925338625907898,0.052976690232753754,0.01942422054708004,0.08165639638900757,-0.03519827127456665,0.03923168405890465
395.8,COMPLETE,12,HOME_DESCENT,1.0,0.8848,136.9646,0.0,True,NORMAL,MONITOR,False,{},"[""uav2"", ""uav1"", ""uav0""]",limited,True,{},NONE,NORMAL,SAFE,1.0,IDLE,0.0,0.0,0.0,,,0.0,False,avoidance not required,,{},,,,,,,,,,,3,fleet initializing,3.284,14.251,0.196,0,0,0.0,0.0,[],0.08135182410478592,0.05744420737028122,0.03215590864419937,0.0989282876253128,0.05198715627193451,0.013904397375881672,0.08260525017976761,-0.040918562561273575,0.041726093739271164
396.0,COMPLETE,12,HOME_DESCENT,1.0,0.8848,136.9646,0.0,True,NORMAL,MONITOR,False,{},"[""uav2"", ""uav1"", ""uav0""]",limited,True,{},NONE,NORMAL,SAFE,1.0,IDLE,0.0,0.0,0.0,,,0.0,False,avoidance not required,,{},,,,,,,,,,,3,fleet initializing,3.285,14.254,0.200,0,0,0.0,0.0,[],0.0896826758980751,0.053665660321712494,0.03203687444329262,0.09377536177635193,0.056770920753479004,0.013049955479800701,0.07907134294509888,-0.040653686970472336,0.04177940636873245
