ros_time,state,stage,phase,progress,energy_min_remaining_fraction,energy_min_usable_margin_wh,energy_max_required_to_land_wh,energy_all_reserve_safe,energy_return_level,energy_return_action,energy_return_safety_override,energy_return_slots,energy_landing_order,energy_return_control_mode,energy_return_control_applied,energy_alternate_landing,energy_diversion_state,dynamic_action,dynamic_risk,speed_scale,avoidance_state,avoidance_offset_x,avoidance_offset_y,avoidance_offset_z,avoidance_failure,avoidance_algorithm,orca_max_command_speed_mps,planner_viable,planner_reason,planner_time_ms,planner_rejections,mpc_viable,mpc_total_solve_ms,mpc_max_solve_ms,mpc_solver_retries,mpc_warm_started_vehicles,mpc_rejections,mpc_consensus_strength,predicted_separation_m,dynamic_clearance_m,dynamic_time_to_conflict_s,safety_level,safety_message,min_separation_m,min_clearance_m,max_tracking_error_m,track_count,observed_track_count,mean_track_confidence,max_occlusion_s,track_ids,uav0_x,uav0_y,uav0_z,uav1_x,uav1_y,uav1_z,uav2_x,uav2_y,uav2_z
0.584,INITIALIZING,2,TAKEOFF_HOLD,0.0,0.9999,159.9733,11.127,True,NORMAL,MONITOR,False,{},"[""uav2"", ""uav1"", ""uav0""]",limited,False,{},NONE,SLOW,STALE,0.35,IDLE,0.0,0.0,0.0,,orca3d,0.0,,,,{},,,,,,,,,,,,,,,,0,0,0.0,0.0,[],,,,,,,,,
0.584,INITIALIZING,2,TAKEOFF_HOLD,0.0,0.9999,159.9733,11.127,True,NORMAL,MONITOR,False,{},"[""uav2"", ""uav1"", ""uav0""]",limited,False,{},NONE,SLOW,STALE,0.35,IDLE,0.0,0.0,0.0,,orca3d,0.0,,,,{},,,,,,,,,,,,,,,,0,0,0.0,0.0,[],,,,,,,,,
0.6,INITIALIZING,2,TAKEOFF_HOLD,0.0,0.9999,159.9733,11.127,True,NORMAL,MONITOR,False,{},"[""uav2"", ""uav1"", ""uav0""]",limited,False,{},NONE,SLOW,STALE,0.35,IDLE,0.0,0.0,0.0,,orca3d,0.0,,,,{},,,,,,,,,,,,,,,,0,0,0.0,0.0,[],,,,,,,,,
0.8,INITIALIZING,2,TAKEOFF_HOLD,0.0,0.9999,159.9733,11.127,True,NORMAL,MONITOR,False,{},"[""uav2"", ""uav1"", ""uav0""]",limited,False,{},NONE,SLOW,STALE,0.35,IDLE,0.0,0.0,0.0,,orca3d,0.0,,,,{},,,,,,,,,,,,,,,,0,0,0.0,0.0,[],,,,,,,,,
1.0,INITIALIZING,2,TAKEOFF_HOLD,0.0,0.9999,159.9733,11.127,True,NORMAL,MONITOR,False,{},"[""uav2"", ""uav1"", ""uav0""]",limited,False,{},NONE,SLOW,STALE,0.35,IDLE,0.0,0.0,0.0,,orca3d,0.0,,,,{},,,,,,,,,,,,,,,,0,0,0.0,0.0,[],,,,,,,,,
1.2,INITIALIZING,2,TAKEOFF_HOLD,0.0,0.9997,159.9465,11.127,True,NORMAL,MONITOR,False,{},"[""uav2"", ""uav1"", ""uav0""]",limited,False,{},NONE,SLOW,STALE,0.35,IDLE,0.0,0.0,0.0,,orca3d,0.0,,,,{},,,,,,,,,,,,,,,,0,0,0.0,0.0,[],,,,,,,,,
1.4,INITIALIZING,2,TAKEOFF_HOLD,0.0,0.9997,159.9465,11.127,True,NORMAL,MONITOR,False,{},"[""uav2"", ""uav1"", ""uav0""]",limited,False,{},NONE,SLOW,STALE,0.35,IDLE,0.0,0.0,0.0,,orca3d,0.0,,,,{},,,,,,,,,,,,,,,,0,0,0.0,0.0,[],,,,,,,,,
1.6,INITIALIZING,2,TAKEOFF_HOLD,0.0,0.9996,159.9198,11.127,True,NORMAL,MONITOR,False,{},"[""uav2"", ""uav1"", ""uav0""]",limited,False,{},NONE,SLOW,STALE,0.35,IDLE,0.0,0.0,0.0,,orca3d,0.0,,,,{},,,,,,,,,,,,,,,,0,0,0.0,0.0,[],,,,,,,,,
1.8,INITIALIZING,2,TAKEOFF_HOLD,0.0,0.9996,159.9198,11.127,True,NORMAL,MONITOR,False,{},"[""uav2"", ""uav1"", ""uav0""]",limited,False,{},NONE,SLOW,STALE,0.35,IDLE,0.0,0.0,0.0,,orca3d,0.0,,,,{},,,,,,,,,,,,,,,,0,0,0.0,0.0,[],,,,,,,,,
2.0,INITIALIZING,2,TAKEOFF_HOLD,0.0,0.9996,159.9198,11.127,True,NORMAL,MONITOR,False,{},"[""uav2"", ""uav1"", ""uav0""]",limited,False,{},NONE,SLOW,STALE,0.35,IDLE,0.0,0.0,0.0,,orca3d,0.0,,,,{},,,,,,,,,,,,,,,,0,0,0.0,0.0,[],,,,,,,,,
2.2,INITIALIZING,2,TAKEOFF_HOLD,0.0,0.9995,159.8931,11.127,True,NORMAL,MONITOR,True,{},"[""uav2"", ""uav1"", ""uav0""]",limited,False,{},NONE,HOLD,STALE,0.0,IDLE,0.0,0.0,0.0,,orca3d,0.0,,,,{},,,,,,,,,,,,,,,,0,0,0.0,0.0,[],,,,,,,,,
2.4,INITIALIZING,2,TAKEOFF_HOLD,0.0,0.9995,159.8931,11.127,True,NORMAL,MONITOR,True,{},"[""uav2"", ""uav1"", ""uav0""]",limited,False,{},NONE,HOLD,STALE,0.0,IDLE,0.0,0.0,0.0,,orca3d,0.0,,,,{},,,,,,,,,,,,,,,,0,0,0.0,0.0,[],,,,,,,,,
2.6,INITIALIZING,2,TAKEOFF_HOLD,0.0,0.9993,159.8663,11.127,True,NORMAL,MONITOR,True,{},"[""uav2"", ""uav1"", ""uav0""]",limited,False,{},NONE,HOLD,STALE,0.0,IDLE,0.0,0.0,0.0,,orca3d,0.0,,,,{},,,,,,,,,,,,,,,,0,0,0.0,0.0,[],,,,,,,,,
2.8,INITIALIZING,2,TAKEOFF_HOLD,0.0,0.9993,159.8663,11.127,True,NORMAL,MONITOR,True,{},"[""uav2"", ""uav1"", ""uav0""]",limited,False,{},NONE,HOLD,STALE,0.0,IDLE,0.0,0.0,0.0,,orca3d,0.0,,,,{},,,,,,,,,,,,,,,,0,0,0.0,0.0,[],,,,,,,,,
3.0,INITIALIZING,2,TAKEOFF_HOLD,0.0,0.9993,159.8663,11.127,True,NORMAL,MONITOR,True,{},"[""uav2"", ""uav1"", ""uav0""]",limited,False,{},NONE,HOLD,STALE,0.0,IDLE,0.0,0.0,0.0,,orca3d,0.0,,,,{},,,,,,,,,,,,,,,,0,0,0.0,0.0,[],,,,,,,,,
3.2,INITIALIZING,2,TAKEOFF_HOLD,0.0,0.9992,159.8396,11.127,True,NORMAL,MONITOR,True,{},"[""uav2"", ""uav1"", ""uav0""]",limited,False,{},NONE,HOLD,STALE,0.0,IDLE,0.0,0.0,0.0,,orca3d,0.0,,,,{},,,,,,,,,,,,,,,,0,0,0.0,0.0,[],,,,,,,,,
3.4,INITIALIZING,2,TAKEOFF_HOLD,0.0,0.9992,159.8396,11.127,True,NORMAL,MONITOR,True,{},"[""uav2"", ""uav1"", ""uav0""]",limited,False,{},NONE,HOLD,STALE,0.0,IDLE,0.0,0.0,0.0,,orca3d,0.0,,,,{},,,,,,,,,,,,,,,,0,0,0.0,0.0,[],,,,,,,,,
3.6,INITIALIZING,2,TAKEOFF_HOLD,0.0,0.9991,159.8128,11.127,True,NORMAL,MONITOR,True,{},"[""uav2"", ""uav1"", ""uav0""]",limited,False,{},NONE,HOLD,STALE,0.0,IDLE,0.0,0.0,0.0,,orca3d,0.0,,,,{},,,,,,,,,,,,,,,,0,0,0.0,0.0,[],,,,,,,,,
3.8,INITIALIZING,2,TAKEOFF_HOLD,0.0,0.9991,159.8128,11.127,True,NORMAL,MONITOR,True,{},"[""uav2"", ""uav1"", ""uav0""]",limited,False,{},NONE,HOLD,STALE,0.0,IDLE,0.0,0.0,0.0,,orca3d,0.0,,,,{},,,,,,,,,,,,,,,,0,0,0.0,0.0,[],,,,,,,,,
4.0,INITIALIZING,2,TAKEOFF_HOLD,0.0,0.9991,159.8128,11.127,True,NORMAL,MONITOR,True,{},"[""uav2"", ""uav1"", ""uav0""]",limited,False,{},NONE,HOLD,STALE,0.0,IDLE,0.0,0.0,0.0,,orca3d,0.0,,,,{},,,,,,,,,,,,,,,,0,0,0.0,0.0,[],,,,,,,,,
4.2,INITIALIZING,2,TAKEOFF_HOLD,0.0,0.9989,159.7861,11.127,True,NORMAL,MONITOR,True,{},"[""uav2"", ""uav1"", ""uav0""]",limited,False,{},NONE,HOLD,STALE,0.0,IDLE,0.0,0.0,0.0,,orca3d,0.0,,,,{},,,,,,,,,,,,,,,,0,0,0.0,0.0,[],,,,,,,,,
4.4,INITIALIZING,2,TAKEOFF_HOLD,0.0,0.9989,159.7861,11.127,True,NORMAL,MONITOR,True,{},"[""uav2"", ""uav1"", ""uav0""]",limited,False,{},NONE,HOLD,STALE,0.0,IDLE,0.0,0.0,0.0,,orca3d,0.0,,,,{},,,,,,,,,,,,,,,,0,0,0.0,0.0,[],,,,,,,,,
4.6,INITIALIZING,2,TAKEOFF_HOLD,0.0,0.9988,159.7594,11.127,True,NORMAL,MONITOR,True,{},"[""uav2"", ""uav1"", ""uav0""]",limited,False,{},NONE,HOLD,STALE,0.0,IDLE,0.0,0.0,0.0,,orca3d,0.0,,,,{},,,,,,,,,,,,,,,,0,0,0.0,0.0,[],,,,,,,,,
4.8,INITIALIZING,2,TAKEOFF_HOLD,0.0,0.9988,159.7594,11.127,True,NORMAL,MONITOR,True,{},"[""uav2"", ""uav1"", ""uav0""]",limited,False,{},NONE,HOLD,STALE,0.0,IDLE,0.0,0.0,0.0,,orca3d,0.0,,,,{},,,,,,,,,,,,,,,,0,0,0.0,0.0,[],,,,,,,,,
5.0,INITIALIZING,2,TAKEOFF_HOLD,0.0,0.9988,159.7594,11.127,True,NORMAL,MONITOR,True,{},"[""uav2"", ""uav1"", ""uav0""]",limited,False,{},NONE,HOLD,STALE,0.0,IDLE,0.0,0.0,0.0,,orca3d,0.0,,,,{},,,,,,,,,,,,,,,,0,0,0.0,0.0,[],,,,,,,,,
5.2,INITIALIZING,2,TAKEOFF_HOLD,0.0,0.9987,159.7326,11.127,True,NORMAL,MONITOR,True,{},"[""uav2"", ""uav1"", ""uav0""]",limited,False,{},NONE,HOLD,STALE,0.0,IDLE,0.0,0.0,0.0,,orca3d,0.0,,,,{},,,,,,,,,,,,,,,,0,0,0.0,0.0,[],,,,,,,,,
5.4,INITIALIZING,2,TAKEOFF_HOLD,0.0,0.9987,159.7326,11.127,True,NORMAL,MONITOR,True,{},"[""uav2"", ""uav1"", ""uav0""]",limited,False,{},NONE,HOLD,STALE,0.0,IDLE,0.0,0.0,0.0,,orca3d,0.0,,,,{},,,,,,,,,,,,,,,,0,0,0.0,0.0,[],,,,,,,,,
5.6,INITIALIZING,2,TAKEOFF_HOLD,0.0,0.9985,159.7059,11.127,True,NORMAL,MONITOR,True,{},"[""uav2"", ""uav1"", ""uav0""]",limited,False,{},NONE,HOLD,STALE,0.0,IDLE,0.0,0.0,0.0,,orca3d,0.0,,,,{},,,,,,,,,,,,,,,,0,0,0.0,0.0,[],,,,,,,,,
5.8,INITIALIZING,2,TAKEOFF_HOLD,0.0,0.9985,159.7059,11.127,True,NORMAL,MONITOR,True,{},"[""uav2"", ""uav1"", ""uav0""]",limited,False,{},NONE,HOLD,STALE,0.0,IDLE,0.0,0.0,0.0,,orca3d,0.0,,,,{},,,,,,,,,,,,,,,,0,0,0.0,0.0,[],,,,,,,,,
6.0,INITIALIZING,2,TAKEOFF_HOLD,0.0,0.9985,159.7059,11.127,True,NORMAL,MONITOR,True,{},"[""uav2"", ""uav1"", ""uav0""]",limited,False,{},NONE,HOLD,STALE,0.0,IDLE,0.0,0.0,0.0,,orca3d,0.0,,,,{},,,,,,,,,,,,,,,,0,0,0.0,0.0,[],0.009779935702681541,0.0003592133289203048,-0.004110111854970455,0.004799594171345234,0.0005345416138879955,-0.0170726478099823,,,
6.2,INITIALIZING,2,TAKEOFF_HOLD,0.0,0.9984,159.6792,11.127,True,NORMAL,MONITOR,True,{},"[""uav2"", ""uav1"", ""uav0""]",limited,False,{},NONE,HOLD,STALE,0.0,IDLE,0.0,0.0,0.0,,orca3d,0.0,,,,{},,,,,,,,,,,,,,,,0,0,0.0,0.0,[],0.012254479341208935,0.00045908326865173876,0.001760328421369195,0.009205920621752739,0.0006498906295746565,-0.02205171063542366,,,
6.4,INITIALIZING,2,TAKEOFF_HOLD,0.0,0.9984,159.6792,11.127,True,NORMAL,MONITOR,True,{},"[""uav2"", ""uav1"", ""uav0""]",limited,False,{},NONE,HOLD,STALE,0.0,IDLE,0.0,0.0,0.0,,orca3d,0.0,,,,{},,,,,,,,,,,,,,,,0,0,0.0,0.0,[],0.008951261639595032,0.00037400081055238843,0.0044725253246724606,0.009802812710404396,0.0005980495479889214,-0.024725468829274178,0.009752935729920864,0.00035109621239826083,-0.005156966857612133
6.6,INITIALIZING,2,TAKEOFF_HOLD,0.0,0.9983,159.6521,11.127,True,NORMAL,MONITOR,True,{},"[""uav2"", ""uav1"", ""uav0""]",limited,False,{},NONE,HOLD,SAFE,0.0,IDLE,0.0,0.0,0.0,,orca3d,0.0,False,avoidance not required,,{},,,,,,,,,,,3,fleet initializing,3.300,14.277,8.025,0,0,0.0,0.0,[],0.006943587213754654,0.00029680714942514896,0.0065191057510674,0.009741268120706081,0.000676697411108762,-0.0273898895829916,0.012229726649820805,0.00042292356374673545,0.0006968080415390432
6.8,INITIALIZING,2,TAKEOFF_HOLD,0.0,0.9983,159.6521,11.127,True,NORMAL,MONITOR,True,{},"[""uav2"", ""uav1"", ""uav0""]",limited,False,{},NONE,HOLD,SAFE,0.0,IDLE,0.0,0.0,0.0,,orca3d,0.0,False,avoidance not required,,{},,,,,,,,,,,3,fleet initializing,3.303,14.275,0.006,0,0,0.0,0.0,[],0.004680622834712267,-6.160565681057051e-05,0.0020158137194812298,0.007478495128452778,0.0020547695457935333,-0.02698437124490738,0.011118906550109386,0.00033812131732702255,0.007633961271494627
7.0,INITIALIZING,2,TAKEOFF_HOLD,0.0,0.9983,159.6521,11.127,True,NORMAL,MONITOR,True,{},"[""uav2"", ""uav1"", ""uav0""]",limited,False,{},NONE,HOLD,SAFE,0.0,IDLE,0.0,0.0,0.0,,orca3d,0.0,False,avoidance not required,,{},,,,,,,,,,,3,fleet initializing,3.303,14.276,0.013,0,0,0.0,0.0,[],0.003578198840841651,-0.0009030289947986603,-0.0012904092436656356,0.006365952547639608,0.002928071655333042,-0.027476780116558075,0.010240118019282818,0.00025698705576360226,0.015106447041034698
7.2,INITIALIZING,2,TAKEOFF_HOLD,0.0,0.9981,159.625,11.127,True,NORMAL,MONITOR,True,{},"[""uav2"", ""uav1"", ""uav0""]",limited,False,{},NONE,HOLD,SAFE,0.0,IDLE,0.0,0.0,0.0,,orca3d,0.0,False,avoidance not required,,{},,,,,,,,,,,3,fleet initializing,3.303,14.277,0.020,0,0,0.0,0.0,[],0.0022820744197815657,-0.003081596689298749,-0.002741273958235979,0.004860931541770697,0.002430055756121874,-0.029459068551659584,0.007772521581500769,-5.96917379880324e-05,0.01924165152013302
7.4,INITIALIZING,2,TAKEOFF_HOLD,0.0,0.9981,159.625,11.127,True,NORMAL,MONITOR,True,{},"[""uav2"", ""uav1"", ""uav0""]",limited,False,{},NONE,HOLD,SAFE,0.0,IDLE,0.0,0.0,0.0,,orca3d,0.0,False,avoidance not required,,{},,,,,,,,,,,3,fleet initializing,3.303,14.279,0.024,0,0,0.0,0.0,[],0.0014374925522133708,-0.005747877527028322,-0.004129989538341761,0.004392122849822044,0.0015768598532304168,-0.03181561827659607,0.0065529681742191315,-0.0008551985956728458,0.022438310086727142
7.6,INITIALIZING,2,TAKEOFF_HOLD,0.0,0.998,159.598,11.127,True,NORMAL,MONITOR,True,{},"[""uav2"", ""uav1"", ""uav0""]",limited,False,{},NONE,HOLD,SAFE,0.0,IDLE,0.0,0.0,0.0,,orca3d,0.0,False,avoidance not required,,{},,,,,,,,,,,3,fleet initializing,3.303,14.280,0.028,0,0,0.0,0.0,[],0.0008108094916678965,-0.00624888064339757,-0.007881601341068745,0.003719288157299161,0.0018841743003576994,-0.03253545984625816,0.004835617728531361,-0.0015959864249452949,0.024553781375288963
7.8,INITIALIZING,2,TAKEOFF_HOLD,0.0,0.998,159.598,11.127,True,NORMAL,MONITOR,True,{},"[""uav2"", ""uav1"", ""uav0""]",limited,False,{},NONE,HOLD,SAFE,0.0,IDLE,0.0,0.0,0.0,,orca3d,0.0,False,avoidance not required,,{},,,,,,,,,,,3,fleet initializing,3.302,14.282,0.030,0,0,0.0,0.0,[],0.00048178897122852504,-0.007641080301254988,-0.00846090354025364,0.003714087186381221,0.0015605976805090904,-0.033200833946466446,0.003732745535671711,-0.0030113100074231625,0.0260618906468153
8.0,INITIALIZING,2,TAKEOFF_HOLD,0.0,0.998,159.598,11.127,True,NORMAL,MONITOR,True,{},"[""uav2"", ""uav1"", ""uav0""]",limited,False,{},NONE,HOLD,SAFE,0.0,IDLE,0.0,0.0,0.0,,orca3d,0.0,False,avoidance not required,,{},,,,,,,,,,,3,fleet initializing,3.301,14.284,0.032,0,0,0.0,0.0,[],0.000169258943060413,-0.006206061691045761,-0.009689993225038052,0.0031591630540788174,0.003856883617118001,-0.031926967203617096,0.0036304928362369537,-0.003321785479784012,0.022536709904670715
8.2,INITIALIZING,2,TAKEOFF_HOLD,0.0,0.9979,159.5711,11.127,True,NORMAL,MONITOR,True,{},"[""uav2"", ""uav1"", ""uav0""]",limited,False,{},NONE,HOLD,SAFE,0.0,IDLE,0.0,0.0,0.0,,orca3d,0.0,False,avoidance not required,,{},,,,,,,,,,,3,fleet initializing,3.301,14.284,0.029,0,0,0.0,0.0,[],-0.0001971031160792336,-0.006311649456620216,-0.01031182985752821,0.0030106815975159407,0.004698420874774456,-0.03136724606156349,0.003598748939111829,-0.004375247284770012,0.021171029657125473
8.4,INITIALIZING,2,TAKEOFF_HOLD,0.0,0.9979,159.5711,11.127,True,NORMAL,MONITOR,True,{},"[""uav2"", ""uav1"", ""uav0""]",limited,False,{},NONE,HOLD,SAFE,0.0,IDLE,0.0,0.0,0.0,,orca3d,0.0,False,avoidance not required,,{},,,,,,,,,,,3,fleet initializing,3.301,14.285,0.027,0,0,0.0,0.0,[],-0.0003382407012395561,-0.0028478021267801523,-0.009360156953334808,0.002269610296934843,0.004583539441227913,-0.029132917523384094,0.0038655854295939207,-0.004614985082298517,0.019970335066318512
8.6,INITIALIZING,2,TAKEOFF_HOLD,0.0,0.9977,159.5442,11.127,True,NORMAL,MONITOR,False,{},"[""uav2"", ""uav1"", ""uav0""]",limited,False,{},NONE,NORMAL,SAFE,1.0,IDLE,0.0,0.0,0.0,,orca3d,0.0,False,avoidance not required,,{},,,,,,,,,,,3,fleet initializing,3.302,14.285,0.026,0,0,0.0,0.0,[],-0.00037572046858258545,-0.0015108406078070402,-0.007658557966351509,0.0014680088497698307,0.0039009740576148033,-0.027470048516988754,0.0022190113086253405,-0.004424132872372866,0.01880066469311714
8.8,INITIALIZING,2,TAKEOFF_HOLD,0.0,0.9977,159.5442,11.127,True,NORMAL,MONITOR,False,{},"[""uav2"", ""uav1"", ""uav0""]",limited,False,{},NONE,NORMAL,SAFE,1.0,IDLE,0.0,0.0,0.0,,orca3d,0.0,False,avoidance not required,,{},,,,,,,,,,,3,fleet initializing,3.301,14.286,8.027,0,0,0.0,0.0,[],-0.00020441741799004376,-0.003829857800155878,-0.013283348642289639,-0.0019931867718696594,0.004676032345741987,-0.029592281207442284,0.0007863577920943499,-0.005588856991380453,0.01967165619134903
9.0,INITIALIZING,2,TAKEOFF_HOLD,0.0,0.9977,159.5442,11.127,True,NORMAL,MONITOR,False,{},"[""uav2"", ""uav1"", ""uav0""]",limited,False,{},NONE,NORMAL,SAFE,1.0,IDLE,0.0,0.0,0.0,,orca3d,0.0,False,avoidance not required,,{},,,,,,,,,,,3,fleet initializing,3.298,14.288,8.030,0,0,0.0,0.0,[],0.0002859515370801091,-0.007368328049778938,-0.017293093726038933,-0.004214285407215357,0.004161020275205374,-0.030707435682415962,0.0007012858986854553,-0.005742209497839212,0.01905321143567562
9.2,INITIALIZING,2,TAKEOFF_HOLD,0.0,0.9976,159.5173,11.127,True,NORMAL,MONITOR,False,{},"[""uav2"", ""uav1"", ""uav0""]",limited,False,{},NONE,NORMAL,SAFE,1.0,IDLE,0.0,0.0,0.0,,orca3d,0.0,False,avoidance not required,,{},,,,,,,,,,,3,fleet initializing,3.296,14.288,8.031,0,0,0.0,0.0,[],0.0012815145310014486,-0.008135865442454815,-0.016520215198397636,-0.004583058878779411,0.003585320897400379,-0.03005818836390972,0.0006238863570615649,-0.007456577382981777,0.019390560686588287
9.4,INITIALIZING,2,TAKEOFF_HOLD,0.0,0.9976,159.5173,11.127,True,NORMAL,MONITOR,False,{},"[""uav2"", ""uav1"", ""uav0""]",limited,False,{},NONE,NORMAL,SAFE,1.0,IDLE,0.0,0.0,0.0,,orca3d,0.0,False,avoidance not required,,{},,,,,,,,,,,3,fleet initializing,3.294,14.289,8.030,0,0,0.0,0.0,[],0.0022924302611500025,-0.010544754564762115,-0.015458932146430016,-0.004174818284809589,0.002968398854136467,-0.027581145986914635,0.0014272344997152686,-0.006420014891773462,0.02099676802754402
9.6,INITIALIZING,2,TAKEOFF_HOLD,0.0,0.9975,159.4905,11.127,True,NORMAL,MONITOR,False,{},"[""uav2"", ""uav1"", ""uav0""]",limited,False,{},NONE,NORMAL,SAFE,1.0,IDLE,0.0,0.0,0.0,,orca3d,0.0,False,avoidance not required,,{},,,,,,,,,,,3,fleet initializing,3.294,14.288,8.028,0,0,0.0,0.0,[],0.003191059920936823,-0.011816705577075481,-0.019090697169303894,-0.003653177758678794,0.0016495095333084464,-0.02769218198955059,0.002273671329021454,-0.0072252932004630566,0.023571131750941277
9.8,INITIALIZING,2,TAKEOFF_HOLD,0.0,0.9975,159.4905,11.127,True,NORMAL,MONITOR,False,{},"[""uav2"", ""uav1"", ""uav0""]",limited,False,{},NONE,NORMAL,SAFE,1.0,IDLE,0.0,0.0,0.0,,orca3d,0.0,False,avoidance not required,,{},,,,,,,,,,,3,fleet initializing,3.293,14.288,8.028,0,0,0.0,0.0,[],0.004497800953686237,-0.015154554508626461,-0.02170242927968502,-0.0024975757114589214,0.0025134729221463203,-0.03394249454140663,0.0015150230610743165,-0.00990433618426323,0.02250600792467594
10.0,INITIALIZING,2,TAKEOFF_HOLD,0.0,0.9975,159.4905,11.127,True,NORMAL,MONITOR,False,{},"[""uav2"", ""uav1"", ""uav0""]",limited,False,{},NONE,NORMAL,SAFE,1.0,IDLE,0.0,0.0,0.0,,orca3d,0.0,False,avoidance not required,,{},,,,,,,,,,,3,fleet initializing,3.293,14.290,8.034,0,0,0.0,0.0,[],0.006202793680131435,-0.012154893949627876,-0.023061245679855347,-0.0011862855171784759,0.0013819985324516892,-0.03801458701491356,0.0011978307738900185,-0.013983904384076595,0.021327733993530273
10.2,INITIALIZING,2,TAKEOFF_HOLD,0.0,0.9973,159.4637,11.127,True,NORMAL,MONITOR,False,{},"[""uav2"", ""uav1"", ""uav0""]",limited,False,{},NONE,NORMAL,SAFE,1.0,IDLE,0.0,0.0,0.0,,orca3d,0.0,False,avoidance not required,,{},,,,,,,,,,,3,fleet initializing,3.293,14.293,8.038,0,0,0.0,0.0,[],0.005180841777473688,-0.009033082984387875,-0.02483152039349079,0.0009772422490641475,-0.001950018689967692,-0.03657592087984085,0.0033732352312654257,-0.01247401349246502,0.018518870696425438
10.4,INITIALIZING,2,TAKEOFF_HOLD,0.0,0.9973,159.4637,11.127,True,NORMAL,MONITOR,False,{},"[""uav2"", ""uav1"", ""uav0""]",limited,False,{},NONE,NORMAL,SAFE,1.0,IDLE,0.0,0.0,0.0,,orca3d,0.0,False,avoidance not required,,{},,,,,,,,,,,3,fleet initializing,3.296,14.291,8.037,0,0,0.0,0.0,[],0.004815743304789066,-0.008570495992898941,-0.025274578481912613,0.002675866475328803,-0.005661017261445522,-0.036300890147686005,0.005371612962335348,-0.01334292534738779,0.01578652486205101
10.6,INITIALIZING,2,TAKEOFF_HOLD,0.0,0.9972,159.4369,11.127,True,NORMAL,MONITOR,False,{},"[""uav2"", ""uav1"", ""uav0""]",limited,False,{},NONE,NORMAL,SAFE,1.0,IDLE,0.0,0.0,0.0,,orca3d,0.0,False,avoidance not required,,{},,,,,,,,,,,3,fleet initializing,3.298,14.290,8.036,0,0,0.0,0.0,[],0.004344576969742775,-0.005038349889218807,-0.02431110292673111,0.003433896927163005,-0.0078041767701506615,-0.03589554503560066,0.01157226413488388,-0.01150769367814064,0.013292809017002583
10.8,INITIALIZING,2,TAKEOFF_HOLD,0.0,0.9972,159.4369,11.127,True,NORMAL,MONITOR,False,{},"[""uav2"", ""uav1"", ""uav0""]",limited,False,{},NONE,NORMAL,SAFE,1.0,IDLE,0.0,0.0,0.0,,orca3d,0.0,False,avoidance not required,,{},,,,,,,,,,,3,fleet initializing,3.299,14.284,8.036,0,0,0.0,0.0,[],0.004661794286221266,-0.004110913723707199,-0.02515103481709957,0.003907519392669201,-0.010608796030282974,-0.035837531089782715,0.01673455722630024,-0.011984454467892647,0.01196063868701458
11.0,INITIALIZING,2,TAKEOFF_HOLD,0.0,0.9972,159.4369,11.127,True,NORMAL,MONITOR,False,{},"[""uav2"", ""uav1"", ""uav0""]",limited,False,{},NONE,NORMAL,SAFE,1.0,IDLE,0.0,0.0,0.0,,orca3d,0.0,False,avoidance not required,,{},,,,,,,,,,,3,fleet initializing,3.299,14.281,8.036,0,0,0.0,0.0,[],0.004135288763791323,-0.0043036676943302155,-0.026296813040971756,0.001942869508638978,-0.00975988619029522,-0.03593607619404793,0.017691144719719887,-0.00825702864676714,0.010969140566885471
11.2,INITIALIZING,2,TAKEOFF_HOLD,0.0,0.9971,159.4101,11.127,True,NORMAL,MONITOR,False,{},"[""uav2"", ""uav1"", ""uav0""]",limited,False,{},NONE,NORMAL,SAFE,1.0,IDLE,0.0,0.0,0.0,,orca3d,0.0,False,avoidance not required,,{},,,,,,,,,,,3,fleet initializing,3.298,14.277,8.036,0,0,0.0,0.0,[],0.004016946069896221,-0.0056790756061673164,-0.02730892226099968,0.000906668952666223,-0.010417897254228592,-0.03617218881845474,0.019256863743066788,-0.006945725064724684,0.008968188427388668
11.4,INITIALIZING,2,TAKEOFF_HOLD,0.0,0.9971,159.4101,11.127,True,NORMAL,MONITOR,False,{},"[""uav2"", ""uav1"", ""uav0""]",limited,False,{},NONE,NORMAL,SAFE,1.0,IDLE,0.0,0.0,0.0,,orca3d,0.0,False,avoidance not required,,{},,,,,,,,,,,3,fleet initializing,3.297,14.275,8.036,0,0,0.0,0.0,[],-0.0007516182959079742,-0.002895918907597661,-0.02697003446519375,-0.00010206455772276968,-0.008684992790222168,-0.03434542566537857,0.01827043667435646,-0.006638705730438232,0.0055799102410674095
11.6,INITIALIZING,2,TAKEOFF_HOLD,0.0,0.9969,159.3833,11.127,True,NORMAL,MONITOR,False,{},"[""uav2"", ""uav1"", ""uav0""]",limited,False,{},NONE,NORMAL,SAFE,1.0,IDLE,0.0,0.0,0.0,,orca3d,0.0,False,avoidance not required,,{},,,,,,,,,,,3,fleet initializing,3.301,14.276,8.034,0,0,0.0,0.0,[],-0.004062846302986145,-0.001622919226065278,-0.029660014435648918,-0.0007009477121755481,-0.008724561892449856,-0.035063933581113815,0.01824885606765747,-0.007764290552586317,0.002987293526530266
11.8,INITIALIZING,2,TAKEOFF_HOLD,0.0,0.9969,159.3833,11.127,True,NORMAL,MONITOR,False,{},"[""uav2"", ""uav1"", ""uav0""]",limited,False,{},NONE,NORMAL,SAFE,1.0,IDLE,0.0,0.0,0.0,,orca3d,0.0,False,avoidance not required,,{},,,,,,,,,,,3,fleet initializing,3.303,14.277,8.035,0,0,0.0,0.0,[],-0.005517229437828064,-0.0003038952127099037,-0.026033421978354454,-0.0010038671316578984,-0.008985251188278198,-0.03654151037335396,0.01589525304734707,-0.006446811370551586,0.006240827031433582
12.0,INITIALIZING,2,TAKEOFF_HOLD,0.0,0.9969,159.3833,11.127,True,NORMAL,MONITOR,False,{},"[""uav2"", ""uav1"", ""uav0""]",limited,False,{},NONE,NORMAL,SAFE,1.0,IDLE,0.0,0.0,0.0,,orca3d,0.0,False,avoidance not required,,{},,,,,,,,,,,1,tracking error high,3.305,14.277,8.037,0,0,0.0,0.0,[],-0.0054056984372437,-0.0001450686831958592,-0.023087656125426292,-0.0007769457879476249,-0.010167395696043968,-0.03921002149581909,0.015140836127102375,-0.0064461249858140945,0.00506115797907114
12.2,INITIALIZING,2,TAKEOFF_HOLD,0.0,0.9968,159.3565,11.127,True,NORMAL,MONITOR,False,{},"[""uav2"", ""uav1"", ""uav0""]",limited,False,{},NONE,NORMAL,SAFE,1.0,IDLE,0.0,0.0,0.0,,orca3d,0.0,False,avoidance not required,,{},,,,,,,,,,,1,tracking error high,3.305,14.278,8.039,0,0,0.0,0.0,[],-0.005762407090514898,-0.0006598516483791173,-0.023187873885035515,0.0028544832020998,-0.009717622771859169,-0.04364437609910965,0.0128842294216156,-0.00521555682644248,0.007964246906340122
12.4,INITIALIZING,2,TAKEOFF_HOLD,0.0,0.9968,159.3565,11.127,True,NORMAL,MONITOR,False,{},"[""uav2"", ""uav1"", ""uav0""]",limited,False,{},NONE,NORMAL,SAFE,1.0,IDLE,0.0,0.0,0.0,,orca3d,0.0,False,avoidance not required,,{},,,,,,,,,,,1,tracking error high,3.309,14.279,8.044,0,0,0.0,0.0,[],-0.004801038186997175,-0.0003312630287837237,-0.02251701056957245,0.002246489282697439,-0.008052228949964046,-0.04335923492908478,0.011661316268146038,-0.005398931913077831,0.008892466314136982
12.6,INITIALIZING,2,TAKEOFF_HOLD,0.0,0.9966,159.3297,11.127,True,NORMAL,MONITOR,False,{},"[""uav2"", ""uav1"", ""uav0""]",limited,False,{},NONE,NORMAL,SAFE,1.0,IDLE,0.0,0.0,0.0,,orca3d,0.0,False,avoidance not required,,{},,,,,,,,,,,1,tracking error high,3.307,14.280,8.043,0,0,0.0,0.0,[],-0.004493040964007378,-0.0010193258058279753,-0.023113155737519264,0.001794740790501237,-0.007943818345665932,-0.0446806401014328,0.009979497641324997,-0.004239967558532953,0.006509731523692608
12.8,INITIALIZING,2,TAKEOFF_HOLD,0.0,0.9966,159.3297,11.127,True,NORMAL,MONITOR,False,{},"[""uav2"", ""uav1"", ""uav0""]",limited,False,{},NONE,NORMAL,SAFE,1.0,IDLE,0.0,0.0,0.0,,orca3d,0.0,False,avoidance not required,,{},,,,,,,,,,,1,tracking error high,3.306,14.280,8.045,0,0,0.0,0.0,[],-0.0012978845043107867,-0.0033035357482731342,-0.018590345978736877,0.0016132959863170981,-0.009230365976691246,-0.04774981737136841,0.009140079841017723,-0.004029546398669481,0.0034810493234544992
13.0,INITIALIZING,2,TAKEOFF_HOLD,0.0,0.9966,159.3297,11.127,True,NORMAL,MONITOR,False,{},"[""uav2"", ""uav1"", ""uav0""]",limited,False,{},NONE,NORMAL,SAFE,1.0,IDLE,0.0,0.0,0.0,,orca3d,0.0,False,avoidance not required,,{},,,,,,,,,,,1,tracking error high,3.303,14.281,8.048,0,0,0.0,0.0,[],0.0005250023677945137,-0.006039750762283802,-0.017043979838490486,0.001827696105465293,-0.01139413844794035,-0.04959898069500923,0.006541017442941666,-0.003564573125913739,0.0025244534481316805
13.2,INITIALIZING,2,TAKEOFF_HOLD,0.0,0.9965,159.3029,11.127,True,NORMAL,MONITOR,False,{},"[""uav2"", ""uav1"", ""uav0""]",limited,False,{},NONE,NORMAL,SAFE,1.0,IDLE,0.0,0.0,0.0,,orca3d,0.0,False,avoidance not required,,{},,,,,,,,,,,1,tracking error high,3.301,14.282,8.050,0,0,0.0,0.0,[],0.0020082227420061827,-0.004066217225044966,-0.016341647133231163,0.00360142276622355,-0.00880500115454197,-0.04939022287726402,0.005024903919547796,-0.004697006195783615,0.0013683373108506203
13.4,INITIALIZING,2,TAKEOFF_HOLD,0.0,0.9965,159.3029,11.127,True,NORMAL,MONITOR,False,{},"[""uav2"", ""uav1"", ""uav0""]",limited,False,{},NONE,NORMAL,SAFE,1.0,IDLE,0.0,0.0,0.0,,orca3d,0.0,False,avoidance not required,,{},,,,,,,,,,,1,tracking error high,3.302,14.284,8.049,0,0,0.0,0.0,[],0.0030067048501223326,-0.003995624370872974,-0.018112555146217346,0.004875599406659603,-0.008160857483744621,-0.05020756274461746,0.00434329966083169,-0.00396119337528944,0.0036494594532996416
13.6,INITIALIZING,2,TAKEOFF_HOLD,0.0,0.9964,159.2761,11.127,True,NORMAL,MONITOR,False,{},"[""uav2"", ""uav1"", ""uav0""]",limited,False,{},NONE,NORMAL,SAFE,1.0,IDLE,0.0,0.0,0.0,,orca3d,0.0,False,avoidance not required,,{},,,,,,,,,,,1,tracking error high,3.300,14.284,8.050,0,0,0.0,0.0,[],0.0035445047542452812,-0.003008386120200157,-0.014571781270205975,0.005177837330847979,-0.004778227768838406,-0.05125487968325615,0.0040338970720767975,-0.004488533828407526,0.0037151577416807413
13.8,INITIALIZING,2,TAKEOFF_HOLD,0.0,0.9964,159.2761,11.127,True,NORMAL,MONITOR,False,{},"[""uav2"", ""uav1"", ""uav0""]",limited,False,{},NONE,NORMAL,SAFE,1.0,IDLE,0.0,0.0,0.0,,orca3d,0.0,False,avoidance not required,,{},,,,,,,,,,,1,tracking error high,3.299,14.282,8.052,0,0,0.0,0.0,[],0.0035972229670733213,-0.003075083252042532,-0.01156419888138771,0.005762528162449598,-0.003853388363495469,-0.05172368511557579,0.004218959249556065,-0.001673824735917151,0.0027702029328793287
14.0,INITIALIZING,2,TAKEOFF_HOLD,0.0,0.9964,159.2761,11.127,True,NORMAL,MONITOR,False,{},"[""uav2"", ""uav1"", ""uav0""]",limited,False,{},NONE,NORMAL,SAFE,1.0,IDLE,0.0,0.0,0.0,,orca3d,0.0,False,avoidance not required,,{},,,,,,,,,,,1,tracking error high,3.299,14.282,8.052,0,0,0.0,0.0,[],-0.001867720391601324,-0.005948234815150499,0.026091398671269417,0.005198263097554445,-0.0020758931059390306,-0.04648836329579353,0.004749331623315811,-0.001076490618288517,0.0008761750650592148
14.2,INITIALIZING,2,TAKEOFF_HOLD,0.0,0.9962,159.2493,11.127,True,NORMAL,MONITOR,False,{},"[""uav2"", ""uav1"", ""uav0""]",limited,False,{},NONE,NORMAL,SAFE,1.0,IDLE,0.0,0.0,0.0,,orca3d,0.0,False,avoidance not required,,{},,,,,,,,,,,1,tracking error high,3.300,14.282,8.046,0,0,0.0,0.0,[],-0.0202321894466877,-0.02007373981177807,0.13967494666576385,-0.0005869418382644653,-0.0023630091454833746,-0.013596555218100548,0.005020026583224535,-0.0003337044909130782,0.0011971135390922427
14.4,INITIALIZING,2,TAKEOFF_HOLD,0.0,0.9962,159.2493,11.127,True,NORMAL,MONITOR,False,{},"[""uav2"", ""uav1"", ""uav0""]",limited,False,{},NONE,NORMAL,SAFE,1.0,IDLE,0.0,0.0,0.0,,orca3d,0.0,False,avoidance not required,,{},,,,,,,,,,,1,tracking error high,3.306,14.281,8.014,0,0,0.0,0.0,[],-0.0506521612405777,-0.03592158854007721,0.3334941565990448,-0.019281510263681412,-0.012572911567986012,0.08682344108819962,0.0013130607549101114,-0.0005680405301973224,0.020123738795518875
14.6,INITIALIZING,2,TAKEOFF_HOLD,0.0,0.9961,159.2145,11.127,True,NORMAL,MONITOR,False,{},"[""uav2"", ""uav1"", ""uav0""]",limited,False,{},NONE,NORMAL,SAFE,1.0,IDLE,0.0,0.0,0.0,,orca3d,0.0,False,avoidance not required,,{},,,,,,,,,,,1,tracking error high,3.321,14.284,7.980,0,0,0.0,0.0,[],-0.07875917851924896,-0.05401302129030228,0.6219967603683472,-0.0489446297287941,-0.02793269231915474,0.26966503262519836,-0.009376442059874535,-0.007121473550796509,0.10389672964811325
14.8,INITIALIZING,2,TAKEOFF_HOLD,0.0,0.9961,159.2145,11.127,True,NORMAL,MONITOR,False,{},"[""uav2"", ""uav1"", ""uav0""]",limited,False,{},NONE,NORMAL,SAFE,1.0,IDLE,0.0,0.0,0.0,,orca3d,0.0,False,avoidance not required,,{},,,,,,,,,,,1,tracking error high,3.352,14.324,7.721,0,0,0.0,0.0,[],-0.09743484109640121,-0.06922735273838043,0.9963122606277466,-0.0748600959777832,-0.04582882300019264,0.550290584564209,-0.030957065522670746,-0.025059344246983528,0.27921971678733826
15.0,INITIALIZING,2,TAKEOFF_HOLD,0.0,0.9961,159.2145,11.127,True,NORMAL,MONITOR,False,{},"[""uav2"", ""uav1"", ""uav0""]",limited,False,{},NONE,NORMAL,SAFE,1.0,IDLE,0.0,0.0,0.0,,orca3d,0.0,False,avoidance not required,,{},,,,,,,,,,,1,tracking error high,3.352,14.324,7.721,0,0,0.0,0.0,[],-0.11903686821460724,-0.08496791869401932,1.4103986024856567,-0.10098528116941452,-0.06206265836954117,0.9109804630279541,-0.05487356334924698,-0.046830181032419205,0.5434810519218445
15.2,INITIALIZING,2,TAKEOFF_HOLD,0.0,0.9958,159.1641,11.127,True,NORMAL,MONITOR,False,{},"[""uav2"", ""uav1"", ""uav0""]",limited,False,{},NONE,NORMAL,SAFE,1.0,IDLE,0.0,0.0,0.0,,orca3d,0.0,False,avoidance not required,,{},,,,,,,,,,,1,tracking error high,3.356,14.356,7.457,0,0,0.0,0.0,[],-0.129285529255867,-0.09438853710889816,1.8490067720413208,-0.11750326305627823,-0.07496087998151779,1.320638656616211,-0.07291847467422485,-0.06565991789102554,0.9002141952514648
15.4,INITIALIZING,2,TAKEOFF_HOLD,0.0,0.9958,159.1641,11.127,True,NORMAL,MONITOR,False,{},"[""uav2"", ""uav1"", ""uav0""]",limited,False,{},NONE,NORMAL,SAFE,1.0,IDLE,0.0,0.0,0.0,,orca3d,0.0,False,avoidance not required,,{},,,,,,,,,,,1,tracking error high,3.354,14.382,7.100,0,0,0.0,0.0,[],-0.1376989334821701,-0.10256817191839218,2.305471658706665,-0.12902100384235382,-0.08497092127799988,1.7566957473754883,-0.09836684167385101,-0.08032582700252533,1.3003149032592773
15.6,INITIALIZING,2,TAKEOFF_HOLD,0.0,0.9956,159.1116,11.127,True,NORMAL,MONITOR,False,{},"[""uav2"", ""uav1"", ""uav0""]",limited,False,{},NONE,NORMAL,SAFE,1.0,IDLE,0.0,0.0,0.0,,orca3d,0.0,False,avoidance not required,,{},,,,,,,,,,,1,tracking error high,3.354,14.411,6.701,0,0,0.0,0.0,[],-0.14181379973888397,-0.10228411108255386,2.7824935913085938,-0.1345301866531372,-0.09318064898252487,2.2145471572875977,-0.11360561102628708,-0.08951044082641602,1.7289448976516724
15.8,INITIALIZING,2,TAKEOFF_HOLD,0.0,0.9956,159.1116,11.127,True,NORMAL,MONITOR,False,{},"[""uav2"", ""uav1"", ""uav0""]",limited,False,{},NONE,NORMAL,SAFE,1.0,IDLE,0.0,0.0,0.0,,orca3d,0.0,False,avoidance not required,,{},,,,,,,,,,,1,tracking error high,3.356,14.428,6.273,0,0,0.0,0.0,[],-0.1351180225610733,-0.09568797051906586,3.2694692611694336,-0.13022248446941376,-0.09397245943546295,2.689201593399048,-0.1327173262834549,-0.10279017686843872,2.179509162902832
16.0,INITIALIZING,2,TAKEOFF_HOLD,0.0,0.9956,159.1116,11.127,True,NORMAL,MONITOR,False,{},"[""uav2"", ""uav1"", ""uav0""]",limited,False,{},NONE,NORMAL,SAFE,1.0,IDLE,0.0,0.0,0.0,,orca3d,0.0,False,avoidance not required,,{},,,,,,,,,,,1,tracking error high,3.337,14.451,5.823,0,0,0.0,0.0,[],-0.1290125548839569,-0.08374282717704773,3.7712161540985107,-0.1278662234544754,-0.08992749452590942,3.1807968616485596,-0.13759516179561615,-0.10700367391109467,2.647876024246216
16.2,INITIALIZING,2,TAKEOFF_HOLD,0.0,0.9953,159.0513,11.127,True,NORMAL,MONITOR,False,{},"[""uav2"", ""uav1"", ""uav0""]",limited,False,{},NONE,NORMAL,SAFE,1.0,IDLE,0.0,0.0,0.0,,orca3d,0.0,False,avoidance not required,,{},,,,,,,,,,,1,tracking error high,3.333,14.457,5.355,0,0,0.0,0.0,[],-0.11562585085630417,-0.0688057467341423,4.282880783081055,-0.11814373731613159,-0.08119285106658936,3.681736469268799,-0.14833848178386688,-0.10428483784198761,3.133842945098877
16.4,INITIALIZING,2,TAKEOFF_HOLD,0.0,0.9953,159.0513,11.127,True,NORMAL,MONITOR,False,{},"[""uav2"", ""uav1"", ""uav0""]",limited,False,{},NONE,NORMAL,SAFE,1.0,IDLE,0.0,0.0,0.0,,orca3d,0.0,False,avoidance not required,,{},,,,,,,,,,,1,tracking error high,3.315,14.463,4.870,0,0,0.0,0.0,[],-0.10088177025318146,-0.04722275957465172,4.806798934936523,-0.11215002089738846,-0.06811440736055374,4.195949077606201,-0.14619478583335876,-0.09531278908252716,3.6300253868103027
16.6,INITIALIZING,2,TAKEOFF_HOLD,0.0,0.995,158.9959,11.127,True,NORMAL,MONITOR,False,{},"[""uav2"", ""uav1"", ""uav0""]",limited,False,{},NONE,NORMAL,SAFE,1.0,IDLE,0.0,0.0,0.0,,orca3d,0.0,False,avoidance not required,,{},,,,,,,,,,,1,tracking error high,3.315,14.455,4.373,0,0,0.0,0.0,[],-0.0815088078379631,-0.026163151487708092,5.33505392074585,-0.09985359758138657,-0.052926111966371536,4.71513032913208,-0.14350579679012299,-0.0786818191409111,4.141613006591797
16.8,INITIALIZING,2,TAKEOFF_HOLD,0.0,0.995,158.9959,11.127,True,NORMAL,MONITOR,False,{},"[""uav2"", ""uav1"", ""uav0""]",limited,False,{},NONE,NORMAL,SAFE,1.0,IDLE,0.0,0.0,0.0,,orca3d,0.0,False,avoidance not required,,{},,,,,,,,,,,1,tracking error high,3.307,14.442,3.862,0,0,0.0,0.0,[],-0.06624279171228409,-0.006097541190683842,5.840117931365967,-0.08859675377607346,-0.03743045777082443,5.2405242919921875,-0.13092920184135437,-0.05941138043999672,4.658751964569092
17.0,INITIALIZING,2,TAKEOFF_HOLD,0.0,0.995,158.9959,11.127,True,NORMAL,MONITOR,False,{},"[""uav2"", ""uav1"", ""uav0""]",limited,False,{},NONE,NORMAL,SAFE,1.0,IDLE,0.0,0.0,0.0,,orca3d,0.0,False,avoidance not required,,{},,,,,,,,,,,1,tracking error high,3.309,14.419,3.344,0,0,0.0,0.0,[],-0.05048462375998497,0.010028851218521595,6.267778396606445,-0.0734175592660904,-0.02276352420449257,5.7513580322265625,-0.11483108997344971,-0.04355619475245476,5.183187484741211
17.2,INITIALIZING,2,TAKEOFF_HOLD,0.0,0.9947,158.9401,11.127,True,NORMAL,MONITOR,False,{},"[""uav2"", ""uav1"", ""uav0""]",limited,False,{},NONE,NORMAL,SAFE,1.0,IDLE,0.0,0.0,0.0,,orca3d,0.0,False,avoidance not required,,{},,,,,,,,,,,1,tracking error high,3.308,14.397,2.819,0,0,0.0,0.0,[],-0.03132965788245201,0.024890625849366188,6.619356155395508,-0.05986293405294418,-0.011717607267200947,6.20090389251709,-0.09378286451101303,-0.02863677404820919,5.696369647979736
17.4,INITIALIZING,2,TAKEOFF_HOLD,0.0,0.9947,158.9401,11.127,True,NORMAL,MONITOR,False,{},"[""uav2"", ""uav1"", ""uav0""]",limited,False,{},NONE,NORMAL,SAFE,1.0,IDLE,0.0,0.0,0.0,,orca3d,0.0,False,avoidance not required,,{},,,,,,,,,,,1,tracking error high,3.298,14.371,2.306,0,0,0.0,0.0,[],-0.01213476900011301,0.036083437502384186,6.900106430053711,-0.0440017469227314,-0.0021547956857830286,6.563225746154785,-0.0683886706829071,-0.012738106772303581,6.154032230377197
17.6,INITIALIZING,2,TAKEOFF_HOLD,0.0,0.9945,158.8916,11.127,True,NORMAL,MONITOR,False,{},"[""uav2"", ""uav1"", ""uav0""]",limited,False,{},NONE,NORMAL,SAFE,1.0,IDLE,0.0,0.0,0.0,,orca3d,0.0,False,avoidance not required,,{},,,,,,,,,,,0,safe,3.286,14.342,1.847,0,0,0.0,0.0,[],0.004664028063416481,0.04308658838272095,7.115943908691406,-0.019418636336922646,0.007768428884446621,6.862659931182861,-0.0432913675904274,0.0010370014933869243,6.52291202545166
17.8,INITIALIZING,2,TAKEOFF_HOLD,0.0,0.9945,158.8916,11.127,True,NORMAL,MONITOR,False,{},"[""uav2"", ""uav1"", ""uav0""]",limited,False,{},NONE,NORMAL,SAFE,1.0,IDLE,0.0,0.0,0.0,,orca3d,0.0,False,avoidance not required,,{},,,,,,,,,,,0,safe,3.286,14.314,1.478,0,0,0.0,0.0,[],0.026224171742796898,0.04625428095459938,7.289446830749512,0.003258701413869858,0.016328081488609314,7.0919036865234375,-0.014177882112562656,0.01166119147092104,6.825556755065918
18.0,RUNNING,2,TAKEOFF_HOLD,0.0,0.9945,158.8916,11.127,True,NORMAL,MONITOR,False,{},"[""uav2"", ""uav1"", ""uav0""]",limited,False,{},NONE,NORMAL,SAFE,1.0,IDLE,0.0,0.0,0.0,,orca3d,0.0,False,avoidance not required,,{},,,,,,,,,,,0,safe,3.283,14.286,1.175,0,0,0.0,0.0,[],0.04311839118599892,0.04711064323782921,7.419980525970459,0.029030662029981613,0.032784074544906616,7.274718761444092,0.010987051762640476,0.019382547587156296,7.0588603019714355
18.2,RUNNING,2,TAKEOFF_HOLD,0.001,0.9943,158.852,11.127,True,NORMAL,MONITOR,False,{},"[""uav2"", ""uav1"", ""uav0""]",limited,False,{},NONE,NORMAL,SAFE,1.0,IDLE,0.0,0.0,0.0,,orca3d,0.0,False,avoidance not required,,{},,,,,,,,,,,0,safe,3.289,14.263,0.941,0,0,0.0,0.0,[],0.06260233372449875,0.05560311675071716,7.5299859046936035,0.0498107485473156,0.044787321239709854,7.411434650421143,0.036520060151815414,0.03384289890527725,7.2480034828186035
18.4,RUNNING,2,TAKEOFF_HOLD,0.002,0.9943,158.852,11.127,True,NORMAL,MONITOR,False,{},"[""uav2"", ""uav1"", ""uav0""]",limited,False,{},NONE,NORMAL,SAFE,1.0,IDLE,0.0,0.0,0.0,,orca3d,0.0,False,avoidance not required,,{},,,,,,,,,,,0,safe,3.289,14.234,0.754,0,0,0.0,0.0,[],0.07599334418773651,0.061084285378456116,7.612572193145752,0.07211929559707642,0.053672876209020615,7.5227484703063965,0.05645346641540527,0.0449112243950367,7.390380859375
18.6,RUNNING,2,TAKEOFF_HOLD,0.002,0.9941,158.8184,11.127,True,NORMAL,MONITOR,False,{},"[""uav2"", ""uav1"", ""uav0""]",limited,False,{},NONE,NORMAL,SAFE,1.0,IDLE,0.0,0.0,0.0,,orca3d,0.0,False,avoidance not required,,{},,,,,,,,,,,0,safe,3.287,14.213,0.614,0,0,0.0,0.0,[],0.08886456489562988,0.06198069453239441,7.673404693603516,0.08743896335363388,0.05803843215107918,7.607008457183838,0.07856207340955734,0.05881824716925621,7.511413097381592
18.8,RUNNING,2,TAKEOFF_HOLD,0.003,0.9941,158.8184,11.127,True,NORMAL,MONITOR,False,{},"[""uav2"", ""uav1"", ""uav0""]",limited,False,{},NONE,NORMAL,SAFE,1.0,IDLE,0.0,0.0,0.0,,orca3d,0.0,False,avoidance not required,,{},,,,,,,,,,,0,safe,3.293,14.187,0.498,0,0,0.0,0.0,[],0.09520762413740158,0.060770951211452484,7.722801208496094,0.09936261922121048,0.05444404110312462,7.675114631652832,0.09372001141309738,0.06776341795921326,7.600591659545898
19.0,RUNNING,2,TAKEOFF_HOLD,0.004,0.9941,158.8184,11.127,True,NORMAL,MONITOR,False,{},"[""uav2"", ""uav1"", ""uav0""]",limited,False,{},NONE,NORMAL,SAFE,1.0,IDLE,0.0,0.0,0.0,,orca3d,0.0,False,avoidance not required,,{},,,,,,,,,,,0,safe,3.295,14.170,0.416,0,0,0.0,0.0,[],0.1026599109172821,0.06103040277957916,7.771790981292725,0.10508981347084045,0.05055190995335579,7.727588653564453,0.102672278881073,0.07273788005113602,7.666459083557129
19.2,RUNNING,2,TAKEOFF_HOLD,0.005,0.9939,158.788,11.127,True,NORMAL,MONITOR,False,{},"[""uav2"", ""uav1"", ""uav0""]",limited,False,{},NONE,NORMAL,SAFE,1.0,IDLE,0.0,0.0,0.0,,orca3d,0.0,False,avoidance not required,,{},,,,,,,,,,,0,safe,3.298,14.160,0.356,0,0,0.0,0.0,[],0.1040327250957489,0.05951391160488129,7.808430194854736,0.10709623992443085,0.049511540681123734,7.771443843841553,0.10600347071886063,0.07391928136348724,7.718341827392578
19.4,RUNNING,2,TAKEOFF_HOLD,0.005,0.9939,158.788,11.127,True,NORMAL,MONITOR,False,{},"[""uav2"", ""uav1"", ""uav0""]",limited,False,{},NONE,NORMAL,SAFE,1.0,IDLE,0.0,0.0,0.0,,orca3d,0.0,False,avoidance not required,,{},,,,,,,,,,,0,safe,3.299,14.157,0.310,0,0,0.0,0.0,[],0.11093399673700333,0.05755964666604996,7.842112064361572,0.10563874989748001,0.044331781566143036,7.807493209838867,0.10642696917057037,0.07378821074962616,7.7702250480651855
19.6,RUNNING,2,TAKEOFF_HOLD,0.006,0.9938,158.7592,11.127,True,NORMAL,MONITOR,False,{},"[""uav2"", ""uav1"", ""uav0""]",limited,False,{},NONE,NORMAL,SAFE,1.0,IDLE,0.0,0.0,0.0,,orca3d,0.0,False,avoidance not required,,{},,,,,,,,,,,0,safe,3.295,14.157,0.264,0,0,0.0,0.0,[],0.11129797250032425,0.05472410097718239,7.866296768188477,0.10121982544660568,0.04002662003040314,7.834429740905762,0.10309392213821411,0.0711388885974884,7.807971954345703
19.8,RUNNING,2,TAKEOFF_HOLD,0.007,0.9938,158.7592,11.127,True,NORMAL,MONITOR,False,{},"[""uav2"", ""uav1"", ""uav0""]",limited,False,{},NONE,NORMAL,SAFE,1.0,IDLE,0.0,0.0,0.0,,orca3d,0.0,False,avoidance not required,,{},,,,,,,,,,,0,safe,3.290,14.161,0.229,0,0,0.0,0.0,[],0.11419140547513962,0.043626606464385986,7.887420654296875,0.09634316712617874,0.040561478585004807,7.858025074005127,0.09879855066537857,0.06873274594545364,7.837804794311523
20.0,RUNNING,2,TAKEOFF_HOLD,0.008,0.9938,158.7592,11.127,True,NORMAL,MONITOR,False,{},"[""uav2"", ""uav1"", ""uav0""]",limited,False,{},NONE,NORMAL,SAFE,1.0,IDLE,0.0,0.0,0.0,,orca3d,0.0,False,avoidance not required,,{},,,,,,,,,,,0,safe,3.282,14.166,0.202,0,0,0.0,0.0,[],0.11146382242441177,0.03482533618807793,7.901317119598389,0.08983971923589706,0.03986791521310806,7.8779497146606445,0.09273918718099594,0.06507740169763565,7.860665321350098
20.2,RUNNING,2,TAKEOFF_HOLD,0.008,0.9937,158.7313,11.127,True,NORMAL,MONITOR,False,{},"[""uav2"", ""uav1"", ""uav0""]",limited,False,{},NONE,NORMAL,SAFE,1.0,IDLE,0.0,0.0,0.0,,orca3d,0.0,False,avoidance not required,,{},,,,,,,,,,,0,safe,3.278,14.172,0.180,0,0,0.0,0.0,[],0.10533405095338821,0.018526460975408554,7.916770935058594,0.08557375520467758,0.03692232444882393,7.896352291107178,0.09136596322059631,0.05346029996871948,7.8873491287231445
20.4,RUNNING,2,TAKEOFF_HOLD,0.009,0.9937,158.7313,11.127,True,NORMAL,MONITOR,False,{},"[""uav2"", ""uav1"", ""uav0""]",limited,False,{},NONE,NORMAL,SAFE,1.0,IDLE,0.0,0.0,0.0,,orca3d,0.0,False,avoidance not required,,{},,,,,,,,,,,0,safe,3.280,14.182,0.155,0,0,0.0,0.0,[],0.09623069316148758,0.007682547438889742,7.926845073699951,0.07963024824857712,0.034164078533649445,7.908899784088135,0.08774776756763458,0.04374559596180916,7.905468940734863
20.6,RUNNING,2,TAKEOFF_HOLD,0.01,0.9935,158.7039,11.127,True,NORMAL,MONITOR,False,{},"[""uav2"", ""uav1"", ""uav0""]",limited,False,{},NONE,NORMAL,SAFE,1.0,IDLE,0.0,0.0,0.0,,orca3d,0.0,False,avoidance not required,,{},,,,,,,,,,,0,safe,3.284,14.191,0.136,0,0,0.0,0.0,[],0.08241559565067291,-0.00577568169683218,7.940040588378906,0.0709298774600029,0.03207949176430702,7.915456295013428,0.08482033014297485,0.029285704717040062,7.925891876220703
20.8,RUNNING,2,TAKEOFF_HOLD,0.011,0.9935,158.7039,11.127,True,NORMAL,MONITOR,False,{},"[""uav2"", ""uav1"", ""uav0""]",limited,False,{},NONE,NORMAL,SAFE,1.0,IDLE,0.0,0.0,0.0,,orca3d,0.0,False,avoidance not required,,{},,,,,,,,,,,0,safe,3.289,14.203,0.116,0,0,0.0,0.0,[],0.06898366659879684,-0.013009828515350819,7.949045181274414,0.061899807304143906,0.029328810051083565,7.92394495010376,0.07985493540763855,0.019187983125448227,7.936089515686035
21.0,RUNNING,2,TAKEOFF_HOLD,0.011,0.9935,158.7039,11.127,True,NORMAL,MONITOR,False,{},"[""uav2"", ""uav1"", ""uav0""]",limited,False,{},NONE,NORMAL,SAFE,1.0,IDLE,0.0,0.0,0.0,,orca3d,0.0,False,avoidance not required,,{},,,,,,,,,,,0,safe,3.293,14.214,0.104,0,0,0.0,0.0,[],0.05702797323465347,-0.018027616664767265,7.958998680114746,0.04837191104888916,0.018456103280186653,7.935456275939941,0.06729120761156082,0.007089137565344572,7.950117111206055
21.2,RUNNING,2,TAKEOFF_HOLD,0.012,0.9934,158.6769,11.127,True,NORMAL,MONITOR,False,{},"[""uav2"", ""uav1"", ""uav0""]",limited,False,{},NONE,NORMAL,SAFE,1.0,IDLE,0.0,0.0,0.0,,orca3d,0.0,False,avoidance not required,,{},,,,,,,,,,,0,safe,3.292,14.231,0.084,0,0,0.0,0.0,[],0.04653177037835121,-0.018670227378606796,7.964086055755615,0.03799164295196533,0.010530439205467701,7.943844318389893,0.05585285648703575,-6.466367631219327e-05,7.9586052894592285
21.4,RUNNING,2,TAKEOFF_HOLD,0.013,0.9934,158.6769,11.127,True,NORMAL,MONITOR,False,{},"[""uav2"", ""uav1"", ""uav0""]",limited,False,{},NONE,NORMAL,SAFE,1.0,IDLE,0.0,0.0,0.0,,orca3d,0.0,False,avoidance not required,,{},,,,,,,,,,,0,safe,3.292,14.244,0.070,0,0,0.0,0.0,[],0.041692327708005905,-0.021083658561110497,7.969696044921875,0.030863186344504356,0.000285200250800699,7.955660343170166,0.04267800226807594,-0.008238262496888638,7.965152740478516
21.6,RUNNING,2,TAKEOFF_HOLD,0.014,0.9933,158.65,11.127,True,NORMAL,MONITOR,False,{},"[""uav2"", ""uav1"", ""uav0""]",limited,False,{},NONE,NORMAL,SAFE,1.0,IDLE,0.0,0.0,0.0,,orca3d,0.0,False,avoidance not required,,{},,,,,,,,,,,0,safe,3.289,14.260,0.056,0,0,0.0,0.0,[],0.037120021879673004,-0.019741840660572052,7.974154949188232,0.025574391707777977,-0.006009270437061787,7.963936805725098,0.03252361714839935,-0.011800641193985939,7.967622756958008
21.8,RUNNING,2,TAKEOFF_HOLD,0.014,0.9933,158.65,11.127,True,NORMAL,MONITOR,False,{},"[""uav2"", ""uav1"", ""uav0""]",limited,False,{},NONE,NORMAL,SAFE,1.0,IDLE,0.0,0.0,0.0,,orca3d,0.0,False,avoidance not required,,{},,,,,,,,,,,0,safe,3.288,14.269,0.049,0,0,0.0,0.0,[],0.030224597081542015,-0.020370127633213997,7.980025768280029,0.021413134410977364,-0.015137354843318462,7.973424911499023,0.021734565496444702,-0.017655545845627785,7.97199010848999
22.0,RUNNING,2,TAKEOFF_HOLD,0.015,0.9933,158.65,11.127,True,NORMAL,MONITOR,False,{},"[""uav2"", ""uav1"", ""uav0""]",limited,False,{},NONE,NORMAL,SAFE,1.0,IDLE,0.0,0.0,0.0,,orca3d,0.0,False,avoidance not required,,{},,,,,,,,,,,0,safe,3.291,14.281,0.042,0,0,0.0,0.0,[],0.02429739572107792,-0.018043505027890205,7.983570098876953,0.0185663141310215,-0.019267238676548004,7.978915214538574,0.014557674527168274,-0.018992165103554726,7.97508430480957
22.2,RUNNING,2,TAKEOFF_HOLD,0.016,0.9931,158.6232,11.127,True,NORMAL,MONITOR,False,{},"[""uav2"", ""uav1"", ""uav0""]",limited,False,{},NONE,NORMAL,SAFE,1.0,IDLE,0.0,0.0,0.0,,orca3d,0.0,False,avoidance not required,,{},,,,,,,,,,,0,safe,3.294,14.287,0.035,0,0,0.0,0.0,[],0.019968176260590553,-0.018843667581677437,7.988643646240234,0.01605452224612236,-0.02248227410018444,7.985743045806885,0.01013503409922123,-0.0231181513518095,7.976877689361572
22.4,RUNNING,2,TAKEOFF_HOLD,0.017,0.9931,158.6232,11.127,True,NORMAL,MONITOR,False,{},"[""uav2"", ""uav1"", ""uav0""]",limited,False,{},NONE,NORMAL,SAFE,1.0,IDLE,0.0,0.0,0.0,,orca3d,0.0,False,avoidance not required,,{},,,,,,,,,,,0,safe,3.294,14.293,0.034,0,0,0.0,0.0,[],0.016590632498264313,-0.016546178609132767,7.9914631843566895,0.01436730194836855,-0.022144146263599396,7.990030765533447,0.007738154847174883,-0.023114154115319252,7.978606224060059
22.6,RUNNING,2,TAKEOFF_HOLD,0.017,0.993,158.5964,11.127,True,NORMAL,MONITOR,False,{},"[""uav2"", ""uav1"", ""uav0""]",limited,False,{},NONE,NORMAL,SAFE,1.0,IDLE,0.0,0.0,0.0,,orca3d,0.0,False,avoidance not required,,{},,,,,,,,,,,0,safe,3.293,14.295,0.032,0,0,0.0,0.0,[],0.012306729331612587,-0.017879482358694077,7.99607515335083,0.013168985955417156,-0.022720571607351303,7.99412727355957,0.006046614143997431,-0.025227930396795273,7.986559867858887
22.8,RUNNING,2,TAKEOFF_HOLD,0.018,0.993,158.5964,11.127,True,NORMAL,MONITOR,False,{},"[""uav2"", ""uav1"", ""uav0""]",limited,False,{},NONE,NORMAL,SAFE,1.0,IDLE,0.0,0.0,0.0,,orca3d,0.0,False,avoidance not required,,{},,,,,,,,,,,0,safe,3.293,14.298,0.029,0,0,0.0,0.0,[],0.0098592983558774,-0.01571706496179104,7.999260425567627,0.012604858726263046,-0.02058364823460579,7.997091770172119,0.005608048755675554,-0.023298019543290138,7.990874767303467
23.0,RUNNING,2,TAKEOFF_HOLD,0.019,0.993,158.5964,11.127,True,NORMAL,MONITOR,False,{},"[""uav2"", ""uav1"", ""uav0""]",limited,False,{},NONE,NORMAL,SAFE,1.0,IDLE,0.0,0.0,0.0,,orca3d,0.0,False,avoidance not required,,{},,,,,,,,,,,0,safe,3.293,14.297,0.026,0,0,0.0,0.0,[],0.005641444120556116,-0.016397399827837944,8.006620407104492,0.011831390671432018,-0.021299168467521667,8.001498222351074,0.005186423193663359,-0.026002269238233566,7.995760440826416
23.2,RUNNING,2,TAKEOFF_HOLD,0.02,0.9928,158.5696,11.127,True,NORMAL,MONITOR,False,{},"[""uav2"", ""uav1"", ""uav0""]",limited,False,{},NONE,NORMAL,SAFE,1.0,IDLE,0.0,0.0,0.0,,orca3d,0.0,False,avoidance not required,,{},,,,,,,,,,,0,safe,3.293,14.299,0.027,0,0,0.0,0.0,[],0.00378414592705667,-0.01411014050245285,8.011075019836426,0.012247377075254917,-0.018630923703312874,8.005057334899902,0.006088170688599348,-0.024387815967202187,7.999019145965576
23.4,RUNNING,2,TAKEOFF_HOLD,0.02,0.9928,158.5696,11.127,True,NORMAL,MONITOR,False,{},"[""uav2"", ""uav1"", ""uav0""]",limited,False,{},NONE,NORMAL,SAFE,1.0,IDLE,0.0,0.0,0.0,,orca3d,0.0,False,avoidance not required,,{},,,,,,,,,,,0,safe,3.294,14.297,0.025,0,0,0.0,0.0,[],0.0026679285801947117,-0.015096727758646011,8.017531394958496,0.015556332655251026,-0.014483081176877022,8.012682914733887,0.00640501594170928,-0.026834633201360703,8.006726264953613
23.6,RUNNING,2,TAKEOFF_HOLD,0.021,0.9927,158.5428,11.127,True,NORMAL,MONITOR,False,{},"[""uav2"", ""uav1"", ""uav0""]",limited,False,{},NONE,NORMAL,SAFE,1.0,IDLE,0.0,0.0,0.0,,orca3d,0.0,False,avoidance not required,,{},,,,,,,,,,,0,safe,3.291,14.298,0.028,0,0,0.0,0.0,[],0.003103179158642888,-0.013258423656225204,8.019569396972656,0.018300415948033333,-0.009750207886099815,8.016617774963379,0.00778707442805171,-0.02491198480129242,8.011573791503906
23.8,RUNNING,2,TAKEOFF_HOLD,0.022,0.9927,158.5428,11.127,True,NORMAL,MONITOR,False,{},"[""uav2"", ""uav1"", ""uav0""]",limited,False,{},NONE,NORMAL,SAFE,1.0,IDLE,0.0,0.0,0.0,,orca3d,0.0,False,avoidance not required,,{},,,,,,,,,,,0,safe,3.290,14.296,0.029,0,0,0.0,0.0,[],0.0026648459024727345,-0.011596816591918468,8.027961730957031,0.023211335763335228,-0.009420735761523247,8.021455764770508,0.007537919096648693,-0.029206596314907074,8.017784118652344
24.0,RUNNING,2,TAKEOFF_HOLD,0.023,0.9927,158.5428,11.127,True,NORMAL,MONITOR,False,{},"[""uav2"", ""uav1"", ""uav0""]",limited,False,{},NONE,NORMAL,SAFE,1.0,IDLE,0.0,0.0,0.0,,orca3d,0.0,False,avoidance not required,,{},,,,,,,,,,,0,safe,3.284,14.299,0.035,0,0,0.0,0.0,[],0.003582275239750743,-0.00814730953425169,8.028776168823242,0.026522740721702576,-0.007250212132930756,8.021660804748535,0.00825692992657423,-0.028878942131996155,8.019396781921387
24.2,RUNNING,2,TAKEOFF_HOLD,0.023,0.9926,158.5159,11.127,True,NORMAL,MONITOR,False,{},"[""uav2"", ""uav1"", ""uav0""]",limited,False,{},NONE,NORMAL,SAFE,1.0,IDLE,0.0,0.0,0.0,,orca3d,0.0,False,avoidance not required,,{},,,,,,,,,,,0,safe,3.282,14.299,0.036,0,0,0.0,0.0,[],0.004834979306906462,-0.009557511657476425,8.033693313598633,0.028779784217476845,-0.0058891670778393745,8.023378372192383,0.011694284155964851,-0.028938759118318558,8.01654052734375
24.4,RUNNING,2,TAKEOFF_HOLD,0.024,0.9926,158.5159,11.127,True,NORMAL,MONITOR,False,{},"[""uav2"", ""uav1"", ""uav0""]",limited,False,{},NONE,NORMAL,SAFE,1.0,IDLE,0.0,0.0,0.0,,orca3d,0.0,False,avoidance not required,,{},,,,,,,,,,,0,safe,3.283,14.296,0.038,0,0,0.0,0.0,[],0.006240127608180046,-0.00831362884491682,8.034214973449707,0.029674796387553215,-0.003296502400189638,8.022000312805176,0.014912106096744537,-0.025494875386357307,8.01321792602539
24.6,RUNNING,2,TAKEOFF_HOLD,0.025,0.9924,158.4891,11.127,True,NORMAL,MONITOR,False,{},"[""uav2"", ""uav1"", ""uav0""]",limited,False,{},NONE,NORMAL,SAFE,1.0,IDLE,0.0,0.0,0.0,,orca3d,0.0,False,avoidance not required,,{},,,,,,,,,,,0,safe,3.285,14.291,0.037,0,0,0.0,0.0,[],0.006127072498202324,-0.008473975583910942,8.034163475036621,0.03145413473248482,-0.005405442789196968,8.027474403381348,0.015072274953126907,-0.02620198205113411,8.01466178894043
24.8,RUNNING,2,TAKEOFF_HOLD,0.026,0.9924,158.4891,11.127,True,NORMAL,MONITOR,False,{},"[""uav2"", ""uav1"", ""uav0""]",limited,False,{},NONE,NORMAL,SAFE,1.0,IDLE,0.0,0.0,0.0,,orca3d,0.0,False,avoidance not required,,{},,,,,,,,,,,0,safe,3.284,14.292,0.042,0,0,0.0,0.0,[],0.0065971785224974155,-0.006487187929451466,8.031615257263184,0.03104345127940178,-0.005117109511047602,8.029236793518066,0.015015881508588791,-0.023419076576828957,8.01636028289795
25.0,RUNNING,2,TAKEOFF_HOLD,0.026,0.9924,158.4891,11.127,True,NORMAL,MONITOR,False,{},"[""uav2"", ""uav1"", ""uav0""]",limited,False,{},NONE,NORMAL,SAFE,1.0,IDLE,0.0,0.0,0.0,,orca3d,0.0,False,avoidance not required,,{},,,,,,,,,,,0,safe,3.284,14.290,0.043,0,0,0.0,0.0,[],0.008578022941946983,-0.0058730547316372395,8.035123825073242,0.02595832385122776,-0.00963734183460474,8.03377628326416,0.02057965286076069,-0.021491417661309242,8.02457332611084
25.2,RUNNING,2,TAKEOFF_HOLD,0.027,0.9923,158.4622,11.127,True,NORMAL,MONITOR,False,{},"[""uav2"", ""uav1"", ""uav0""]",limited,False,{},NONE,NORMAL,SAFE,1.0,IDLE,0.0,0.0,0.0,,orca3d,0.0,False,avoidance not required,,{},,,,,,,,,,,0,safe,3.295,14.285,0.044,0,0,0.0,0.0,[],0.010140982456505299,-0.0037574574816972017,8.032729148864746,0.02164042741060257,-0.010584233328700066,8.034621238708496,0.024330096319317818,-0.017306329682469368,8.028155326843262
25.4,RUNNING,2,TAKEOFF_HOLD,0.028,0.9923,158.4622,11.127,True,NORMAL,MONITOR,False,{},"[""uav2"", ""uav1"", ""uav0""]",limited,False,{},NONE,NORMAL,SAFE,1.0,IDLE,0.0,0.0,0.0,,orca3d,0.0,False,avoidance not required,,{},,,,,,,,,,,0,safe,3.303,14.279,0.042,0,0,0.0,0.0,[],0.014443639665842056,-0.0033738494385033846,8.035693168640137,0.01809324510395527,-0.013129659928381443,8.032633781433105,0.025382911786437035,-0.015577541664242744,8.0361909866333
25.6,RUNNING,2,TAKEOFF_HOLD,0.029,0.9922,158.4353,11.127,True,NORMAL,MONITOR,False,{},"[""uav2"", ""uav1"", ""uav0""]",limited,False,{},NONE,NORMAL,SAFE,1.0,IDLE,0.0,0.0,0.0,,orca3d,0.0,False,avoidance not required,,{},,,,,,,,,,,0,safe,3.304,14.277,0.047,0,0,0.0,0.0,[],0.01687590219080448,-0.0017586832400411367,8.034452438354492,0.015439756214618683,-0.013067095540463924,8.030658721923828,0.025101466104388237,-0.011965119279921055,8.036321640014648
25.8,RUNNING,2,TAKEOFF_HOLD,0.029,0.9922,158.4353,11.127,True,NORMAL,MONITOR,False,{},"[""uav2"", ""uav1"", ""uav0""]",limited,False,{},NONE,NORMAL,SAFE,1.0,IDLE,0.0,0.0,0.0,,orca3d,0.0,False,avoidance not required,,{},,,,,,,,,,,0,safe,3.299,14.275,0.046,0,0,0.0,0.0,[],0.019697969779372215,-0.0033453130163252354,8.040793418884277,0.0159680787473917,-0.01731938309967518,8.032084465026855,0.02410433068871498,-0.010127163492143154,8.040532112121582
26.0,RUNNING,3,DEPARTURE_FORMATION,0.03,0.9922,158.4353,11.127,True,NORMAL,MONITOR,False,{},"[""uav2"", ""uav1"", ""uav0""]",limited,False,{},NONE,NORMAL,SAFE,1.0,IDLE,0.0,0.0,0.0,,orca3d,0.0,False,avoidance not required,,{},,,,,,,,,,,0,safe,3.296,14.274,0.048,0,0,0.0,0.0,[],0.0205458365380764,-0.0034031029790639877,8.043539047241211,0.015665797516703606,-0.018068423494696617,8.032610893249512,0.029327252879738808,-0.008157487027347088,8.047863006591797
26.2,RUNNING,3,DEPARTURE_FORMATION,0.031,0.992,158.4084,11.127,True,NORMAL,MONITOR,False,{},"[""uav2"", ""uav1"", ""uav0""]",limited,False,{},NONE,NORMAL,SAFE,1.0,IDLE,0.0,0.0,0.0,,orca3d,0.0,False,avoidance not required,,{},,,,,,,,,,,0,safe,3.295,14.269,0.057,0,0,0.0,0.0,[],0.025173379108309746,0.0008425323758274317,8.049988746643066,0.01507953554391861,-0.020665094256401062,8.038427352905273,0.0316242016851902,-0.005269556771963835,8.049345970153809
26.4,RUNNING,3,DEPARTURE_FORMATION,0.032,0.992,158.4084,11.127,True,NORMAL,MONITOR,False,{},"[""uav2"", ""uav1"", ""uav0""]",limited,False,{},NONE,NORMAL,SAFE,1.0,IDLE,0.0,0.0,0.0,,orca3d,0.0,False,avoidance not required,,{},,,,,,,,,,,0,safe,3.290,14.265,0.059,0,0,0.0,0.0,[],0.026934215798974037,0.004627792630344629,8.049159049987793,0.014780641533434391,-0.020373206585645676,8.038985252380371,0.03322520852088928,-0.0022865966893732548,8.055957794189453
26.6,RUNNING,3,DEPARTURE_FORMATION,0.032,0.9919,158.3815,11.127,True,NORMAL,MONITOR,False,{},"[""uav2"", ""uav1"", ""uav0""]",limited,False,{},NONE,NORMAL,SAFE,1.0,IDLE,0.0,0.0,0.0,,orca3d,0.0,False,avoidance not required,,{},,,,,,,,,,,0,safe,3.288,14.262,0.067,0,0,0.0,0.0,[],0.028359660878777504,0.005901944823563099,8.053702354431152,0.019181590527296066,-0.019744882360100746,8.03981876373291,0.032177671790122986,8.936786616686732e-05,8.055094718933105
26.8,RUNNING,3,DEPARTURE_FORMATION,0.033,0.9919,158.3815,11.127,True,NORMAL,MONITOR,False,{},"[""uav2"", ""uav1"", ""uav0""]",limited,False,{},NONE,NORMAL,SAFE,1.0,IDLE,0.0,0.0,0.0,,orca3d,0.0,False,avoidance not required,,{},,,,,,,,,,,0,safe,3.291,14.261,0.074,0,0,0.0,0.0,[],0.035084087401628494,0.005462099332362413,8.061389923095703,0.02105497568845749,-0.016253193840384483,8.040014266967773,0.032803185284137726,0.0023185620084404945,8.056564331054688
27.0,RUNNING,3,DEPARTURE_FORMATION,0.034,0.9919,158.3815,11.127,True,NORMAL,MONITOR,False,{},"[""uav2"", ""uav1"", ""uav0""]",limited,False,{},NONE,NORMAL,SAFE,1.0,IDLE,0.0,0.0,0.0,,orca3d,0.0,False,avoidance not required,,{},,,,,,,,,,,0,safe,3.286,14.259,0.097,0,0,0.0,0.0,[],0.03719128668308258,0.0027939178980886936,8.060941696166992,0.022607870399951935,-0.016414344310760498,8.048063278198242,0.030970584601163864,0.002275102771818638,8.054230690002441
27.2,RUNNING,3,DEPARTURE_FORMATION,0.035,0.9918,158.3545,11.127,True,NORMAL,MONITOR,False,{},"[""uav2"", ""uav1"", ""uav0""]",limited,False,{},NONE,NORMAL,SAFE,1.0,IDLE,0.0,0.0,0.0,,orca3d,0.0,False,avoidance not required,,{},,,,,,,,,,,0,safe,3.285,14.261,0.121,0,0,0.0,0.0,[],0.03938747197389603,-0.0009270408190786839,8.05864143371582,0.022217808291316032,-0.011779986321926117,8.051612854003906,0.03363730385899544,0.001295492285862565,8.057943344116211
27.4,RUNNING,3,DEPARTURE_FORMATION,0.035,0.9918,158.3545,11.127,True,NORMAL,MONITOR,False,{},"[""uav2"", ""uav1"", ""uav0""]",limited,False,{},NONE,NORMAL,SAFE,1.0,IDLE,0.0,0.0,0.0,,orca3d,0.0,False,avoidance not required,,{},,,,,,,,,,,0,safe,3.283,14.259,0.152,0,0,0.0,0.0,[],0.038340069353580475,-0.009098801761865616,8.052899360656738,0.02192940004169941,-0.007904165424406528,8.06011962890625,0.033010825514793396,-0.004781957250088453,8.05703067779541
27.6,RUNNING,3,DEPARTURE_FORMATION,0.036,0.9916,158.3221,11.127,True,NORMAL,MONITOR,False,{},"[""uav2"", ""uav1"", ""uav0""]",limited,False,{},NONE,NORMAL,SAFE,1.0,IDLE,0.0,0.0,0.0,,orca3d,0.0,False,avoidance not required,,{},,,,,,,,,,,0,safe,3.284,14.264,0.190,0,0,0.0,0.0,[],0.04547479748725891,-0.01797405257821083,8.052056312561035,0.021646719425916672,0.005214570555835962,8.068257331848145,0.033019956201314926,-0.012926573865115643,8.058428764343262
27.8,RUNNING,3,DEPARTURE_FORMATION,0.037,0.9916,158.3221,11.127,True,NORMAL,MONITOR,False,{},"[""uav2"", ""uav1"", ""uav0""]",limited,False,{},NONE,NORMAL,SAFE,1.0,IDLE,0.0,0.0,0.0,,orca3d,0.0,False,avoidance not required,,{},,,,,,,,,,,0,safe,3.276,14.270,0.225,0,0,0.0,0.0,[],0.04793572425842285,-0.03340723738074303,8.048395156860352,0.020411640405654907,0.024895079433918,8.066869735717773,0.02972465567290783,-0.028196172788739204,8.05561637878418
28.0,RUNNING,3,DEPARTURE_FORMATION,0.038,0.9916,158.3221,11.127,True,NORMAL,MONITOR,False,{},"[""uav2"", ""uav1"", ""uav0""]",limited,False,{},NONE,NORMAL,SAFE,1.0,IDLE,0.0,0.0,0.0,,orca3d,0.0,False,avoidance not required,,{},,,,,,,,,,,0,safe,3.273,14.283,0.255,0,0,0.0,0.0,[],0.057925377041101456,-0.05073319002985954,8.05074405670166,0.02121051773428917,0.04816884547472,8.067936897277832,0.032742418348789215,-0.04531468078494072,8.05771541595459
28.2,RUNNING,3,DEPARTURE_FORMATION,0.038,0.9915,158.2947,11.127,True,NORMAL,MONITOR,False,{},"[""uav2"", ""uav1"", ""uav0""]",limited,False,{},NONE,NORMAL,SAFE,1.0,IDLE,0.0,0.0,0.0,,orca3d,0.0,False,avoidance not required,,{},,,,,,,,,,,0,safe,3.265,14.293,0.295,0,0,0.0,0.0,[],0.061887435615062714,-0.07643083482980728,8.04734992980957,0.020259853452444077,0.07959701865911484,8.066451072692871,0.03049013577401638,-0.07107196003198624,8.055220603942871
28.4,RUNNING,3,DEPARTURE_FORMATION,0.039,0.9915,158.2947,11.127,True,NORMAL,MONITOR,False,{},"[""uav2"", ""uav1"", ""uav0""]",limited,False,{},NONE,NORMAL,SAFE,1.0,IDLE,0.0,0.0,0.0,,orca3d,0.0,False,avoidance not required,,{},,,,,,,,,,,0,safe,3.262,14.312,0.329,0,0,0.0,0.0,[],0.06460458785295486,-0.10592535138130188,8.050984382629395,0.019649377092719078,0.1221592128276825,8.069790840148926,0.03368981555104256,-0.10031042248010635,8.058928489685059
28.6,RUNNING,3,DEPARTURE_FORMATION,0.04,0.9913,158.2673,11.127,True,NORMAL,MONITOR,False,{},"[""uav2"", ""uav1"", ""uav0""]",limited,False,{},NONE,NORMAL,SAFE,1.0,IDLE,0.0,0.0,0.0,,orca3d,0.0,False,avoidance not required,,{},,,,,,,,,,,0,safe,3.263,14.331,0.366,0,0,0.0,0.0,[],0.0726853460073471,-0.14575542509555817,8.059710502624512,0.017784548923373222,0.17210078239440918,8.072593688964844,0.03083803318440914,-0.13846471905708313,8.056388854980469
28.8,RUNNING,3,DEPARTURE_FORMATION,0.041,0.9913,158.2673,11.127,True,NORMAL,MONITOR,False,{},"[""uav2"", ""uav1"", ""uav0""]",limited,False,{},NONE,NORMAL,SAFE,1.0,IDLE,0.0,0.0,0.0,,orca3d,0.0,False,avoidance not required,,{},,,,,,,,,,,0,safe,3.261,14.360,0.396,0,0,0.0,0.0,[],0.07543519884347916,-0.19261285662651062,8.059755325317383,0.014847137965261936,0.2251119166612625,8.070940017700195,0.03179066628217697,-0.1857384592294693,8.062421798706055
29.0,RUNNING,3,DEPARTURE_FORMATION,0.041,0.9913,158.2673,11.127,True,NORMAL,MONITOR,False,{},"[""uav2"", ""uav1"", ""uav0""]",limited,False,{},NONE,NORMAL,SAFE,1.0,IDLE,0.0,0.0,0.0,,orca3d,0.0,False,avoidance not required,,{},,,,,,,,,,,0,safe,3.266,14.392,0.422,0,0,0.0,0.0,[],0.07926494628190994,-0.24371816217899323,8.063983917236328,0.01403567474335432,0.28533217310905457,8.07106876373291,0.026072677224874496,-0.2394707053899765,8.063638687133789
29.2,RUNNING,3,DEPARTURE_FORMATION,0.042,0.9912,158.2399,11.127,True,NORMAL,MONITOR,False,{},"[""uav2"", ""uav1"", ""uav0""]",limited,False,{},NONE,NORMAL,SAFE,1.0,IDLE,0.0,0.0,0.0,,orca3d,0.0,False,avoidance not required,,{},,,,,,,,,,,0,safe,3.278,14.435,0.443,0,0,0.0,0.0,[],0.07951570302248001,-0.3010922968387604,8.062088012695312,0.012139562517404556,0.34786877036094666,8.067264556884766,0.021523546427488327,-0.29864799976348877,8.071786880493164
29.4,RUNNING,3,DEPARTURE_FORMATION,0.043,0.9912,158.2399,11.127,True,NORMAL,MONITOR,False,{},"[""uav2"", ""uav1"", ""uav0""]",limited,False,{},NONE,NORMAL,SAFE,1.0,IDLE,0.0,0.0,0.0,,orca3d,0.0,False,avoidance not required,,{},,,,,,,,,,,0,safe,3.297,14.480,0.463,0,0,0.0,0.0,[],0.08650143444538116,-0.3627983331680298,8.068268775939941,0.011861981824040413,0.41816118359565735,8.067270278930664,0.011903642676770687,-0.3627443015575409,8.07208251953125
29.6,RUNNING,3,DEPARTURE_FORMATION,0.044,0.9911,158.2124,11.127,True,NORMAL,MONITOR,False,{},"[""uav2"", ""uav1"", ""uav0""]",limited,False,{},NONE,NORMAL,SAFE,1.0,IDLE,0.0,0.0,0.0,,orca3d,0.0,False,avoidance not required,,{},,,,,,,,,,,0,safe,3.319,14.532,0.478,0,0,0.0,0.0,[],0.08952192217111588,-0.4295022785663605,8.066040992736816,0.0168639924377203,0.4934517443180084,8.068093299865723,0.007054532878100872,-0.4285275936126709,8.081316947937012
29.8,RUNNING,3,DEPARTURE_FORMATION,0.044,0.9911,158.2124,11.127,True,NORMAL,MONITOR,False,{},"[""uav2"", ""uav1"", ""uav0""]",limited,False,{},NONE,NORMAL,SAFE,1.0,IDLE,0.0,0.0,0.0,,orca3d,0.0,False,avoidance not required,,{},,,,,,,,,,,0,safe,3.357,14.583,0.496,0,0,0.0,0.0,[],0.09730890393257141,-0.4977530241012573,8.065542221069336,0.018853506073355675,0.5670943856239319,8.063937187194824,-0.0027497177943587303,-0.4985879957675934,8.081497192382812
30.0,RUNNING,3,DEPARTURE_FORMATION,0.045,0.9911,158.2124,11.127,True,NORMAL,MONITOR,False,{},"[""uav2"", ""uav1"", ""uav0""]",limited,False,{},NONE,NORMAL,SAFE,1.0,IDLE,0.0,0.0,0.0,,orca3d,0.0,False,avoidance not required,,{},,,,,,,,,,,0,safe,3.393,14.640,0.510,0,0,0.0,0.0,[],0.10060050338506699,-0.5707243084907532,8.061827659606934,0.0228341743350029,0.6430043578147888,8.066961288452148,-0.007218033075332642,-0.5786134004592896,8.07722282409668
30.2,RUNNING,3,DEPARTURE_FORMATION,0.046,0.9909,158.1849,11.127,True,NORMAL,MONITOR,False,{},"[""uav2"", ""uav1"", ""uav0""]",limited,False,{},NONE,NORMAL,SAFE,1.0,IDLE,0.0,0.0,0.0,,orca3d,0.0,False,avoidance not required,,{},,,,,,,,,,,0,safe,3.443,14.700,0.516,0,0,0.0,0.0,[],0.10893881320953369,-0.6537454128265381,8.066756248474121,0.02305508963763714,0.7188258171081543,8.066651344299316,-0.01743362471461296,-0.6600580811500549,8.068948745727539
30.4,RUNNING,3,DEPARTURE_FORMATION,0.047,0.9909,158.1849,11.127,True,NORMAL,MONITOR,False,{},"[""uav2"", ""uav1"", ""uav0""]",limited,False,{},NONE,NORMAL,SAFE,1.0,IDLE,0.0,0.0,0.0,,orca3d,0.0,False,avoidance not required,,{},,,,,,,,,,,0,safe,3.495,14.766,0.520,0,0,0.0,0.0,[],0.11311554163694382,-0.7375301122665405,8.065778732299805,0.0241666492074728,0.7995902895927429,8.073019027709961,-0.024327943101525307,-0.7431027889251709,8.07066535949707
30.6,RUNNING,3,DEPARTURE_FORMATION,0.047,0.9908,158.1574,11.127,True,NORMAL,MONITOR,False,{},"[""uav2"", ""uav1"", ""uav0""]",limited,False,{},NONE,NORMAL,SAFE,1.0,IDLE,0.0,0.0,0.0,,orca3d,0.0,False,avoidance not required,,{},,,,,,,,,,,0,safe,3.560,14.831,0.526,0,0,0.0,0.0,[],0.12518243491649628,-0.8280507326126099,8.067683219909668,0.028269179165363312,0.883352518081665,8.083235740661621,-0.03626972809433937,-0.8272466659545898,8.067927360534668
30.8,RUNNING,3,DEPARTURE_FORMATION,0.048,0.9908,158.1574,11.127,True,NORMAL,MONITOR,False,{},"[""uav2"", ""uav1"", ""uav0""]",limited,False,{},NONE,NORMAL,SAFE,1.0,IDLE,0.0,0.0,0.0,,orca3d,0.0,False,avoidance not required,,{},,,,,,,,,,,0,safe,3.632,14.900,0.530,0,0,0.0,0.0,[],0.13211742043495178,-0.9174323081970215,8.065086364746094,0.02865096554160118,0.9660903811454773,8.081531524658203,-0.043204113841056824,-0.9089139103889465,8.074258804321289
31.0,RUNNING,3,DEPARTURE_FORMATION,0.049,0.9908,158.1574,11.127,True,NORMAL,MONITOR,False,{},"[""uav2"", ""uav1"", ""uav0""]",limited,False,{},NONE,NORMAL,SAFE,1.0,IDLE,0.0,0.0,0.0,,orca3d,0.0,False,avoidance not required,,{},,,,,,,,,,,0,safe,3.710,14.964,0.539,0,0,0.0,0.0,[],0.14712019264698029,-1.0087354183197021,8.075860977172852,0.03417994827032089,1.0507352352142334,8.077977180480957,-0.05522371083498001,-0.9926835894584656,8.07326889038086
31.2,RUNNING,3,DEPARTURE_FORMATION,0.05,0.9906,158.1299,11.127,True,NORMAL,MONITOR,False,{},"[""uav2"", ""uav1"", ""uav0""]",limited,False,{},NONE,NORMAL,SAFE,1.0,IDLE,0.0,0.0,0.0,,orca3d,0.0,False,avoidance not required,,{},,,,,,,,,,,0,safe,3.795,15.034,0.544,0,0,0.0,0.0,[],0.15538351237773895,-1.0985389947891235,8.076786994934082,0.035192061215639114,1.1352622509002686,8.074263572692871,-0.06724502146244049,-1.0809640884399414,8.081738471984863
31.4,RUNNING,3,DEPARTURE_FORMATION,0.05,0.9906,158.1299,11.127,True,NORMAL,MONITOR,False,{},"[""uav2"", ""uav1"", ""uav0""]",limited,False,{},NONE,NORMAL,SAFE,1.0,IDLE,0.0,0.0,0.0,,orca3d,0.0,False,avoidance not required,,{},,,,,,,,,,,0,safe,3.886,15.106,0.547,0,0,0.0,0.0,[],0.16751231253147125,-1.192620038986206,8.08133602142334,0.03624562919139862,1.2248787879943848,8.077956199645996,-0.08212649822235107,-1.1706550121307373,8.082762718200684
31.6,RUNNING,3,DEPARTURE_FORMATION,0.051,0.9905,158.1023,11.127,True,NORMAL,MONITOR,False,{},"[""uav2"", ""uav1"", ""uav0""]",limited,False,{},NONE,NORMAL,SAFE,1.0,IDLE,0.0,0.0,0.0,,orca3d,0.0,False,avoidance not required,,{},,,,,,,,,,,0,safe,3.983,15.182,0.546,0,0,0.0,0.0,[],0.17419521510601044,-1.2891713380813599,8.085552215576172,0.033508796244859695,1.3128830194473267,8.07448959350586,-0.09097782522439957,-1.26738440990448,8.089688301086426
31.8,RUNNING,3,DEPARTURE_FORMATION,0.052,0.9905,158.1023,11.127,True,NORMAL,MONITOR,False,{},"[""uav2"", ""uav1"", ""uav0""]",limited,False,{},NONE,NORMAL,SAFE,1.0,IDLE,0.0,0.0,0.0,,orca3d,0.0,False,avoidance not required,,{},,,,,,,,,,,0,safe,4.092,15.260,0.539,0,0,0.0,0.0,[],0.17700104415416718,-1.3819936513900757,8.080719947814941,0.03232188895344734,1.3999958038330078,8.07227897644043,-0.103812575340271,-1.3619681596755981,8.086762428283691
32.0,RUNNING,3,DEPARTURE_FORMATION,0.053,0.9905,158.1023,11.127,True,NORMAL,MONITOR,False,{},"[""uav2"", ""uav1"", ""uav0""]",limited,False,{},NONE,NORMAL,SAFE,1.0,IDLE,0.0,0.0,0.0,,orca3d,0.0,False,avoidance not required,,{},,,,,,,,,,,0,safe,4.200,15.338,0.532,0,0,0.0,0.0,[],0.18706724047660828,-1.4770519733428955,8.081578254699707,0.02892877906560898,1.4866087436676025,8.066655158996582,-0.11566492915153503,-1.4597349166870117,8.08770751953125
32.2,RUNNING,3,DEPARTURE_FORMATION,0.053,0.9904,158.0748,11.127,True,NORMAL,MONITOR,False,{},"[""uav2"", ""uav1"", ""uav0""]",limited,False,{},NONE,NORMAL,SAFE,1.0,IDLE,0.0,0.0,0.0,,orca3d,0.0,False,avoidance not required,,{},,,,,,,,,,,0,safe,4.317,15.419,0.521,0,0,0.0,0.0,[],0.1926129311323166,-1.5684034824371338,8.079164505004883,0.033225126564502716,1.5745058059692383,8.069262504577637,-0.1298939734697342,-1.554022192955017,8.082411766052246
32.4,RUNNING,3,DEPARTURE_FORMATION,0.054,0.9904,158.0748,11.127,True,NORMAL,MONITOR,False,{},"[""uav2"", ""uav1"", ""uav0""]",limited,False,{},NONE,NORMAL,SAFE,1.0,IDLE,0.0,0.0,0.0,,orca3d,0.0,False,avoidance not required,,{},,,,,,,,,,,0,safe,4.430,15.498,0.510,0,0,0.0,0.0,[],0.20079782605171204,-1.6612647771835327,8.082396507263184,0.037097036838531494,1.664898157119751,8.072375297546387,-0.13665413856506348,-1.6485490798950195,8.08543586730957
32.6,RUNNING,3,DEPARTURE_FORMATION,0.055,0.9902,158.0473,11.127,True,NORMAL,MONITOR,False,{},"[""uav2"", ""uav1"", ""uav0""]",limited,False,{},NONE,NORMAL,SAFE,1.0,IDLE,0.0,0.0,0.0,,orca3d,0.0,False,avoidance not required,,{},,,,,,,,,,,0,safe,4.555,15.574,0.500,0,0,0.0,0.0,[],0.20509561896324158,-1.7496545314788818,8.078872680664062,0.03644518554210663,1.7538954019546509,8.069974899291992,-0.1470140814781189,-1.7398886680603027,8.082551956176758
32.8,RUNNING,3,DEPARTURE_FORMATION,0.056,0.9902,158.0473,11.127,True,NORMAL,MONITOR,False,{},"[""uav2"", ""uav1"", ""uav0""]",limited,False,{},NONE,NORMAL,SAFE,1.0,IDLE,0.0,0.0,0.0,,orca3d,0.0,False,avoidance not required,,{},,,,,,,,,,,0,safe,4.682,15.649,0.489,0,0,0.0,0.0,[],0.21236513555049896,-1.8374134302139282,8.08299446105957,0.03763759508728981,1.8407739400863647,8.066893577575684,-0.15279768407344818,-1.8244433403015137,8.088229179382324
33.0,RUNNING,3,DEPARTURE_FORMATION,0.056,0.9902,158.0473,11.127,True,NORMAL,MONITOR,False,{},"[""uav2"", ""uav1"", ""uav0""]",limited,False,{},NONE,NORMAL,SAFE,1.0,IDLE,0.0,0.0,0.0,,orca3d,0.0,False,avoidance not required,,{},,,,,,,,,,,0,safe,4.807,15.716,0.485,0,0,0.0,0.0,[],0.21670390665531158,-1.921803593635559,8.0809965133667,0.03494987264275551,1.926520586013794,8.062362670898438,-0.16274751722812653,-1.9075162410736084,8.085752487182617
33.2,RUNNING,3,DEPARTURE_FORMATION,0.057,0.9901,158.0197,11.127,True,NORMAL,MONITOR,False,{},"[""uav2"", ""uav1"", ""uav0""]",limited,False,{},NONE,NORMAL,SAFE,1.0,IDLE,0.0,0.0,0.0,,orca3d,0.0,False,avoidance not required,,{},,,,,,,,,,,0,safe,4.932,15.700,0.478,0,0,0.0,0.0,[],0.22609008848667145,-2.011681079864502,8.091802597045898,0.03506931662559509,2.010350465774536,8.06566047668457,-0.16887150704860687,-1.9976742267608643,8.082554817199707
33.4,RUNNING,3,DEPARTURE_FORMATION,0.058,0.9901,158.0197,11.127,True,NORMAL,MONITOR,False,{},"[""uav2"", ""uav1"", ""uav0""]",limited,False,{},NONE,NORMAL,SAFE,1.0,IDLE,0.0,0.0,0.0,,orca3d,0.0,False,avoidance not required,,{},,,,,,,,,,,0,safe,5.065,15.657,0.461,0,0,0.0,0.0,[],0.23165513575077057,-2.09666109085083,8.09309196472168,0.03153989836573601,2.0933098793029785,8.06641674041748,-0.17889244854450226,-2.083754062652588,8.07699203491211
33.6,RUNNING,3,DEPARTURE_FORMATION,0.059,0.99,157.9923,11.127,True,NORMAL,MONITOR,False,{},"[""uav2"", ""uav1"", ""uav0""]",limited,False,{},NONE,NORMAL,SAFE,1.0,IDLE,0.0,0.0,0.0,,orca3d,0.0,False,avoidance not required,,{},,,,,,,,,,,0,safe,5.196,15.618,0.444,0,0,0.0,0.0,[],0.23986881971359253,-2.1837668418884277,8.096041679382324,0.03354049101471901,2.1723439693450928,8.070115089416504,-0.187317356467247,-2.171220302581787,8.079201698303223
33.8,RUNNING,3,DEPARTURE_FORMATION,0.059,0.99,157.9923,11.127,True,NORMAL,MONITOR,False,{},"[""uav2"", ""uav1"", ""uav0""]",limited,False,{},NONE,NORMAL,SAFE,1.0,IDLE,0.0,0.0,0.0,,orca3d,0.0,False,avoidance not required,,{},,,,,,,,,,,0,safe,5.324,15.576,0.424,0,0,0.0,0.0,[],0.24465088546276093,-2.264652967453003,8.090481758117676,0.03173072636127472,2.250354766845703,8.068157196044922,-0.19888390600681305,-2.2537028789520264,8.077728271484375
34.0,RUNNING,3,DEPARTURE_FORMATION,0.06,0.99,157.9923,11.127,True,NORMAL,MONITOR,False,{},"[""uav2"", ""uav1"", ""uav0""]",limited,False,{},NONE,NORMAL,SAFE,1.0,IDLE,0.0,0.0,0.0,,orca3d,0.0,False,avoidance not required,,{},,,,,,,,,,,0,safe,5.450,15.539,0.404,0,0,0.0,0.0,[],0.24854665994644165,-2.3412396907806396,8.09113883972168,0.03431539237499237,2.3192367553710938,8.069262504577637,-0.20498652756214142,-2.3398444652557373,8.081993103027344
34.2,RUNNING,3,DEPARTURE_FORMATION,0.061,0.9898,157.9649,11.127,True,NORMAL,MONITOR,False,{},"[""uav2"", ""uav1"", ""uav0""]",limited,False,{},NONE,NORMAL,SAFE,1.0,IDLE,0.0,0.0,0.0,,orca3d,0.0,False,avoidance not required,,{},,,,,,,,,,,0,safe,5.575,15.502,0.391,0,0,0.0,0.0,[],0.2507551610469818,-2.4132513999938965,8.085497856140137,0.03295179083943367,2.389512777328491,8.066886901855469,-0.21442657709121704,-2.4190573692321777,8.07944393157959
34.4,RUNNING,3,DEPARTURE_FORMATION,0.062,0.9898,157.9649,11.127,True,NORMAL,MONITOR,False,{},"[""uav2"", ""uav1"", ""uav0""]",limited,False,{},NONE,NORMAL,SAFE,1.0,IDLE,0.0,0.0,0.0,,orca3d,0.0,False,avoidance not required,,{},,,,,,,,,,,0,safe,5.696,15.469,0.375,0,0,0.0,0.0,[],0.25933828949928284,-2.486452102661133,8.088556289672852,0.039621736854314804,2.453087329864502,8.065509796142578,-0.21889692544937134,-2.4992804527282715,8.086321830749512
34.6,RUNNING,3,DEPARTURE_FORMATION,0.062,0.9897,157.9374,11.127,True,NORMAL,MONITOR,False,{},"[""uav2"", ""uav1"", ""uav0""]",limited,False,{},NONE,NORMAL,SAFE,1.0,IDLE,0.0,0.0,0.0,,orca3d,0.0,False,avoidance not required,,{},,,,,,,,,,,0,safe,5.812,15.432,0.362,0,0,0.0,0.0,[],0.26495328545570374,-2.554425001144409,8.085204124450684,0.0402885302901268,2.5192368030548096,8.061992645263672,-0.22709640860557556,-2.571298360824585,8.085461616516113
34.8,RUNNING,3,DEPARTURE_FORMATION,0.063,0.9897,157.9374,11.127,True,NORMAL,MONITOR,False,{},"[""uav2"", ""uav1"", ""uav0""]",limited,False,{},NONE,NORMAL,SAFE,1.0,IDLE,0.0,0.0,0.0,,orca3d,0.0,False,avoidance not required,,{},,,,,,,,,,,0,safe,5.925,15.399,0.340,0,0,0.0,0.0,[],0.2708091139793396,-2.620279312133789,8.088937759399414,0.04585903137922287,2.5836119651794434,8.065088272094727,-0.2351822704076767,-2.6394708156585693,8.091779708862305
35.0,RUNNING,3,DEPARTURE_FORMATION,0.064,0.9897,157.9374,11.127,True,NORMAL,MONITOR,False,{},"[""uav2"", ""uav1"", ""uav0""]",limited,False,{},NONE,NORMAL,SAFE,1.0,IDLE,0.0,0.0,0.0,,orca3d,0.0,False,avoidance not required,,{},,,,,,,,,,,0,safe,6.033,15.363,0.317,0,0,0.0,0.0,[],0.27405688166618347,-2.6809208393096924,8.084975242614746,0.04498156160116196,2.64717173576355,8.06338119506836,-0.2456473559141159,-2.700218677520752,8.090115547180176
35.2,RUNNING,3,DEPARTURE_FORMATION,0.065,0.9896,157.91,11.127,True,NORMAL,MONITOR,False,{},"[""uav2"", ""uav1"", ""uav0""]",limited,False,{},NONE,NORMAL,SAFE,1.0,IDLE,0.0,0.0,0.0,,orca3d,0.0,False,avoidance not required,,{},,,,,,,,,,,0,safe,6.080,15.333,0.288,0,0,0.0,0.0,[],0.2814423441886902,-2.7399353981018066,8.084864616394043,0.048065051436424255,2.7011218070983887,8.066006660461426,-0.24719557166099548,-2.761073112487793,8.092119216918945
35.4,RUNNING,3,DEPARTURE_FORMATION,0.065,0.9896,157.91,11.127,True,NORMAL,MONITOR,False,{},"[""uav2"", ""uav1"", ""uav0""]",limited,False,{},NONE,NORMAL,SAFE,1.0,IDLE,0.0,0.0,0.0,,orca3d,0.0,False,avoidance not required,,{},,,,,,,,,,,0,safe,6.071,15.305,0.264,0,0,0.0,0.0,[],0.2854318916797638,-2.7929511070251465,8.080434799194336,0.04529622197151184,2.754941940307617,8.064340591430664,-0.2525568902492523,-2.814234733581543,8.088238716125488
35.6,RUNNING,3,DEPARTURE_FORMATION,0.066,0.9894,157.8826,11.127,True,NORMAL,MONITOR,False,{},"[""uav2"", ""uav1"", ""uav0""]",limited,False,{},NONE,NORMAL,SAFE,1.0,IDLE,0.0,0.0,0.0,,orca3d,0.0,False,avoidance not required,,{},,,,,,,,,,,0,safe,6.062,15.281,0.233,0,0,0.0,0.0,[],0.2937502861022949,-2.846137762069702,8.079020500183105,0.0461430661380291,2.801485300064087,8.06701374053955,-0.2582281231880188,-2.8638458251953125,8.084638595581055
35.8,RUNNING,3,DEPARTURE_FORMATION,0.067,0.9894,157.8826,11.127,True,NORMAL,MONITOR,False,{},"[""uav2"", ""uav1"", ""uav0""]",limited,False,{},NONE,NORMAL,SAFE,1.0,IDLE,0.0,0.0,0.0,,orca3d,0.0,False,avoidance not required,,{},,,,,,,,,,,0,safe,6.048,15.259,0.205,0,0,0.0,0.0,[],0.29785868525505066,-2.8913161754608154,8.073238372802734,0.042421236634254456,2.846959114074707,8.066194534301758,-0.26695573329925537,-2.9054453372955322,8.078821182250977
36.0,RUNNING,4,OUTBOUND,0.068,0.9894,157.8826,11.127,True,NORMAL,MONITOR,False,{},"[""uav2"", ""uav1"", ""uav0""]",limited,False,{},NONE,NORMAL,SAFE,1.0,IDLE,0.0,0.0,0.0,,orca3d,0.0,False,avoidance not required,,{},,,,,,,,,,,0,safe,6.035,15.240,0.170,0,0,0.0,0.0,[],0.3044169247150421,-2.9358999729156494,8.07027530670166,0.045483991503715515,2.885348320007324,8.069637298583984,-0.2711734175682068,-2.9440362453460693,8.079187393188477
36.2,RUNNING,4,OUTBOUND,0.068,0.9893,157.8553,11.127,True,NORMAL,MONITOR,False,{},"[""uav2"", ""uav1"", ""uav0""]",limited,False,{},NONE,NORMAL,SAFE,1.0,IDLE,0.0,0.0,0.0,,orca3d,0.0,False,avoidance not required,,{},,,,,,,,,,,0,safe,6.024,15.220,0.142,0,0,0.0,0.0,[],0.3114483952522278,-2.9730489253997803,8.07204818725586,0.04326215758919716,2.9211182594299316,8.067447662353516,-0.27783432602882385,-2.9745090007781982,8.075275421142578
36.4,RUNNING,4,OUTBOUND,0.069,0.9893,157.8553,11.127,True,NORMAL,MONITOR,False,{},"[""uav2"", ""uav1"", ""uav0""]",limited,False,{},NONE,NORMAL,SAFE,1.0,IDLE,0.0,0.0,0.0,,orca3d,0.0,False,avoidance not required,,{},,,,,,,,,,,0,safe,6.011,15.205,0.114,0,0,0.0,0.0,[],0.3135755658149719,-3.000995635986328,8.068968772888184,0.04686626419425011,2.9456279277801514,8.066021919250488,-0.27947694063186646,-3.0045325756073,8.074090003967285
36.6,RUNNING,4,OUTBOUND,0.07,0.9891,157.8278,11.127,True,NORMAL,MONITOR,False,{},"[""uav2"", ""uav1"", ""uav0""]",limited,False,{},NONE,NORMAL,SAFE,1.0,IDLE,0.0,0.0,0.0,,orca3d,0.0,False,avoidance not required,,{},,,,,,,,,,,0,safe,6.007,15.190,0.100,0,0,0.0,0.0,[],0.31745925545692444,-3.0202369689941406,8.076362609863281,0.04503222554922104,2.96876859664917,8.063109397888184,-0.28346988558769226,-3.024594306945801,8.072750091552734
36.8,RUNNING,4,OUTBOUND,0.071,0.9891,157.8278,11.127,True,NORMAL,MONITOR,False,{},"[""uav2"", ""uav1"", ""uav0""]",limited,False,{},NONE,NORMAL,SAFE,1.0,IDLE,0.0,0.0,0.0,,orca3d,0.0,False,avoidance not required,,{},,,,,,,,,,,0,safe,5.999,15.181,0.093,0,0,0.0,0.0,[],0.3184802532196045,-3.0314218997955322,8.081114768981934,0.05008918419480324,2.9836881160736084,8.068536758422852,-0.2845934331417084,-3.040179967880249,8.079216957092285
37.0,RUNNING,4,OUTBOUND,0.071,0.9891,157.8278,11.127,True,NORMAL,MONITOR,False,{},"[""uav2"", ""uav1"", ""uav0""]",limited,False,{},NONE,NORMAL,SAFE,1.0,IDLE,0.0,0.0,0.0,,orca3d,0.0,False,avoidance not required,,{},,,,,,,,,,,0,safe,5.997,15.170,0.143,0,0,0.0,0.0,[],0.32929372787475586,-3.035029888153076,8.08230972290039,0.05105380713939667,3.001081705093384,8.075361251831055,-0.28612983226776123,-3.045548677444458,8.08508586883545
37.2,RUNNING,4,OUTBOUND,0.072,0.989,157.8007,11.127,True,NORMAL,MONITOR,False,{},"[""uav2"", ""uav1"", ""uav0""]",limited,False,{},NONE,NORMAL,SAFE,1.0,IDLE,0.0,0.0,0.0,,orca3d,0.0,False,avoidance not required,,{},,,,,,,,,,,0,safe,5.979,15.146,0.267,0,0,0.0,0.0,[],0.3406541645526886,-3.03010892868042,8.087931632995605,0.06094198301434517,3.015512466430664,8.086179733276367,-0.28019434213638306,-3.040961265563965,8.100333213806152
37.4,RUNNING,4,OUTBOUND,0.073,0.989,157.8007,11.127,True,NORMAL,MONITOR,False,{},"[""uav2"", ""uav1"", ""uav0""]",limited,False,{},NONE,NORMAL,SAFE,1.0,IDLE,0.0,0.0,0.0,,orca3d,0.0,False,avoidance not required,,{},,,,,,,,,,,0,safe,5.979,15.146,0.267,0,0,0.0,0.0,[],0.349648118019104,-3.016378402709961,8.0986328125,0.06830224394798279,3.034903049468994,8.100072860717773,-0.2739013731479645,-3.0267796516418457,8.115682601928711
37.6,RUNNING,4,OUTBOUND,0.074,0.9888,157.7661,11.127,True,NORMAL,MONITOR,False,{},"[""uav2"", ""uav1"", ""uav0""]",limited,False,{},NONE,NORMAL,SAFE,1.0,IDLE,0.0,0.0,0.0,,orca3d,0.0,False,avoidance not required,,{},,,,,,,,,,,0,safe,5.976,15.130,0.334,0,0,0.0,0.0,[],0.3669367730617523,-2.997006893157959,8.121545791625977,0.0825292244553566,3.050446033477783,8.119827270507812,-0.26062071323394775,-3.006934404373169,8.139435768127441
37.8,RUNNING,4,OUTBOUND,0.074,0.9888,157.7661,11.127,True,NORMAL,MONITOR,False,{},"[""uav2"", ""uav1"", ""uav0""]",limited,False,{},NONE,NORMAL,SAFE,1.0,IDLE,0.0,0.0,0.0,,orca3d,0.0,False,avoidance not required,,{},,,,,,,,,,,0,safe,5.972,15.110,0.404,0,0,0.0,0.0,[],0.38949257135391235,-2.9678330421447754,8.153922080993652,0.09665653109550476,3.077327013015747,8.145146369934082,-0.24553720653057098,-2.9761548042297363,8.16356086730957
38.0,RUNNING,4,OUTBOUND,0.075,0.9888,157.7661,11.127,True,NORMAL,MONITOR,False,{},"[""uav2"", ""uav1"", ""uav0""]",limited,False,{},NONE,NORMAL,SAFE,1.0,IDLE,0.0,0.0,0.0,,orca3d,0.0,False,avoidance not required,,{},,,,,,,,,,,0,safe,5.965,15.086,0.476,0,0,0.0,0.0,[],0.4108419716358185,-2.928086757659912,8.18648624420166,0.1252002865076065,3.106276512145996,8.182876586914062,-0.2196187525987625,-2.9358036518096924,8.196928977966309
38.2,RUNNING,4,OUTBOUND,0.076,0.9887,157.7372,11.127,True,NORMAL,MONITOR,False,{},"[""uav2"", ""uav1"", ""uav0""]",limited,False,{},NONE,NORMAL,SAFE,1.0,IDLE,0.0,0.0,0.0,,orca3d,0.0,False,avoidance not required,,{},,,,,,,,,,,0,safe,5.970,15.047,0.545,0,0,0.0,0.0,[],0.4356999099254608,-2.8773467540740967,8.22539234161377,0.15202973783016205,3.1494503021240234,8.222616195678711,-0.19201712310314178,-2.884657144546509,8.23179817199707
38.4,RUNNING,4,OUTBOUND,0.077,0.9887,157.7372,11.127,True,NORMAL,MONITOR,False,{},"[""uav2"", ""uav1"", ""uav0""]",limited,False,{},NONE,NORMAL,SAFE,1.0,IDLE,0.0,0.0,0.0,,orca3d,0.0,False,avoidance not required,,{},,,,,,,,,,,0,safe,5.972,15.003,0.615,0,0,0.0,0.0,[],0.46278396248817444,-2.8168563842773438,8.266680717468262,0.18480050563812256,3.1987698078155518,8.271405220031738,-0.15313440561294556,-2.8122055530548096,8.274687767028809
38.6,RUNNING,4,OUTBOUND,0.077,0.9885,157.7073,11.127,True,NORMAL,MONITOR,False,{},"[""uav2"", ""uav1"", ""uav0""]",limited,False,{},NONE,NORMAL,SAFE,1.0,IDLE,0.0,0.0,0.0,,orca3d,0.0,False,avoidance not required,,{},,,,,,,,,,,0,safe,5.984,14.952,0.671,0,0,0.0,0.0,[],0.4969315826892853,-2.7427563667297363,8.318062782287598,0.2245410531759262,3.259197950363159,8.324295997619629,-0.11326349526643753,-2.7340214252471924,8.320426940917969
38.8,RUNNING,4,OUTBOUND,0.078,0.9885,157.7073,11.127,True,NORMAL,MONITOR,False,{},"[""uav2"", ""uav1"", ""uav0""]",limited,False,{},NONE,NORMAL,SAFE,1.0,IDLE,0.0,0.0,0.0,,orca3d,0.0,False,avoidance not required,,{},,,,,,,,,,,0,safe,5.990,14.889,0.735,0,0,0.0,0.0,[],0.5344491600990295,-2.660489320755005,8.368666648864746,0.2647375762462616,3.334638833999634,8.378962516784668,-0.06588909029960632,-2.652435302734375,8.378314971923828
39.0,RUNNING,4,OUTBOUND,0.079,0.9885,157.7073,11.127,True,NORMAL,MONITOR,False,{},"[""uav2"", ""uav1"", ""uav0""]",limited,False,{},NONE,NORMAL,SAFE,1.0,IDLE,0.0,0.0,0.0,,orca3d,0.0,False,avoidance not required,,{},,,,,,,,,,,0,safe,6.000,14.819,0.804,0,0,0.0,0.0,[],0.5811945199966431,-2.5649142265319824,8.427245140075684,0.3118972182273865,3.417320489883423,8.44320297241211,-0.017005883157253265,-2.5630359649658203,8.437756538391113
39.2,RUNNING,4,OUTBOUND,0.08,0.9884,157.6765,11.127,True,NORMAL,MONITOR,False,{},"[""uav2"", ""uav1"", ""uav0""]",limited,False,{},NONE,NORMAL,SAFE,1.0,IDLE,0.0,0.0,0.0,,orca3d,0.0,False,avoidance not required,,{},,,,,,,,,,,0,safe,6.002,14.740,0.864,0,0,0.0,0.0,[],0.6338346004486084,-2.4577090740203857,8.50092887878418,0.36824265122413635,3.5103654861450195,8.509878158569336,0.038779184222221375,-2.461998462677002,8.500513076782227
39.4,RUNNING,4,OUTBOUND,0.08,0.9884,157.6765,11.127,True,NORMAL,MONITOR,False,{},"[""uav2"", ""uav1"", ""uav0""]",limited,False,{},NONE,NORMAL,SAFE,1.0,IDLE,0.0,0.0,0.0,,orca3d,0.0,False,avoidance not required,,{},,,,,,,,,,,0,safe,6.005,14.648,0.926,0,0,0.0,0.0,[],0.6904506683349609,-2.345700740814209,8.572144508361816,0.42577046155929565,3.618523597717285,8.576359748840332,0.09727882593870163,-2.3536016941070557,8.567432403564453
39.6,RUNNING,4,OUTBOUND,0.081,0.9882,157.6445,11.127,True,NORMAL,MONITOR,False,{},"[""uav2"", ""uav1"", ""uav0""]",limited,False,{},NONE,NORMAL,SAFE,1.0,IDLE,0.0,0.0,0.0,,orca3d,0.0,False,avoidance not required,,{},,,,,,,,,,,0,safe,6.007,14.548,0.989,0,0,0.0,0.0,[],0.7611312866210938,-2.222621202468872,8.650254249572754,0.49138641357421875,3.7377190589904785,8.653980255126953,0.16200584173202515,-2.230144739151001,8.651704788208008
39.8,RUNNING,4,OUTBOUND,0.082,0.9882,157.6445,11.127,True,NORMAL,MONITOR,False,{},"[""uav2"", ""uav1"", ""uav0""]",limited,False,{},NONE,NORMAL,SAFE,1.0,IDLE,0.0,0.0,0.0,,orca3d,0.0,False,avoidance not required,,{},,,,,,,,,,,0,safe,6.001,14.437,1.044,0,0,0.0,0.0,[],0.8339183926582336,-2.095654249191284,8.730164527893066,0.5587196946144104,3.868204355239868,8.732455253601074,0.23021897673606873,-2.1017022132873535,8.733268737792969
40.0,RUNNING,4,OUTBOUND,0.083,0.9882,157.6445,11.127,True,NORMAL,MONITOR,False,{},"[""uav2"", ""uav1"", ""uav0""]",limited,False,{},NONE,NORMAL,SAFE,1.0,IDLE,0.0,0.0,0.0,,orca3d,0.0,False,avoidance not required,,{},,,,,,,,,,,0,safe,5.996,14.320,1.100,0,0,0.0,0.0,[],0.909892737865448,-1.9585672616958618,8.814321517944336,0.631657063961029,4.0062384605407715,8.816825866699219,0.31505969166755676,-1.9598098993301392,8.820277214050293
40.2,RUNNING,4,OUTBOUND,0.083,0.9881,157.6115,11.127,True,NORMAL,MONITOR,False,{},"[""uav2"", ""uav1"", ""uav0""]",limited,False,{},NONE,NORMAL,SAFE,1.0,IDLE,0.0,0.0,0.0,,orca3d,0.0,False,avoidance not required,,{},,,,,,,,,,,0,safe,6.005,14.196,1.154,0,0,0.0,0.0,[],0.9951084852218628,-1.8106852769851685,8.905865669250488,0.7084532380104065,4.154757976531982,8.903206825256348,0.4005945920944214,-1.8151307106018066,8.907929420471191
40.4,RUNNING,4,OUTBOUND,0.084,0.9881,157.6115,11.127,True,NORMAL,MONITOR,False,{},"[""uav2"", ""uav1"", ""uav0""]",limited,False,{},NONE,NORMAL,SAFE,1.0,IDLE,0.0,0.0,0.0,,orca3d,0.0,False,avoidance not required,,{},,,,,,,,,,,0,safe,6.005,14.064,1.205,0,0,0.0,0.0,[],1.0817264318466187,-1.6603765487670898,8.999293327331543,0.7934983372688293,4.316874027252197,8.997403144836426,0.48878633975982666,-1.6582748889923096,9.001606941223145
40.6,RUNNING,4,OUTBOUND,0.085,0.9879,157.5774,11.127,True,NORMAL,MONITOR,False,{},"[""uav2"", ""uav1"", ""uav0""]",limited,False,{},NONE,NORMAL,SAFE,1.0,IDLE,0.0,0.0,0.0,,orca3d,0.0,False,avoidance not required,,{},,,,,,,,,,,0,safe,6.007,13.920,1.249,0,0,0.0,0.0,[],1.1754977703094482,-1.5019556283950806,9.097640037536621,0.8823432326316833,4.482706069946289,9.101057052612305,0.5845252871513367,-1.492304801940918,9.103135108947754
40.8,RUNNING,4,OUTBOUND,0.086,0.9879,157.5774,11.127,True,NORMAL,MONITOR,False,{},"[""uav2"", ""uav1"", ""uav0""]",limited,False,{},NONE,NORMAL,SAFE,1.0,IDLE,0.0,0.0,0.0,,orca3d,0.0,False,avoidance not required,,{},,,,,,,,,,,0,safe,6.009,13.771,1.292,0,0,0.0,0.0,[],1.2705975770950317,-1.3404505252838135,9.196981430053711,0.9750282764434814,4.65449333190918,9.203561782836914,0.6804267168045044,-1.3259105682373047,9.204277038574219
41.0,RUNNING,4,OUTBOUND,0.086,0.9879,157.5774,11.127,True,NORMAL,MONITOR,False,{},"[""uav2"", ""uav1"", ""uav0""]",limited,False,{},NONE,NORMAL,SAFE,1.0,IDLE,0.0,0.0,0.0,,orca3d,0.0,False,avoidance not required,,{},,,,,,,,,,,0,safe,6.010,13.618,1.338,0,0,0.0,0.0,[],1.3739196062088013,-1.165470004081726,9.30817985534668,1.078610897064209,4.832793712615967,9.316919326782227,0.7838618755340576,-1.1529285907745361,9.310578346252441
41.2,RUNNING,4,OUTBOUND,0.087,0.9877,157.5424,11.127,True,NORMAL,MONITOR,False,{},"[""uav2"", ""uav1"", ""uav0""]",limited,False,{},NONE,NORMAL,SAFE,1.0,IDLE,0.0,0.0,0.0,,orca3d,0.0,False,avoidance not required,,{},,,,,,,,,,,0,safe,6.010,13.453,1.381,0,0,0.0,0.0,[],1.4778296947479248,-0.9883866906166077,9.420269012451172,1.1835309267044067,5.016192436218262,9.431468963623047,0.8872158527374268,-0.9781538248062134,9.418622016906738
41.4,RUNNING,4,OUTBOUND,0.088,0.9877,157.5424,11.127,True,NORMAL,MONITOR,False,{},"[""uav2"", ""uav1"", ""uav0""]",limited,False,{},NONE,NORMAL,SAFE,1.0,IDLE,0.0,0.0,0.0,,orca3d,0.0,False,avoidance not required,,{},,,,,,,,,,,0,safe,6.009,13.287,1.428,0,0,0.0,0.0,[],1.5934090614318848,-0.7953035235404968,9.541017532348633,1.2964468002319336,5.204663276672363,9.5531644821167,1.0017682313919067,-0.7892489433288574,9.539660453796387
41.6,RUNNING,4,OUTBOUND,0.089,0.9875,157.5062,11.127,True,NORMAL,MONITOR,False,{},"[""uav2"", ""uav1"", ""uav0""]",limited,False,{},NONE,NORMAL,SAFE,1.0,IDLE,0.0,0.0,0.0,,orca3d,0.0,False,avoidance not required,,{},,,,,,,,,,,0,safe,6.008,13.112,1.462,0,0,0.0,0.0,[],1.70797860622406,-0.6027828454971313,9.662981986999512,1.4107568264007568,5.398525714874268,9.676716804504395,1.114720106124878,-0.5993881821632385,9.660269737243652
41.8,RUNNING,4,OUTBOUND,0.089,0.9875,157.5062,11.127,True,NORMAL,MONITOR,False,{},"[""uav2"", ""uav1"", ""uav0""]",limited,False,{},NONE,NORMAL,SAFE,1.0,IDLE,0.0,0.0,0.0,,orca3d,0.0,False,avoidance not required,,{},,,,,,,,,,,0,safe,6.007,12.935,1.501,0,0,0.0,0.0,[],1.8317116498947144,-0.39870503544807434,9.790121078491211,1.533193588256836,5.600493431091309,9.813992500305176,1.237963080406189,-0.3970419466495514,9.796183586120605
42.0,RUNNING,4,OUTBOUND,0.09,0.9875,157.5062,11.127,True,NORMAL,MONITOR,False,{},"[""uav2"", ""uav1"", ""uav0""]",limited,False,{},NONE,NORMAL,SAFE,1.0,IDLE,0.0,0.0,0.0,,orca3d,0.0,False,avoidance not required,,{},,,,,,,,,,,0,safe,6.006,12.750,1.531,0,0,0.0,0.0,[],1.953529715538025,-0.1957729160785675,9.918708801269531,1.6555606126785278,5.806163787841797,9.945088386535645,1.359103798866272,-0.19476599991321564,9.927900314331055
42.2,RUNNING,4,OUTBOUND,0.091,0.9873,157.4692,11.127,True,NORMAL,MONITOR,False,{},"[""uav2"", ""uav1"", ""uav0""]",limited,False,{},NONE,NORMAL,SAFE,1.0,IDLE,0.0,0.0,0.0,,orca3d,0.0,False,avoidance not required,,{},,,,,,,,,,,0,safe,6.006,12.565,1.566,0,0,0.0,0.0,[],2.0833473205566406,0.019116567447781563,10.056204795837402,1.7866588830947876,6.017932891845703,10.08090591430664,1.48654043674469,0.015236989594995975,10.063342094421387
42.4,RUNNING,4,OUTBOUND,0.092,0.9873,157.4692,11.127,True,NORMAL,MONITOR,False,{},"[""uav2"", ""uav1"", ""uav0""]",limited,False,{},NONE,NORMAL,SAFE,1.0,IDLE,0.0,0.0,0.0,,orca3d,0.0,False,avoidance not required,,{},,,,,,,,,,,0,safe,6.003,12.372,1.589,0,0,0.0,0.0,[],2.2159910202026367,0.2402055263519287,10.200421333312988,1.9167066812515259,6.233222961425781,10.215149879455566,1.6117770671844482,0.22530783712863922,10.197198867797852
42.6,RUNNING,4,OUTBOUND,0.092,0.9872,157.4315,11.127,True,NORMAL,MONITOR,False,{},"[""uav2"", ""uav1"", ""uav0""]",limited,False,{},NONE,NORMAL,SAFE,1.0,IDLE,0.0,0.0,0.0,,orca3d,0.0,False,avoidance not required,,{},,,,,,,,,,,0,safe,5.996,12.180,1.619,0,0,0.0,0.0,[],2.3450329303741455,0.4579363763332367,10.339556694030762,2.0544283390045166,6.455471515655518,10.354854583740234,1.7444144487380981,0.4423193633556366,10.342755317687988
42.8,RUNNING,4,OUTBOUND,0.093,0.9872,157.4315,11.127,True,NORMAL,MONITOR,False,{},"[""uav2"", ""uav1"", ""uav0""]",limited,False,{},NONE,NORMAL,SAFE,1.0,IDLE,0.0,0.0,0.0,,orca3d,0.0,False,avoidance not required,,{},,,,,,,,,,,0,safe,5.999,11.982,1.641,0,0,0.0,0.0,[],2.4800326824188232,0.6823081970214844,10.486835479736328,2.193089246749878,6.68320369720459,10.500333786010742,1.8750728368759155,0.6602871417999268,10.481581687927246
43.0,RUNNING,4,OUTBOUND,0.094,0.9872,157.4315,11.127,True,NORMAL,MONITOR,False,{},"[""uav2"", ""uav1"", ""uav0""]",limited,False,{},NONE,NORMAL,SAFE,1.0,IDLE,0.0,0.0,0.0,,orca3d,0.0,False,avoidance not required,,{},,,,,,,,,,,0,safe,5.995,11.783,1.667,0,0,0.0,0.0,[],2.612340211868286,0.9048874378204346,10.628469467163086,2.3290271759033203,6.912190914154053,10.642729759216309,2.0157129764556885,0.8931602835655212,10.62279224395752
43.2,RUNNING,4,OUTBOUND,0.095,0.987,157.3932,11.127,True,NORMAL,MONITOR,False,{},"[""uav2"", ""uav1"", ""uav0""]",limited,False,{},NONE,NORMAL,SAFE,1.0,IDLE,0.0,0.0,0.0,,orca3d,0.0,False,avoidance not required,,{},,,,,,,,,,,0,safe,6.003,11.590,1.675,0,0,0.0,0.0,[],2.755310535430908,1.1368213891983032,10.779582023620605,2.4716031551361084,7.146530628204346,10.79382038116455,2.152277708053589,1.1237481832504272,10.762587547302246
43.4,RUNNING,4,OUTBOUND,0.095,0.987,157.3932,11.127,True,NORMAL,MONITOR,False,{},"[""uav2"", ""uav1"", ""uav0""]",limited,False,{},NONE,NORMAL,SAFE,1.0,IDLE,0.0,0.0,0.0,,orca3d,0.0,False,avoidance not required,,{},,,,,,,,,,,0,safe,5.997,11.392,1.689,0,0,0.0,0.0,[],2.8949294090270996,1.3769831657409668,10.934993743896484,2.6129343509674072,7.38521146774292,10.94564437866211,2.293414831161499,1.3647269010543823,10.911975860595703
43.6,RUNNING,4,OUTBOUND,0.096,0.9868,157.3545,11.127,True,NORMAL,MONITOR,False,{},"[""uav2"", ""uav1"", ""uav0""]",limited,False,{},NONE,NORMAL,SAFE,1.0,IDLE,0.0,0.0,0.0,,orca3d,0.0,False,avoidance not required,,{},,,,,,,,,,,0,safe,5.999,11.197,1.687,0,0,0.0,0.0,[],3.0311760902404785,1.6117197275161743,11.08085823059082,2.7511961460113525,7.623774528503418,11.092140197753906,2.4306344985961914,1.6014419794082642,11.056204795837402
43.8,RUNNING,4,OUTBOUND,0.097,0.9868,157.3545,11.127,True,NORMAL,MONITOR,False,{},"[""uav2"", ""uav1"", ""uav0""]",limited,False,{},NONE,NORMAL,SAFE,1.0,IDLE,0.0,0.0,0.0,,orca3d,0.0,False,avoidance not required,,{},,,,,,,,,,,0,safe,6.000,11.008,1.691,0,0,0.0,0.0,[],3.1718366146087646,1.8506721258163452,11.23183822631836,2.8915345668792725,7.868337154388428,11.244709968566895,2.5675692558288574,1.8457680940628052,11.206144332885742
44.0,RUNNING,4,OUTBOUND,0.098,0.9868,157.3545,11.127,True,NORMAL,MONITOR,False,{},"[""uav2"", ""uav1"", ""uav0""]",limited,False,{},NONE,NORMAL,SAFE,1.0,IDLE,0.0,0.0,0.0,,orca3d,0.0,False,avoidance not required,,{},,,,,,,,,,,0,safe,5.996,10.821,1.684,0,0,0.0,0.0,[],3.3094534873962402,2.085014820098877,11.374276161193848,3.0292282104492188,8.10981273651123,11.38974380493164,2.702894687652588,2.0846078395843506,11.353182792663574
44.2,RUNNING,4,OUTBOUND,0.098,0.9866,157.3157,11.127,True,NORMAL,MONITOR,False,{},"[""uav2"", ""uav1"", ""uav0""]",limited,False,{},NONE,NORMAL,SAFE,1.0,IDLE,0.0,0.0,0.0,,orca3d,0.0,False,avoidance not required,,{},,,,,,,,,,,0,safe,5.993,10.640,1.683,0,0,0.0,0.0,[],3.4507250785827637,2.3263280391693115,11.52117919921875,3.168372631072998,8.35360050201416,11.540265083312988,2.845266342163086,2.3252146244049072,11.509288787841797
44.4,RUNNING,4,OUTBOUND,0.099,0.9866,157.3157,11.127,True,NORMAL,MONITOR,False,{},"[""uav2"", ""uav1"", ""uav0""]",limited,False,{},NONE,NORMAL,SAFE,1.0,IDLE,0.0,0.0,0.0,,orca3d,0.0,False,avoidance not required,,{},,,,,,,,,,,0,safe,5.996,10.291,1.666,0,0,0.0,0.0,[],3.5884764194488525,2.562622547149658,11.665037155151367,3.305070638656616,8.59765625,11.69250774383545,2.984675407409668,2.5609705448150635,11.656898498535156
44.6,RUNNING,4,OUTBOUND,0.1,0.9864,157.277,11.127,True,NORMAL,MONITOR,False,{},"[""uav2"", ""uav1"", ""uav0""]",limited,False,{},NONE,NORMAL,SAFE,1.0,IDLE,0.0,0.0,0.0,,orca3d,0.0,False,avoidance not required,,{},,,,,,,,,,,0,safe,5.996,10.291,1.666,0,0,0.0,0.0,[],3.727893590927124,2.802649974822998,11.815823554992676,3.44033145904541,8.837311744689941,11.838791847229004,3.1263933181762695,2.8059401512145996,11.809531211853027
44.8,RUNNING,4,OUTBOUND,0.101,0.9864,157.277,11.127,True,NORMAL,MONITOR,False,{},"[""uav2"", ""uav1"", ""uav0""]",limited,False,{},NONE,NORMAL,SAFE,1.0,IDLE,0.0,0.0,0.0,,orca3d,0.0,False,avoidance not required,,{},,,,,,,,,,,0,safe,5.999,10.089,1.650,0,0,0.0,0.0,[],3.8643202781677246,3.0375454425811768,11.960124015808105,3.5766794681549072,9.079574584960938,11.991186141967773,3.2704861164093018,3.052257537841797,11.970880508422852
45.0,RUNNING,4,OUTBOUND,0.101,0.9864,157.277,11.127,True,NORMAL,MONITOR,False,{},"[""uav2"", ""uav1"", ""uav0""]",limited,False,{},NONE,NORMAL,SAFE,1.0,IDLE,0.0,0.0,0.0,,orca3d,0.0,False,avoidance not required,,{},,,,,,,,,,,0,safe,6.006,9.813,1.646,0,0,0.0,0.0,[],4.009042739868164,3.279294729232788,12.106905937194824,3.7119429111480713,9.31668472290039,12.135456085205078,3.409842014312744,3.2904858589172363,12.119174003601074
45.2,RUNNING,4,OUTBOUND,0.102,0.9862,157.2385,11.127,True,NORMAL,MONITOR,False,{},"[""uav2"", ""uav1"", ""uav0""]",limited,False,{},NONE,NORMAL,SAFE,1.0,IDLE,0.0,0.0,0.0,,orca3d,0.0,False,avoidance not required,,{},,,,,,,,,,,0,safe,6.001,9.546,1.632,0,0,0.0,0.0,[],4.149008750915527,3.5146422386169434,12.25024700164795,3.8490023612976074,9.555073738098145,12.283214569091797,3.5524353981018066,3.5311238765716553,12.269652366638184
45.4,RUNNING,4,OUTBOUND,0.103,0.9862,157.2385,11.127,True,NORMAL,MONITOR,False,{},"[""uav2"", ""uav1"", ""uav0""]",limited,False,{},NONE,NORMAL,SAFE,1.0,IDLE,0.0,0.0,0.0,,orca3d,0.0,False,avoidance not required,,{},,,,,,,,,,,0,safe,6.003,9.276,1.626,0,0,0.0,0.0,[],4.295163631439209,3.7598013877868652,12.395783424377441,3.9849979877471924,9.788329124450684,12.425997734069824,3.690237045288086,3.7646632194519043,12.412923812866211
45.6,RUNNING,4,OUTBOUND,0.104,0.986,157.2003,11.127,True,NORMAL,MONITOR,False,{},"[""uav2"", ""uav1"", ""uav0""]",limited,False,{},NONE,NORMAL,SAFE,1.0,IDLE,0.0,0.0,0.0,,orca3d,0.0,False,avoidance not required,,{},,,,,,,,,,,0,safe,5.995,9.014,1.610,0,0,0.0,0.0,[],4.434863567352295,3.9963879585266113,12.539910316467285,4.1209235191345215,10.019393920898438,12.575645446777344,3.83480167388916,3.999692440032959,12.561610221862793
45.8,RUNNING,4,OUTBOUND,0.104,0.986,157.2003,11.127,True,NORMAL,MONITOR,False,{},"[""uav2"", ""uav1"", ""uav0""]",limited,False,{},NONE,NORMAL,SAFE,1.0,IDLE,0.0,0.0,0.0,,orca3d,0.0,False,avoidance not required,,{},,,,,,,,,,,0,safe,6.000,8.748,1.602,0,0,0.0,0.0,[],4.578916549682617,4.233612537384033,12.696447372436523,4.25633430480957,10.247751235961914,12.720236778259277,3.973925828933716,4.228857517242432,12.703492164611816
46.0,RUNNING,4,OUTBOUND,0.105,0.986,157.2003,11.127,True,NORMAL,MONITOR,False,{},"[""uav2"", ""uav1"", ""uav0""]",limited,False,{},NONE,NORMAL,SAFE,1.0,IDLE,0.0,0.0,0.0,,orca3d,0.0,False,avoidance not required,,{},,,,,,,,,,,0,safe,5.995,8.489,1.591,0,0,0.0,0.0,[],4.724107265472412,4.471320152282715,12.855687141418457,4.395256996154785,10.477531433105469,12.874144554138184,4.116000175476074,4.463459014892578,12.850634574890137
46.2,RUNNING,4,OUTBOUND,0.106,0.9858,157.1621,11.127,True,NORMAL,MONITOR,False,{},"[""uav2"", ""uav1"", ""uav0""]",limited,False,{},NONE,NORMAL,SAFE,1.0,IDLE,0.0,0.0,0.0,,orca3d,0.0,False,avoidance not required,,{},,,,,,,,,,,0,safe,5.992,8.226,1.583,0,0,0.0,0.0,[],4.861572265625,4.701204299926758,13.000657081604004,4.53298282623291,10.705435752868652,13.018184661865234,4.251931190490723,4.6920881271362305,12.992438316345215
46.4,RUNNING,4,OUTBOUND,0.107,0.9858,157.1621,11.127,True,NORMAL,MONITOR,False,{},"[""uav2"", ""uav1"", ""uav0""]",limited,False,{},NONE,NORMAL,SAFE,1.0,IDLE,0.0,0.0,0.0,,orca3d,0.0,False,avoidance not required,,{},,,,,,,,,,,0,safe,5.990,7.972,1.587,0,0,0.0,0.0,[],4.998560905456543,4.928236484527588,13.14730453491211,4.674889087677002,10.937507629394531,13.163241386413574,4.391728401184082,4.923594951629639,13.138840675354004
46.6,RUNNING,4,OUTBOUND,0.107,0.9856,157.124,11.127,True,NORMAL,MONITOR,False,{},"[""uav2"", ""uav1"", ""uav0""]",limited,False,{},NONE,NORMAL,SAFE,1.0,IDLE,0.0,0.0,0.0,,orca3d,0.0,False,avoidance not required,,{},,,,,,,,,,,0,safe,5.993,7.714,1.585,0,0,0.0,0.0,[],5.130714416503906,5.15189266204834,13.289702415466309,4.814287185668945,11.166644096374512,13.30494499206543,4.534204483032227,5.151402473449707,13.285304069519043
46.8,RUNNING,4,OUTBOUND,0.108,0.9856,157.124,11.127,True,NORMAL,MONITOR,False,{},"[""uav2"", ""uav1"", ""uav0""]",limited,False,{},NONE,NORMAL,SAFE,1.0,IDLE,0.0,0.0,0.0,,orca3d,0.0,False,avoidance not required,,{},,,,,,,,,,,0,safe,6.003,7.457,1.585,0,0,0.0,0.0,[],5.270167827606201,5.374711513519287,13.441970825195312,4.95797061920166,11.395807266235352,13.455134391784668,4.67040491104126,5.375789642333984,13.42726993560791
47.0,RUNNING,4,OUTBOUND,0.109,0.9856,157.124,11.127,True,NORMAL,MONITOR,False,{},"[""uav2"", ""uav1"", ""uav0""]",limited,False,{},NONE,NORMAL,SAFE,1.0,IDLE,0.0,0.0,0.0,,orca3d,0.0,False,avoidance not required,,{},,,,,,,,,,,0,safe,6.000,7.208,1.593,0,0,0.0,0.0,[],5.4042534828186035,5.596836566925049,13.586907386779785,5.0970940589904785,11.623590469360352,13.599575996398926,4.807628631591797,5.599059581756592,13.577954292297363
47.2,RUNNING,4,OUTBOUND,0.11,0.9854,157.0858,11.127,True,NORMAL,MONITOR,False,{},"[""uav2"", ""uav1"", ""uav0""]",limited,False,{},NONE,NORMAL,SAFE,1.0,IDLE,0.0,0.0,0.0,,orca3d,0.0,False,avoidance not required,,{},,,,,,,,,,,0,safe,6.003,6.960,1.597,0,0,0.0,0.0,[],5.539563179016113,5.8208909034729,13.732488632202148,5.234299182891846,11.851644515991211,13.745984077453613,4.940158843994141,5.822224140167236,13.723052024841309
47.4,RUNNING,4,OUTBOUND,0.11,0.9854,157.0858,11.127,True,NORMAL,MONITOR,False,{},"[""uav2"", ""uav1"", ""uav0""]",limited,False,{},NONE,NORMAL,SAFE,1.0,IDLE,0.0,0.0,0.0,,orca3d,0.0,False,avoidance not required,,{},,,,,,,,,,,0,safe,6.001,6.717,1.606,0,0,0.0,0.0,[],5.671454429626465,6.04572057723999,13.882613182067871,5.37506103515625,12.080379486083984,13.889921188354492,5.073471546173096,6.042787551879883,13.875604629516602
47.6,RUNNING,4,OUTBOUND,0.111,0.9852,157.0476,11.127,True,NORMAL,MONITOR,False,{},"[""uav2"", ""uav1"", ""uav0""]",limited,False,{},NONE,NORMAL,SAFE,1.0,IDLE,0.0,0.0,0.0,,orca3d,0.0,False,avoidance not required,,{},,,,,,,,,,,0,safe,6.002,6.476,1.614,0,0,0.0,0.0,[],5.800721645355225,6.270540714263916,14.02493953704834,5.512159824371338,12.308110237121582,14.031349182128906,5.2036261558532715,6.265032768249512,14.018950462341309
47.8,RUNNING,4,OUTBOUND,0.112,0.9852,157.0476,11.127,True,NORMAL,MONITOR,False,{},"[""uav2"", ""uav1"", ""uav0""]",limited,False,{},NONE,NORMAL,SAFE,1.0,IDLE,0.0,0.0,0.0,,orca3d,0.0,False,avoidance not required,,{},,,,,,,,,,,0,safe,6.003,6.238,1.624,0,0,0.0,0.0,[],5.9365949630737305,6.495042324066162,14.168584823608398,5.648240089416504,12.536187171936035,14.181184768676758,5.344211101531982,6.487420082092285,14.165335655212402
48.0,RUNNING,4,OUTBOUND,0.113,0.9852,157.0476,11.127,True,NORMAL,MONITOR,False,{},"[""uav2"", ""uav1"", ""uav0""]",limited,False,{},NONE,NORMAL,SAFE,1.0,IDLE,0.0,0.0,0.0,,orca3d,0.0,False,avoidance not required,,{},,,,,,,,,,,0,safe,6.008,5.995,1.630,0,0,0.0,0.0,[],6.06914758682251,6.721023082733154,14.308817863464355,5.781525611877441,12.763593673706055,14.325984954833984,5.479804992675781,6.712253570556641,14.306784629821777
48.2,RUNNING,4,OUTBOUND,0.113,0.985,157.0092,11.127,True,NORMAL,MONITOR,False,{},"[""uav2"", ""uav1"", ""uav0""]",limited,False,{},NONE,NORMAL,SAFE,1.0,IDLE,0.0,0.0,0.0,,orca3d,0.0,False,avoidance not required,,{},,,,,,,,,,,0,safe,6.011,5.761,1.638,0,0,0.0,0.0,[],6.207854270935059,6.943751335144043,14.455964088439941,5.914377212524414,12.989559173583984,14.480541229248047,5.615757942199707,6.936178207397461,14.450719833374023
48.4,RUNNING,4,OUTBOUND,0.114,0.985,157.0092,11.127,True,NORMAL,MONITOR,False,{},"[""uav2"", ""uav1"", ""uav0""]",limited,False,{},NONE,NORMAL,SAFE,1.0,IDLE,0.0,0.0,0.0,,orca3d,0.0,False,avoidance not required,,{},,,,,,,,,,,0,safe,6.008,5.532,1.644,0,0,0.0,0.0,[],6.342823028564453,7.169300556182861,14.598713874816895,6.051508903503418,13.215107917785645,14.633495330810547,5.746191501617432,7.1616997718811035,14.601564407348633
48.6,RUNNING,4,OUTBOUND,0.115,0.9849,156.9707,11.127,True,NORMAL,MONITOR,False,{},"[""uav2"", ""uav1"", ""uav0""]",limited,False,{},NONE,NORMAL,SAFE,1.0,IDLE,0.0,0.0,0.0,,orca3d,0.0,False,avoidance not required,,{},,,,,,,,,,,0,safe,6.003,5.315,1.650,0,0,0.0,0.0,[],6.480395317077637,7.39273738861084,14.747320175170898,6.186789512634277,13.442030906677246,14.777647972106934,5.874715328216553,7.390137195587158,14.746040344238281
48.8,RUNNING,4,OUTBOUND,0.116,0.9849,156.9707,11.127,True,NORMAL,MONITOR,False,{},"[""uav2"", ""uav1"", ""uav0""]",limited,False,{},NONE,NORMAL,SAFE,1.0,IDLE,0.0,0.0,0.0,,orca3d,0.0,False,avoidance not required,,{},,,,,,,,,,,0,safe,5.994,5.106,1.657,0,0,0.0,0.0,[],6.6121416091918945,7.620027542114258,14.895793914794922,6.326111793518066,13.670258522033691,14.923066139221191,6.011119365692139,7.620846271514893,14.890519142150879
49.0,RUNNING,4,OUTBOUND,0.116,0.9849,156.9707,11.127,True,NORMAL,MONITOR,False,{},"[""uav2"", ""uav1"", ""uav0""]",limited,False,{},NONE,NORMAL,SAFE,1.0,IDLE,0.0,0.0,0.0,,orca3d,0.0,False,avoidance not required,,{},,,,,,,,,,,0,safe,5.999,4.899,1.651,0,0,0.0,0.0,[],6.742281913757324,7.849920749664307,15.03945255279541,6.462784767150879,13.900044441223145,15.065178871154785,6.144431114196777,7.853122711181641,15.030115127563477
49.2,RUNNING,4,OUTBOUND,0.117,0.9847,156.9321,11.127,True,NORMAL,MONITOR,False,{},"[""uav2"", ""uav1"", ""uav0""]",limited,False,{},NONE,NORMAL,SAFE,1.0,IDLE,0.0,0.0,0.0,,orca3d,0.0,False,avoidance not required,,{},,,,,,,,,,,0,safe,6.000,4.519,1.564,0,0,0.0,0.0,[],6.87996244430542,8.080466270446777,15.186031341552734,6.602775573730469,14.131834983825684,15.208014488220215,6.280045032501221,8.083096504211426,15.174938201904297
49.4,RUNNING,4,OUTBOUND,0.118,0.9847,156.9321,11.127,True,NORMAL,MONITOR,False,{},"[""uav2"", ""uav1"", ""uav0""]",limited,False,{},NONE,NORMAL,SAFE,1.0,IDLE,0.0,0.0,0.0,,orca3d,0.0,False,avoidance not required,,{},,,,,,,,,,,0,safe,6.000,4.519,1.564,0,0,0.0,0.0,[],7.0140790939331055,8.311044692993164,15.322134971618652,6.739023685455322,14.361284255981445,15.343552589416504,6.412585735321045,8.31254768371582,15.313006401062012
49.6,RUNNING,4,OUTBOUND,0.119,0.9845,156.8942,11.127,True,NORMAL,MONITOR,False,{},"[""uav2"", ""uav1"", ""uav0""]",limited,False,{},NONE,NORMAL,SAFE,1.0,IDLE,0.0,0.0,0.0,,orca3d,0.0,False,avoidance not required,,{},,,,,,,,,,,0,safe,5.999,4.349,1.480,0,0,0.0,0.0,[],7.151289939880371,8.536277770996094,15.46131420135498,6.875116348266602,14.587191581726074,15.479893684387207,6.550210475921631,8.542819023132324,15.451790809631348
49.8,RUNNING,4,OUTBOUND,0.119,0.9845,156.8942,11.127,True,NORMAL,MONITOR,False,{},"[""uav2"", ""uav1"", ""uav0""]",limited,False,{},NONE,NORMAL,SAFE,1.0,IDLE,0.0,0.0,0.0,,orca3d,0.0,False,avoidance not required,,{},,,,,,,,,,,0,safe,5.999,4.190,1.365,0,0,0.0,0.0,[],7.285531997680664,8.753178596496582,15.597868919372559,7.007103443145752,14.807751655578613,15.611835479736328,6.679059028625488,8.765913009643555,15.57896900177002
50.0,RUNNING,4,OUTBOUND,0.12,0.9845,156.8942,11.127,True,NORMAL,MONITOR,False,{},"[""uav2"", ""uav1"", ""uav0""]",limited,False,{},NONE,NORMAL,SAFE,1.0,IDLE,0.0,0.0,0.0,,orca3d,0.0,False,avoidance not required,,{},,,,,,,,,,,0,safe,5.994,4.051,1.240,0,0,0.0,0.0,[],7.408408164978027,8.962203979492188,15.718289375305176,7.127913475036621,15.017190933227539,15.729201316833496,6.807398796081543,8.97977066040039,15.703959465026855
50.2,RUNNING,4,OUTBOUND,0.121,0.9843,156.858,11.127,True,NORMAL,MONITOR,False,{},"[""uav2"", ""uav1"", ""uav0""]",limited,False,{},NONE,NORMAL,SAFE,1.0,IDLE,0.0,0.0,0.0,,orca3d,0.0,False,avoidance not required,,{},,,,,,,,,,,0,safe,5.999,3.931,1.114,0,0,0.0,0.0,[],7.528569221496582,9.16049575805664,15.831153869628906,7.2430925369262695,15.217291831970215,15.841835975646973,6.923181056976318,9.180389404296875,15.812475204467773
50.4,RUNNING,4,OUTBOUND,0.122,0.9843,156.858,11.127,True,NORMAL,MONITOR,False,{},"[""uav2"", ""uav1"", ""uav0""]",limited,False,{},NONE,NORMAL,SAFE,1.0,IDLE,0.0,0.0,0.0,,orca3d,0.0,False,avoidance not required,,{},,,,,,,,,,,0,safe,5.995,3.833,0.999,0,0,0.0,0.0,[],7.636261463165283,9.346352577209473,15.92395305633545,7.348404407501221,15.402334213256836,15.935464859008789,7.039444923400879,9.367009162902832,15.916762351989746
50.6,RUNNING,4,OUTBOUND,0.122,0.9841,156.8247,11.127,True,NORMAL,MONITOR,False,{},"[""uav2"", ""uav1"", ""uav0""]",limited,False,{},NONE,NORMAL,SAFE,1.0,IDLE,0.0,0.0,0.0,,orca3d,0.0,False,avoidance not required,,{},,,,,,,,,,,0,safe,6.003,3.750,0.916,0,0,0.0,0.0,[],7.74005651473999,9.522773742675781,16.009737014770508,7.452285289764404,15.578377723693848,16.015409469604492,7.1432318687438965,9.538427352905273,15.998903274536133
50.8,RUNNING,4,OUTBOUND,0.123,0.9841,156.8247,11.127,True,NORMAL,MONITOR,False,{},"[""uav2"", ""uav1"", ""uav0""]",limited,False,{},NONE,NORMAL,SAFE,1.0,IDLE,0.0,0.0,0.0,,orca3d,0.0,False,avoidance not required,,{},,,,,,,,,,,0,safe,6.003,3.681,0.866,0,0,0.0,0.0,[],7.835964202880859,9.684865951538086,16.070959091186523,7.548855304718018,15.73697280883789,16.07441520690918,7.2474517822265625,9.698293685913086,16.07453155517578
51.0,RUNNING,4,OUTBOUND,0.124,0.9841,156.8247,11.127,True,NORMAL,MONITOR,False,{},"[""uav2"", ""uav1"", ""uav0""]",limited,False,{},NONE,NORMAL,SAFE,1.0,IDLE,0.0,0.0,0.0,,orca3d,0.0,False,avoidance not required,,{},,,,,,,,,,,0,safe,6.012,3.621,0.870,0,0,0.0,0.0,[],7.936548709869385,9.832842826843262,16.121870040893555,7.646862983703613,15.88582992553711,16.125329971313477,7.345153331756592,9.844619750976562,16.124195098876953
51.2,RUNNING,4,OUTBOUND,0.125,0.984,156.794,11.127,True,NORMAL,MONITOR,False,{},"[""uav2"", ""uav1"", ""uav0""]",limited,False,{},NONE,NORMAL,SAFE,1.0,IDLE,0.0,0.0,0.0,,orca3d,0.0,False,avoidance not required,,{},,,,,,,,,,,0,safe,6.009,3.562,0.922,0,0,0.0,0.0,[],8.037824630737305,9.972424507141113,16.1634464263916,7.751769065856934,16.024234771728516,16.17007064819336,7.450573444366455,9.98383617401123,16.16598129272461
51.4,RUNNING,4,OUTBOUND,0.125,0.984,156.794,11.127,True,NORMAL,MONITOR,False,{},"[""uav2"", ""uav1"", ""uav0""]",limited,False,{},NONE,NORMAL,SAFE,1.0,IDLE,0.0,0.0,0.0,,orca3d,0.0,False,avoidance not required,,{},,,,,,,,,,,0,safe,6.013,3.500,1.013,0,0,0.0,0.0,[],8.142784118652344,10.106239318847656,16.188608169555664,7.86138391494751,16.15464210510254,16.19655990600586,7.557464122772217,10.116118431091309,16.19113540649414
51.6,RUNNING,4,OUTBOUND,0.126,0.9838,156.7643,11.127,True,NORMAL,MONITOR,False,{},"[""uav2"", ""uav1"", ""uav0""]",limited,False,{},NONE,NORMAL,SAFE,1.0,IDLE,0.0,0.0,0.0,,orca3d,0.0,False,avoidance not required,,{},,,,,,,,,,,0,safe,6.015,3.433,1.138,0,0,0.0,0.0,[],8.26082706451416,10.236141204833984,16.216217041015625,7.987576961517334,16.285680770874023,16.218360900878906,7.679908752441406,10.248551368713379,16.213653564453125
51.8,RUNNING,4,OUTBOUND,0.127,0.9838,156.7643,11.127,True,NORMAL,MONITOR,False,{},"[""uav2"", ""uav1"", ""uav0""]",limited,False,{},NONE,NORMAL,SAFE,1.0,IDLE,0.0,0.0,0.0,,orca3d,0.0,False,avoidance not required,,{},,,,,,,,,,,0,safe,6.019,3.354,1.274,0,0,0.0,0.0,[],8.389265060424805,10.3694429397583,16.234155654907227,8.121994972229004,16.41805648803711,16.233234405517578,7.810162544250488,10.382879257202148,16.228500366210938
52.0,RUNNING,4,OUTBOUND,0.128,0.9838,156.7643,11.127,True,NORMAL,MONITOR,False,{},"[""uav2"", ""uav1"", ""uav0""]",limited,False,{},NONE,NORMAL,SAFE,1.0,IDLE,0.0,0.0,0.0,,orca3d,0.0,False,avoidance not required,,{},,,,,,,,,,,0,safe,6.021,3.268,1.402,0,0,0.0,0.0,[],8.53738021850586,10.512320518493652,16.256526947021484,8.274148941040039,16.56157112121582,16.250812530517578,7.9558916091918945,10.521724700927734,16.25050926208496
52.2,RUNNING,4,OUTBOUND,0.128,0.9837,156.734,11.127,True,NORMAL,MONITOR,False,{},"[""uav2"", ""uav1"", ""uav0""]",limited,False,{},NONE,NORMAL,SAFE,1.0,IDLE,0.0,0.0,0.0,,orca3d,0.0,False,avoidance not required,,{},,,,,,,,,,,0,safe,6.019,3.178,1.508,0,0,0.0,0.0,[],8.697378158569336,10.662610054016113,16.267446517944336,8.436952590942383,16.71112060546875,16.263275146484375,8.113321304321289,10.668658256530762,16.262948989868164
52.4,RUNNING,4,OUTBOUND,0.129,0.9837,156.734,11.127,True,NORMAL,MONITOR,False,{},"[""uav2"", ""uav1"", ""uav0""]",limited,False,{},NONE,NORMAL,SAFE,1.0,IDLE,0.0,0.0,0.0,,orca3d,0.0,False,avoidance not required,,{},,,,,,,,,,,0,safe,6.016,3.078,1.600,0,0,0.0,0.0,[],8.873459815979004,10.822161674499512,16.28620147705078,8.612676620483398,16.87257194519043,16.277931213378906,8.289837837219238,10.82408332824707,16.28680419921875
52.6,RUNNING,4,OUTBOUND,0.13,0.9835,156.7023,11.127,True,NORMAL,MONITOR,False,{},"[""uav2"", ""uav1"", ""uav0""]",limited,False,{},NONE,NORMAL,SAFE,1.0,IDLE,0.0,0.0,0.0,,orca3d,0.0,False,avoidance not required,,{},,,,,,,,,,,0,safe,6.016,2.980,1.674,0,0,0.0,0.0,[],9.061379432678223,10.990813255310059,16.29496955871582,8.800017356872559,17.04187774658203,16.286144256591797,8.476872444152832,10.989381790161133,16.297405242919922
52.8,RUNNING,4,OUTBOUND,0.131,0.9835,156.7023,11.127,True,NORMAL,MONITOR,False,{},"[""uav2"", ""uav1"", ""uav0""]",limited,False,{},NONE,NORMAL,SAFE,1.0,IDLE,0.0,0.0,0.0,,orca3d,0.0,False,avoidance not required,,{},,,,,,,,,,,0,safe,6.015,2.872,1.734,0,0,0.0,0.0,[],9.260380744934082,11.169299125671387,16.30682373046875,9.00007152557373,17.227128982543945,16.29969024658203,8.678903579711914,11.169940948486328,16.310226440429688
53.0,RUNNING,4,OUTBOUND,0.131,0.9835,156.7023,11.127,True,NORMAL,MONITOR,False,{},"[""uav2"", ""uav1"", ""uav0""]",limited,False,{},NONE,NORMAL,SAFE,1.0,IDLE,0.0,0.0,0.0,,orca3d,0.0,False,avoidance not required,,{},,,,,,,,,,,0,safe,6.019,2.766,1.778,0,0,0.0,0.0,[],9.471858978271484,11.357669830322266,16.319541931152344,9.20932388305664,17.415393829345703,16.306406021118164,8.888625144958496,11.357381820678711,16.31416130065918
53.2,RUNNING,4,OUTBOUND,0.132,0.9833,156.6697,11.127,True,NORMAL,MONITOR,False,{},"[""uav2"", ""uav1"", ""uav0""]",limited,False,{},NONE,NORMAL,SAFE,1.0,IDLE,0.0,0.0,0.0,,orca3d,0.0,False,avoidance not required,,{},,,,,,,,,,,0,safe,6.017,2.660,1.807,0,0,0.0,0.0,[],9.69118595123291,11.551814079284668,16.322538375854492,9.428892135620117,17.611242294311523,16.31937026977539,9.108549118041992,11.56018352508545,16.325328826904297
53.4,RUNNING,4,OUTBOUND,0.133,0.9833,156.6697,11.127,True,NORMAL,MONITOR,False,{},"[""uav2"", ""uav1"", ""uav0""]",limited,False,{},NONE,NORMAL,SAFE,1.0,IDLE,0.0,0.0,0.0,,orca3d,0.0,False,avoidance not required,,{},,,,,,,,,,,0,safe,6.017,2.569,1.825,0,0,0.0,0.0,[],9.917950630187988,11.756709098815918,16.32754135131836,9.654383659362793,17.814851760864258,16.330127716064453,9.333616256713867,11.764601707458496,16.326879501342773
53.6,RUNNING,4,OUTBOUND,0.134,0.9832,156.6364,11.127,True,NORMAL,MONITOR,False,{},"[""uav2"", ""uav1"", ""uav0""]",limited,False,{},NONE,NORMAL,SAFE,1.0,IDLE,0.0,0.0,0.0,,orca3d,0.0,False,avoidance not required,,{},,,,,,,,,,,0,safe,6.016,2.483,1.830,0,0,0.0,0.0,[],10.14954662322998,11.964095115661621,16.32745933532715,9.884979248046875,18.01934814453125,16.335140228271484,9.562045097351074,11.976208686828613,16.331674575805664
53.8,RUNNING,4,OUTBOUND,0.134,0.9832,156.6364,11.127,True,NORMAL,MONITOR,False,{},"[""uav2"", ""uav1"", ""uav0""]",limited,False,{},NONE,NORMAL,SAFE,1.0,IDLE,0.0,0.0,0.0,,orca3d,0.0,False,avoidance not required,,{},,,,,,,,,,,0,safe,6.013,2.417,1.831,0,0,0.0,0.0,[],10.385039329528809,12.18222713470459,16.33370590209961,10.122320175170898,18.235401153564453,16.34684181213379,9.794398307800293,12.193604469299316,16.33807945251465
54.0,RUNNING,4,OUTBOUND,0.135,0.9832,156.6364,11.127,True,NORMAL,MONITOR,False,{},"[""uav2"", ""uav1"", ""uav0""]",limited,False,{},NONE,NORMAL,SAFE,1.0,IDLE,0.0,0.0,0.0,,orca3d,0.0,False,avoidance not required,,{},,,,,,,,,,,0,safe,6.009,2.373,1.822,0,0,0.0,0.0,[],10.622978210449219,12.398174285888672,16.335874557495117,10.360361099243164,18.44846534729004,16.351821899414062,10.02925968170166,12.408461570739746,16.33883285522461
54.2,RUNNING,4,OUTBOUND,0.136,0.983,156.6031,11.127,True,NORMAL,MONITOR,False,{},"[""uav2"", ""uav1"", ""uav0""]",limited,False,{},NONE,NORMAL,SAFE,1.0,IDLE,0.0,0.0,0.0,,orca3d,0.0,False,avoidance not required,,{},,,,,,,,,,,0,safe,6.002,2.345,1.796,0,0,0.0,0.0,[],10.8626127243042,12.62171459197998,16.345890045166016,10.595998764038086,18.669160842895508,16.3624267578125,10.264251708984375,12.628034591674805,16.34527587890625
54.4,RUNNING,4,OUTBOUND,0.137,0.983,156.6031,11.127,True,NORMAL,MONITOR,False,{},"[""uav2"", ""uav1"", ""uav0""]",limited,False,{},NONE,NORMAL,SAFE,1.0,IDLE,0.0,0.0,0.0,,orca3d,0.0,False,avoidance not required,,{},,,,,,,,,,,0,safe,6.002,2.345,1.796,0,0,0.0,0.0,[],11.102605819702148,12.840391159057617,16.350576400756836,10.832584381103516,18.88477325439453,16.366300582885742,10.501068115234375,12.843533515930176,16.34796142578125
54.6,RUNNING,4,OUTBOUND,0.137,0.9828,156.5698,11.127,True,NORMAL,MONITOR,False,{},"[""uav2"", ""uav1"", ""uav0""]",limited,False,{},NONE,NORMAL,SAFE,1.0,IDLE,0.0,0.0,0.0,,orca3d,0.0,False,avoidance not required,,{},,,,,,,,,,,0,safe,5.998,2.348,1.784,0,0,0.0,0.0,[],11.343854904174805,13.06069278717041,16.361013412475586,11.065106391906738,19.106542587280273,16.378572463989258,10.736178398132324,13.060774803161621,16.358154296875
54.8,RUNNING,4,OUTBOUND,0.138,0.9828,156.5698,11.127,True,NORMAL,MONITOR,False,{},"[""uav2"", ""uav1"", ""uav0""]",limited,False,{},NONE,NORMAL,SAFE,1.0,IDLE,0.0,0.0,0.0,,orca3d,0.0,False,avoidance not required,,{},,,,,,,,,,,0,safe,5.992,2.358,1.775,0,0,0.0,0.0,[],11.58450698852539,13.276106834411621,16.364028930664062,11.29990291595459,19.321216583251953,16.382051467895508,10.972650527954102,13.274065971374512,16.363094329833984
55.0,RUNNING,4,OUTBOUND,0.139,0.9828,156.5698,11.127,True,NORMAL,MONITOR,False,{},"[""uav2"", ""uav1"", ""uav0""]",limited,False,{},NONE,NORMAL,SAFE,1.0,IDLE,0.0,0.0,0.0,,orca3d,0.0,False,avoidance not required,,{},,,,,,,,,,,0,safe,5.988,2.363,1.768,0,0,0.0,0.0,[],11.824166297912598,13.490544319152832,16.373199462890625,11.5349760055542,19.538982391357422,16.385265350341797,11.208137512207031,13.490116119384766,16.373065948486328
55.2,RUNNING,4,OUTBOUND,0.14,0.9827,156.5366,11.127,True,NORMAL,MONITOR,False,{},"[""uav2"", ""uav1"", ""uav0""]",limited,False,{},NONE,NORMAL,SAFE,1.0,IDLE,0.0,0.0,0.0,,orca3d,0.0,False,avoidance not required,,{},,,,,,,,,,,0,safe,5.984,2.373,1.761,0,0,0.0,0.0,[],12.062470436096191,13.700943946838379,16.37469482421875,11.771103858947754,19.750131607055664,16.384963989257812,11.444978713989258,13.702238082885742,16.375598907470703
55.4,RUNNING,4,OUTBOUND,0.14,0.9827,156.5366,11.127,True,NORMAL,MONITOR,False,{},"[""uav2"", ""uav1"", ""uav0""]",limited,False,{},NONE,NORMAL,SAFE,1.0,IDLE,0.0,0.0,0.0,,orca3d,0.0,False,avoidance not required,,{},,,,,,,,,,,0,safe,5.983,2.376,1.755,0,0,0.0,0.0,[],12.296989440917969,13.914710998535156,16.382986068725586,12.003350257873535,19.96368980407715,16.39468002319336,11.679508209228516,13.918560028076172,16.384483337402344
55.6,RUNNING,4,OUTBOUND,0.141,0.9825,156.5034,11.127,True,NORMAL,MONITOR,False,{},"[""uav2"", ""uav1"", ""uav0""]",limited,False,{},NONE,NORMAL,SAFE,1.0,IDLE,0.0,0.0,0.0,,orca3d,0.0,False,avoidance not required,,{},,,,,,,,,,,0,safe,5.983,2.384,1.748,0,0,0.0,0.0,[],12.531353950500488,14.125036239624023,16.38433837890625,12.235527992248535,20.17618751525879,16.40507698059082,11.915083885192871,14.129704475402832,16.38601303100586
55.8,RUNNING,4,OUTBOUND,0.142,0.9825,156.5034,11.127,True,NORMAL,MONITOR,False,{},"[""uav2"", ""uav1"", ""uav0""]",limited,False,{},NONE,NORMAL,SAFE,1.0,IDLE,0.0,0.0,0.0,,orca3d,0.0,False,avoidance not required,,{},,,,,,,,,,,0,safe,5.984,2.386,1.744,0,0,0.0,0.0,[],12.759721755981445,14.337329864501953,16.39455223083496,12.469348907470703,20.383813858032227,16.406688690185547,12.145400047302246,14.34093952178955,16.395618438720703
56.0,RUNNING,4,OUTBOUND,0.143,0.9825,156.5034,11.127,True,NORMAL,MONITOR,False,{},"[""uav2"", ""uav1"", ""uav0""]",limited,False,{},NONE,NORMAL,SAFE,1.0,IDLE,0.0,0.0,0.0,,orca3d,0.0,False,avoidance not required,,{},,,,,,,,,,,0,safe,5.986,2.396,1.743,0,0,0.0,0.0,[],12.990017890930176,14.546420097351074,16.396894454956055,12.700251579284668,20.594255447387695,16.41642951965332,12.377960205078125,14.549007415771484,16.396892547607422
56.2,RUNNING,4,OUTBOUND,0.143,0.9824,156.4703,11.127,True,NORMAL,MONITOR,False,{},"[""uav2"", ""uav1"", ""uav0""]",limited,False,{},NONE,NORMAL,SAFE,1.0,IDLE,0.0,0.0,0.0,,orca3d,0.0,False,avoidance not required,,{},,,,,,,,,,,0,safe,5.988,2.397,1.743,0,0,0.0,0.0,[],13.217988014221191,14.753817558288574,16.407512664794922,12.933145523071289,20.80057716369629,16.419572830200195,12.609283447265625,14.755867004394531,16.406129837036133
56.4,RUNNING,4,OUTBOUND,0.144,0.9824,156.4703,11.127,True,NORMAL,MONITOR,False,{},"[""uav2"", ""uav1"", ""uav0""]",limited,False,{},NONE,NORMAL,SAFE,1.0,IDLE,0.0,0.0,0.0,,orca3d,0.0,False,avoidance not required,,{},,,,,,,,,,,0,safe,5.991,2.406,1.745,0,0,0.0,0.0,[],13.44812297821045,14.959634780883789,16.40850257873535,13.164958953857422,21.00847816467285,16.432714462280273,12.842523574829102,14.961214065551758,16.407995223999023
56.6,RUNNING,4,OUTBOUND,0.145,0.9822,156.4373,11.127,True,NORMAL,MONITOR,False,{},"[""uav2"", ""uav1"", ""uav0""]",limited,False,{},NONE,NORMAL,SAFE,1.0,IDLE,0.0,0.0,0.0,,orca3d,0.0,False,avoidance not required,,{},,,,,,,,,,,0,safe,5.994,2.408,1.746,0,0,0.0,0.0,[],13.673615455627441,15.167533874511719,16.41559410095215,13.396246910095215,21.21942901611328,16.44535255432129,13.072305679321289,15.166887283325195,16.418256759643555
56.8,RUNNING,4,OUTBOUND,0.146,0.9822,156.4373,11.127,True,NORMAL,MONITOR,False,{},"[""uav2"", ""uav1"", ""uav0""]",limited,False,{},NONE,NORMAL,SAFE,1.0,IDLE,0.0,0.0,0.0,,orca3d,0.0,False,avoidance not required,,{},,,,,,,,,,,0,safe,5.999,2.418,1.750,0,0,0.0,0.0,[],13.902775764465332,15.374224662780762,16.415040969848633,13.628691673278809,21.425674438476562,16.444719314575195,13.304450988769531,15.372243881225586,16.420047760009766
57.0,RUNNING,4,OUTBOUND,0.146,0.9822,156.4373,11.127,True,NORMAL,MONITOR,False,{},"[""uav2"", ""uav1"", ""uav0""]",limited,False,{},NONE,NORMAL,SAFE,1.0,IDLE,0.0,0.0,0.0,,orca3d,0.0,False,avoidance not required,,{},,,,,,,,,,,0,safe,6.002,2.420,1.752,0,0,0.0,0.0,[],14.128592491149902,15.581436157226562,16.42165184020996,13.855781555175781,21.630218505859375,16.44428062438965,13.531942367553711,15.58173942565918,16.427326202392578
57.2,RUNNING,4,OUTBOUND,0.147,0.982,156.4042,11.127,True,NORMAL,MONITOR,False,{},"[""uav2"", ""uav1"", ""uav0""]",limited,False,{},NONE,NORMAL,SAFE,1.0,IDLE,0.0,0.0,0.0,,orca3d,0.0,False,avoidance not required,,{},,,,,,,,,,,0,safe,6.003,2.427,1.758,0,0,0.0,0.0,[],14.358510971069336,15.788055419921875,16.421968460083008,14.084321022033691,21.8367862701416,16.44762420654297,13.7627592086792,15.789734840393066,16.425331115722656
57.4,RUNNING,4,OUTBOUND,0.148,0.982,156.4042,11.127,True,NORMAL,MONITOR,False,{},"[""uav2"", ""uav1"", ""uav0""]",limited,False,{},NONE,NORMAL,SAFE,1.0,IDLE,0.0,0.0,0.0,,orca3d,0.0,False,avoidance not required,,{},,,,,,,,,,,0,safe,6.004,2.425,1.760,0,0,0.0,0.0,[],14.586994171142578,15.994972229003906,16.42725372314453,14.316208839416504,22.04121208190918,16.444623947143555,13.98973560333252,15.99725341796875,16.430194854736328
57.6,RUNNING,4,OUTBOUND,0.149,0.9819,156.3711,11.127,True,NORMAL,MONITOR,False,{},"[""uav2"", ""uav1"", ""uav0""]",limited,False,{},NONE,NORMAL,SAFE,1.0,IDLE,0.0,0.0,0.0,,orca3d,0.0,False,avoidance not required,,{},,,,,,,,,,,0,safe,6.003,2.430,1.764,0,0,0.0,0.0,[],14.819273948669434,16.201852798461914,16.427183151245117,14.547800064086914,22.244701385498047,16.44816017150879,14.22059154510498,16.204465866088867,16.43012046813965
57.8,RUNNING,4,OUTBOUND,0.149,0.9819,156.3711,11.127,True,NORMAL,MONITOR,False,{},"[""uav2"", ""uav1"", ""uav0""]",limited,False,{},NONE,NORMAL,SAFE,1.0,IDLE,0.0,0.0,0.0,,orca3d,0.0,False,avoidance not required,,{},,,,,,,,,,,0,safe,6.001,2.430,1.765,0,0,0.0,0.0,[],15.051454544067383,16.415220260620117,16.44109535217285,14.781785011291504,22.448257446289062,16.446929931640625,14.45114803314209,16.416345596313477,16.439395904541016
58.0,RUNNING,4,OUTBOUND,0.15,0.9819,156.3711,11.127,True,NORMAL,MONITOR,False,{},"[""uav2"", ""uav1"", ""uav0""]",limited,False,{},NONE,NORMAL,SAFE,1.0,IDLE,0.0,0.0,0.0,,orca3d,0.0,False,avoidance not required,,{},,,,,,,,,,,0,safe,6.000,2.439,1.762,0,0,0.0,0.0,[],15.286102294921875,16.626184463500977,16.445627212524414,15.016560554504395,22.654983520507812,16.4512882232666,14.684717178344727,16.62671661376953,16.441320419311523
58.2,RUNNING,4,OUTBOUND,0.151,0.9817,156.338,11.127,True,NORMAL,MONITOR,False,{},"[""uav2"", ""uav1"", ""uav0""]",limited,False,{},NONE,NORMAL,SAFE,1.0,IDLE,0.0,0.0,0.0,,orca3d,0.0,False,avoidance not required,,{},,,,,,,,,,,0,safe,5.999,2.441,1.759,0,0,0.0,0.0,[],15.518403053283691,16.839855194091797,16.452878952026367,15.252350807189941,22.86110496520996,16.450380325317383,14.910235404968262,16.840045928955078,16.45134735107422
58.4,RUNNING,4,OUTBOUND,0.152,0.9817,156.338,11.127,True,NORMAL,MONITOR,False,{},"[""uav2"", ""uav1"", ""uav0""]",limited,False,{},NONE,NORMAL,SAFE,1.0,IDLE,0.0,0.0,0.0,,orca3d,0.0,False,avoidance not required,,{},,,,,,,,,,,0,safe,5.992,2.450,1.761,0,0,0.0,0.0,[],15.751039505004883,17.053524017333984,16.461376190185547,15.487678527832031,23.06909942626953,16.45124626159668,15.14056396484375,17.05086326599121,16.453351974487305
58.6,RUNNING,4,OUTBOUND,0.152,0.9815,156.3048,11.127,True,NORMAL,MONITOR,False,{},"[""uav2"", ""uav1"", ""uav0""]",limited,False,{},NONE,NORMAL,SAFE,1.0,IDLE,0.0,0.0,0.0,,orca3d,0.0,False,avoidance not required,,{},,,,,,,,,,,0,safe,5.990,2.451,1.761,0,0,0.0,0.0,[],15.985895156860352,17.264333724975586,16.461698532104492,15.722890853881836,23.276948928833008,16.450233459472656,15.371106147766113,17.260026931762695,16.456628799438477
58.8,RUNNING,4,OUTBOUND,0.153,0.9815,156.3048,11.127,True,NORMAL,MONITOR,False,{},"[""uav2"", ""uav1"", ""uav0""]",limited,False,{},NONE,NORMAL,SAFE,1.0,IDLE,0.0,0.0,0.0,,orca3d,0.0,False,avoidance not required,,{},,,,,,,,,,,0,safe,5.985,2.450,1.762,0,0,0.0,0.0,[],16.21912384033203,17.472930908203125,16.459789276123047,15.953973770141602,23.489633560180664,16.45572853088379,15.605098724365234,17.468170166015625,16.456510543823242
59.0,RUNNING,4,OUTBOUND,0.154,0.9815,156.3048,11.127,True,NORMAL,MONITOR,False,{},"[""uav2"", ""uav1"", ""uav0""]",limited,False,{},NONE,NORMAL,SAFE,1.0,IDLE,0.0,0.0,0.0,,orca3d,0.0,False,avoidance not required,,{},,,,,,,,,,,0,safe,5.986,2.456,1.760,0,0,0.0,0.0,[],16.453763961791992,17.680320739746094,16.455825805664062,16.186059951782227,23.700288772583008,16.455501556396484,15.836843490600586,17.6803035736084,16.463266372680664
59.2,RUNNING,4,OUTBOUND,0.155,0.9814,156.2716,11.127,True,NORMAL,MONITOR,False,{},"[""uav2"", ""uav1"", ""uav0""]",limited,False,{},NONE,NORMAL,SAFE,1.0,IDLE,0.0,0.0,0.0,,orca3d,0.0,False,avoidance not required,,{},,,,,,,,,,,0,safe,5.983,2.456,1.758,0,0,0.0,0.0,[],16.683591842651367,17.886960983276367,16.460247039794922,16.41485595703125,23.913373947143555,16.45847511291504,16.064245223999023,17.88849449157715,16.474027633666992
59.4,RUNNING,4,OUTBOUND,0.155,0.9814,156.2716,11.127,True,NORMAL,MONITOR,False,{},"[""uav2"", ""uav1"", ""uav0""]",limited,False,{},NONE,NORMAL,SAFE,1.0,IDLE,0.0,0.0,0.0,,orca3d,0.0,False,avoidance not required,,{},,,,,,,,,,,0,safe,5.981,2.458,1.762,0,0,0.0,0.0,[],16.915813446044922,18.093990325927734,16.4605770111084,16.646028518676758,24.124351501464844,16.4599552154541,16.29558563232422,18.095623016357422,16.475027084350586
59.6,RUNNING,4,OUTBOUND,0.156,0.9812,156.2384,11.127,True,NORMAL,MONITOR,False,{},"[""uav2"", ""uav1"", ""uav0""]",limited,False,{},NONE,NORMAL,SAFE,1.0,IDLE,0.0,0.0,0.0,,orca3d,0.0,False,avoidance not required,,{},,,,,,,,,,,0,safe,5.980,2.460,1.764,0,0,0.0,0.0,[],17.1437931060791,18.30789566040039,16.468294143676758,16.87885284423828,24.33662223815918,16.46741485595703,16.530715942382812,18.305917739868164,16.477630615234375
59.8,RUNNING,4,OUTBOUND,0.157,0.9812,156.2384,11.127,True,NORMAL,MONITOR,False,{},"[""uav2"", ""uav1"", ""uav0""]",limited,False,{},NONE,NORMAL,SAFE,1.0,IDLE,0.0,0.0,0.0,,orca3d,0.0,False,avoidance not required,,{},,,,,,,,,,,0,safe,5.987,2.467,1.761,0,0,0.0,0.0,[],17.375165939331055,18.52000617980957,16.4718017578125,17.11260986328125,24.547128677368164,16.470739364624023,16.767656326293945,18.51565170288086,16.475038528442383
60.0,RUNNING,4,OUTBOUND,0.158,0.9812,156.2384,11.127,True,NORMAL,MONITOR,False,{},"[""uav2"", ""uav1"", ""uav0""]",limited,False,{},NONE,NORMAL,SAFE,1.0,IDLE,0.0,0.0,0.0,,orca3d,0.0,False,avoidance not required,,{},,,,,,,,,,,0,safe,5.992,2.471,1.756,0,0,0.0,0.0,[],17.604921340942383,18.735191345214844,16.47768783569336,17.344648361206055,24.75881004333496,16.47696304321289,17.00174903869629,18.730321884155273,16.480182647705078
60.2,RUNNING,4,OUTBOUND,0.158,0.981,156.2052,11.127,True,NORMAL,MONITOR,False,{},"[""uav2"", ""uav1"", ""uav0""]",limited,False,{},NONE,NORMAL,SAFE,1.0,IDLE,0.0,0.0,0.0,,orca3d,0.0,False,avoidance not required,,{},,,,,,,,,,,0,safe,5.997,2.477,1.751,0,0,0.0,0.0,[],17.837459564208984,18.94783592224121,16.478572845458984,17.577838897705078,24.96849250793457,16.47865867614746,17.237363815307617,18.94268798828125,16.48109245300293
60.4,RUNNING,4,OUTBOUND,0.159,0.981,156.2052,11.127,True,NORMAL,MONITOR,False,{},"[""uav2"", ""uav1"", ""uav0""]",limited,False,{},NONE,NORMAL,SAFE,1.0,IDLE,0.0,0.0,0.0,,orca3d,0.0,False,avoidance not required,,{},,,,,,,,,,,0,safe,6.000,2.479,1.746,0,0,0.0,0.0,[],18.06363868713379,19.15836524963379,16.482715606689453,17.812429428100586,25.17824363708496,16.489734649658203,17.46932029724121,19.158039093017578,16.487295150756836
60.6,RUNNING,4,OUTBOUND,0.16,0.9809,156.172,11.127,True,NORMAL,MONITOR,False,{},"[""uav2"", ""uav1"", ""uav0""]",limited,False,{},NONE,NORMAL,SAFE,1.0,IDLE,0.0,0.0,0.0,,orca3d,0.0,False,avoidance not required,,{},,,,,,,,,,,0,safe,6.006,2.483,1.745,0,0,0.0,0.0,[],18.29412841796875,19.36777114868164,16.482440948486328,18.046144485473633,25.387176513671875,16.49083137512207,17.703229904174805,19.371089935302734,16.48775291442871
60.8,RUNNING,4,OUTBOUND,0.161,0.9809,156.172,11.127,True,NORMAL,MONITOR,False,{},"[""uav2"", ""uav1"", ""uav0""]",limited,False,{},NONE,NORMAL,SAFE,1.0,IDLE,0.0,0.0,0.0,,orca3d,0.0,False,avoidance not required,,{},,,,,,,,,,,0,safe,6.009,2.482,1.745,0,0,0.0,0.0,[],18.525135040283203,19.57840919494629,16.487964630126953,18.273935317993164,25.59757423400879,16.490924835205078,17.93857765197754,19.57752227783203,16.49225425720215
61.0,RUNNING,4,OUTBOUND,0.161,0.9809,156.172,11.127,True,NORMAL,MONITOR,False,{},"[""uav2"", ""uav1"", ""uav0""]",limited,False,{},NONE,NORMAL,SAFE,1.0,IDLE,0.0,0.0,0.0,,orca3d,0.0,False,avoidance not required,,{},,,,,,,,,,,0,safe,6.013,2.488,1.745,0,0,0.0,0.0,[],18.758975982666016,19.787389755249023,16.488428115844727,18.503942489624023,25.806764602661133,16.487836837768555,18.174484252929688,19.784183502197266,16.490829467773438
61.2,RUNNING,4,OUTBOUND,0.162,0.9807,156.1389,11.127,True,NORMAL,MONITOR,False,{},"[""uav2"", ""uav1"", ""uav0""]",limited,False,{},NONE,NORMAL,SAFE,1.0,IDLE,0.0,0.0,0.0,,orca3d,0.0,False,avoidance not required,,{},,,,,,,,,,,0,safe,6.016,2.488,1.744,0,0,0.0,0.0,[],18.99535369873047,19.993206024169922,16.493276596069336,18.736671447753906,26.014741897583008,16.490142822265625,18.403287887573242,19.985408782958984,16.4958553314209
61.4,RUNNING,4,OUTBOUND,0.163,0.9807,156.1389,11.127,True,NORMAL,MONITOR,False,{},"[""uav2"", ""uav1"", ""uav0""]",limited,False,{},NONE,NORMAL,SAFE,1.0,IDLE,0.0,0.0,0.0,,orca3d,0.0,False,avoidance not required,,{},,,,,,,,,,,0,safe,6.008,2.490,1.742,0,0,0.0,0.0,[],19.22878074645996,20.19349479675293,16.49254608154297,18.97330093383789,26.222145080566406,16.493349075317383,18.63446807861328,20.18900489807129,16.495243072509766
61.6,RUNNING,4,OUTBOUND,0.164,0.9805,156.1058,11.127,True,NORMAL,MONITOR,False,{},"[""uav2"", ""uav1"", ""uav0""]",limited,False,{},NONE,NORMAL,SAFE,1.0,IDLE,0.0,0.0,0.0,,orca3d,0.0,False,avoidance not required,,{},,,,,,,,,,,0,safe,6.006,2.493,1.747,0,0,0.0,0.0,[],19.463285446166992,20.397323608398438,16.489334106445312,19.208040237426758,26.430133819580078,16.493000030517578,18.870370864868164,20.39014434814453,16.498172760009766
61.8,RUNNING,4,OUTBOUND,0.164,0.9805,156.1058,11.127,True,NORMAL,MONITOR,False,{},"[""uav2"", ""uav1"", ""uav0""]",limited,False,{},NONE,NORMAL,SAFE,1.0,IDLE,0.0,0.0,0.0,,orca3d,0.0,False,avoidance not required,,{},,,,,,,,,,,0,safe,6.007,2.489,1.748,0,0,0.0,0.0,[],19.696298599243164,20.598783493041992,16.492788314819336,19.437929153442383,26.638290405273438,16.4948787689209,19.105871200561523,20.59549331665039,16.497793197631836
62.0,RUNNING,4,OUTBOUND,0.165,0.9805,156.1058,11.127,True,NORMAL,MONITOR,False,{},"[""uav2"", ""uav1"", ""uav0""]",limited,False,{},NONE,NORMAL,SAFE,1.0,IDLE,0.0,0.0,0.0,,orca3d,0.0,False,avoidance not required,,{},,,,,,,,,,,0,safe,6.010,2.493,1.753,0,0,0.0,0.0,[],19.929994583129883,20.798002243041992,16.49946403503418,19.666393280029297,26.845298767089844,16.499086380004883,19.338890075683594,20.798980712890625,16.501686096191406
62.2,RUNNING,4,OUTBOUND,0.166,0.9804,156.0727,11.127,True,NORMAL,MONITOR,False,{},"[""uav2"", ""uav1"", ""uav0""]",limited,False,{},NONE,NORMAL,SAFE,1.0,IDLE,0.0,0.0,0.0,,orca3d,0.0,False,avoidance not required,,{},,,,,,,,,,,0,safe,6.009,2.499,1.758,0,0,0.0,0.0,[],20.164011001586914,21.003023147583008,16.499614715576172,19.89613151550293,27.053552627563477,16.50257682800293,19.57185935974121,21.006526947021484,16.50119400024414
62.4,RUNNING,4,OUTBOUND,0.167,0.9804,156.0727,11.127,True,NORMAL,MONITOR,False,{},"[""uav2"", ""uav1"", ""uav0""]",limited,False,{},NONE,NORMAL,SAFE,1.0,IDLE,0.0,0.0,0.0,,orca3d,0.0,False,avoidance not required,,{},,,,,,,,,,,0,safe,6.008,2.500,1.759,0,0,0.0,0.0,[],20.395597457885742,21.210121154785156,16.504064559936523,20.126943588256836,27.261613845825195,16.5107421875,19.80417823791504,21.213531494140625,16.511272430419922
62.6,RUNNING,4,OUTBOUND,0.167,0.9802,156.0395,11.127,True,NORMAL,MONITOR,False,{},"[""uav2"", ""uav1"", ""uav0""]",limited,False,{},NONE,NORMAL,SAFE,1.0,IDLE,0.0,0.0,0.0,,orca3d,0.0,False,avoidance not required,,{},,,,,,,,,,,0,safe,6.009,2.504,1.761,0,0,0.0,0.0,[],20.62790298461914,21.42122459411621,16.502975463867188,20.358516693115234,27.470874786376953,16.51082420349121,20.034915924072266,21.417451858520508,16.516963958740234
62.8,RUNNING,4,OUTBOUND,0.168,0.9802,156.0395,11.127,True,NORMAL,MONITOR,False,{},"[""uav2"", ""uav1"", ""uav0""]",limited,False,{},NONE,NORMAL,SAFE,1.0,IDLE,0.0,0.0,0.0,,orca3d,0.0,False,avoidance not required,,{},,,,,,,,,,,0,safe,6.007,2.503,1.759,0,0,0.0,0.0,[],20.85965919494629,21.628032684326172,16.50987434387207,20.589778900146484,27.67765235900879,16.512676239013672,20.266170501708984,21.626344680786133,16.515249252319336
63.0,RUNNING,4,OUTBOUND,0.169,0.9802,156.0395,11.127,True,NORMAL,MONITOR,False,{},"[""uav2"", ""uav1"", ""uav0""]",limited,False,{},NONE,NORMAL,SAFE,1.0,IDLE,0.0,0.0,0.0,,orca3d,0.0,False,avoidance not required,,{},,,,,,,,,,,0,safe,6.007,2.510,1.761,0,0,0.0,0.0,[],21.092256546020508,21.839345932006836,16.510669708251953,20.821699142456055,27.886064529418945,16.50969696044922,20.49659538269043,21.83692169189453,16.520084381103516
63.2,RUNNING,4,OUTBOUND,0.17,0.98,156.0062,11.127,True,NORMAL,MONITOR,False,{},"[""uav2"", ""uav1"", ""uav0""]",limited,False,{},NONE,NORMAL,SAFE,1.0,IDLE,0.0,0.0,0.0,,orca3d,0.0,False,avoidance not required,,{},,,,,,,,,,,0,safe,6.004,2.510,1.759,0,0,0.0,0.0,[],21.325042724609375,22.047927856445312,16.51801872253418,21.05473518371582,28.089397430419922,16.51153564453125,20.72764778137207,22.05068016052246,16.518056869506836
63.4,RUNNING,4,OUTBOUND,0.17,0.98,156.0062,11.127,True,NORMAL,MONITOR,False,{},"[""uav2"", ""uav1"", ""uav0""]",limited,False,{},NONE,NORMAL,SAFE,1.0,IDLE,0.0,0.0,0.0,,orca3d,0.0,False,avoidance not required,,{},,,,,,,,,,,0,safe,6.003,2.513,1.759,0,0,0.0,0.0,[],21.55784797668457,22.260334014892578,16.518686294555664,21.28708839416504,28.296634674072266,16.511072158813477,20.961469650268555,22.258573532104492,16.52232551574707
63.6,RUNNING,4,OUTBOUND,0.171,0.9799,155.973,11.127,True,NORMAL,MONITOR,False,{},"[""uav2"", ""uav1"", ""uav0""]",limited,False,{},NONE,NORMAL,SAFE,1.0,IDLE,0.0,0.0,0.0,,orca3d,0.0,False,avoidance not required,,{},,,,,,,,,,,0,safe,6.004,2.519,1.756,0,0,0.0,0.0,[],21.790468215942383,22.467912673950195,16.524436950683594,21.51659393310547,28.50360679626465,16.515344619750977,21.194847106933594,22.47035789489746,16.52189064025879
63.8,RUNNING,4,OUTBOUND,0.172,0.9799,155.973,11.127,True,NORMAL,MONITOR,False,{},"[""uav2"", ""uav1"", ""uav0""]",limited,False,{},NONE,NORMAL,SAFE,1.0,IDLE,0.0,0.0,0.0,,orca3d,0.0,False,avoidance not required,,{},,,,,,,,,,,0,safe,6.004,2.524,1.756,0,0,0.0,0.0,[],22.02273178100586,22.679792404174805,16.524215698242188,21.747095108032227,28.713607788085938,16.514554977416992,21.42713165283203,22.67694664001465,16.525920867919922
64.0,RUNNING,4,OUTBOUND,0.173,0.9799,155.973,11.127,True,NORMAL,MONITOR,False,{},"[""uav2"", ""uav1"", ""uav0""]",limited,False,{},NONE,NORMAL,SAFE,1.0,IDLE,0.0,0.0,0.0,,orca3d,0.0,False,avoidance not required,,{},,,,,,,,,,,0,safe,6.004,2.524,1.755,0,0,0.0,0.0,[],22.256351470947266,22.88480567932129,16.53169059753418,21.97911834716797,28.92296028137207,16.516239166259766,21.65889549255371,22.88776206970215,16.524938583374023
64.2,RUNNING,4,OUTBOUND,0.173,0.9797,155.9398,11.127,True,NORMAL,MONITOR,False,{},"[""uav2"", ""uav1"", ""uav0""]",limited,False,{},NONE,NORMAL,SAFE,1.0,IDLE,0.0,0.0,0.0,,orca3d,0.0,False,avoidance not required,,{},,,,,,,,,,,0,safe,6.003,2.532,1.756,0,0,0.0,0.0,[],22.488998413085938,23.095195770263672,16.533184051513672,22.210968017578125,29.134441375732422,16.51618194580078,21.886995315551758,23.093372344970703,16.52922821044922
64.4,RUNNING,4,OUTBOUND,0.174,0.9797,155.9398,11.127,True,NORMAL,MONITOR,False,{},"[""uav2"", ""uav1"", ""uav0""]",limited,False,{},NONE,NORMAL,SAFE,1.0,IDLE,0.0,0.0,0.0,,orca3d,0.0,False,avoidance not required,,{},,,,,,,,,,,0,safe,5.998,2.533,1.757,0,0,0.0,0.0,[],22.72369384765625,23.303001403808594,16.537460327148438,22.439855575561523,29.34065818786621,16.52299690246582,22.111135482788086,23.295303344726562,16.535619735717773
64.6,RUNNING,4,OUTBOUND,0.175,0.9795,155.9066,11.127,True,NORMAL,MONITOR,False,{},"[""uav2"", ""uav1"", ""uav0""]",limited,False,{},NONE,NORMAL,SAFE,1.0,IDLE,0.0,0.0,0.0,,orca3d,0.0,False,avoidance not required,,{},,,,,,,,,,,0,safe,5.987,2.537,1.768,0,0,0.0,0.0,[],22.95698356628418,23.505495071411133,16.544631958007812,22.668188095092773,29.542972564697266,16.530826568603516,22.33774185180664,23.504032135009766,16.53563117980957
64.8,RUNNING,4,OUTBOUND,0.176,0.9795,155.9066,11.127,True,NORMAL,MONITOR,False,{},"[""uav2"", ""uav1"", ""uav0""]",limited,False,{},NONE,NORMAL,SAFE,1.0,IDLE,0.0,0.0,0.0,,orca3d,0.0,False,avoidance not required,,{},,,,,,,,,,,0,safe,5.981,2.545,1.772,0,0,0.0,0.0,[],23.188657760620117,23.714982986450195,16.544010162353516,22.898147583007812,29.750808715820312,16.531267166137695,22.56454086303711,23.710647583007812,16.536527633666992
65.0,RUNNING,4,OUTBOUND,0.176,0.9795,155.9066,11.127,True,NORMAL,MONITOR,False,{},"[""uav2"", ""uav1"", ""uav0""]",limited,False,{},NONE,NORMAL,SAFE,1.0,IDLE,0.0,0.0,0.0,,orca3d,0.0,False,avoidance not required,,{},,,,,,,,,,,0,safe,5.976,2.544,1.778,0,0,0.0,0.0,[],23.42435646057129,23.921920776367188,16.549945831298828,23.129518508911133,29.95714569091797,16.53811264038086,22.793867111206055,23.92313003540039,16.53244972229004
65.2,RUNNING,4,OUTBOUND,0.177,0.9794,155.8734,11.127,True,NORMAL,MONITOR,False,{},"[""uav2"", ""uav1"", ""uav0""]",limited,False,{},NONE,NORMAL,SAFE,1.0,IDLE,0.0,0.0,0.0,,orca3d,0.0,False,avoidance not required,,{},,,,,,,,,,,0,safe,5.970,2.550,1.777,0,0,0.0,0.0,[],23.65715789794922,24.13518524169922,16.54846954345703,23.362329483032227,30.163591384887695,16.54475975036621,23.023710250854492,24.130451202392578,16.535757064819336
65.4,RUNNING,4,OUTBOUND,0.178,0.9794,155.8734,11.127,True,NORMAL,MONITOR,False,{},"[""uav2"", ""uav1"", ""uav0""]",limited,False,{},NONE,NORMAL,SAFE,1.0,IDLE,0.0,0.0,0.0,,orca3d,0.0,False,avoidance not required,,{},,,,,,,,,,,0,safe,5.967,2.548,1.780,0,0,0.0,0.0,[],23.889503479003906,24.345224380493164,16.547489166259766,23.595029830932617,30.37474250793457,16.54418182373047,23.25499153137207,24.3435115814209,16.536212921142578
65.6,RUNNING,4,OUTBOUND,0.179,0.9792,155.8401,11.127,True,NORMAL,MONITOR,False,{},"[""uav2"", ""uav1"", ""uav0""]",limited,False,{},NONE,NORMAL,SAFE,1.0,IDLE,0.0,0.0,0.0,,orca3d,0.0,False,avoidance not required,,{},,,,,,,,,,,0,safe,5.965,2.547,1.777,0,0,0.0,0.0,[],24.11984634399414,24.559993743896484,16.54221534729004,23.830162048339844,30.58318519592285,16.548418045043945,23.48664665222168,24.55283546447754,16.54052734375
65.8,RUNNING,4,OUTBOUND,0.179,0.9792,155.8401,11.127,True,NORMAL,MONITOR,False,{},"[""uav2"", ""uav1"", ""uav0""]",limited,False,{},NONE,NORMAL,SAFE,1.0,IDLE,0.0,0.0,0.0,,orca3d,0.0,False,avoidance not required,,{},,,,,,,,,,,0,safe,5.967,2.542,1.778,0,0,0.0,0.0,[],24.35350799560547,24.769943237304688,16.54172706604004,24.0659122467041,30.792089462280273,16.55066680908203,23.719228744506836,24.767473220825195,16.539308547973633
66.0,RUNNING,4,OUTBOUND,0.18,0.9792,155.8401,11.127,True,NORMAL,MONITOR,False,{},"[""uav2"", ""uav1"", ""uav0""]",limited,False,{},NONE,NORMAL,SAFE,1.0,IDLE,0.0,0.0,0.0,,orca3d,0.0,False,avoidance not required,,{},,,,,,,,,,,0,safe,5.972,2.537,1.770,0,0,0.0,0.0,[],24.58415985107422,24.984663009643555,16.5372314453125,24.29969024658203,31.00600814819336,16.547033309936523,23.955921173095703,24.97805404663086,16.540485382080078
66.2,RUNNING,4,OUTBOUND,0.181,0.979,155.8068,11.127,True,NORMAL,MONITOR,False,{},"[""uav2"", ""uav1"", ""uav0""]",limited,False,{},NONE,NORMAL,SAFE,1.0,IDLE,0.0,0.0,0.0,,orca3d,0.0,False,avoidance not required,,{},,,,,,,,,,,0,safe,5.972,2.537,1.770,0,0,0.0,0.0,[],24.81831169128418,25.193199157714844,16.535818099975586,24.532611846923828,31.22194480895996,16.5440616607666,24.191484451293945,25.193172454833984,16.537004470825195
66.4,RUNNING,4,OUTBOUND,0.182,0.979,155.8068,11.127,True,NORMAL,MONITOR,False,{},"[""uav2"", ""uav1"", ""uav0""]",limited,False,{},NONE,NORMAL,SAFE,1.0,IDLE,0.0,0.0,0.0,,orca3d,0.0,False,avoidance not required,,{},,,,,,,,,,,0,safe,5.973,2.536,1.763,0,0,0.0,0.0,[],25.052963256835938,25.401371002197266,16.540817260742188,24.763931274414062,31.439332962036133,16.540420532226562,24.432828903198242,25.406301498413086,16.533811569213867
66.6,RUNNING,4,OUTBOUND,0.182,0.9789,155.7735,11.127,True,NORMAL,MONITOR,False,{},"[""uav2"", ""uav1"", ""uav0""]",limited,False,{},NONE,NORMAL,SAFE,1.0,IDLE,0.0,0.0,0.0,,orca3d,0.0,False,avoidance not required,,{},,,,,,,,,,,0,safe,5.980,2.541,1.754,0,0,0.0,0.0,[],25.283885955810547,25.615249633789062,16.5396728515625,24.995447158813477,31.652196884155273,16.542274475097656,24.67007827758789,25.622905731201172,16.53024673461914
66.8,RUNNING,4,OUTBOUND,0.183,0.9789,155.7735,11.127,True,NORMAL,MONITOR,False,{},"[""uav2"", ""uav1"", ""uav0""]",limited,False,{},NONE,NORMAL,SAFE,1.0,IDLE,0.0,0.0,0.0,,orca3d,0.0,False,avoidance not required,,{},,,,,,,,,,,0,safe,5.986,2.540,1.745,0,0,0.0,0.0,[],25.514310836791992,25.825790405273438,16.545040130615234,25.226022720336914,31.86733055114746,16.539628982543945,24.906787872314453,25.83453369140625,16.534461975097656
67.0,RUNNING,4,OUTBOUND,0.184,0.9789,155.7735,11.127,True,NORMAL,MONITOR,False,{},"[""uav2"", ""uav1"", ""uav0""]",limited,False,{},NONE,NORMAL,SAFE,1.0,IDLE,0.0,0.0,0.0,,orca3d,0.0,False,avoidance not required,,{},,,,,,,,,,,0,safe,5.992,2.545,1.741,0,0,0.0,0.0,[],25.742752075195312,26.040550231933594,16.54497718811035,25.458154678344727,32.08212661743164,16.542863845825195,25.141565322875977,26.04566192626953,16.538633346557617
67.2,RUNNING,4,OUTBOUND,0.185,0.9787,155.7403,11.127,True,NORMAL,MONITOR,False,{},"[""uav2"", ""uav1"", ""uav0""]",limited,False,{},NONE,NORMAL,SAFE,1.0,IDLE,0.0,0.0,0.0,,orca3d,0.0,False,avoidance not required,,{},,,,,,,,,,,0,safe,5.999,2.545,1.740,0,0,0.0,0.0,[],25.974884033203125,26.249704360961914,16.5477352142334,25.68933868408203,32.297706604003906,16.541810989379883,25.373445510864258,26.26000213623047,16.537734985351562
67.4,RUNNING,4,OUTBOUND,0.185,0.9787,155.7403,11.127,True,NORMAL,MONITOR,False,{},"[""uav2"", ""uav1"", ""uav0""]",limited,False,{},NONE,NORMAL,SAFE,1.0,IDLE,0.0,0.0,0.0,,orca3d,0.0,False,avoidance not required,,{},,,,,,,,,,,0,safe,5.999,2.548,1.741,0,0,0.0,0.0,[],26.204486846923828,26.463436126708984,16.545103073120117,25.921663284301758,32.51236343383789,16.542314529418945,25.604717254638672,26.47494888305664,16.540420532226562
67.6,RUNNING,4,OUTBOUND,0.186,0.9785,155.7072,11.127,True,NORMAL,MONITOR,False,{},"[""uav2"", ""uav1"", ""uav0""]",limited,False,{},NONE,NORMAL,SAFE,1.0,IDLE,0.0,0.0,0.0,,orca3d,0.0,False,avoidance not required,,{},,,,,,,,,,,0,safe,6.000,2.545,1.739,0,0,0.0,0.0,[],26.43877410888672,26.67186737060547,16.543821334838867,26.152851104736328,32.72701644897461,16.539304733276367,25.834226608276367,26.691144943237305,16.53920555114746
67.8,RUNNING,4,OUTBOUND,0.187,0.9785,155.7072,11.127,True,NORMAL,MONITOR,False,{},"[""uav2"", ""uav1"", ""uav0""]",limited,False,{},NONE,NORMAL,SAFE,1.0,IDLE,0.0,0.0,0.0,,orca3d,0.0,False,avoidance not required,,{},,,,,,,,,,,0,safe,5.995,2.544,1.738,0,0,0.0,0.0,[],26.67132568359375,26.878677368164062,16.545927047729492,26.385534286499023,32.937889099121094,16.538801193237305,26.06614875793457,26.905698776245117,16.54159927368164
68.0,RUNNING,4,OUTBOUND,0.188,0.9785,155.7072,11.127,True,NORMAL,MONITOR,False,{},"[""uav2"", ""uav1"", ""uav0""]",limited,False,{},NONE,NORMAL,SAFE,1.0,IDLE,0.0,0.0,0.0,,orca3d,0.0,False,avoidance not required,,{},,,,,,,,,,,0,safe,5.995,2.546,1.740,0,0,0.0,0.0,[],26.901348114013672,27.091087341308594,16.543033599853516,26.6171817779541,33.14976501464844,16.535337448120117,26.29652214050293,27.12095069885254,16.540077209472656
68.2,RUNNING,4,OUTBOUND,0.188,0.9784,155.6741,11.127,True,NORMAL,MONITOR,False,{},"[""uav2"", ""uav1"", ""uav0""]",limited,False,{},NONE,NORMAL,SAFE,1.0,IDLE,0.0,0.0,0.0,,orca3d,0.0,False,avoidance not required,,{},,,,,,,,,,,0,safe,5.995,2.543,1.739,0,0,0.0,0.0,[],27.13330841064453,27.301725387573242,16.53958511352539,26.85175132751465,33.35857009887695,16.533105850219727,26.5291805267334,27.330524444580078,16.541942596435547
68.4,RUNNING,4,OUTBOUND,0.189,0.9784,155.6741,11.127,True,NORMAL,MONITOR,False,{},"[""uav2"", ""uav1"", ""uav0""]",limited,False,{},NONE,NORMAL,SAFE,1.0,IDLE,0.0,0.0,0.0,,orca3d,0.0,False,avoidance not required,,{},,,,,,,,,,,0,safe,5.996,2.540,1.738,0,0,0.0,0.0,[],27.363590240478516,27.5163516998291,16.536115646362305,27.084461212158203,33.568931579589844,16.52873992919922,26.760061264038086,27.542171478271484,16.539125442504883
68.6,RUNNING,4,OUTBOUND,0.19,0.9782,155.641,11.127,True,NORMAL,MONITOR,False,{},"[""uav2"", ""uav1"", ""uav0""]",limited,False,{},NONE,NORMAL,SAFE,1.0,IDLE,0.0,0.0,0.0,,orca3d,0.0,False,avoidance not required,,{},,,,,,,,,,,0,safe,5.997,2.537,1.736,0,0,0.0,0.0,[],27.59202766418457,27.728099822998047,16.53252601623535,27.31945037841797,33.7775993347168,16.525146484375,26.987289428710938,27.751665115356445,16.540346145629883
68.8,RUNNING,4,OUTBOUND,0.191,0.9782,155.641,11.127,True,NORMAL,MONITOR,False,{},"[""uav2"", ""uav1"", ""uav0""]",limited,False,{},NONE,NORMAL,SAFE,1.0,IDLE,0.0,0.0,0.0,,orca3d,0.0,False,avoidance not required,,{},,,,,,,,,,,0,safe,5.995,2.549,1.737,0,0,0.0,0.0,[],27.820003509521484,27.943206787109375,16.52943229675293,27.55177116394043,33.987979888916016,16.52397918701172,27.21491813659668,27.963275909423828,16.538660049438477
69.0,RUNNING,4,OUTBOUND,0.191,0.9782,155.641,11.127,True,NORMAL,MONITOR,False,{},"[""uav2"", ""uav1"", ""uav0""]",limited,False,{},NONE,NORMAL,SAFE,1.0,IDLE,0.0,0.0,0.0,,orca3d,0.0,False,avoidance not required,,{},,,,,,,,,,,0,safe,5.995,2.582,1.736,0,0,0.0,0.0,[],28.049121856689453,28.156574249267578,16.529401779174805,27.780553817749023,34.195369720458984,16.525686264038086,27.450204849243164,28.173656463623047,16.537546157836914
69.2,RUNNING,4,OUTBOUND,0.192,0.978,155.608,11.127,True,NORMAL,MONITOR,False,{},"[""uav2"", ""uav1"", ""uav0""]",limited,False,{},NONE,NORMAL,SAFE,1.0,IDLE,0.0,0.0,0.0,,orca3d,0.0,False,avoidance not required,,{},,,,,,,,,,,0,safe,6.001,2.643,1.735,0,0,0.0,0.0,[],28.277816772460938,28.372188568115234,16.526973724365234,28.008691787719727,34.4045524597168,16.523923873901367,27.68332862854004,28.385900497436523,16.53514289855957
69.4,RUNNING,4,OUTBOUND,0.193,0.978,155.608,11.127,True,NORMAL,MONITOR,False,{},"[""uav2"", ""uav1"", ""uav0""]",limited,False,{},NONE,NORMAL,SAFE,1.0,IDLE,0.0,0.0,0.0,,orca3d,0.0,False,avoidance not required,,{},,,,,,,,,,,0,safe,6.006,2.735,1.733,0,0,0.0,0.0,[],28.502561569213867,28.58334732055664,16.527210235595703,28.236358642578125,34.610435485839844,16.524045944213867,27.913135528564453,28.5931339263916,16.5310001373291
69.6,RUNNING,4,OUTBOUND,0.194,0.9779,155.575,11.127,True,NORMAL,MONITOR,False,{},"[""uav2"", ""uav1"", ""uav0""]",limited,False,{},NONE,NORMAL,SAFE,1.0,IDLE,0.0,0.0,0.0,,orca3d,0.0,False,avoidance not required,,{},,,,,,,,,,,0,safe,6.011,2.859,1.738,0,0,0.0,0.0,[],28.727636337280273,28.79157066345215,16.52851676940918,28.46449851989746,34.81950759887695,16.521440505981445,28.142122268676758,28.803316116333008,16.525896072387695
69.8,RUNNING,4,OUTBOUND,0.194,0.9779,155.575,11.127,True,NORMAL,MONITOR,False,{},"[""uav2"", ""uav1"", ""uav0""]",limited,False,{},NONE,NORMAL,SAFE,1.0,IDLE,0.0,0.0,0.0,,orca3d,0.0,False,avoidance not required,,{},,,,,,,,,,,0,safe,6.014,3.010,1.743,0,0,0.0,0.0,[],28.95427131652832,29.003019332885742,16.52674674987793,28.694406509399414,35.02827835083008,16.515050888061523,28.373769760131836,29.011919021606445,16.5255069732666
70.0,RUNNING,4,OUTBOUND,0.195,0.9779,155.575,11.127,True,NORMAL,MONITOR,False,{},"[""uav2"", ""uav1"", ""uav0""]",limited,False,{},NONE,NORMAL,SAFE,1.0,IDLE,0.0,0.0,0.0,,orca3d,0.0,False,avoidance not required,,{},,,,,,,,,,,0,safe,6.020,3.182,1.746,0,0,0.0,0.0,[],29.185239791870117,29.214265823364258,16.523723602294922,28.923805236816406,35.23969268798828,16.5106201171875,28.60158920288086,29.221155166625977,16.526302337646484
70.2,RUNNING,4,OUTBOUND,0.196,0.9777,155.542,11.127,True,NORMAL,MONITOR,False,{},"[""uav2"", ""uav1"", ""uav0""]",limited,False,{},NONE,NORMAL,SAFE,1.0,IDLE,0.0,0.0,0.0,,orca3d,0.0,False,avoidance not required,,{},,,,,,,,,,,0,safe,6.016,3.376,1.746,0,0,0.0,0.0,[],29.41634178161621,29.427371978759766,16.520051956176758,29.15214729309082,35.45321273803711,16.506690979003906,28.82914161682129,29.432401657104492,16.525135040283203
70.4,RUNNING,4,OUTBOUND,0.197,0.9777,155.542,11.127,True,NORMAL,MONITOR,False,{},"[""uav2"", ""uav1"", ""uav0""]",limited,False,{},NONE,NORMAL,SAFE,1.0,IDLE,0.0,0.0,0.0,,orca3d,0.0,False,avoidance not required,,{},,,,,,,,,,,0,safe,6.013,3.587,1.744,0,0,0.0,0.0,[],29.64365005493164,29.637861251831055,16.516239166259766,29.380889892578125,35.66753005981445,16.504253387451172,29.053682327270508,29.641887664794922,16.527559280395508
70.6,RUNNING,4,OUTBOUND,0.197,0.9775,155.5091,11.127,True,NORMAL,MONITOR,False,{},"[""uav2"", ""uav1"", ""uav0""]",limited,False,{},NONE,NORMAL,SAFE,1.0,IDLE,0.0,0.0,0.0,,orca3d,0.0,False,avoidance not required,,{},,,,,,,,,,,0,safe,6.008,4.042,1.747,0,0,0.0,0.0,[],29.87234115600586,29.850034713745117,16.510210037231445,29.609371185302734,35.8856315612793,16.501041412353516,29.279945373535156,29.852922439575195,16.525972366333008
70.8,RUNNING,4,OUTBOUND,0.198,0.9775,155.5091,11.127,True,NORMAL,MONITOR,False,{},"[""uav2"", ""uav1"", ""uav0""]",limited,False,{},NONE,NORMAL,SAFE,1.0,IDLE,0.0,0.0,0.0,,orca3d,0.0,False,avoidance not required,,{},,,,,,,,,,,0,safe,6.008,4.042,1.747,0,0,0.0,0.0,[],30.099931716918945,30.06182861328125,16.504680633544922,29.838274002075195,36.101837158203125,16.49611473083496,29.506256103515625,30.065521240234375,16.521038055419922
71.0,RUNNING,4,OUTBOUND,0.199,0.9775,155.5091,11.127,True,NORMAL,MONITOR,False,{},"[""uav2"", ""uav1"", ""uav0""]",limited,False,{},NONE,NORMAL,SAFE,1.0,IDLE,0.0,0.0,0.0,,orca3d,0.0,False,avoidance not required,,{},,,,,,,,,,,0,safe,6.006,4.285,1.749,0,0,0.0,0.0,[],30.32998275756836,30.275043487548828,16.499980926513672,30.06484031677246,36.318599700927734,16.492338180541992,29.734580993652344,30.278772354125977,16.513046264648438
71.2,RUNNING,4,OUTBOUND,0.2,0.9774,155.476,11.127,True,NORMAL,MONITOR,False,{},"[""uav2"", ""uav1"", ""uav0""]",limited,False,{},NONE,NORMAL,SAFE,1.0,IDLE,0.0,0.0,0.0,,orca3d,0.0,False,avoidance not required,,{},,,,,,,,,,,0,safe,6.005,4.539,1.749,0,0,0.0,0.0,[],30.55796241760254,30.489622116088867,16.493436813354492,30.293243408203125,36.533477783203125,16.488557815551758,29.96613121032715,30.488788604736328,16.50313949584961
71.4,RUNNING,4,OUTBOUND,0.2,0.9774,155.476,11.127,True,NORMAL,MONITOR,False,{},"[""uav2"", ""uav1"", ""uav0""]",limited,False,{},NONE,NORMAL,SAFE,1.0,IDLE,0.0,0.0,0.0,,orca3d,0.0,False,avoidance not required,,{},,,,,,,,,,,0,safe,6.008,4.799,1.749,0,0,0.0,0.0,[],30.78805160522461,30.70401954650879,16.487934112548828,30.517578125,36.749298095703125,16.481212615966797,30.198699951171875,30.700130462646484,16.495840072631836
71.6,RUNNING,4,OUTBOUND,0.201,0.9772,155.443,11.127,True,NORMAL,MONITOR,False,{},"[""uav2"", ""uav1"", ""uav0""]",limited,False,{},NONE,NORMAL,SAFE,1.0,IDLE,0.0,0.0,0.0,,orca3d,0.0,False,avoidance not required,,{},,,,,,,,,,,0,safe,6.011,5.066,1.747,0,0,0.0,0.0,[],31.023723602294922,30.92909812927246,16.48095703125,30.745460510253906,36.963253021240234,16.476322174072266,30.431194305419922,30.914934158325195,16.489118576049805
71.8,RUNNING,4,OUTBOUND,0.202,0.9772,155.443,11.127,True,NORMAL,MONITOR,False,{},"[""uav2"", ""uav1"", ""uav0""]",limited,False,{},NONE,NORMAL,SAFE,1.0,IDLE,0.0,0.0,0.0,,orca3d,0.0,False,avoidance not required,,{},,,,,,,,,,,0,safe,6.007,5.348,1.738,0,0,0.0,0.0,[],31.258581161499023,31.149253845214844,16.474597930908203,30.976957321166992,37.18279266357422,16.469505310058594,30.663837432861328,31.129297256469727,16.48317527770996
72.0,RUNNING,4,OUTBOUND,0.203,0.9772,155.443,11.127,True,NORMAL,MONITOR,False,{},"[""uav2"", ""uav1"", ""uav0""]",limited,False,{},NONE,NORMAL,SAFE,1.0,IDLE,0.0,0.0,0.0,,orca3d,0.0,False,avoidance not required,,{},,,,,,,,,,,0,safe,6.005,5.631,1.735,0,0,0.0,0.0,[],31.491622924804688,31.37102508544922,16.468034744262695,31.20941162109375,37.39776611328125,16.463401794433594,30.895244598388672,31.350242614746094,16.474252700805664
72.2,RUNNING,4,OUTBOUND,0.203,0.977,155.4099,11.127,True,NORMAL,MONITOR,False,{},"[""uav2"", ""uav1"", ""uav0""]",limited,False,{},NONE,NORMAL,SAFE,1.0,IDLE,0.0,0.0,0.0,,orca3d,0.0,False,avoidance not required,,{},,,,,,,,,,,0,safe,6.004,5.918,1.728,0,0,0.0,0.0,[],31.723949432373047,31.587783813476562,16.46265411376953,31.44243621826172,37.61091995239258,16.452991485595703,31.1247615814209,31.56846046447754,16.465076446533203
72.4,RUNNING,4,OUTBOUND,0.204,0.977,155.4099,11.127,True,NORMAL,MONITOR,False,{},"[""uav2"", ""uav1"", ""uav0""]",limited,False,{},NONE,NORMAL,SAFE,1.0,IDLE,0.0,0.0,0.0,,orca3d,0.0,False,avoidance not required,,{},,,,,,,,,,,0,safe,6.001,6.205,1.725,0,0,0.0,0.0,[],31.958181381225586,31.800247192382812,16.45816421508789,31.675851821899414,37.82150650024414,16.4475154876709,31.354999542236328,31.783498764038086,16.458593368530273
72.6,RUNNING,4,OUTBOUND,0.205,0.9769,155.377,11.127,True,NORMAL,MONITOR,False,{},"[""uav2"", ""uav1"", ""uav0""]",limited,False,{},NONE,NORMAL,SAFE,1.0,IDLE,0.0,0.0,0.0,,orca3d,0.0,False,avoidance not required,,{},,,,,,,,,,,0,safe,5.997,6.495,1.722,0,0,0.0,0.0,[],32.19136428833008,32.01014709472656,16.456172943115234,31.912294387817383,38.03400421142578,16.442989349365234,31.58430290222168,31.997570037841797,16.455202102661133
72.8,RUNNING,4,OUTBOUND,0.206,0.9769,155.377,11.127,True,NORMAL,MONITOR,False,{},"[""uav2"", ""uav1"", ""uav0""]",limited,False,{},NONE,NORMAL,SAFE,1.0,IDLE,0.0,0.0,0.0,,orca3d,0.0,False,avoidance not required,,{},,,,,,,,,,,0,safe,5.993,6.785,1.722,0,0,0.0,0.0,[],32.42526626586914,32.2215461730957,16.45335578918457,32.1494255065918,38.246620178222656,16.443157196044922,31.814579010009766,32.20960235595703,16.452836990356445
73.0,RUNNING,4,OUTBOUND,0.206,0.9769,155.377,11.127,True,NORMAL,MONITOR,False,{},"[""uav2"", ""uav1"", ""uav0""]",limited,False,{},NONE,NORMAL,SAFE,1.0,IDLE,0.0,0.0,0.0,,orca3d,0.0,False,avoidance not required,,{},,,,,,,,,,,0,safe,5.989,7.079,1.722,0,0,0.0,0.0,[],32.65803909301758,32.43092727661133,16.451290130615234,32.3848876953125,38.456703186035156,16.444652557373047,32.04229736328125,32.42392349243164,16.44928550720215
73.2,RUNNING,4,OUTBOUND,0.207,0.9767,155.3441,11.127,True,NORMAL,MONITOR,False,{},"[""uav2"", ""uav1"", ""uav0""]",limited,False,{},NONE,NORMAL,SAFE,1.0,IDLE,0.0,0.0,0.0,,orca3d,0.0,False,avoidance not required,,{},,,,,,,,,,,0,safe,5.984,7.372,1.722,0,0,0.0,0.0,[],32.889732360839844,32.63789367675781,16.445541381835938,32.62266159057617,38.67005157470703,16.444822311401367,32.27174758911133,32.63582992553711,16.447307586669922
73.4,RUNNING,4,OUTBOUND,0.208,0.9767,155.3441,11.127,True,NORMAL,MONITOR,False,{},"[""uav2"", ""uav1"", ""uav0""]",limited,False,{},NONE,NORMAL,SAFE,1.0,IDLE,0.0,0.0,0.0,,orca3d,0.0,False,avoidance not required,,{},,,,,,,,,,,0,safe,5.982,7.664,1.723,0,0,0.0,0.0,[],33.12030792236328,32.844635009765625,16.440258026123047,32.85783004760742,38.880619049072266,16.444095611572266,32.50127410888672,32.8492546081543,16.444368362426758
73.6,RUNNING,4,OUTBOUND,0.209,0.9766,155.3113,11.127,True,NORMAL,MONITOR,False,{},"[""uav2"", ""uav1"", ""uav0""]",limited,False,{},NONE,NORMAL,SAFE,1.0,IDLE,0.0,0.0,0.0,,orca3d,0.0,False,avoidance not required,,{},,,,,,,,,,,0,safe,5.981,7.956,1.723,0,0,0.0,0.0,[],33.35349655151367,33.0540885925293,16.428129196166992,33.09517288208008,39.09157180786133,16.436124801635742,32.73188018798828,33.06044006347656,16.442218780517578
73.8,RUNNING,4,OUTBOUND,0.209,0.9766,155.3113,11.127,True,NORMAL,MONITOR,False,{},"[""uav2"", ""uav1"", ""uav0""]",limited,False,{},NONE,NORMAL,SAFE,1.0,IDLE,0.0,0.0,0.0,,orca3d,0.0,False,avoidance not required,,{},,,,,,,,,,,0,safe,5.978,8.251,1.723,0,0,0.0,0.0,[],33.58492660522461,33.262813568115234,16.422454833984375,33.32896041870117,39.30055618286133,16.429412841796875,32.961299896240234,33.272281646728516,16.437971115112305
74.0,RUNNING,4,OUTBOUND,0.21,0.9766,155.3113,11.127,True,NORMAL,MONITOR,False,{},"[""uav2"", ""uav1"", ""uav0""]",limited,False,{},NONE,NORMAL,SAFE,1.0,IDLE,0.0,0.0,0.0,,orca3d,0.0,False,avoidance not required,,{},,,,,,,,,,,0,safe,5.976,8.548,1.723,0,0,0.0,0.0,[],33.82086181640625,33.4760627746582,16.419811248779297,33.56431198120117,39.51249694824219,16.421552658081055,33.1976432800293,33.48796463012695,16.42983627319336
74.2,RUNNING,4,OUTBOUND,0.211,0.9764,155.2784,11.127,True,NORMAL,MONITOR,False,{},"[""uav2"", ""uav1"", ""uav0""]",limited,False,{},NONE,NORMAL,SAFE,1.0,IDLE,0.0,0.0,0.0,,orca3d,0.0,False,avoidance not required,,{},,,,,,,,,,,0,safe,5.977,8.852,1.717,0,0,0.0,0.0,[],34.0536003112793,33.687461853027344,16.419267654418945,33.79629135131836,39.722328186035156,16.418302536010742,33.43278884887695,33.70015335083008,16.4249210357666
74.4,RUNNING,4,OUTBOUND,0.212,0.9764,155.2784,11.127,True,NORMAL,MONITOR,False,{},"[""uav2"", ""uav1"", ""uav0""]",limited,False,{},NONE,NORMAL,SAFE,1.0,IDLE,0.0,0.0,0.0,,orca3d,0.0,False,avoidance not required,,{},,,,,,,,,,,0,safe,5.979,9.155,1.713,0,0,0.0,0.0,[],34.289005279541016,33.89409637451172,16.414264678955078,34.030662536621094,39.935829162597656,16.417150497436523,33.670902252197266,33.91080093383789,16.419626235961914
74.6,RUNNING,4,OUTBOUND,0.212,0.9762,155.2456,11.127,True,NORMAL,MONITOR,False,{},"[""uav2"", ""uav1"", ""uav0""]",limited,False,{},NONE,NORMAL,SAFE,1.0,IDLE,0.0,0.0,0.0,,orca3d,0.0,False,avoidance not required,,{},,,,,,,,,,,0,safe,5.982,9.456,1.708,0,0,0.0,0.0,[],34.52177810668945,34.10172653198242,16.40750503540039,34.260894775390625,40.14614486694336,16.416481018066406,33.906105041503906,34.119449615478516,16.416961669921875
74.8,RUNNING,4,OUTBOUND,0.213,0.9762,155.2456,11.127,True,NORMAL,MONITOR,False,{},"[""uav2"", ""uav1"", ""uav0""]",limited,False,{},NONE,NORMAL,SAFE,1.0,IDLE,0.0,0.0,0.0,,orca3d,0.0,False,avoidance not required,,{},,,,,,,,,,,0,safe,5.984,9.756,1.707,0,0,0.0,0.0,[],34.751216888427734,34.30991744995117,16.404033660888672,34.487831115722656,40.35381317138672,16.410276412963867,34.14047622680664,34.32747268676758,16.409221649169922
75.0,RUNNING,4,OUTBOUND,0.214,0.9762,155.2456,11.127,True,NORMAL,MONITOR,False,{},"[""uav2"", ""uav1"", ""uav0""]",limited,False,{},NONE,NORMAL,SAFE,1.0,IDLE,0.0,0.0,0.0,,orca3d,0.0,False,avoidance not required,,{},,,,,,,,,,,0,safe,5.989,10.056,1.710,0,0,0.0,0.0,[],34.98169708251953,34.51760482788086,16.39958381652832,34.71320724487305,40.5608024597168,16.407196044921875,34.372650146484375,34.53512191772461,16.403432846069336
75.2,RUNNING,4,OUTBOUND,0.215,0.9761,155.2127,11.127,True,NORMAL,MONITOR,False,{},"[""uav2"", ""uav1"", ""uav0""]",limited,False,{},NONE,NORMAL,SAFE,1.0,IDLE,0.0,0.0,0.0,,orca3d,0.0,False,avoidance not required,,{},,,,,,,,,,,0,safe,5.991,10.356,1.713,0,0,0.0,0.0,[],35.210269927978516,34.72617721557617,16.39671516418457,34.93818283081055,40.76888656616211,16.405597686767578,34.60586166381836,34.744712829589844,16.39499855041504
75.4,RUNNING,4,OUTBOUND,0.215,0.9761,155.2127,11.127,True,NORMAL,MONITOR,False,{},"[""uav2"", ""uav1"", ""uav0""]",limited,False,{},NONE,NORMAL,SAFE,1.0,IDLE,0.0,0.0,0.0,,orca3d,0.0,False,avoidance not required,,{},,,,,,,,,,,0,safe,5.996,10.656,1.716,0,0,0.0,0.0,[],35.44225311279297,34.93745803833008,16.395288467407227,35.163822174072266,40.97582244873047,16.403545379638672,34.83694839477539,34.95378112792969,16.390953063964844
75.6,RUNNING,4,OUTBOUND,0.216,0.9759,155.1798,11.127,True,NORMAL,MONITOR,False,{},"[""uav2"", ""uav1"", ""uav0""]",limited,False,{},NONE,NORMAL,SAFE,1.0,IDLE,0.0,0.0,0.0,,orca3d,0.0,False,avoidance not required,,{},,,,,,,,,,,0,safe,5.995,10.962,1.716,1,1,0.653,0.0,"[""lidar_target_37""]",35.67181396484375,35.14845275878906,16.393898010253906,35.392940521240234,41.179534912109375,16.399700164794922,35.069183349609375,35.16667556762695,16.38313102722168
75.8,DYNAMIC_SLOW,4,OUTBOUND,0.216,0.9759,155.1798,11.127,True,NORMAL,MONITOR,False,{},"[""uav2"", ""uav1"", ""uav0""]",limited,False,{},NONE,SLOW,WARNING,0.35,WAITING,0.0,0.0,0.0,ORCA planner pending,orca3d,0.0,False,avoidance planner pending,,"{""PLANNER_PENDING"": 1}",,,,,,,,5.997,2.672,,0,safe,5.997,11.266,1.718,1,1,0.762,0.0,"[""lidar_target_37""]",35.90483093261719,35.35774612426758,16.393117904663086,35.62171936035156,41.38515853881836,16.397415161132812,35.2991828918457,35.37791061401367,16.379995346069336
76.0,DYNAMIC_ORCA,4,OUTBOUND,0.217,0.9759,155.1798,11.127,True,NORMAL,MONITOR,False,{},"[""uav2"", ""uav1"", ""uav0""]",limited,False,{},NONE,ORCA,WARNING,0.35,ACTIVE,0.0,0.0,0.0,,orca3d,2.0,True,3D ORCA velocity solution generated for external safety gating,2.68,{},,,,,,,,5.994,0.154,,0,safe,5.994,11.572,1.514,1,1,0.762,0.0,"[""lidar_target_37""]",36.13337707519531,35.56614303588867,16.39143943786621,35.85167694091797,41.59303665161133,16.39836883544922,35.53019714355469,35.58238220214844,16.378618240356445
76.2,DYNAMIC_ORCA,4,OUTBOUND,0.217,0.9757,155.1474,11.127,True,NORMAL,MONITOR,False,{},"[""uav2"", ""uav1"", ""uav0""]",limited,False,{},NONE,ORCA,WARNING,0.35,ACTIVE,0.0,0.0,0.0,,orca3d,1.9999907626086844,True,3D ORCA velocity solution generated for external safety gating,2.564,{},,,,,,,,5.997,-2.093,4.6,0,safe,5.997,11.874,1.200,1,0,0.662,0.2,"[""lidar_target_37""]",36.35544204711914,35.76615524291992,16.391191482543945,36.06697463989258,41.78944396972656,16.396772384643555,35.74699401855469,35.77611541748047,16.375511169433594
76.4,DYNAMIC_ORCA,4,OUTBOUND,0.217,0.9757,155.1474,11.127,True,NORMAL,MONITOR,False,{},"[""uav2"", ""uav1"", ""uav0""]",limited,False,{},NONE,ORCA,WARNING,0.35,ACTIVE,0.0,0.0,0.0,,orca3d,1.9803431761684818,True,3D ORCA velocity solution generated for external safety gating,3.548,{},,,,,,,,5.992,-2.092,4.4,0,safe,5.992,12.167,1.200,1,0,0.576,0.4,"[""lidar_target_37""]",36.55418014526367,35.9471435546875,16.387510299682617,36.261959075927734,41.967987060546875,16.393707275390625,35.9555778503418,35.95602798461914,16.37125587463379
76.6,DYNAMIC_ORCA,4,OUTBOUND,0.217,0.9756,155.116,11.127,True,NORMAL,MONITOR,False,{},"[""uav2"", ""uav1"", ""uav0""]",limited,False,{},NONE,ORCA,WARNING,0.35,ACTIVE,0.0,0.0,0.0,,orca3d,1.9383250683136053,True,3D ORCA velocity solution generated for external safety gating,2.523,{},,,,,,,,6.0,-2.092,4.2,0,safe,6.001,12.430,1.173,1,0,0.501,0.6,"[""lidar_target_37""]",36.74949264526367,36.1209716796875,16.37236976623535,36.449127197265625,42.137245178222656,16.38632583618164,36.14678192138672,36.12472152709961,16.368831634521484
76.8,DYNAMIC_ORCA,4,OUTBOUND,0.218,0.9756,155.116,11.127,True,NORMAL,MONITOR,False,{},"[""uav2"", ""uav1"", ""uav0""]",limited,False,{},NONE,ORCA,WARNING,0.35,ACTIVE,0.0,0.0,0.0,,orca3d,1.8870941961135588,True,3D ORCA velocity solution generated for external safety gating,2.425,{},,,,,,,,5.997,-2.093,4.0,0,safe,5.997,12.684,1.132,1,0,0.435,0.8,"[""lidar_target_37""]",36.931602478027344,36.28458786010742,16.360448837280273,36.629722595214844,42.296627044677734,16.37518882751465,36.331180572509766,36.281490325927734,16.3642635345459
77.0,DYNAMIC_ORCA,4,OUTBOUND,0.218,0.9756,155.116,11.127,True,NORMAL,MONITOR,False,{},"[""uav2"", ""uav1"", ""uav0""]",limited,False,{},NONE,ORCA,WARNING,0.35,ACTIVE,0.0,0.0,0.0,,orca3d,1.8320583368418273,True,3D ORCA velocity solution generated for external safety gating,5.287,{},,,,,,,,6.0,-2.092,3.8,0,safe,6.000,12.922,1.094,1,0,0.378,1.0,"[""lidar_target_37""]",37.106754302978516,36.4383659362793,16.343883514404297,36.80986022949219,42.448570251464844,16.35995101928711,36.502952575683594,36.43137741088867,16.359745025634766
77.2,DYNAMIC_ORCA,4,OUTBOUND,0.218,0.9754,155.0858,11.127,True,NORMAL,MONITOR,False,{},"[""uav2"", ""uav1"", ""uav0""]",limited,False,{},NONE,ORCA,WARNING,0.35,ACTIVE,0.0,0.0,0.0,,orca3d,1.7774206592579265,True,3D ORCA velocity solution generated for external safety gating,2.281,{},,,,,,,,5.996,-2.093,3.6,0,safe,5.996,13.148,1.062,1,0,0.329,1.2,"[""lidar_target_37""]",37.27180862426758,36.58390426635742,16.330869674682617,36.9914436340332,42.59327697753906,16.339609146118164,36.66973114013672,36.57637023925781,16.354022979736328
77.4,DYNAMIC_ORCA,4,OUTBOUND,0.219,0.9754,155.0858,11.127,True,NORMAL,MONITOR,False,{},"[""uav2"", ""uav1"", ""uav0""]",limited,False,{},NONE,ORCA,WARNING,0.35,ACTIVE,0.0,0.0,0.0,,orca3d,1.7237814740628001,True,3D ORCA velocity solution generated for external safety gating,2.281,{},,,,,,,,5.998,-2.092,3.4,0,safe,5.998,13.362,1.030,1,1,1.0,0.0,"[""lidar_target_37""]",37.439178466796875,36.72577667236328,16.317157745361328,37.16427230834961,42.729103088378906,16.31644630432129,36.82672119140625,36.71578598022461,16.3502254486084
77.6,DYNAMIC_HOLD,4,OUTBOUND,0.219,0.9753,155.0562,11.127,True,NORMAL,MONITOR,True,{},"[""uav2"", ""uav1"", ""uav0""]",limited,False,{},NONE,HOLD,CRITICAL,0.0,HOLD,0.0,0.0,0.0,critical risk requires synchronized hold,orca3d,0.0,True,3D ORCA velocity solution generated for external safety gating,2.46,{},,,,,,,,5.988,-0.733,2.2,0,safe,5.988,13.576,0.999,1,0,0.869,0.2,"[""lidar_target_37""]",37.595970153808594,36.85895919799805,16.30587387084961,37.33256912231445,42.86028289794922,16.293712615966797,36.981040954589844,36.84962463378906,16.34522819519043
77.8,DYNAMIC_HOLD,4,OUTBOUND,0.219,0.9753,155.0562,11.127,True,NORMAL,MONITOR,True,{},"[""uav2"", ""uav1"", ""uav0""]",limited,False,{},NONE,HOLD,CRITICAL,0.0,HOLD,0.0,0.0,0.0,critical risk requires synchronized hold,orca3d,0.0,True,3D ORCA velocity solution generated for external safety gating,5.338,{},,,,,,,,5.985,-1.703,2.2,0,safe,5.985,13.777,0.215,1,0,0.756,0.4,"[""lidar_target_37""]",37.73509216308594,36.96717071533203,16.305795669555664,37.46961212158203,42.96371078491211,16.294300079345703,37.11012649536133,36.96277618408203,16.345359802246094
78.0,DYNAMIC_HOLD,4,OUTBOUND,0.219,0.9753,155.0562,11.127,True,NORMAL,MONITOR,True,{},"[""uav2"", ""uav1"", ""uav0""]",limited,False,{},NONE,HOLD,CRITICAL,0.0,HOLD,0.0,0.0,0.0,critical risk requires synchronized hold,orca3d,0.0,True,3D ORCA velocity solution generated for external safety gating,5.338,{},,,,,,,,5.975,-1.703,2.0,0,safe,5.975,13.951,0.386,1,0,0.657,0.6,"[""lidar_target_37""]",37.81916427612305,37.032344818115234,16.304187774658203,37.55911636352539,43.025230407714844,16.294506072998047,37.2006950378418,37.03411865234375,16.34096336364746
78.2,DYNAMIC_HOLD,4,OUTBOUND,0.219,0.9751,155.0269,11.127,True,NORMAL,MONITOR,True,{},"[""uav2"", ""uav1"", ""uav0""]",limited,False,{},NONE,HOLD,CRITICAL,0.0,HOLD,0.0,0.0,0.0,critical risk requires synchronized hold,orca3d,0.0,True,3D ORCA velocity solution generated for external safety gating,3.53,{},,,,,,,,5.982,-1.703,1.8,0,safe,5.982,14.055,0.494,1,0,0.571,0.8,"[""lidar_target_37""]",37.870670318603516,37.07417678833008,16.305707931518555,37.60377883911133,43.0550422668457,16.297637939453125,37.246829986572266,37.069671630859375,16.33609390258789
78.4,DYNAMIC_HOLD,4,OUTBOUND,0.219,0.9751,155.0269,11.127,True,NORMAL,MONITOR,True,{},"[""uav2"", ""uav1"", ""uav0""]",limited,False,{},NONE,HOLD,CRITICAL,0.0,HOLD,0.0,0.0,0.0,critical risk requires synchronized hold,orca3d,0.0,True,3D ORCA velocity solution generated for external safety gating,1.92,{},,,,,,,,5.976,-1.703,1.6,0,safe,5.976,14.121,0.547,1,0,0.497,1.0,"[""lidar_target_37""]",37.88812255859375,37.08822250366211,16.305498123168945,37.62261199951172,43.066497802734375,16.299222946166992,37.2712516784668,37.079952239990234,16.331600189208984
78.6,DYNAMIC_HOLD,4,OUTBOUND,0.219,0.975,154.9917,11.127,True,NORMAL,MONITOR,True,{},"[""uav2"", ""uav1"", ""uav0""]",limited,False,{},NONE,HOLD,CRITICAL,0.0,HOLD,0.0,0.0,0.0,critical risk requires synchronized hold,orca3d,0.0,True,3D ORCA velocity solution generated for external safety gating,1.92,{},,,,,,,,5.983,-1.703,1.4,0,safe,5.983,14.143,0.569,1,0,0.433,1.196,"[""lidar_target_37""]",37.894927978515625,37.08064270019531,16.307924270629883,37.62111282348633,43.057090759277344,16.29830551147461,37.26662826538086,37.06959915161133,16.33000946044922
78.8,DYNAMIC_HOLD,4,OUTBOUND,0.219,0.975,154.9917,11.127,True,NORMAL,MONITOR,True,{},"[""uav2"", ""uav1"", ""uav0""]",limited,False,{},NONE,HOLD,CRITICAL,0.0,HOLD,0.0,0.0,0.0,critical risk requires synchronized hold,orca3d,0.0,False,"3D ORCA command failed dynamic, static or fleet constraints; hold required",2.103,"{""DYNAMIC_CLEARANCE"": 1}",,,,,,,,5.972,-1.709,1.2,0,safe,5.972,14.143,0.563,1,0,0.375,1.4,"[""lidar_target_37""]",37.87690734863281,37.05729293823242,16.308870315551758,37.597312927246094,43.03268814086914,16.299968719482422,37.2588005065918,37.042747497558594,16.32628059387207
79.0,DYNAMIC_HOLD,4,OUTBOUND,0.219,0.975,154.9917,11.127,True,NORMAL,MONITOR,True,{},"[""uav2"", ""uav1"", ""uav0""]",limited,False,{},NONE,HOLD,CRITICAL,0.0,HOLD,0.0,0.0,0.0,critical risk requires synchronized hold,orca3d,0.0,False,"3D ORCA command failed dynamic, static or fleet constraints; hold required",2.04,"{""DYNAMIC_CLEARANCE"": 1}",,,,,,,,5.982,-1.703,1.0,0,safe,5.982,14.115,0.529,0,0,0.0,0.0,[],37.85200500488281,37.027099609375,16.311731338500977,37.56578063964844,42.999698638916016,16.303983688354492,37.23223114013672,37.00766372680664,16.325918197631836
79.2,DYNAMIC_HOLD,4,OUTBOUND,0.219,0.9748,154.964,11.127,True,NORMAL,MONITOR,True,{},"[""uav2"", ""uav1"", ""uav0""]",limited,False,{},NONE,HOLD,SAFE,0.0,IDLE,0.0,0.0,0.0,,orca3d,0.0,False,avoidance not required,,{},,,,,,,,,,,0,safe,5.980,14.078,0.484,0,0,0.0,0.0,[],37.813045501708984,36.990291595458984,16.312698364257812,37.522132873535156,42.96157455444336,16.308162689208984,37.20010757446289,36.9651985168457,16.331912994384766
79.4,DYNAMIC_HOLD,4,OUTBOUND,0.219,0.9748,154.964,11.127,True,NORMAL,MONITOR,True,{},"[""uav2"", ""uav1"", ""uav0""]",limited,False,{},NONE,HOLD,SAFE,0.0,IDLE,0.0,0.0,0.0,,orca3d,0.0,False,avoidance not required,,{},,,,,,,,,,,0,safe,5.987,14.025,0.427,1,1,1.0,0.0,"[""lidar_target_39""]",37.777076721191406,36.953487396240234,16.31863784790039,37.47620391845703,42.922996520996094,16.315673828125,37.15806579589844,36.923240661621094,16.33660125732422
79.6,DYNAMIC_HOLD,4,OUTBOUND,0.219,0.9747,154.9367,11.127,True,NORMAL,MONITOR,True,{},"[""uav2"", ""uav1"", ""uav0""]",limited,False,{},NONE,HOLD,CRITICAL,0.0,HOLD,0.0,0.0,0.0,critical risk requires synchronized hold,orca3d,0.0,False,"3D ORCA command failed dynamic, static or fleet constraints; hold required",2.046,"{""DYNAMIC_CLEARANCE"": 1}",,,,,,,,5.981,-0.052,0.0,0,safe,5.981,13.975,0.374,1,1,1.0,0.0,"[""lidar_target_39""]",37.734886169433594,36.916053771972656,16.320594787597656,37.42642593383789,42.88505172729492,16.32229232788086,37.12029266357422,36.88484191894531,16.34357261657715
79.8,DYNAMIC_HOLD,4,OUTBOUND,0.219,0.9747,154.9367,11.127,True,NORMAL,MONITOR,True,{},"[""uav2"", ""uav1"", ""uav0""]",limited,False,{},NONE,HOLD,CRITICAL,0.0,HOLD,0.0,0.0,0.0,critical risk requires synchronized hold,orca3d,0.0,False,"3D ORCA command failed dynamic, static or fleet constraints; hold required",2.229,"{""DYNAMIC_CLEARANCE"": 1}",,,,,,,,5.986,-2.416,3.4,0,safe,5.986,13.920,0.318,1,1,1.0,0.0,"[""lidar_target_39""]",37.68900680541992,36.88347625732422,16.324195861816406,37.37362289428711,42.850582122802734,16.332374572753906,37.079402923583984,36.85000228881836,16.348560333251953
80.0,DYNAMIC_HOLD,4,OUTBOUND,0.219,0.9747,154.9367,11.127,True,NORMAL,MONITOR,True,{},"[""uav2"", ""uav1"", ""uav0""]",limited,False,{},NONE,HOLD,CRITICAL,0.0,HOLD,0.0,0.0,0.0,critical risk requires synchronized hold,orca3d,0.0,False,"3D ORCA command failed dynamic, static or fleet constraints; hold required",1.924,"{""DYNAMIC_CLEARANCE"": 1}",,,,,,,,5.991,-2.436,1.2,0,safe,5.991,13.865,0.262,1,1,1.0,0.0,"[""lidar_target_39""]",37.64453887939453,36.852783203125,16.32370948791504,37.32536697387695,42.81983947753906,16.337646484375,37.037044525146484,36.81957244873047,16.35846710205078
80.2,DYNAMIC_HOLD,4,OUTBOUND,0.219,0.9745,154.9094,11.127,True,NORMAL,MONITOR,True,{},"[""uav2"", ""uav1"", ""uav0""]",limited,False,{},NONE,HOLD,CRITICAL,0.0,HOLD,0.0,0.0,0.0,critical risk requires synchronized hold,orca3d,0.0,False,"3D ORCA command failed dynamic, static or fleet constraints; hold required",1.924,"{""DYNAMIC_CLEARANCE"": 1}",,,,,,,,5.993,-2.422,0.4,0,safe,5.993,13.812,0.208,1,1,1.0,0.0,"[""lidar_target_39""]",37.604393005371094,36.83710861206055,16.322473526000977,37.279380798339844,42.796424865722656,16.344518661499023,36.997283935546875,36.79389953613281,16.363388061523438
80.4,DYNAMIC_HOLD,4,OUTBOUND,0.219,0.9745,154.9094,11.127,True,NORMAL,MONITOR,True,{},"[""uav2"", ""uav1"", ""uav0""]",limited,False,{},NONE,HOLD,CRITICAL,0.0,HOLD,0.0,0.0,0.0,critical risk requires synchronized hold,orca3d,0.0,False,"3D ORCA command failed dynamic, static or fleet constraints; hold required",2.386,"{""DYNAMIC_CLEARANCE"": 1}",,,,,,,,5.993,-2.419,0.2,0,safe,5.993,13.772,0.166,1,1,1.0,0.0,"[""lidar_target_39""]",37.56718444824219,36.823516845703125,16.324739456176758,37.24128341674805,42.77656936645508,16.346830368041992,36.96297836303711,36.780643463134766,16.367904663085938
80.6,DYNAMIC_HOLD,4,OUTBOUND,0.219,0.9744,154.882,11.127,True,NORMAL,MONITOR,True,{},"[""uav2"", ""uav1"", ""uav0""]",limited,False,{},NONE,HOLD,CRITICAL,0.0,HOLD,0.0,0.0,0.0,critical risk requires synchronized hold,orca3d,0.0,False,"3D ORCA command failed dynamic, static or fleet constraints; hold required",2.401,"{""DYNAMIC_CLEARANCE"": 1}",,,,,,,,5.996,-2.381,0.0,0,safe,5.996,13.736,0.128,1,0,0.869,0.2,"[""lidar_target_39""]",37.53618240356445,36.809661865234375,16.32501983642578,37.204322814941406,42.763641357421875,16.347713470458984,36.93352508544922,36.769569396972656,16.369218826293945
80.8,DYNAMIC_HOLD,4,OUTBOUND,0.219,0.9744,154.882,11.127,True,NORMAL,MONITOR,True,{},"[""uav2"", ""uav1"", ""uav0""]",limited,False,{},NONE,HOLD,CRITICAL,0.0,HOLD,0.0,0.0,0.0,critical risk requires synchronized hold,orca3d,0.0,False,"3D ORCA command failed dynamic, static or fleet constraints; hold required",2.059,"{""DYNAMIC_CLEARANCE"": 1}",,,,,,,,5.998,-2.384,0.0,0,safe,5.998,13.704,0.095,1,0,0.756,0.4,"[""lidar_target_39""]",37.51121139526367,36.80259323120117,16.3312931060791,37.177703857421875,42.75468826293945,16.346446990966797,36.9805908203125,36.61966323852539,16.37344741821289
81.0,DYNAMIC_HOLD,4,OUTBOUND,0.219,0.9744,154.882,11.127,True,NORMAL,MONITOR,True,{},"[""uav2"", ""uav1"", ""uav0""]",limited,False,{},NONE,HOLD,CRITICAL,0.0,HOLD,0.0,0.0,0.0,critical risk requires synchronized hold,orca3d,0.0,False,"3D ORCA command failed dynamic, static or fleet constraints; hold required",2.059,"{""DYNAMIC_CLEARANCE"": 1}",,,,,,,,6.0,-2.241,0.0,0,safe,6.072,13.682,0.176,1,0,0.657,0.6,"[""lidar_target_39""]",37.4920654296875,36.79473876953125,16.332744598388672,37.15876770019531,42.75767135620117,16.348878860473633,37.09710693359375,36.4237174987793,16.365924835205078
81.2,DYNAMIC_HOLD,4,OUTBOUND,0.219,0.9742,154.8381,11.127,True,NORMAL,MONITOR,True,{},"[""uav2"", ""uav1"", ""uav0""]",limited,False,{},NONE,HOLD,CRITICAL,0.0,HOLD,0.0,0.0,0.0,critical risk requires synchronized hold,orca3d,0.0,False,"3D ORCA command failed dynamic, static or fleet constraints; hold required",2.623,"{""DYNAMIC_CLEARANCE"": 1}",,,,,,,,6.0,-2.298,0.0,0,safe,6.216,13.663,0.399,1,0,0.571,0.8,"[""lidar_target_39""]",37.47793197631836,36.792564392089844,16.338462829589844,37.14700698852539,42.75851058959961,16.348407745361328,37.199337005615234,35.52412033081055,16.342388153076172
81.4,DYNAMIC_HOLD,4,OUTBOUND,0.219,0.9742,154.8381,11.127,True,NORMAL,MONITOR,True,{},"[""uav2"", ""uav1"", ""uav0""]",limited,False,{},NONE,HOLD,CRITICAL,0.0,HOLD,0.0,0.0,0.0,critical risk requires synchronized hold,orca3d,0.0,False,"3D ORCA command failed dynamic, static or fleet constraints; hold required",4.286,"{""DYNAMIC_CLEARANCE"": 1}",,,,,,,,6.0,-2.285,0.0,0,safe,6.447,13.652,1.262,1,0,0.497,1.0,"[""lidar_target_39""]",37.46820068359375,36.788902282714844,16.339550018310547,37.13728713989258,42.76237869262695,16.350849151611328,37.22208786010742,35.30717086791992,16.332012176513672
81.6,DYNAMIC_HOLD,4,OUTBOUND,0.219,0.974,154.796,11.127,True,NORMAL,MONITOR,True,{},"[""uav2"", ""uav1"", ""uav0""]",limited,False,{},NONE,HOLD,CRITICAL,0.0,HOLD,0.0,0.0,0.0,critical risk requires synchronized hold,orca3d,0.0,False,"3D ORCA command failed dynamic, static or fleet constraints; hold required",2.437,"{""DYNAMIC_CLEARANCE"": 1}",,,,,,,,6.0,-1.884,0.0,0,safe,6.524,13.642,1.478,1,0,0.432,1.2,"[""lidar_target_39""]",37.45547103881836,36.79151153564453,16.34205436706543,37.13322067260742,42.76402282714844,16.350250244140625,37.20466995239258,35.27170944213867,16.332677841186523
81.8,DYNAMIC_HOLD,4,OUTBOUND,0.219,0.974,154.796,11.127,True,NORMAL,MONITOR,True,{},"[""uav2"", ""uav1"", ""uav0""]",limited,False,{},NONE,HOLD,CRITICAL,0.0,HOLD,0.0,0.0,0.0,critical risk requires synchronized hold,orca3d,0.0,False,"3D ORCA command failed dynamic, static or fleet constraints; hold required",5.279,"{""DYNAMIC_CLEARANCE"": 1}",,,,,,,,6.0,-2.359,0.0,0,safe,6.529,13.635,1.508,1,0,0.375,1.4,"[""lidar_target_39""]",37.448448181152344,36.79110336303711,16.343124389648438,37.131553649902344,42.77023696899414,16.351442337036133,37.15400695800781,35.40480422973633,16.327232360839844
82.0,DYNAMIC_HOLD,4,OUTBOUND,0.219,0.974,154.796,11.127,True,NORMAL,MONITOR,True,{},"[""uav2"", ""uav1"", ""uav0""]",limited,False,{},NONE,HOLD,CRITICAL,0.0,HOLD,0.0,0.0,0.0,critical risk requires synchronized hold,orca3d,0.0,False,"3D ORCA command failed dynamic, static or fleet constraints; hold required",5.319,"{""DYNAMIC_CLEARANCE"": 1}",,,,,,,,6.0,-1.91,0.0,0,safe,6.456,13.630,1.367,0,0,0.0,0.0,[],37.44082260131836,36.79170608520508,16.352291107177734,37.133575439453125,42.77290344238281,16.352785110473633,37.10459899902344,35.51565170288086,16.37275505065918
82.2,DYNAMIC_HOLD,4,OUTBOUND,0.219,0.9738,154.7591,11.127,True,NORMAL,MONITOR,True,{},"[""uav2"", ""uav1"", ""uav0""]",limited,False,{},NONE,HOLD,SAFE,0.0,IDLE,0.0,0.0,0.0,,orca3d,0.0,False,avoidance not required,,{},,,,,,,,,,,0,safe,6.392,13.626,1.248,0,0,0.0,0.0,[],37.43550491333008,36.791038513183594,16.361061096191406,37.13481903076172,42.78034591674805,16.362207412719727,37.06662368774414,35.555538177490234,16.44517707824707
82.4,DYNAMIC_HOLD,4,OUTBOUND,0.219,0.9738,154.7591,11.127,True,NORMAL,MONITOR,True,{},"[""uav2"", ""uav1"", ""uav0""]",limited,False,{},NONE,HOLD,SAFE,0.0,IDLE,0.0,0.0,0.0,,orca3d,0.0,False,avoidance not required,,{},,,,,,,,,,,0,safe,6.353,13.623,1.205,1,1,1.0,0.0,"[""lidar_target_41""]",37.43545150756836,36.78822326660156,16.36210823059082,37.139034271240234,42.782508850097656,16.363988876342773,37.01081466674805,35.74364471435547,16.469974517822266
82.6,DYNAMIC_HOLD,4,OUTBOUND,0.219,0.9736,154.7231,11.127,True,NORMAL,MONITOR,True,{},"[""uav2"", ""uav1"", ""uav0""]",limited,False,{},NONE,HOLD,CRITICAL,0.0,HOLD,0.0,0.0,0.0,critical risk requires synchronized hold,orca3d,0.0,False,"3D ORCA command failed dynamic, static or fleet constraints; hold required",5.195,"{""DYNAMIC_CLEARANCE"": 1, ""VEHICLE_SEPARATION"": 1}",,,,,,,,6.0,0.325,,0,safe,6.264,13.621,1.014,1,1,1.0,0.0,"[""lidar_target_41""]",37.433502197265625,36.78586196899414,16.36666488647461,37.14262771606445,42.784915924072266,16.36660385131836,37.00109100341797,35.64495849609375,16.508337020874023
82.8,DYNAMIC_HOLD,4,OUTBOUND,0.219,0.9736,154.7231,11.127,True,NORMAL,MONITOR,True,{},"[""uav2"", ""uav1"", ""uav0""]",limited,False,{},NONE,HOLD,CRITICAL,0.0,HOLD,0.0,0.0,0.0,critical risk requires synchronized hold,orca3d,0.0,False,"3D ORCA command failed dynamic, static or fleet constraints; hold required",5.081,"{""DYNAMIC_CLEARANCE"": 1}",,,,,,,,6.0,0.683,,0,safe,6.274,13.619,1.114,1,1,1.0,0.0,"[""lidar_target_41""]",37.43585205078125,36.78202819824219,16.364654541015625,37.147884368896484,42.78373718261719,16.365947723388672,36.97108840942383,35.7344856262207,16.512296676635742
83.0,DYNAMIC_HOLD,4,OUTBOUND,0.219,0.9736,154.7231,11.127,True,NORMAL,MONITOR,True,{},"[""uav2"", ""uav1"", ""uav0""]",limited,False,{},NONE,HOLD,CRITICAL,0.0,HOLD,0.0,0.0,0.0,critical risk requires synchronized hold,orca3d,0.0,True,3D ORCA velocity solution generated for external safety gating,2.381,{},,,,,,,,6.0,1.302,,0,safe,6.226,13.618,1.023,1,1,1.0,0.0,"[""lidar_target_41""]",37.438541412353516,36.78107833862305,16.367286682128906,37.1509895324707,42.78910446166992,16.371089935302734,36.9232292175293,35.98333740234375,16.51481819152832
83.2,DYNAMIC_HOLD,4,OUTBOUND,0.219,0.9734,154.6848,11.127,True,NORMAL,MONITOR,True,{},"[""uav2"", ""uav1"", ""uav0""]",limited,False,{},NONE,HOLD,CRITICAL,0.0,HOLD,0.0,0.0,0.0,critical risk requires synchronized hold,orca3d,0.0,True,3D ORCA velocity solution generated for external safety gating,2.381,{},,,,,,,,6.0,2.126,,0,safe,6.139,13.620,0.776,1,1,0.978,0.0,"[""lidar_target_41""]",37.44394302368164,36.77873992919922,16.364212036132812,37.155155181884766,42.79301452636719,16.37883186340332,36.872310638427734,36.30170440673828,16.499685287475586
83.4,DYNAMIC_HOLD,4,OUTBOUND,0.219,0.9734,154.6848,11.127,True,NORMAL,MONITOR,True,{},"[""uav2"", ""uav1"", ""uav0""]",limited,False,{},NONE,HOLD,CRITICAL,0.0,HOLD,0.0,0.0,0.0,critical risk requires synchronized hold,orca3d,0.0,True,3D ORCA velocity solution generated for external safety gating,5.443,{},,,,,,,,6.0,3.155,,0,safe,6.049,13.622,0.462,1,1,0.978,0.0,"[""lidar_target_41""]",37.44514465332031,36.77841567993164,16.365419387817383,37.1601448059082,42.79164505004883,16.378589630126953,36.81934356689453,36.6719970703125,16.477720260620117
83.6,DYNAMIC_ORCA,4,OUTBOUND,0.219,0.9732,154.6479,11.127,True,NORMAL,MONITOR,False,{},"[""uav2"", ""uav1"", ""uav0""]",limited,False,{},NONE,ORCA,WARNING,0.35,ACTIVE,0.0,0.0,0.0,,orca3d,1.0197566500028328,True,3D ORCA velocity solution generated for external safety gating,5.443,{},,,,,,,,5.976,4.085,,0,safe,5.976,13.623,0.148,1,1,0.87,0.0,"[""lidar_target_41""]",37.449275970458984,36.776573181152344,16.362834930419922,37.161651611328125,42.789241790771484,16.382646560668945,36.76979446411133,37.04631042480469,16.453161239624023
83.8,DYNAMIC_ORCA,4,OUTBOUND,0.219,0.9732,154.6479,11.127,True,NORMAL,MONITOR,False,{},"[""uav2"", ""uav1"", ""uav0""]",limited,False,{},NONE,ORCA,WARNING,0.35,ACTIVE,0.0,0.0,0.0,,orca3d,0.9556773289436956,True,3D ORCA velocity solution generated for external safety gating,5.051,{},,,,,,,,5.927,4.93,,0,safe,5.927,13.624,0.612,1,1,0.805,0.0,"[""lidar_target_41""]",37.448997497558594,36.77855682373047,16.372177124023438,37.167728424072266,42.7891960144043,16.391122817993164,36.7272834777832,37.42534255981445,16.407751083374023
84.0,DYNAMIC_ORCA,4,OUTBOUND,0.219,0.9732,154.6479,11.127,True,NORMAL,MONITOR,False,{},"[""uav2"", ""uav1"", ""uav0""]",limited,False,{},NONE,ORCA,WARNING,0.35,ACTIVE,0.0,0.0,0.0,,orca3d,0.8894179760093516,True,3D ORCA velocity solution generated for external safety gating,5.051,{},,,,,,,,5.914,6.093,,0,safe,5.914,13.627,0.573,1,1,0.805,0.0,"[""lidar_target_41""]",37.4539680480957,36.78762435913086,16.387781143188477,37.17362976074219,42.80049514770508,16.40638542175293,36.691429138183594,37.818851470947266,16.369915008544922
84.2,DYNAMIC_ORCA,4,OUTBOUND,0.22,0.973,154.6098,11.127,True,NORMAL,MONITOR,False,{},"[""uav2"", ""uav1"", ""uav0""]",limited,False,{},NONE,ORCA,WARNING,0.35,ACTIVE,0.0,0.0,0.0,,orca3d,0.8489424060209476,True,3D ORCA velocity solution generated for external safety gating,4.364,{},,,,,,,,5.723,7.068,,0,safe,5.723,13.639,0.534,1,1,0.783,0.0,"[""lidar_target_41""]",37.46750259399414,36.800960540771484,16.396543502807617,37.18585205078125,42.8142204284668,16.41628646850586,36.66651916503906,38.242862701416016,16.292699813842773
84.4,DYNAMIC_ORCA,4,OUTBOUND,0.22,0.973,154.6098,11.127,True,NORMAL,MONITOR,False,{},"[""uav2"", ""uav1"", ""uav0""]",limited,False,{},NONE,ORCA,WARNING,0.35,ACTIVE,0.0,0.0,0.0,,orca3d,0.8081945850705291,True,3D ORCA velocity solution generated for external safety gating,2.627,{},,,,,,,,5.352,8.058,,0,safe,4.994,13.685,0.485,1,0,0.681,0.2,"[""lidar_target_41""]",37.481651306152344,36.821205139160156,16.409725189208984,37.195152282714844,42.83146286010742,16.429882049560547,36.64027404785156,38.664493560791016,16.232168197631836
84.6,DYNAMIC_ORCA,4,OUTBOUND,0.22,0.9729,154.5709,11.127,True,NORMAL,MONITOR,False,{},"[""uav2"", ""uav1"", ""uav0""]",limited,False,{},NONE,ORCA,WARNING,0.35,ACTIVE,0.0,0.0,0.0,,orca3d,0.7699958797658131,True,3D ORCA velocity solution generated for external safety gating,2.627,{},,,,,,,,4.994,8.596,,0,safe,4.994,13.685,0.485,1,0,0.592,0.4,"[""lidar_target_41""]",37.50312423706055,36.84406661987305,16.4167537689209,37.212711334228516,42.85242462158203,16.437040328979492,36.629905700683594,39.094966888427734,16.127206802368164
84.8,DYNAMIC_ORCA,4,OUTBOUND,0.22,0.9729,154.5709,11.127,True,NORMAL,MONITOR,False,{},"[""uav2"", ""uav1"", ""uav0""]",limited,False,{},NONE,ORCA,WARNING,0.35,ACTIVE,0.0,0.0,0.0,,orca3d,0.7289643015544642,True,3D ORCA velocity solution generated for external safety gating,2.096,{},,,,,,,,4.647,9.102,,0,safe,4.647,13.717,0.462,1,0,0.514,0.6,"[""lidar_target_41""]",37.5235710144043,36.87385940551758,16.431896209716797,37.23125457763672,42.881874084472656,16.4470157623291,36.616580963134766,39.521209716796875,16.047021865844727
85.0,DYNAMIC_ORCA,4,OUTBOUND,0.221,0.9729,154.5709,11.127,True,NORMAL,MONITOR,False,{},"[""uav2"", ""uav1"", ""uav0""]",limited,False,{},NONE,ORCA,WARNING,0.35,ACTIVE,0.0,0.0,0.0,,orca3d,0.6905115282570374,True,3D ORCA velocity solution generated for external safety gating,1.929,{},,,,,,,,4.32,9.621,,0,safe,4.320,13.754,0.437,1,0,0.447,0.8,"[""lidar_target_41""]",37.552398681640625,36.906429290771484,16.441003799438477,37.25855255126953,42.913883209228516,16.45292091369629,36.63082504272461,39.92669677734375,15.904322624206543
85.2,DYNAMIC_ORCA,4,OUTBOUND,0.221,0.9727,154.5319,11.127,True,NORMAL,MONITOR,False,{},"[""uav2"", ""uav1"", ""uav0""]",limited,False,{},NONE,ORCA,WARNING,0.35,ACTIVE,0.0,0.0,0.0,,orca3d,0.7174992559183723,True,3D ORCA velocity solution generated for external safety gating,1.929,{},,,,,,,,4.045,10.147,,0,safe,4.045,13.798,0.414,1,0,0.389,1.0,"[""lidar_target_41""]",37.58292007446289,36.94519805908203,16.451581954956055,37.28938293457031,42.951019287109375,16.46628761291504,36.63409423828125,40.33545684814453,15.799132347106934
85.4,DYNAMIC_HOLD,4,OUTBOUND,0.221,0.9727,154.5319,11.127,True,NORMAL,MONITOR,False,{},"[""uav2"", ""uav1"", ""uav0""]",limited,False,{},NONE,HOLD,SAFE,0.0,IDLE,0.0,0.0,0.0,,orca3d,0.0,False,avoidance not required,,{},,,,,,,,3.779,10.685,,0,safe,3.779,13.848,0.430,1,0,0.338,1.2,"[""lidar_target_41""]",37.61705780029297,36.98881530761719,16.4687442779541,37.32769775390625,42.99187469482422,16.47518539428711,36.680206298828125,40.671016693115234,15.622862815856934
85.6,DYNAMIC_HOLD,4,OUTBOUND,0.221,0.9725,154.4942,11.127,True,NORMAL,MONITOR,True,{},"[""uav2"", ""uav1"", ""uav0""]",limited,False,{},NONE,HOLD,SAFE,0.0,IDLE,0.0,0.0,0.0,,orca3d,0.0,False,avoidance not required,,{},,,,,,,,3.626,11.232,,0,safe,3.626,13.905,0.382,1,0,0.294,1.4,"[""lidar_target_41""]",37.65272903442383,37.02766799926758,16.478254318237305,37.358428955078125,43.038108825683594,16.488170623779297,36.75364685058594,40.91044235229492,15.415169715881348
85.8,DYNAMIC_HOLD,4,OUTBOUND,0.221,0.9725,154.4942,11.127,True,NORMAL,MONITOR,True,{},"[""uav2"", ""uav1"", ""uav0""]",limited,False,{},NONE,HOLD,SAFE,0.0,IDLE,0.0,0.0,0.0,,orca3d,0.0,False,avoidance not required,,{},,,,,,,,3.598,11.779,,0,safe,3.598,13.958,0.702,0,0,0.0,0.0,[],37.676082611083984,37.05537033081055,16.48774528503418,37.37703323364258,43.06540298461914,16.493928909301758,36.764564514160156,41.195953369140625,15.291157722473145
86.0,DYNAMIC_HOLD,4,OUTBOUND,0.221,0.9725,154.4942,11.127,True,NORMAL,MONITOR,True,{},"[""uav2"", ""uav1"", ""uav0""]",limited,False,{},NONE,HOLD,SAFE,0.0,IDLE,0.0,0.0,0.0,,orca3d,0.0,False,avoidance not required,,{},,,,,,,,,,,0,safe,3.488,13.995,1.008,0,0,0.0,0.0,[],37.68824005126953,37.068241119384766,16.489486694335938,37.388397216796875,43.083648681640625,16.499080657958984,36.785579681396484,41.31842803955078,15.11175537109375
86.2,DYNAMIC_HOLD,4,OUTBOUND,0.221,0.9722,154.4488,11.127,True,NORMAL,MONITOR,True,{},"[""uav2"", ""uav1"", ""uav0""]",limited,False,{},NONE,HOLD,SAFE,0.0,IDLE,0.0,0.0,0.0,,orca3d,0.0,False,avoidance not required,,{},,,,,,,,,,,0,safe,3.509,14.012,1.209,0,0,0.0,0.0,[],37.693912506103516,37.07899475097656,16.497264862060547,37.39303970336914,43.088863372802734,16.5012264251709,36.75122833251953,41.62021255493164,15.031158447265625
86.4,DYNAMIC_HOLD,4,OUTBOUND,0.221,0.9722,154.4488,11.127,True,NORMAL,MONITOR,True,{},"[""uav2"", ""uav1"", ""uav0""]",limited,False,{},NONE,HOLD,SAFE,0.0,IDLE,0.0,0.0,0.0,,orca3d,0.0,False,avoidance not required,,{},,,,,,,,,,,0,safe,3.374,14.025,1.501,0,0,0.0,0.0,[],37.69319152832031,37.0794792175293,16.497947692871094,37.39192581176758,43.0865364074707,16.509550094604492,36.717411041259766,41.87185287475586,14.91094970703125
86.6,DYNAMIC_HOLD,4,OUTBOUND,0.221,0.9719,154.3778,11.127,True,NORMAL,MONITOR,True,{},"[""uav2"", ""uav1"", ""uav0""]",limited,False,{},NONE,HOLD,SAFE,0.0,IDLE,0.0,0.0,0.0,,orca3d,0.0,False,avoidance not required,,{},,,,,,,,,,,0,safe,3.305,14.025,1.777,0,0,0.0,0.0,[],37.689273834228516,37.0760612487793,16.507522583007812,37.38662338256836,43.077396392822266,16.5129337310791,36.647518157958984,42.31904220581055,14.88386344909668
86.8,DYNAMIC_HOLD,4,OUTBOUND,0.221,0.9719,154.3778,11.127,True,NORMAL,MONITOR,True,{},"[""uav2"", ""uav1"", ""uav0""]",limited,False,{},NONE,HOLD,SAFE,0.0,IDLE,0.0,0.0,0.0,,orca3d,0.0,False,avoidance not required,,{},,,,,,,,,,,1,tracking error high,3.128,14.021,2.185,0,0,0.0,0.0,[],37.68144226074219,37.06604766845703,16.50774574279785,37.377685546875,43.06504821777344,16.520727157592773,36.55309295654297,42.84113311767578,14.839926719665527
87.0,DYNAMIC_HOLD,4,OUTBOUND,0.221,0.9719,154.3778,11.127,True,NORMAL,MONITOR,True,{},"[""uav2"", ""uav1"", ""uav0""]",limited,False,{},NONE,HOLD,SAFE,0.0,IDLE,0.0,0.0,0.0,,orca3d,0.0,False,avoidance not required,,{},,,,,,,,,,,1,tracking error high,3.000,14.009,2.684,1,1,0.523,0.0,"[""lidar_target_41""]",37.673736572265625,37.051483154296875,16.512948989868164,37.36732864379883,43.050559997558594,16.522621154785156,36.42864990234375,43.56285095214844,14.855307579040527
87.2,DYNAMIC_HOLD,4,OUTBOUND,0.221,0.9714,154.2758,11.127,True,NORMAL,MONITOR,True,{},"[""uav2"", ""uav1"", ""uav0""]",limited,False,{},NONE,HOLD,CRITICAL,0.0,HOLD,0.0,0.0,0.0,critical risk requires synchronized hold,orca3d,0.0,False,avoidance planner pending,,"{""PLANNER_PENDING"": 1}",,,,,,,,2.932,15.914,,1,tracking error high,2.936,13.995,3.369,1,0,0.455,0.2,"[""lidar_target_41""]",37.6640625,37.03517150878906,16.512306213378906,37.3546257019043,43.041748046875,16.529739379882812,36.27643966674805,44.45998764038086,14.887234687805176
87.4,DYNAMIC_HOLD,4,OUTBOUND,0.221,0.9714,154.2758,11.127,True,NORMAL,MONITOR,True,{},"[""uav2"", ""uav1"", ""uav0""]",limited,False,{},NONE,HOLD,CRITICAL,0.0,HOLD,0.0,0.0,0.0,critical risk requires synchronized hold,orca3d,0.0,False,"3D ORCA command failed dynamic, static or fleet constraints; hold required",2.103,"{""VEHICLE_SEPARATION"": 1}",,,,,,,,2.717,15.914,,1,tracking error high,3.106,13.977,4.239,1,0,0.396,0.396,"[""lidar_target_41""]",37.65540313720703,37.02181625366211,16.518383026123047,37.34331130981445,43.030155181884766,16.532304763793945,36.115116119384766,45.43742370605469,14.940104484558105
87.6,DYNAMIC_HOLD,4,OUTBOUND,0.221,0.9707,154.1469,11.127,True,NORMAL,MONITOR,True,{},"[""uav2"", ""uav1"", ""uav0""]",limited,False,{},NONE,HOLD,CRITICAL,0.0,HOLD,0.0,0.0,0.0,critical risk requires synchronized hold,orca3d,0.0,True,3D ORCA velocity solution generated for external safety gating,4.839,{},,,,,,,,2.692,15.914,,1,tracking error high,3.553,13.963,5.200,1,0,0.344,0.6,"[""lidar_target_41""]",37.64580535888672,37.007774353027344,16.516191482543945,37.3343505859375,43.018585205078125,16.540878295898438,36.115116119384766,45.43742370605469,14.940104484558105
87.8,DYNAMIC_HOLD,4,OUTBOUND,0.221,0.9707,154.1469,11.127,True,NORMAL,MONITOR,True,{},"[""uav2"", ""uav1"", ""uav0""]",limited,False,{},NONE,HOLD,CRITICAL,0.0,HOLD,0.0,0.0,0.0,critical risk requires synchronized hold,orca3d,0.0,True,3D ORCA velocity solution generated for external safety gating,2.086,{},,,,,,,,2.703,15.914,,1,tracking error high,3.570,13.947,5.200,1,0,0.299,0.8,"[""lidar_target_41""]",37.63837432861328,36.997039794921875,16.51834487915039,37.32622146606445,43.00616455078125,16.5406494140625,36.115116119384766,45.43742370605469,14.940104484558105
88.0,DYNAMIC_HOLD,4,OUTBOUND,0.221,0.9707,154.1469,11.127,True,NORMAL,MONITOR,True,{},"[""uav2"", ""uav1"", ""uav0""]",limited,False,{},NONE,HOLD,CRITICAL,0.0,HOLD,0.0,0.0,0.0,critical risk requires synchronized hold,orca3d,0.0,True,3D ORCA velocity solution generated for external safety gating,2.501,{},,,,,,,,2.712,15.907,,1,tracking error high,3.583,13.935,5.200,1,0,0.26,0.996,"[""lidar_target_41""]",37.63047409057617,36.986568450927734,16.514734268188477,37.31718063354492,42.994300842285156,16.54353904724121,36.115116119384766,45.43742370605469,14.940104484558105
88.2,DYNAMIC_HOLD,4,OUTBOUND,0.221,0.9701,154.0214,11.127,True,NORMAL,MONITOR,True,{},"[""uav2"", ""uav1"", ""uav0""]",limited,False,{},NONE,HOLD,CRITICAL,0.0,HOLD,0.0,0.0,0.0,critical risk requires synchronized hold,orca3d,0.0,True,3D ORCA velocity solution generated for external safety gating,2.584,{},,,,,,,,2.721,15.9,,1,tracking error high,3.597,13.921,5.200,1,0,0.226,1.196,"[""lidar_target_41""]",37.619022369384766,36.97870635986328,16.520984649658203,37.310123443603516,42.98386001586914,16.540700912475586,36.115116119384766,45.43742370605469,14.940104484558105
88.4,DYNAMIC_HOLD,4,OUTBOUND,0.221,0.9701,154.0214,11.127,True,NORMAL,MONITOR,True,{},"[""uav2"", ""uav1"", ""uav0""]",limited,False,{},NONE,HOLD,CRITICAL,0.0,HOLD,0.0,0.0,0.0,critical risk requires synchronized hold,orca3d,0.0,True,3D ORCA velocity solution generated for external safety gating,2.556,{},,,,,,,,2.727,15.895,,1,tracking error high,3.607,13.909,5.200,1,0,0.197,1.396,"[""lidar_target_41""]",37.60956573486328,36.971580505371094,16.52043342590332,37.30362319946289,42.977596282958984,16.544620513916016,36.115116119384766,45.43742370605469,14.940104484558105
88.6,DYNAMIC_HOLD,4,OUTBOUND,0.221,0.9695,153.8959,11.127,True,NORMAL,MONITOR,True,{},"[""uav2"", ""uav1"", ""uav0""]",limited,False,{},NONE,HOLD,CRITICAL,0.0,HOLD,0.0,0.0,0.0,critical risk requires synchronized hold,orca3d,0.0,True,3D ORCA velocity solution generated for external safety gating,4.172,{},,,,,,,,2.735,15.891,,1,tracking error high,3.617,13.897,5.200,0,0,0.0,0.0,[],37.603694915771484,36.96725845336914,16.525617599487305,37.295902252197266,42.97422409057617,16.549930572509766,36.115116119384766,45.43742370605469,14.940104484558105
88.8,DYNAMIC_HOLD,4,OUTBOUND,0.221,0.9695,153.8959,11.127,True,NORMAL,MONITOR,True,{},"[""uav2"", ""uav1"", ""uav0""]",limited,False,{},NONE,HOLD,SAFE,0.0,IDLE,0.0,0.0,0.0,,orca3d,0.0,False,avoidance not required,,{},,,,,,,,,,,1,tracking error high,3.626,13.891,5.200,0,0,0.0,0.0,[],37.599308013916016,36.963497161865234,16.52296257019043,37.29129409790039,42.971065521240234,16.549503326416016,36.115116119384766,45.43742370605469,14.940104484558105
89.0,DYNAMIC_HOLD,4,OUTBOUND,0.221,0.9695,153.8959,11.127,True,NORMAL,MONITOR,True,{},"[""uav2"", ""uav1"", ""uav0""]",limited,False,{},NONE,HOLD,SAFE,0.0,IDLE,0.0,0.0,0.0,,orca3d,0.0,False,avoidance not required,,{},,,,,,,,,,,3,fleet initializing,3.631,13.885,5.200,0,0,0.0,0.0,[],37.593814849853516,36.96038818359375,16.52798080444336,37.287906646728516,42.96894073486328,16.55386734008789,36.115116119384766,45.43742370605469,14.940104484558105
89.2,DYNAMIC_HOLD,4,OUTBOUND,0.221,0.9689,153.7704,11.127,True,NORMAL,MONITOR,True,{},"[""uav2"", ""uav1"", ""uav0""]",limited,False,{},NONE,HOLD,SAFE,0.0,IDLE,0.0,0.0,0.0,,orca3d,0.0,False,avoidance not required,,{},,,,,,,,,,,3,fleet initializing,3.638,13.874,5.200,0,0,0.0,0.0,[],37.589988708496094,36.957603454589844,16.525394439697266,37.286739349365234,42.96605682373047,16.550626754760742,36.115116119384766,45.43742370605469,14.940104484558105
89.4,DYNAMIC_HOLD,4,OUTBOUND,0.221,0.9689,153.7704,11.127,True,NORMAL,MONITOR,True,{},"[""uav2"", ""uav1"", ""uav0""]",limited,False,{},NONE,HOLD,SAFE,0.0,IDLE,0.0,0.0,0.0,,orca3d,0.0,False,avoidance not required,,{},,,,,,,,,,,3,fleet initializing,3.638,13.874,5.200,0,0,0.0,0.0,[],37.586177825927734,36.955902099609375,16.52864646911621,37.286712646484375,42.959102630615234,16.552810668945312,36.115116119384766,45.43742370605469,14.940104484558105
89.6,DYNAMIC_HOLD,4,OUTBOUND,0.221,0.9682,153.6449,11.127,True,NORMAL,MONITOR,True,{},"[""uav2"", ""uav1"", ""uav0""]",limited,False,{},NONE,HOLD,SAFE,0.0,IDLE,0.0,0.0,0.0,,orca3d,0.0,False,avoidance not required,,{},,,,,,,,,,,3,fleet initializing,3.643,13.871,5.200,0,0,0.0,0.0,[],37.58424377441406,36.95455551147461,16.523487091064453,37.287879943847656,42.95457077026367,16.55010414123535,36.115116119384766,45.43742370605469,14.940104484558105
89.8,DYNAMIC_HOLD,4,OUTBOUND,0.221,0.9682,153.6449,11.127,True,NORMAL,MONITOR,True,{},"[""uav2"", ""uav1"", ""uav0""]",limited,False,{},NONE,HOLD,SAFE,0.0,IDLE,0.0,0.0,0.0,,orca3d,0.0,False,avoidance not required,,{},,,,,,,,,,,3,fleet initializing,3.644,13.868,5.200,0,0,0.0,0.0,[],37.584022521972656,36.95292663574219,16.521875381469727,37.28799057006836,42.95228576660156,16.54861831665039,51.227359771728516,-67.74224090576172,15.421611785888672
90.0,DYNAMIC_HOLD,4,OUTBOUND,0.221,0.9682,153.6449,11.127,True,NORMAL,MONITOR,True,{},"[""uav2"", ""uav1"", ""uav0""]",limited,False,{},NONE,HOLD,SAFE,0.0,IDLE,0.0,0.0,0.0,,orca3d,0.0,False,avoidance not required,,{},,,,,,,,,,,3,fleet initializing,6.709,13.866,109.059,0,0,0.0,0.0,[],37.5844612121582,36.95198059082031,16.51641273498535,37.28923416137695,42.95107650756836,16.54840850830078,52.28563690185547,-73.197509765625,16.01351547241211
90.2,DYNAMIC_HOLD,4,OUTBOUND,0.221,0.9658,153.1672,11.127,True,NORMAL,MONITOR,True,{},"[""uav2"", ""uav1"", ""uav0""]",limited,False,{},NONE,HOLD,SAFE,0.0,IDLE,0.0,0.0,0.0,,orca3d,0.0,False,avoidance not required,,{},,,,,,,,,,,3,fleet initializing,6.710,13.865,114.607,0,0,0.0,0.0,[],37.588253021240234,36.951377868652344,16.521726608276367,37.291141510009766,42.950870513916016,16.543981552124023,52.64013671875,-75.92447662353516,15.914412498474121
90.4,DYNAMIC_HOLD,4,OUTBOUND,0.221,0.9658,153.1672,11.127,True,NORMAL,MONITOR,True,{},"[""uav2"", ""uav1"", ""uav0""]",limited,False,{},NONE,HOLD,SAFE,0.0,IDLE,0.0,0.0,0.0,,orca3d,0.0,False,avoidance not required,,{},,,,,,,,,,,3,fleet initializing,6.709,13.868,117.357,0,0,0.0,0.0,[],37.59109115600586,36.95152282714844,16.520057678222656,37.29435348510742,42.95089340209961,16.5471134185791,52.94087219238281,-78.58589935302734,15.833647727966309
90.6,DYNAMIC_HOLD,4,OUTBOUND,0.221,0.9641,152.8243,11.127,True,NORMAL,MONITOR,True,{},"[""uav2"", ""uav1"", ""uav0""]",limited,False,{},NONE,HOLD,SAFE,0.0,IDLE,0.0,0.0,0.0,,orca3d,0.0,False,avoidance not required,,{},,,,,,,,,,,3,fleet initializing,6.709,13.870,120.034,0,0,0.0,0.0,[],37.59092330932617,36.95125961303711,16.521989822387695,37.29701614379883,42.951778411865234,16.544649124145508,53.20366287231445,-81.13966369628906,15.779182434082031
90.8,RUNNING,4,OUTBOUND,0.222,0.9641,152.8243,11.127,True,NORMAL,MONITOR,True,{},"[""uav2"", ""uav1"", ""uav0""]",limited,False,{},NONE,NORMAL,SAFE,1.0,IDLE,0.0,0.0,0.0,,orca3d,0.0,False,avoidance not required,,{},,,,,,,,,,,3,fleet initializing,6.711,13.870,122.600,0,0,0.0,0.0,[],37.590789794921875,36.95195388793945,16.51807403564453,37.298828125,42.95268249511719,16.543363571166992,53.43362808227539,-83.41735076904297,15.639570236206055
91.0,RUNNING,4,OUTBOUND,0.222,0.9641,152.8243,11.127,True,NORMAL,MONITOR,True,{},"[""uav2"", ""uav1"", ""uav0""]",limited,False,{},NONE,NORMAL,SAFE,1.0,IDLE,0.0,0.0,0.0,,orca3d,0.0,False,avoidance not required,,{},,,,,,,,,,,3,fleet initializing,6.713,13.870,122.259,0,0,0.0,0.0,[],37.608497619628906,36.96700668334961,16.510692596435547,37.323123931884766,42.9756965637207,16.52676773071289,53.64089584350586,-85.50557708740234,15.605987548828125
91.2,RUNNING,4,OUTBOUND,0.223,0.9629,152.5792,11.127,True,NORMAL,MONITOR,False,{},"[""uav2"", ""uav1"", ""uav0""]",limited,False,{},NONE,NORMAL,SAFE,1.0,IDLE,0.0,0.0,0.0,,orca3d,0.0,False,avoidance not required,,{},,,,,,,,,,,3,fleet initializing,6.723,13.892,124.538,0,0,0.0,0.0,[],37.673614501953125,37.02463150024414,16.496633529663086,37.395240783691406,43.03886795043945,16.505809783935547,53.8161506652832,-87.2792739868164,15.608217239379883
91.4,RUNNING,4,OUTBOUND,0.224,0.9629,152.5792,11.127,True,NORMAL,MONITOR,False,{},"[""uav2"", ""uav1"", ""uav0""]",limited,False,{},NONE,NORMAL,SAFE,1.0,IDLE,0.0,0.0,0.0,,orca3d,0.0,False,avoidance not required,,{},,,,,,,,,,,3,fleet initializing,6.731,13.975,126.502,0,0,0.0,0.0,[],37.79190444946289,37.130130767822266,16.475116729736328,37.51704406738281,43.14815902709961,16.482770919799805,53.95692825317383,-88.85579681396484,15.865674018859863
91.6,RUNNING,4,OUTBOUND,0.225,0.9624,152.4779,11.127,True,NORMAL,MONITOR,False,{},"[""uav2"", ""uav1"", ""uav0""]",limited,False,{},NONE,NORMAL,SAFE,1.0,IDLE,0.0,0.0,0.0,,orca3d,0.0,False,avoidance not required,,{},,,,,,,,,,,3,fleet initializing,6.736,14.127,128.266,0,0,0.0,0.0,[],37.94009017944336,37.26683044433594,16.465715408325195,37.668521881103516,43.292694091796875,16.463186264038086,54.03975296020508,-89.94286346435547,16.17720603942871
91.8,RUNNING,4,OUTBOUND,0.225,0.9624,152.4779,11.127,True,NORMAL,MONITOR,False,{},"[""uav2"", ""uav1"", ""uav0""]",limited,False,{},NONE,NORMAL,SAFE,1.0,IDLE,0.0,0.0,0.0,,orca3d,0.0,False,avoidance not required,,{},,,,,,,,,,,3,fleet initializing,6.744,14.324,129.537,0,0,0.0,0.0,[],38.12677001953125,37.438175201416016,16.45015525817871,37.857234954833984,43.46999740600586,16.442949295043945,54.094451904296875,-90.94590759277344,16.670217514038086
92.0,RUNNING,4,OUTBOUND,0.226,0.9624,152.4779,11.127,True,NORMAL,MONITOR,False,{},"[""uav2"", ""uav1"", ""uav0""]",limited,False,{},NONE,NORMAL,SAFE,1.0,IDLE,0.0,0.0,0.0,,orca3d,0.0,False,avoidance not required,,{},,,,,,,,,,,1,tracking error high,6.750,14.571,130.725,0,0,0.0,0.0,[],38.334190368652344,37.63443374633789,16.435224533081055,38.06329345703125,43.67515563964844,16.428070068359375,54.08763122558594,-91.3772201538086,16.912220001220703
92.2,RUNNING,4,OUTBOUND,0.227,0.9621,152.4284,11.127,True,NORMAL,MONITOR,False,{},"[""uav2"", ""uav1"", ""uav0""]",limited,False,{},NONE,NORMAL,SAFE,1.0,IDLE,0.0,0.0,0.0,,orca3d,0.0,False,avoidance not required,,{},,,,,,,,,,,1,tracking error high,6.758,14.849,131.338,0,0,0.0,0.0,[],38.56817626953125,37.85258102416992,16.415353775024414,38.29646682739258,43.89861297607422,16.41204071044922,54.02505874633789,-91.84668731689453,17.057945251464844
92.4,RUNNING,4,OUTBOUND,0.228,0.9621,152.4284,11.127,True,NORMAL,MONITOR,False,{},"[""uav2"", ""uav1"", ""uav0""]",limited,False,{},NONE,NORMAL,SAFE,1.0,IDLE,0.0,0.0,0.0,,orca3d,0.0,False,avoidance not required,,{},,,,,,,,,,,1,tracking error high,6.762,15.162,131.984,0,0,0.0,0.0,[],38.81087112426758,38.086143493652344,16.397939682006836,38.544795989990234,44.13671875,16.39889144897461,53.77608871459961,-92.75582885742188,17.200977325439453
92.6,RUNNING,4,OUTBOUND,0.228,0.9617,152.3465,11.127,True,NORMAL,MONITOR,False,{},"[""uav2"", ""uav1"", ""uav0""]",limited,False,{},NONE,NORMAL,SAFE,1.0,IDLE,0.0,0.0,0.0,,orca3d,0.0,False,avoidance not required,,{},,,,,,,,,,,1,tracking error high,6.769,15.491,133.048,0,0,0.0,0.0,[],39.06988525390625,38.329681396484375,16.379606246948242,38.80636978149414,44.381649017333984,16.384647369384766,53.66181945800781,-92.73177337646484,17.298784255981445
92.8,RUNNING,4,OUTBOUND,0.229,0.9617,152.3465,11.127,True,NORMAL,MONITOR,False,{},"[""uav2"", ""uav1"", ""uav0""]",limited,False,{},NONE,NORMAL,SAFE,1.0,IDLE,0.0,0.0,0.0,,orca3d,0.0,False,avoidance not required,,{},,,,,,,,,,,1,tracking error high,6.771,15.840,133.200,0,0,0.0,0.0,[],39.32896423339844,38.584144592285156,16.36981773376465,39.07191848754883,44.63234329223633,16.37428855895996,53.503299713134766,-92.01518249511719,17.385866165161133
93.0,RUNNING,4,OUTBOUND,0.23,0.9617,152.3465,11.127,True,NORMAL,MONITOR,False,{},"[""uav2"", ""uav1"", ""uav0""]",limited,False,{},NONE,NORMAL,SAFE,1.0,IDLE,0.0,0.0,0.0,,orca3d,0.0,False,avoidance not required,,{},,,,,,,,,,,1,tracking error high,6.771,16.197,132.661,0,0,0.0,0.0,[],39.59735107421875,38.83835983276367,16.355802536010742,39.34286117553711,44.88295364379883,16.361982345581055,53.618553161621094,-92.40790557861328,18.522884368896484
93.2,RUNNING,4,OUTBOUND,0.231,0.961,152.2052,11.127,True,NORMAL,MONITOR,False,{},"[""uav2"", ""uav1"", ""uav0""]",limited,False,{},NONE,NORMAL,SAFE,1.0,IDLE,0.0,0.0,0.0,,orca3d,0.0,False,avoidance not required,,{},,,,,,,,,,,1,tracking error high,6.766,16.923,132.587,0,0,0.0,0.0,[],39.86372375488281,39.093666076660156,16.339818954467773,39.610958099365234,45.1346435546875,16.348716735839844,53.41770935058594,-91.55335998535156,18.67544937133789
93.4,RUNNING,4,OUTBOUND,0.231,0.961,152.2052,11.127,True,NORMAL,MONITOR,False,{},"[""uav2"", ""uav1"", ""uav0""]",limited,False,{},NONE,NORMAL,SAFE,1.0,IDLE,0.0,0.0,0.0,,orca3d,0.0,False,avoidance not required,,{},,,,,,,,,,,1,tracking error high,6.766,16.923,132.587,0,0,0.0,0.0,[],40.128623962402344,39.34103012084961,16.327434539794922,39.8796501159668,45.38072967529297,16.335220336914062,53.212257385253906,-90.29164123535156,18.76472282409668
93.6,RUNNING,4,OUTBOUND,0.232,0.9599,151.9813,11.127,True,NORMAL,MONITOR,False,{},"[""uav2"", ""uav1"", ""uav0""]",limited,False,{},NONE,NORMAL,SAFE,1.0,IDLE,0.0,0.0,0.0,,orca3d,0.0,False,avoidance not required,,{},,,,,,,,,,,1,tracking error high,6.767,17.280,131.503,0,0,0.0,0.0,[],40.39531707763672,39.58389663696289,16.3115291595459,40.1416130065918,45.615150451660156,16.324953079223633,53.01180648803711,-88.75923156738281,18.859966278076172
93.8,RUNNING,4,OUTBOUND,0.233,0.9599,151.9813,11.127,True,NORMAL,MONITOR,False,{},"[""uav2"", ""uav1"", ""uav0""]",limited,False,{},NONE,NORMAL,SAFE,1.0,IDLE,0.0,0.0,0.0,,orca3d,0.0,False,avoidance not required,,{},,,,,,,,,,,1,tracking error high,6.757,17.636,130.151,0,0,0.0,0.0,[],40.6585807800293,39.816165924072266,16.2996883392334,40.403175354003906,45.84610366821289,16.310951232910156,52.93241500854492,-87.73958587646484,19.6878604888916
94.0,RUNNING,4,OUTBOUND,0.234,0.9599,151.9813,11.127,True,NORMAL,MONITOR,False,{},"[""uav2"", ""uav1"", ""uav0""]",limited,False,{},NONE,NORMAL,SAFE,1.0,IDLE,0.0,0.0,0.0,,orca3d,0.0,False,avoidance not required,,{},,,,,,,,,,,1,tracking error high,6.755,17.982,129.340,0,0,0.0,0.0,[],40.91983413696289,40.046207427978516,16.285200119018555,40.66069793701172,46.06447982788086,16.30077362060547,52.81069564819336,-86.39047241210938,20.235990524291992
94.2,RUNNING,4,OUTBOUND,0.234,0.9587,151.7484,11.127,True,NORMAL,MONITOR,False,{},"[""uav2"", ""uav1"", ""uav0""]",limited,False,{},NONE,NORMAL,SAFE,1.0,IDLE,0.0,0.0,0.0,,orca3d,0.0,False,avoidance not required,,{},,,,,,,,,,,1,tracking error high,6.743,18.250,128.194,0,0,0.0,0.0,[],41.17973709106445,40.267337799072266,16.272205352783203,40.91545104980469,46.283912658691406,16.286394119262695,52.7280387878418,-85.21272277832031,21.171600341796875
94.4,RUNNING,4,OUTBOUND,0.235,0.9587,151.7484,11.127,True,NORMAL,MONITOR,False,{},"[""uav2"", ""uav1"", ""uav0""]",limited,False,{},NONE,NORMAL,SAFE,1.0,IDLE,0.0,0.0,0.0,,orca3d,0.0,False,avoidance not required,,{},,,,,,,,,,,1,tracking error high,6.739,18.117,127.240,0,0,0.0,0.0,[],41.42500686645508,40.479496002197266,16.258647918701172,41.165489196777344,46.496238708496094,16.26964569091797,52.606109619140625,-83.82312774658203,21.700971603393555
94.6,RUNNING,4,OUTBOUND,0.236,0.9575,151.5001,11.127,True,NORMAL,MONITOR,False,{},"[""uav2"", ""uav1"", ""uav0""]",limited,False,{},NONE,NORMAL,SAFE,1.0,IDLE,0.0,0.0,0.0,,orca3d,0.0,False,avoidance not required,,{},,,,,,,,,,,1,tracking error high,6.741,17.998,126.062,0,0,0.0,0.0,[],41.68177032470703,40.70038604736328,16.243820190429688,41.41217041015625,46.71132278442383,16.25357437133789,52.4772834777832,-82.33486938476562,22.289121627807617
94.8,RUNNING,4,OUTBOUND,0.237,0.9575,151.5001,11.127,True,NORMAL,MONITOR,False,{},"[""uav2"", ""uav1"", ""uav0""]",limited,False,{},NONE,NORMAL,SAFE,1.0,IDLE,0.0,0.0,0.0,,orca3d,0.0,False,avoidance not required,,{},,,,,,,,,,,1,tracking error high,6.732,17.878,124.791,0,0,0.0,0.0,[],41.92549133300781,40.91499710083008,16.22953224182129,41.65134811401367,46.91777801513672,16.235820770263672,52.31964874267578,-80.63006591796875,22.598407745361328
95.0,RUNNING,4,OUTBOUND,0.237,0.9575,151.5001,11.127,True,NORMAL,MONITOR,False,{},"[""uav2"", ""uav1"", ""uav0""]",limited,False,{},NONE,NORMAL,SAFE,1.0,IDLE,0.0,0.0,0.0,,orca3d,0.0,False,avoidance not required,,{},,,,,,,,,,,1,tracking error high,6.722,17.772,123.291,0,0,0.0,0.0,[],42.16569900512695,41.11906814575195,16.215904235839844,41.888004302978516,47.11713790893555,16.224163055419922,52.15313720703125,-78.83125305175781,22.856914520263672
95.2,RUNNING,4,OUTBOUND,0.238,0.9561,151.2181,11.127,True,NORMAL,MONITOR,False,{},"[""uav2"", ""uav1"", ""uav0""]",limited,False,{},NONE,NORMAL,SAFE,1.0,IDLE,0.0,0.0,0.0,,orca3d,0.0,False,avoidance not required,,{},,,,,,,,,,,1,tracking error high,6.716,17.669,121.697,0,0,0.0,0.0,[],42.3939323425293,41.31986999511719,16.20392417907715,42.12385940551758,47.32466506958008,16.212190628051758,51.97624206542969,-76.92030334472656,23.00129508972168
95.4,RUNNING,4,OUTBOUND,0.239,0.9561,151.2181,11.127,True,NORMAL,MONITOR,False,{},"[""uav2"", ""uav1"", ""uav0""]",limited,False,{},NONE,NORMAL,SAFE,1.0,IDLE,0.0,0.0,0.0,,orca3d,0.0,False,avoidance not required,,{},,,,,,,,,,,1,tracking error high,6.726,17.580,119.985,0,0,0.0,0.0,[],42.63277053833008,41.52216339111328,16.188007354736328,42.35721206665039,47.530967712402344,16.19927978515625,51.78997039794922,-74.91002655029297,22.996829986572266
95.6,RUNNING,4,OUTBOUND,0.24,0.9545,150.9054,11.127,True,NORMAL,MONITOR,False,{},"[""uav2"", ""uav1"", ""uav0""]",limited,False,{},NONE,NORMAL,SAFE,1.0,IDLE,0.0,0.0,0.0,,orca3d,0.0,False,avoidance not required,,{},,,,,,,,,,,1,tracking error high,6.727,17.487,118.165,0,0,0.0,0.0,[],42.86875534057617,41.73127746582031,16.17118263244629,42.59010314941406,47.743690490722656,16.18451499938965,51.591835021972656,-72.74832153320312,22.911712646484375
95.8,RUNNING,4,OUTBOUND,0.24,0.9545,150.9054,11.127,True,NORMAL,MONITOR,False,{},"[""uav2"", ""uav1"", ""uav0""]",limited,False,{},NONE,NORMAL,SAFE,1.0,IDLE,0.0,0.0,0.0,,orca3d,0.0,False,avoidance not required,,{},,,,,,,,,,,1,tracking error high,6.729,17.406,116.190,0,0,0.0,0.0,[],43.1107292175293,41.939788818359375,16.149871826171875,42.821964263916016,47.95161056518555,16.166440963745117,51.40715789794922,-70.69641876220703,22.766660690307617
96.0,RUNNING,4,OUTBOUND,0.241,0.9545,150.9054,11.127,True,NORMAL,MONITOR,False,{},"[""uav2"", ""uav1"", ""uav0""]",limited,False,{},NONE,NORMAL,SAFE,1.0,IDLE,0.0,0.0,0.0,,orca3d,0.0,False,avoidance not required,,{},,,,,,,,,,,1,tracking error high,6.724,17.324,114.323,0,0,0.0,0.0,[],43.3325309753418,42.14023971557617,16.13315200805664,43.053863525390625,48.165985107421875,16.150053024291992,51.20698547363281,-68.42632293701172,22.570253372192383
96.2,RUNNING,4,OUTBOUND,0.242,0.9528,150.5674,11.127,True,NORMAL,MONITOR,False,{},"[""uav2"", ""uav1"", ""uav0""]",limited,False,{},NONE,NORMAL,SAFE,1.0,IDLE,0.0,0.0,0.0,,orca3d,0.0,False,avoidance not required,,{},,,,,,,,,,,1,tracking error high,6.741,17.260,112.235,0,0,0.0,0.0,[],43.561527252197266,42.338165283203125,16.112640380859375,43.28617858886719,48.37624740600586,16.13081932067871,51.02387237548828,-66.29730987548828,22.367801666259766
96.4,RUNNING,4,OUTBOUND,0.243,0.9528,150.5674,11.127,True,NORMAL,MONITOR,False,{},"[""uav2"", ""uav1"", ""uav0""]",limited,False,{},NONE,NORMAL,SAFE,1.0,IDLE,0.0,0.0,0.0,,orca3d,0.0,False,avoidance not required,,{},,,,,,,,,,,1,tracking error high,6.753,17.194,110.289,0,0,0.0,0.0,[],43.789913177490234,42.546241760253906,16.097454071044922,43.51704406738281,48.591575622558594,16.111989974975586,50.835166931152344,-64.04842376708984,22.128459930419922
96.6,RUNNING,4,OUTBOUND,0.243,0.9511,150.2108,11.127,True,NORMAL,MONITOR,False,{},"[""uav2"", ""uav1"", ""uav0""]",limited,False,{},NONE,NORMAL,SAFE,1.0,IDLE,0.0,0.0,0.0,,orca3d,0.0,False,avoidance not required,,{},,,,,,,,,,,1,tracking error high,6.761,17.139,108.222,0,0,0.0,0.0,[],44.02185821533203,42.751739501953125,16.077688217163086,43.74373245239258,48.802459716796875,16.092296600341797,50.649864196777344,-61.77163314819336,21.885616302490234
96.8,RUNNING,4,OUTBOUND,0.244,0.9511,150.2108,11.127,True,NORMAL,MONITOR,False,{},"[""uav2"", ""uav1"", ""uav0""]",limited,False,{},NONE,NORMAL,SAFE,1.0,IDLE,0.0,0.0,0.0,,orca3d,0.0,False,avoidance not required,,{},,,,,,,,,,,1,tracking error high,6.763,17.085,106.128,0,0,0.0,0.0,[],44.261451721191406,42.96577072143555,16.057355880737305,43.971805572509766,49.01890563964844,16.075664520263672,50.4692268371582,-59.47238540649414,21.63014030456543
97.0,RUNNING,4,OUTBOUND,0.245,0.9511,150.2108,11.127,True,NORMAL,MONITOR,False,{},"[""uav2"", ""uav1"", ""uav0""]",limited,False,{},NONE,NORMAL,SAFE,1.0,IDLE,0.0,0.0,0.0,,orca3d,0.0,False,avoidance not required,,{},,,,,,,,,,,1,tracking error high,6.760,17.037,104.013,0,0,0.0,0.0,[],44.48176574707031,43.17221450805664,16.04459571838379,44.19832992553711,49.23221969604492,16.05721092224121,50.29283905029297,-57.15232849121094,21.38117027282715
97.2,RUNNING,4,OUTBOUND,0.246,0.9492,149.8394,11.127,True,NORMAL,MONITOR,False,{},"[""uav2"", ""uav1"", ""uav0""]",limited,False,{},NONE,NORMAL,SAFE,1.0,IDLE,0.0,0.0,0.0,,orca3d,0.0,False,avoidance not required,,{},,,,,,,,,,,1,tracking error high,6.769,17.004,101.879,0,0,0.0,0.0,[],44.71355056762695,43.38856506347656,16.027923583984375,44.426998138427734,49.449974060058594,16.042203903198242,50.12019348144531,-54.81371307373047,21.106033325195312
97.4,RUNNING,4,OUTBOUND,0.246,0.9492,149.8394,11.127,True,NORMAL,MONITOR,False,{},"[""uav2"", ""uav1"", ""uav0""]",limited,False,{},NONE,NORMAL,SAFE,1.0,IDLE,0.0,0.0,0.0,,orca3d,0.0,False,avoidance not required,,{},,,,,,,,,,,1,tracking error high,6.769,16.974,99.725,0,0,0.0,0.0,[],44.944149017333984,43.610294342041016,16.01378631591797,44.65657424926758,49.66493606567383,16.023035049438477,49.951072692871094,-52.45829772949219,20.849458694458008
97.6,RUNNING,4,OUTBOUND,0.247,0.9473,149.456,11.127,True,NORMAL,MONITOR,False,{},"[""uav2"", ""uav1"", ""uav0""]",limited,False,{},NONE,NORMAL,SAFE,1.0,IDLE,0.0,0.0,0.0,,orca3d,0.0,False,avoidance not required,,{},,,,,,,,,,,1,tracking error high,6.763,16.955,97.557,0,0,0.0,0.0,[],45.186683654785156,43.83645248413086,15.999202728271484,44.88816833496094,49.88357162475586,16.00714111328125,49.78821563720703,-50.08774948120117,20.58380699157715
97.8,RUNNING,4,OUTBOUND,0.248,0.9473,149.456,11.127,True,NORMAL,MONITOR,False,{},"[""uav2"", ""uav1"", ""uav0""]",limited,False,{},NONE,NORMAL,SAFE,1.0,IDLE,0.0,0.0,0.0,,orca3d,0.0,False,avoidance not required,,{},,,,,,,,,,,1,tracking error high,6.751,16.936,95.375,0,0,0.0,0.0,[],45.40900421142578,44.04875946044922,15.989444732666016,45.126487731933594,50.09981918334961,15.996295928955078,49.62974166870117,-47.70026397705078,20.33420181274414
98.0,RUNNING,4,OUTBOUND,0.249,0.9473,149.456,11.127,True,NORMAL,MONITOR,False,{},"[""uav2"", ""uav1"", ""uav0""]",limited,False,{},NONE,NORMAL,SAFE,1.0,IDLE,0.0,0.0,0.0,,orca3d,0.0,False,avoidance not required,,{},,,,,,,,,,,1,tracking error high,6.762,16.928,93.178,0,0,0.0,0.0,[],45.647098541259766,44.26962661743164,15.973312377929688,45.363033294677734,50.318931579589844,15.985812187194824,49.62974166870117,-47.70026397705078,20.33420181274414
98.2,RUNNING,4,OUTBOUND,0.249,0.9453,149.068,11.127,True,NORMAL,MONITOR,False,{},"[""uav2"", ""uav1"", ""uav0""]",limited,False,{},NONE,NORMAL,SAFE,1.0,IDLE,0.0,0.0,0.0,,orca3d,0.0,False,avoidance not required,,{},,,,,,,,,,,1,tracking error high,6.759,16.921,93.383,0,0,0.0,0.0,[],45.890995025634766,44.50078201293945,15.95942497253418,45.599002838134766,50.54142761230469,15.971725463867188,49.62974166870117,-47.70026397705078,20.33420181274414
98.4,RUNNING,4,OUTBOUND,0.25,0.9453,149.068,11.127,True,NORMAL,MONITOR,False,{},"[""uav2"", ""uav1"", ""uav0""]",limited,False,{},NONE,NORMAL,SAFE,1.0,IDLE,0.0,0.0,0.0,,orca3d,0.0,False,avoidance not required,,{},,,,,,,,,,,1,tracking error high,6.748,16.924,93.589,0,0,0.0,0.0,[],46.1181526184082,44.71630859375,15.942622184753418,45.832984924316406,50.76311111450195,15.95710563659668,49.62974166870117,-47.70026397705078,20.33420181274414
98.6,RUNNING,4,OUTBOUND,0.251,0.9434,148.6804,11.127,True,NORMAL,MONITOR,False,{},"[""uav2"", ""uav1"", ""uav0""]",limited,False,{},NONE,NORMAL,SAFE,1.0,IDLE,0.0,0.0,0.0,,orca3d,0.0,False,avoidance not required,,{},,,,,,,,,,,1,tracking error high,6.757,16.933,93.797,0,0,0.0,0.0,[],46.35078811645508,44.9394416809082,15.930076599121094,46.06458282470703,50.984806060791016,15.939245223999023,49.62974166870117,-47.70026397705078,20.33420181274414
98.8,RUNNING,4,OUTBOUND,0.252,0.9434,148.6804,11.127,True,NORMAL,MONITOR,False,{},"[""uav2"", ""uav1"", ""uav0""]",limited,False,{},NONE,NORMAL,SAFE,1.0,IDLE,0.0,0.0,0.0,,orca3d,0.0,False,avoidance not required,,{},,,,,,,,,,,1,tracking error high,6.755,16.950,94.006,0,0,0.0,0.0,[],46.58837127685547,45.1695442199707,15.914478302001953,46.29576873779297,51.20488739013672,15.923297882080078,49.62974166870117,-47.70026397705078,20.33420181274414
99.0,RUNNING,4,OUTBOUND,0.252,0.9434,148.6804,11.127,True,NORMAL,MONITOR,False,{},"[""uav2"", ""uav1"", ""uav0""]",limited,False,{},NONE,NORMAL,SAFE,1.0,IDLE,0.0,0.0,0.0,,orca3d,0.0,False,avoidance not required,,{},,,,,,,,,,,1,tracking error high,6.743,16.976,94.214,0,0,0.0,0.0,[],46.81571960449219,45.38916778564453,15.902116775512695,46.53067398071289,51.42852783203125,15.901887893676758,49.62974166870117,-47.70026397705078,20.33420181274414
99.2,RUNNING,4,OUTBOUND,0.253,0.9415,148.2927,11.127,True,NORMAL,MONITOR,False,{},"[""uav2"", ""uav1"", ""uav0""]",limited,False,{},NONE,NORMAL,SAFE,1.0,IDLE,0.0,0.0,0.0,,orca3d,0.0,False,avoidance not required,,{},,,,,,,,,,,1,tracking error high,6.750,17.006,94.424,0,0,0.0,0.0,[],47.03791809082031,45.60032653808594,15.88401985168457,46.767147064208984,51.65266418457031,15.879244804382324,49.62974166870117,-47.70026397705078,20.33420181274414
99.4,RUNNING,4,OUTBOUND,0.254,0.9415,148.2927,11.127,True,NORMAL,MONITOR,False,{},"[""uav2"", ""uav1"", ""uav0""]",limited,False,{},NONE,NORMAL,SAFE,1.0,IDLE,0.0,0.0,0.0,,orca3d,0.0,False,avoidance not required,,{},,,,,,,,,,,1,tracking error high,6.768,17.038,94.634,0,0,0.0,0.0,[],47.267669677734375,45.818321228027344,15.868718147277832,47.00092315673828,51.872650146484375,15.860980033874512,49.62974166870117,-47.70026397705078,20.33420181274414
99.6,RUNNING,4,OUTBOUND,0.255,0.9395,147.9051,11.127,True,NORMAL,MONITOR,False,{},"[""uav2"", ""uav1"", ""uav0""]",limited,False,{},NONE,NORMAL,SAFE,1.0,IDLE,0.0,0.0,0.0,,orca3d,0.0,False,avoidance not required,,{},,,,,,,,,,,1,tracking error high,6.772,17.076,94.845,0,0,0.0,0.0,[],47.49720764160156,46.04676818847656,15.85461711883545,47.23367691040039,52.094505310058594,15.840476036071777,49.62974166870117,-47.70026397705078,20.33420181274414
99.8,RUNNING,4,OUTBOUND,0.255,0.9395,147.9051,11.127,True,NORMAL,MONITOR,False,{},"[""uav2"", ""uav1"", ""uav0""]",limited,False,{},NONE,NORMAL,SAFE,1.0,IDLE,0.0,0.0,0.0,,orca3d,0.0,False,avoidance not required,,{},,,,,,,,,,,1,tracking error high,6.767,17.129,95.056,0,0,0.0,0.0,[],47.72590255737305,46.269100189208984,15.841131210327148,47.46547317504883,52.3117561340332,15.82313346862793,49.62974166870117,-47.70026397705078,20.33420181274414
100.0,RUNNING,4,OUTBOUND,0.256,0.9395,147.9051,11.127,True,NORMAL,MONITOR,False,{},"[""uav2"", ""uav1"", ""uav0""]",limited,False,{},NONE,NORMAL,SAFE,1.0,IDLE,0.0,0.0,0.0,,orca3d,0.0,False,avoidance not required,,{},,,,,,,,,,,3,fleet initializing,6.764,17.183,95.268,0,0,0.0,0.0,[],47.96828842163086,46.50518035888672,15.820345878601074,47.70278549194336,52.52953338623047,15.806575775146484,55.463035583496094,-80.76322937011719,18.109445571899414
100.2,RUNNING,4,OUTBOUND,0.257,0.9391,147.8208,11.127,True,NORMAL,MONITOR,False,{},"[""uav2"", ""uav1"", ""uav0""]",limited,False,{},NONE,NORMAL,SAFE,1.0,IDLE,0.0,0.0,0.0,,orca3d,0.0,False,avoidance not required,,{},,,,,,,,,,,3,fleet initializing,6.745,17.248,128.631,0,0,0.0,0.0,[],48.19017791748047,46.715877532958984,15.803011894226074,47.93693161010742,52.743873596191406,15.790497779846191,55.65174865722656,-81.4937744140625,17.942781448364258
100.4,RUNNING,4,OUTBOUND,0.258,0.9391,147.8208,11.127,True,NORMAL,MONITOR,False,{},"[""uav2"", ""uav1"", ""uav0""]",limited,False,{},NONE,NORMAL,SAFE,1.0,IDLE,0.0,0.0,0.0,,orca3d,0.0,False,avoidance not required,,{},,,,,,,,,,,3,fleet initializing,6.754,17.307,129.569,0,0,0.0,0.0,[],48.42609786987305,46.94334411621094,15.783544540405273,48.173011779785156,52.96318435668945,15.773244857788086,55.80152130126953,-82.03507232666016,17.790435791015625
100.6,RUNNING,4,OUTBOUND,0.258,0.9389,147.7864,11.127,True,NORMAL,MONITOR,False,{},"[""uav2"", ""uav1"", ""uav0""]",limited,False,{},NONE,NORMAL,SAFE,1.0,IDLE,0.0,0.0,0.0,,orca3d,0.0,False,avoidance not required,,{},,,,,,,,,,,3,fleet initializing,6.747,17.380,130.318,0,0,0.0,0.0,[],48.65911865234375,47.16236114501953,15.76413631439209,48.405670166015625,53.177669525146484,15.755608558654785,55.91090774536133,-82.52363586425781,17.64504051208496
100.8,RUNNING,4,OUTBOUND,0.259,0.9389,147.7864,11.127,True,NORMAL,MONITOR,False,{},"[""uav2"", ""uav1"", ""uav0""]",limited,False,{},NONE,NORMAL,SAFE,1.0,IDLE,0.0,0.0,0.0,,orca3d,0.0,False,avoidance not required,,{},,,,,,,,,,,3,fleet initializing,6.743,17.452,131.011,0,0,0.0,0.0,[],48.891090393066406,47.38731384277344,15.73550796508789,48.641326904296875,53.394134521484375,15.732443809509277,56.0036735534668,-82.92388916015625,17.502609252929688
101.0,RUNNING,4,OUTBOUND,0.26,0.9389,147.7864,11.127,True,NORMAL,MONITOR,False,{},"[""uav2"", ""uav1"", ""uav0""]",limited,False,{},NONE,NORMAL,SAFE,1.0,IDLE,0.0,0.0,0.0,,orca3d,0.0,False,avoidance not required,,{},,,,,,,,,,,3,fleet initializing,6.737,17.535,131.616,0,0,0.0,0.0,[],49.12083435058594,47.60279846191406,15.71409797668457,48.87353515625,53.60774230957031,15.712193489074707,56.080596923828125,-83.41373443603516,17.362878799438477
101.2,RUNNING,4,OUTBOUND,0.261,0.9387,147.7495,11.127,True,NORMAL,MONITOR,False,{},"[""uav2"", ""uav1"", ""uav0""]",limited,False,{},NONE,NORMAL,SAFE,1.0,IDLE,0.0,0.0,0.0,,orca3d,0.0,False,avoidance not required,,{},,,,,,,,,,,3,fleet initializing,6.736,17.617,132.311,0,0,0.0,0.0,[],49.364227294921875,47.838199615478516,15.694269180297852,49.105995178222656,53.829200744628906,15.691311836242676,56.15200424194336,-83.84877014160156,17.235822677612305
101.4,RUNNING,4,OUTBOUND,0.261,0.9387,147.7495,11.127,True,NORMAL,MONITOR,False,{},"[""uav2"", ""uav1"", ""uav0""]",limited,False,{},NONE,NORMAL,SAFE,1.0,IDLE,0.0,0.0,0.0,,orca3d,0.0,False,avoidance not required,,{},,,,,,,,,,,3,fleet initializing,6.719,17.715,132.951,0,0,0.0,0.0,[],49.590721130371094,48.053157806396484,15.66873550415039,49.33522033691406,54.0445671081543,15.67362117767334,56.19586181640625,-84.25843048095703,17.14876937866211
101.6,RUNNING,4,OUTBOUND,0.262,0.9385,147.7043,11.127,True,NORMAL,MONITOR,False,{},"[""uav2"", ""uav1"", ""uav0""]",limited,False,{},NONE,NORMAL,SAFE,1.0,IDLE,0.0,0.0,0.0,,orca3d,0.0,False,avoidance not required,,{},,,,,,,,,,,3,fleet initializing,6.721,17.808,133.565,0,0,0.0,0.0,[],49.82316207885742,48.26596450805664,15.648962020874023,49.564231872558594,54.2682991027832,15.656113624572754,56.221710205078125,-84.32020568847656,17.03078842163086
101.8,RUNNING,4,OUTBOUND,0.263,0.9385,147.7043,11.127,True,NORMAL,MONITOR,False,{},"[""uav2"", ""uav1"", ""uav0""]",limited,False,{},NONE,NORMAL,SAFE,1.0,IDLE,0.0,0.0,0.0,,orca3d,0.0,False,avoidance not required,,{},,,,,,,,,,,3,fleet initializing,6.729,17.902,133.831,0,0,0.0,0.0,[],50.05316162109375,48.48331069946289,15.628981590270996,49.79152297973633,54.4842643737793,15.637642860412598,56.2270393371582,-84.23817443847656,16.960166931152344
102.0,RUNNING,4,OUTBOUND,0.264,0.9385,147.7043,11.127,True,NORMAL,MONITOR,False,{},"[""uav2"", ""uav1"", ""uav0""]",limited,False,{},NONE,NORMAL,SAFE,1.0,IDLE,0.0,0.0,0.0,,orca3d,0.0,False,avoidance not required,,{},,,,,,,,,,,1,tracking error high,6.726,18.006,133.954,0,0,0.0,0.0,[],50.28115463256836,48.6918830871582,15.611879348754883,50.02052307128906,54.70752716064453,15.613297462463379,56.20833206176758,-83.80706787109375,16.87723159790039
102.2,RUNNING,4,OUTBOUND,0.264,0.9381,147.6266,11.127,True,NORMAL,MONITOR,False,{},"[""uav2"", ""uav1"", ""uav0""]",limited,False,{},NONE,NORMAL,SAFE,1.0,IDLE,0.0,0.0,0.0,,orca3d,0.0,False,avoidance not required,,{},,,,,,,,,,,1,tracking error high,6.740,18.108,133.726,0,0,0.0,0.0,[],50.508426666259766,48.907859802246094,15.591259956359863,50.248844146728516,54.922908782958984,15.590923309326172,56.19136047363281,-83.24427795410156,16.87723731994629
102.4,RUNNING,4,OUTBOUND,0.265,0.9381,147.6266,11.127,True,NORMAL,MONITOR,False,{},"[""uav2"", ""uav1"", ""uav0""]",limited,False,{},NONE,NORMAL,SAFE,1.0,IDLE,0.0,0.0,0.0,,orca3d,0.0,False,avoidance not required,,{},,,,,,,,,,,1,tracking error high,6.740,18.221,133.368,0,0,0.0,0.0,[],50.735103607177734,49.11563491821289,15.57336139678955,50.483489990234375,55.14447784423828,15.569422721862793,56.15888595581055,-82.38446044921875,16.830888748168945
102.6,RUNNING,4,OUTBOUND,0.266,0.9375,147.4942,11.127,True,NORMAL,MONITOR,False,{},"[""uav2"", ""uav1"", ""uav0""]",limited,False,{},NONE,NORMAL,SAFE,1.0,IDLE,0.0,0.0,0.0,,orca3d,0.0,False,avoidance not required,,{},,,,,,,,,,,1,tracking error high,6.756,18.331,132.714,0,0,0.0,0.0,[],50.964576721191406,49.333534240722656,15.55382251739502,50.71480178833008,55.357357025146484,15.548552513122559,56.135738372802734,-81.40896606445312,16.855215072631836
102.8,RUNNING,4,OUTBOUND,0.267,0.9375,147.4942,11.127,True,NORMAL,MONITOR,False,{},"[""uav2"", ""uav1"", ""uav0""]",limited,False,{},NONE,NORMAL,SAFE,1.0,IDLE,0.0,0.0,0.0,,orca3d,0.0,False,avoidance not required,,{},,,,,,,,,,,1,tracking error high,6.752,18.455,131.947,0,0,0.0,0.0,[],51.1971549987793,49.553184509277344,15.535613059997559,50.950382232666016,55.580326080322266,15.52401065826416,56.09953308105469,-80.17798614501953,16.81627655029297
103.0,RUNNING,4,OUTBOUND,0.267,0.9375,147.4942,11.127,True,NORMAL,MONITOR,False,{},"[""uav2"", ""uav1"", ""uav0""]",limited,False,{},NONE,NORMAL,SAFE,1.0,IDLE,0.0,0.0,0.0,,orca3d,0.0,False,avoidance not required,,{},,,,,,,,,,,1,tracking error high,6.756,18.584,130.923,0,0,0.0,0.0,[],51.427406311035156,49.76256561279297,15.516610145568848,51.186866760253906,55.803611755371094,15.499210357666016,56.07511901855469,-78.86437225341797,16.805015563964844
103.2,RUNNING,4,OUTBOUND,0.268,0.9365,147.3026,11.127,True,NORMAL,MONITOR,False,{},"[""uav2"", ""uav1"", ""uav0""]",limited,False,{},NONE,NORMAL,SAFE,1.0,IDLE,0.0,0.0,0.0,,orca3d,0.0,False,avoidance not required,,{},,,,,,,,,,,1,tracking error high,6.772,18.708,129.819,0,0,0.0,0.0,[],51.6622314453125,49.9737663269043,15.496400833129883,51.41837692260742,56.016048431396484,15.475237846374512,56.05422592163086,-77.4071044921875,16.77730941772461
103.4,RUNNING,4,OUTBOUND,0.269,0.9365,147.3026,11.127,True,NORMAL,MONITOR,False,{},"[""uav2"", ""uav1"", ""uav0""]",limited,False,{},NONE,NORMAL,SAFE,1.0,IDLE,0.0,0.0,0.0,,orca3d,0.0,False,avoidance not required,,{},,,,,,,,,,,1,tracking error high,6.782,18.966,127.147,0,0,0.0,0.0,[],51.89348220825195,50.17867660522461,15.475051879882812,51.651947021484375,56.231632232666016,15.450257301330566,56.02028274536133,-75.77503967285156,16.679767608642578
103.6,RUNNING,4,OUTBOUND,0.27,0.9353,147.0658,11.127,True,NORMAL,MONITOR,False,{},"[""uav2"", ""uav1"", ""uav0""]",limited,False,{},NONE,NORMAL,SAFE,1.0,IDLE,0.0,0.0,0.0,,orca3d,0.0,False,avoidance not required,,{},,,,,,,,,,,1,tracking error high,6.782,18.966,127.147,0,0,0.0,0.0,[],52.12681198120117,50.39391326904297,15.45090389251709,51.880672454833984,56.43986892700195,15.426017761230469,55.998756408691406,-74.09855651855469,16.57938575744629
103.8,RUNNING,4,OUTBOUND,0.27,0.9353,147.0658,11.127,True,NORMAL,MONITOR,False,{},"[""uav2"", ""uav1"", ""uav0""]",limited,False,{},NONE,NORMAL,SAFE,1.0,IDLE,0.0,0.0,0.0,,orca3d,0.0,False,avoidance not required,,{},,,,,,,,,,,1,tracking error high,6.773,19.108,125.680,0,0,0.0,0.0,[],52.36580276489258,50.6099853515625,15.423993110656738,52.11037063598633,56.65790939331055,15.396456718444824,55.96609115600586,-72.29750061035156,16.43678855895996
104.0,RUNNING,4,OUTBOUND,0.271,0.9353,147.0658,11.127,True,NORMAL,MONITOR,False,{},"[""uav2"", ""uav1"", ""uav0""]",limited,False,{},NONE,NORMAL,SAFE,1.0,IDLE,0.0,0.0,0.0,,orca3d,0.0,False,avoidance not required,,{},,,,,,,,,,,1,tracking error high,6.771,19.253,124.087,0,0,0.0,0.0,[],52.59244918823242,50.82176208496094,15.396525382995605,52.33751678466797,56.86825180053711,15.36855411529541,55.95846939086914,-70.50540161132812,16.30405616760254
104.2,RUNNING,4,OUTBOUND,0.272,0.934,146.8005,11.127,True,NORMAL,MONITOR,False,{},"[""uav2"", ""uav1"", ""uav0""]",limited,False,{},NONE,NORMAL,SAFE,1.0,IDLE,0.0,0.0,0.0,,orca3d,0.0,False,avoidance not required,,{},,,,,,,,,,,1,tracking error high,6.770,19.402,122.505,0,0,0.0,0.0,[],52.83089065551758,51.0466194152832,15.364079475402832,52.56949996948242,57.08861541748047,15.339784622192383,55.9390869140625,-68.61524963378906,16.139734268188477
104.4,RUNNING,4,OUTBOUND,0.273,0.934,146.8005,11.127,True,NORMAL,MONITOR,False,{},"[""uav2"", ""uav1"", ""uav0""]",limited,False,{},NONE,NORMAL,SAFE,1.0,IDLE,0.0,0.0,0.0,,orca3d,0.0,False,avoidance not required,,{},,,,,,,,,,,1,tracking error high,6.763,19.564,120.825,0,0,0.0,0.0,[],53.06309127807617,51.26020812988281,15.333683967590332,52.79823684692383,57.30031967163086,15.31015396118164,55.9390983581543,-66.75031280517578,15.980774879455566
104.6,RUNNING,4,OUTBOUND,0.273,0.9325,146.5098,11.127,True,NORMAL,MONITOR,False,{},"[""uav2"", ""uav1"", ""uav0""]",limited,False,{},NONE,NORMAL,SAFE,1.0,IDLE,0.0,0.0,0.0,,orca3d,0.0,False,avoidance not required,,{},,,,,,,,,,,1,tracking error high,6.760,19.721,119.172,0,0,0.0,0.0,[],53.31053924560547,51.490840911865234,15.302522659301758,53.032012939453125,57.51926803588867,15.276530265808105,55.92375946044922,-64.783935546875,15.824102401733398
104.8,RUNNING,4,OUTBOUND,0.274,0.9325,146.5098,11.127,True,NORMAL,MONITOR,False,{},"[""uav2"", ""uav1"", ""uav0""]",limited,False,{},NONE,NORMAL,SAFE,1.0,IDLE,0.0,0.0,0.0,,orca3d,0.0,False,avoidance not required,,{},,,,,,,,,,,1,tracking error high,6.743,19.895,117.417,0,0,0.0,0.0,[],53.54375076293945,51.70534133911133,15.276074409484863,53.261844635009766,57.730255126953125,15.248124122619629,55.9164924621582,-62.862388610839844,15.671378135681152
105.0,RUNNING,4,OUTBOUND,0.275,0.9325,146.5098,11.127,True,NORMAL,MONITOR,False,{},"[""uav2"", ""uav1"", ""uav0""]",limited,False,{},NONE,NORMAL,SAFE,1.0,IDLE,0.0,0.0,0.0,,orca3d,0.0,False,avoidance not required,,{},,,,,,,,,,,1,tracking error high,6.739,20.060,115.708,0,0,0.0,0.0,[],53.77826690673828,51.917659759521484,15.248602867126465,53.49898910522461,57.9560432434082,15.221540451049805,55.90149688720703,-60.81490707397461,15.551337242126465
105.2,RUNNING,4,OUTBOUND,0.276,0.931,146.1979,11.127,True,NORMAL,MONITOR,False,{},"[""uav2"", ""uav1"", ""uav0""]",limited,False,{},NONE,NORMAL,SAFE,1.0,IDLE,0.0,0.0,0.0,,orca3d,0.0,False,avoidance not required,,{},,,,,,,,,,,1,tracking error high,6.752,20.227,113.872,0,0,0.0,0.0,[],54.01069641113281,52.13765335083008,15.21877384185791,53.73444747924805,58.18381118774414,15.18989372253418,55.91432189941406,-58.88798141479492,15.46626091003418
105.4,RUNNING,4,OUTBOUND,0.276,0.931,146.1979,11.127,True,NORMAL,MONITOR,False,{},"[""uav2"", ""uav1"", ""uav0""]",limited,False,{},NONE,NORMAL,SAFE,1.0,IDLE,0.0,0.0,0.0,,orca3d,0.0,False,avoidance not required,,{},,,,,,,,,,,1,tracking error high,6.760,20.405,112.159,0,0,0.0,0.0,[],54.237037658691406,52.347434997558594,15.188361167907715,53.964447021484375,58.39936447143555,15.162532806396484,55.90862274169922,-56.847286224365234,15.38565731048584
105.6,RUNNING,4,OUTBOUND,0.277,0.9294,145.8828,11.127,True,NORMAL,MONITOR,False,{},"[""uav2"", ""uav1"", ""uav0""]",limited,False,{},NONE,NORMAL,SAFE,1.0,IDLE,0.0,0.0,0.0,,orca3d,0.0,False,avoidance not required,,{},,,,,,,,,,,1,tracking error high,6.767,20.577,110.332,0,0,0.0,0.0,[],54.4676513671875,52.56917953491211,15.154556274414062,54.19655227661133,58.61740493774414,15.131486892700195,55.920166015625,-54.91375732421875,15.3185453414917
105.8,RUNNING,4,OUTBOUND,0.278,0.9294,145.8828,11.127,True,NORMAL,MONITOR,False,{},"[""uav2"", ""uav1"", ""uav0""]",limited,False,{},NONE,NORMAL,SAFE,1.0,IDLE,0.0,0.0,0.0,,orca3d,0.0,False,avoidance not required,,{},,,,,,,,,,,1,tracking error high,6.764,20.763,108.612,0,0,0.0,0.0,[],54.70228958129883,52.78847122192383,15.121501922607422,54.42509841918945,58.82613754272461,15.10315990447998,55.913604736328125,-52.854576110839844,15.252943992614746
106.0,RUNNING,4,OUTBOUND,0.279,0.9294,145.8828,11.127,True,NORMAL,MONITOR,False,{},"[""uav2"", ""uav1"", ""uav0""]",limited,False,{},NONE,NORMAL,SAFE,1.0,IDLE,0.0,0.0,0.0,,orca3d,0.0,False,avoidance not required,,{},,,,,,,,,,,1,tracking error high,6.752,20.950,106.767,0,0,0.0,0.0,[],54.92586898803711,52.996131896972656,15.088202476501465,54.66092300415039,59.04038619995117,15.06933307647705,55.93141174316406,-50.91947937011719,15.194920539855957
106.2,RUNNING,4,OUTBOUND,0.279,0.9278,145.5627,11.127,True,NORMAL,MONITOR,False,{},"[""uav2"", ""uav1"", ""uav0""]",limited,False,{},NONE,NORMAL,SAFE,1.0,IDLE,0.0,0.0,0.0,,orca3d,0.0,False,avoidance not required,,{},,,,,,,,,,,1,tracking error high,6.763,21.130,105.047,0,0,0.0,0.0,[],55.16238784790039,53.21183395385742,15.057226181030273,54.89592742919922,59.25920104980469,15.03342342376709,55.933998107910156,-48.8634147644043,15.139558792114258
106.4,RUNNING,4,OUTBOUND,0.28,0.9278,145.5627,11.127,True,NORMAL,MONITOR,False,{},"[""uav2"", ""uav1"", ""uav0""]",limited,False,{},NONE,NORMAL,SAFE,1.0,IDLE,0.0,0.0,0.0,,orca3d,0.0,False,avoidance not required,,{},,,,,,,,,,,1,tracking error high,6.766,21.319,103.207,0,0,0.0,0.0,[],55.38740158081055,53.42136001586914,15.026944160461426,55.12512969970703,59.46989059448242,15.005851745605469,55.953880310058594,-46.89616012573242,15.07528018951416
106.6,RUNNING,4,OUTBOUND,0.281,0.9262,145.2357,11.127,True,NORMAL,MONITOR,False,{},"[""uav2"", ""uav1"", ""uav0""]",limited,False,{},NONE,NORMAL,SAFE,1.0,IDLE,0.0,0.0,0.0,,orca3d,0.0,False,avoidance not required,,{},,,,,,,,,,,1,tracking error high,6.769,21.507,101.455,0,0,0.0,0.0,[],55.62498092651367,53.639015197753906,14.999512672424316,55.356021881103516,59.69001388549805,14.978852272033691,55.962162017822266,-44.73611068725586,15.01909065246582
106.8,RUNNING,4,OUTBOUND,0.282,0.9262,145.2357,11.127,True,NORMAL,MONITOR,False,{},"[""uav2"", ""uav1"", ""uav0""]",limited,False,{},NONE,NORMAL,SAFE,1.0,IDLE,0.0,0.0,0.0,,orca3d,0.0,False,avoidance not required,,{},,,,,,,,,,,1,tracking error high,6.768,21.704,99.513,0,0,0.0,0.0,[],55.846885681152344,53.85451126098633,14.973922729492188,55.58258819580078,59.900665283203125,14.95567798614502,55.99141311645508,-42.81798553466797,14.958649635314941
107.0,RUNNING,4,OUTBOUND,0.282,0.9262,145.2357,11.127,True,NORMAL,MONITOR,False,{},"[""uav2"", ""uav1"", ""uav0""]",limited,False,{},NONE,NORMAL,SAFE,1.0,IDLE,0.0,0.0,0.0,,orca3d,0.0,False,avoidance not required,,{},,,,,,,,,,,1,tracking error high,6.765,21.903,97.813,0,0,0.0,0.0,[],56.07286071777344,54.06772232055664,14.946493148803711,55.8152961730957,60.12236022949219,14.930563926696777,56.00870132446289,-40.71144104003906,14.910577774047852
107.2,RUNNING,4,OUTBOUND,0.283,0.9245,144.9049,11.127,True,NORMAL,MONITOR,False,{},"[""uav2"", ""uav1"", ""uav0""]",limited,False,{},NONE,NORMAL,SAFE,1.0,IDLE,0.0,0.0,0.0,,orca3d,0.0,False,avoidance not required,,{},,,,,,,,,,,1,tracking error high,6.776,22.102,95.926,0,0,0.0,0.0,[],56.30523681640625,54.28700637817383,14.911842346191406,56.04288101196289,60.332881927490234,14.90307903289795,56.041595458984375,-38.68144989013672,14.852120399475098
107.4,RUNNING,4,OUTBOUND,0.284,0.9245,144.9049,11.127,True,NORMAL,MONITOR,False,{},"[""uav2"", ""uav1"", ""uav0""]",limited,False,{},NONE,NORMAL,SAFE,1.0,IDLE,0.0,0.0,0.0,,orca3d,0.0,False,avoidance not required,,{},,,,,,,,,,,1,tracking error high,6.766,22.309,94.115,0,0,0.0,0.0,[],56.53228759765625,54.49681854248047,14.879003524780273,56.278106689453125,60.54862594604492,14.869006156921387,56.08262252807617,-36.66017532348633,14.778398513793945
107.6,RUNNING,4,OUTBOUND,0.285,0.9228,144.5692,11.127,True,NORMAL,MONITOR,False,{},"[""uav2"", ""uav1"", ""uav0""]",limited,False,{},NONE,NORMAL,SAFE,1.0,IDLE,0.0,0.0,0.0,,orca3d,0.0,False,avoidance not required,,{},,,,,,,,,,,1,tracking error high,6.775,22.510,92.314,0,0,0.0,0.0,[],56.76509094238281,54.71818923950195,14.842938423156738,56.5079231262207,60.75662612915039,14.836155891418457,56.11082077026367,-34.526771545410156,14.73005199432373
107.8,RUNNING,4,OUTBOUND,0.285,0.9228,144.5692,11.127,True,NORMAL,MONITOR,False,{},"[""uav2"", ""uav1"", ""uav0""]",limited,False,{},NONE,NORMAL,SAFE,1.0,IDLE,0.0,0.0,0.0,,orca3d,0.0,False,avoidance not required,,{},,,,,,,,,,,1,tracking error high,6.762,22.724,90.401,0,0,0.0,0.0,[],56.99295425415039,54.93009948730469,14.808090209960938,56.74953079223633,60.97665786743164,14.798645973205566,56.14735794067383,-32.41036605834961,14.660449028015137
108.0,RUNNING,4,OUTBOUND,0.286,0.9228,144.5692,11.127,True,NORMAL,MONITOR,False,{},"[""uav2"", ""uav1"", ""uav0""]",limited,False,{},NONE,NORMAL,SAFE,1.0,IDLE,0.0,0.0,0.0,,orca3d,0.0,False,avoidance not required,,{},,,,,,,,,,,1,tracking error high,6.775,22.932,88.505,0,0,0.0,0.0,[],57.229759216308594,55.15256118774414,14.7670259475708,56.98854064941406,61.203060150146484,14.760239601135254,56.17592239379883,-30.206148147583008,14.620576858520508
108.2,RUNNING,4,OUTBOUND,0.287,0.9211,144.2258,11.127,True,NORMAL,MONITOR,False,{},"[""uav2"", ""uav1"", ""uav0""]",limited,False,{},NONE,NORMAL,SAFE,1.0,IDLE,0.0,0.0,0.0,,orca3d,0.0,False,avoidance not required,,{},,,,,,,,,,,1,tracking error high,6.780,23.153,86.523,0,0,0.0,0.0,[],57.469520568847656,55.3735237121582,14.729964256286621,57.219810485839844,61.41818618774414,14.72528076171875,56.21787643432617,-28.059097290039062,14.560336112976074
108.4,RUNNING,4,OUTBOUND,0.288,0.9211,144.2258,11.127,True,NORMAL,MONITOR,False,{},"[""uav2"", ""uav1"", ""uav0""]",limited,False,{},NONE,NORMAL,SAFE,1.0,IDLE,0.0,0.0,0.0,,orca3d,0.0,False,avoidance not required,,{},,,,,,,,,,,1,tracking error high,6.771,23.374,84.598,0,0,0.0,0.0,[],57.69923782348633,55.58989715576172,14.693585395812988,57.455867767333984,61.63856887817383,14.691839218139648,56.25436782836914,-25.83322525024414,14.528352737426758
108.6,RUNNING,4,OUTBOUND,0.288,0.9194,143.8772,11.127,True,NORMAL,MONITOR,False,{},"[""uav2"", ""uav1"", ""uav0""]",limited,False,{},NONE,NORMAL,SAFE,1.0,IDLE,0.0,0.0,0.0,,orca3d,0.0,False,avoidance not required,,{},,,,,,,,,,,1,tracking error high,6.777,23.590,82.595,0,0,0.0,0.0,[],57.93049240112305,55.803897857666016,14.65854263305664,57.68370056152344,61.849754333496094,14.659710884094238,56.300045013427734,-23.662614822387695,14.469015121459961
108.8,RUNNING,4,OUTBOUND,0.289,0.9194,143.8772,11.127,True,NORMAL,MONITOR,False,{},"[""uav2"", ""uav1"", ""uav0""]",limited,False,{},NONE,NORMAL,SAFE,1.0,IDLE,0.0,0.0,0.0,,orca3d,0.0,False,avoidance not required,,{},,,,,,,,,,,1,tracking error high,6.773,23.804,80.648,0,0,0.0,0.0,[],58.16489028930664,56.03352737426758,14.630013465881348,57.914798736572266,62.071537017822266,14.6284818649292,56.343231201171875,-21.41916847229004,14.439223289489746
109.0,RUNNING,4,OUTBOUND,0.29,0.9194,143.8772,11.127,True,NORMAL,MONITOR,False,{},"[""uav2"", ""uav1"", ""uav0""]",limited,False,{},NONE,NORMAL,SAFE,1.0,IDLE,0.0,0.0,0.0,,orca3d,0.0,False,avoidance not required,,{},,,,,,,,,,,1,tracking error high,6.765,24.034,78.629,0,0,0.0,0.0,[],58.39272689819336,56.25063705444336,14.598633766174316,58.14020538330078,62.28384017944336,14.595381736755371,56.40129470825195,-19.22288703918457,14.368915557861328
109.2,RUNNING,4,OUTBOUND,0.291,0.9176,143.5231,11.127,True,NORMAL,MONITOR,False,{},"[""uav2"", ""uav1"", ""uav0""]",limited,False,{},NONE,NORMAL,SAFE,1.0,IDLE,0.0,0.0,0.0,,orca3d,0.0,False,avoidance not required,,{},,,,,,,,,,,1,tracking error high,6.759,24.251,76.656,0,0,0.0,0.0,[],58.62135696411133,56.47985076904297,14.567679405212402,58.373199462890625,62.506591796875,14.559833526611328,56.45828628540039,-16.960668563842773,14.336377143859863
109.4,RUNNING,4,OUTBOUND,0.291,0.9176,143.5231,11.127,True,NORMAL,MONITOR,False,{},"[""uav2"", ""uav1"", ""uav0""]",limited,False,{},NONE,NORMAL,SAFE,1.0,IDLE,0.0,0.0,0.0,,orca3d,0.0,False,avoidance not required,,{},,,,,,,,,,,1,tracking error high,6.755,23.070,74.620,0,0,0.0,0.0,[],58.851036071777344,56.711116790771484,14.528936386108398,58.599586486816406,62.71906661987305,14.523497581481934,56.53178405761719,-14.736281394958496,14.270598411560059
109.6,RUNNING,4,OUTBOUND,0.292,0.9158,143.1638,11.127,True,NORMAL,MONITOR,False,{},"[""uav2"", ""uav1"", ""uav0""]",limited,False,{},NONE,NORMAL,SAFE,1.0,IDLE,0.0,0.0,0.0,,orca3d,0.0,False,avoidance not required,,{},,,,,,,,,,,1,tracking error high,6.737,20.849,72.621,0,0,0.0,0.0,[],59.08457565307617,56.935325622558594,14.490458488464355,58.8334846496582,62.94147872924805,14.490687370300293,56.60421371459961,-12.458377838134766,14.240504264831543
109.8,RUNNING,4,OUTBOUND,0.293,0.9158,143.1638,11.127,True,NORMAL,MONITOR,False,{},"[""uav2"", ""uav1"", ""uav0""]",limited,False,{},NONE,NORMAL,SAFE,1.0,IDLE,0.0,0.0,0.0,,orca3d,0.0,False,avoidance not required,,{},,,,,,,,,,,1,tracking error high,6.736,18.577,70.569,0,0,0.0,0.0,[],59.30581283569336,57.14701843261719,14.455218315124512,59.06455993652344,63.16913986206055,14.453356742858887,56.690181732177734,-10.198246002197266,14.179511070251465
110.0,RUNNING,4,OUTBOUND,0.294,0.9158,143.1638,11.127,True,NORMAL,MONITOR,False,{},"[""uav2"", ""uav1"", ""uav0""]",limited,False,{},NONE,NORMAL,SAFE,1.0,IDLE,0.0,0.0,0.0,,orca3d,0.0,False,avoidance not required,,{},,,,,,,,,,,1,tracking error high,6.754,16.322,68.535,0,0,0.0,0.0,[],59.53177261352539,57.35603332519531,14.418665885925293,59.2896614074707,63.38456726074219,14.416877746582031,56.77646255493164,-7.896752834320068,14.15427303314209
110.2,RUNNING,4,OUTBOUND,0.294,0.914,142.8008,11.127,True,NORMAL,MONITOR,False,{},"[""uav2"", ""uav1"", ""uav0""]",limited,False,{},NONE,NORMAL,SAFE,1.0,IDLE,0.0,0.0,0.0,,orca3d,0.0,False,avoidance not required,,{},,,,,,,,,,,1,tracking error high,6.760,14.029,66.461,0,0,0.0,0.0,[],59.7649040222168,57.57482147216797,14.380448341369629,59.52069854736328,63.60734939575195,14.37490463256836,56.880775451660156,-5.611454486846924,14.096940994262695
110.4,RUNNING,4,OUTBOUND,0.295,0.914,142.8008,11.127,True,NORMAL,MONITOR,False,{},"[""uav2"", ""uav1"", ""uav0""]",limited,False,{},NONE,NORMAL,SAFE,1.0,IDLE,0.0,0.0,0.0,,orca3d,0.0,False,avoidance not required,,{},,,,,,,,,,,1,tracking error high,6.762,11.753,64.403,0,0,0.0,0.0,[],59.99290084838867,57.78364944458008,14.34395980834961,59.746707916259766,63.819366455078125,14.336153984069824,56.98521041870117,-3.292940378189087,14.074518203735352
110.6,RUNNING,4,OUTBOUND,0.296,0.9122,142.434,11.127,True,NORMAL,MONITOR,False,{},"[""uav2"", ""uav1"", ""uav0""]",limited,False,{},NONE,NORMAL,SAFE,1.0,IDLE,0.0,0.0,0.0,,orca3d,0.0,False,avoidance not required,,{},,,,,,,,,,,1,tracking error high,6.764,9.450,62.313,0,0,0.0,0.0,[],60.230430603027344,58.00409698486328,14.306785583496094,59.978092193603516,64.03675842285156,14.297011375427246,57.102630615234375,-0.9856624007225037,14.013994216918945
110.8,RUNNING,4,OUTBOUND,0.297,0.9122,142.434,11.127,True,NORMAL,MONITOR,False,{},"[""uav2"", ""uav1"", ""uav0""]",limited,False,{},NONE,NORMAL,SAFE,1.0,IDLE,0.0,0.0,0.0,,orca3d,0.0,False,avoidance not required,,{},,,,,,,,,,,1,tracking error high,6.759,7.166,60.236,0,0,0.0,0.0,[],60.46128845214844,58.21440124511719,14.269172668457031,60.20402526855469,64.24581146240234,14.259288787841797,57.22163009643555,1.347237467765808,13.990289688110352
111.0,RUNNING,4,OUTBOUND,0.297,0.9122,142.434,11.127,True,NORMAL,MONITOR,False,{},"[""uav2"", ""uav1"", ""uav0""]",limited,False,{},NONE,NORMAL,SAFE,1.0,IDLE,0.0,0.0,0.0,,orca3d,0.0,False,avoidance not required,,{},,,,,,,,,,,1,tracking error high,6.755,4.882,58.133,0,0,0.0,0.0,[],60.698123931884766,58.43752670288086,14.230502128601074,60.43437957763672,64.46434020996094,14.220734596252441,57.35877227783203,3.6778156757354736,13.914153099060059
111.2,RUNNING,4,OUTBOUND,0.298,0.9103,142.0637,11.127,True,NORMAL,MONITOR,False,{},"[""uav2"", ""uav1"", ""uav0""]",limited,False,{},NONE,NORMAL,SAFE,1.0,IDLE,0.0,0.0,0.0,,orca3d,0.0,False,avoidance not required,,{},,,,,,,,,,,1,tracking error high,6.748,2.682,56.034,0,0,0.0,0.0,[],60.92822265625,58.64965057373047,14.190008163452148,60.660438537597656,64.67475891113281,14.181812286376953,57.49763488769531,6.026466369628906,13.846927642822266
111.4,RUNNING,4,OUTBOUND,0.299,0.9103,142.0637,11.127,True,NORMAL,MONITOR,False,{},"[""uav2"", ""uav1"", ""uav0""]",limited,False,{},NONE,NORMAL,SAFE,1.0,IDLE,0.0,0.0,0.0,,orca3d,0.0,False,avoidance not required,,{},,,,,,,,,,,1,tracking error high,6.745,1.202,53.917,0,0,0.0,0.0,[],61.16623306274414,58.873085021972656,14.145604133605957,60.894012451171875,64.89530944824219,14.14276123046875,57.6529541015625,8.379356384277344,13.741508483886719
111.6,RUNNING,4,OUTBOUND,0.3,0.9084,141.6882,11.127,True,NORMAL,MONITOR,False,{},"[""uav2"", ""uav1"", ""uav0""]",limited,False,{},NONE,NORMAL,SAFE,1.0,IDLE,0.0,0.0,0.0,,orca3d,0.0,False,avoidance not required,,{},,,,,,,,,,,1,tracking error high,6.741,1.047,51.796,0,0,0.0,0.0,[],61.406192779541016,59.09419250488281,14.100441932678223,61.13315963745117,65.11580657958984,14.101537704467773,57.8109016418457,10.743532180786133,13.676003456115723
111.8,SAFETY_HOLD,4,OUTBOUND,0.3,0.9084,141.6882,11.127,True,NORMAL,MONITOR,False,{},"[""uav2"", ""uav1"", ""uav0""]",limited,False,{},NONE,NORMAL,SAFE,1.0,IDLE,0.0,0.0,0.0,,orca3d,0.0,False,avoidance not required,,{},,,,,,,,,,,2,obstacle clearance violation,6.740,0.889,49.664,0,0,0.0,0.0,[],61.63760757446289,59.30853271484375,14.064573287963867,61.364994049072266,65.32760620117188,14.069252014160156,57.98697280883789,13.106643676757812,13.58446979522705
112.0,SAFETY_HOLD,4,OUTBOUND,0.3,0.9084,141.6882,11.127,True,NORMAL,MONITOR,False,{},"[""uav2"", ""uav1"", ""uav0""]",limited,False,{},NONE,NORMAL,SAFE,1.0,IDLE,0.0,0.0,0.0,,orca3d,0.0,False,avoidance not required,,{},,,,,,,,,,,2,obstacle clearance violation,6.738,0.713,1.897,0,0,0.0,0.0,[],61.84949493408203,59.499847412109375,14.067477226257324,61.56536865234375,65.5102310180664,14.075230598449707,58.156463623046875,15.388215065002441,13.552940368652344
112.2,SAFETY_HOLD,4,OUTBOUND,0.3,0.907,141.4004,11.127,True,NORMAL,MONITOR,True,{},"[""uav2"", ""uav1"", ""uav0""]",limited,False,{},NONE,NORMAL,SAFE,1.0,IDLE,0.0,0.0,0.0,,orca3d,0.0,False,avoidance not required,,{},,,,,,,,,,,2,obstacle clearance violation,6.725,0.544,4.185,0,0,0.0,0.0,[],61.99501419067383,59.63709259033203,14.067899703979492,61.68308639526367,65.61665344238281,14.07738208770752,58.28712844848633,17.378355026245117,13.43360710144043
112.4,SAFETY_HOLD,4,OUTBOUND,0.3,0.907,141.4004,11.127,True,NORMAL,MONITOR,True,{},"[""uav2"", ""uav1"", ""uav0""]",limited,False,{},NONE,NORMAL,SAFE,1.0,IDLE,0.0,0.0,0.0,,orca3d,0.0,False,avoidance not required,,{},,,,,,,,,,,2,obstacle clearance violation,6.685,0.413,6.182,0,0,0.0,0.0,[],62.0669059753418,59.704227447509766,14.068777084350586,61.758323669433594,65.69039916992188,14.078968048095703,58.1828727722168,17.230867385864258,13.008482933044434
112.6,SAFETY_HOLD,4,OUTBOUND,0.3,0.9063,141.269,11.127,True,NORMAL,MONITOR,True,{},"[""uav2"", ""uav1"", ""uav0""]",limited,False,{},NONE,NORMAL,SAFE,1.0,IDLE,0.0,0.0,0.0,,orca3d,0.0,False,avoidance not required,,{},,,,,,,,,,,2,obstacle clearance violation,6.692,0.517,6.059,0,0,0.0,0.0,[],62.108089447021484,59.73828887939453,14.072617530822754,61.78361129760742,65.71376037597656,14.081695556640625,58.145938873291016,16.616771697998047,12.38518238067627
112.8,SAFETY_HOLD,4,OUTBOUND,0.3,0.9063,141.269,11.127,True,NORMAL,MONITOR,True,{},"[""uav2"", ""uav1"", ""uav0""]",limited,False,{},NONE,NORMAL,SAFE,1.0,IDLE,0.0,0.0,0.0,,orca3d,0.0,False,avoidance not required,,{},,,,,,,,,,,2,obstacle clearance violation,6.675,0.554,5.556,0,0,0.0,0.0,[],62.10210037231445,59.72834014892578,14.074563026428223,61.78046798706055,65.70757293701172,14.083173751831055,58.00141906738281,16.163646697998047,12.022738456726074
113.0,SAFETY_HOLD,4,OUTBOUND,0.3,0.9063,141.269,11.127,True,NORMAL,MONITOR,True,{},"[""uav2"", ""uav1"", ""uav0""]",limited,False,{},NONE,NORMAL,SAFE,1.0,IDLE,0.0,0.0,0.0,,orca3d,0.0,False,avoidance not required,,{},,,,,,,,,,,2,obstacle clearance violation,6.680,0.699,5.212,0,0,0.0,0.0,[],62.07767105102539,59.69734573364258,14.070751190185547,61.744667053222656,65.66986083984375,14.08399772644043,57.78553771972656,15.686856269836426,11.703897476196289
113.2,SAFETY_HOLD,4,OUTBOUND,0.3,0.906,141.2032,11.127,True,NORMAL,MONITOR,True,{},"[""uav2"", ""uav1"", ""uav0""]",limited,False,{},NONE,NORMAL,SAFE,1.0,IDLE,0.0,0.0,0.0,,orca3d,0.0,False,avoidance not required,,{},,,,,,,,,,,2,obstacle clearance violation,6.669,0.914,4.878,0,0,0.0,0.0,[],62.04037857055664,59.65006637573242,14.069840431213379,61.70146942138672,65.61845397949219,14.080620765686035,57.63632583618164,15.202237129211426,11.285962104797363
113.4,SAFETY_HOLD,4,OUTBOUND,0.3,0.906,141.2032,11.127,True,NORMAL,MONITOR,True,{},"[""uav2"", ""uav1"", ""uav0""]",limited,False,{},NONE,NORMAL,SAFE,1.0,IDLE,0.0,0.0,0.0,,orca3d,0.0,False,avoidance not required,,{},,,,,,,,,,,1,tracking error high,6.663,1.064,4.641,0,0,0.0,0.0,[],61.98232650756836,59.58665084838867,14.068825721740723,61.641746520996094,65.55425262451172,14.080020904541016,57.44934844970703,14.803400993347168,10.848820686340332
113.6,SAFETY_HOLD,4,OUTBOUND,0.3,0.9058,141.1593,11.127,True,NORMAL,MONITOR,True,{},"[""uav2"", ""uav1"", ""uav0""]",limited,False,{},NONE,NORMAL,SAFE,1.0,IDLE,0.0,0.0,0.0,,orca3d,0.0,False,avoidance not required,,{},,,,,,,,,,,1,tracking error high,6.661,1.251,4.571,0,0,0.0,0.0,[],61.9195442199707,59.52082061767578,14.074557304382324,61.58366775512695,65.49165344238281,14.083882331848145,57.39766311645508,14.381650924682617,10.464824676513672
113.8,SAFETY_HOLD,4,OUTBOUND,0.3,0.9058,141.1593,11.127,True,NORMAL,MONITOR,True,{},"[""uav2"", ""uav1"", ""uav0""]",limited,False,{},NONE,NORMAL,SAFE,1.0,IDLE,0.0,0.0,0.0,,orca3d,0.0,False,avoidance not required,,{},,,,,,,,,,,1,tracking error high,6.666,1.302,4.516,0,0,0.0,0.0,[],61.856449127197266,59.45423889160156,14.080059051513672,61.5196418762207,65.42604064941406,14.08753776550293,57.49055099487305,14.039301872253418,10.312569618225098
114.0,SAFETY_HOLD,4,OUTBOUND,0.3,0.9058,141.1593,11.127,True,NORMAL,MONITOR,True,{},"[""uav2"", ""uav1"", ""uav0""]",limited,False,{},NONE,NORMAL,SAFE,1.0,IDLE,0.0,0.0,0.0,,orca3d,0.0,False,avoidance not required,,{},,,,,,,,,,,1,tracking error high,6.667,1.209,4.389,0,0,0.0,0.0,[],61.790096282958984,59.38808059692383,14.08180046081543,61.4642333984375,65.36580657958984,14.09165096282959,57.69519805908203,13.724775314331055,10.322360038757324
114.2,SAFETY_HOLD,4,OUTBOUND,0.3,0.9055,141.1,11.127,True,NORMAL,MONITOR,True,{},"[""uav2"", ""uav1"", ""uav0""]",limited,False,{},NONE,NORMAL,SAFE,1.0,IDLE,0.0,0.0,0.0,,orca3d,0.0,False,avoidance not required,,{},,,,,,,,,,,1,tracking error high,6.677,1.005,4.173,0,0,0.0,0.0,[],61.73019790649414,59.33085250854492,14.08700942993164,61.40806198120117,65.30897521972656,14.093660354614258,57.88212585449219,13.479476928710938,10.542344093322754
114.4,SAFETY_HOLD,4,OUTBOUND,0.3,0.9055,141.1,11.127,True,NORMAL,MONITOR,True,{},"[""uav2"", ""uav1"", ""uav0""]",limited,False,{},NONE,NORMAL,SAFE,1.0,IDLE,0.0,0.0,0.0,,orca3d,0.0,False,avoidance not required,,{},,,,,,,,,,,2,obstacle clearance violation,6.679,0.818,3.848,0,0,0.0,0.0,[],61.67144012451172,59.27663803100586,14.087803840637207,61.362918853759766,65.26460266113281,14.099815368652344,58.123966217041016,13.28545093536377,10.907354354858398
114.6,SAFETY_HOLD,4,OUTBOUND,0.3,0.9052,141.0399,11.127,True,NORMAL,MONITOR,True,{},"[""uav2"", ""uav1"", ""uav0""]",limited,False,{},NONE,NORMAL,SAFE,1.0,IDLE,0.0,0.0,0.0,,orca3d,0.0,False,avoidance not required,,{},,,,,,,,,,,2,obstacle clearance violation,6.694,0.576,3.450,0,0,0.0,0.0,[],61.625404357910156,59.2411003112793,14.086536407470703,61.319400787353516,65.2248306274414,14.10122013092041,58.36518478393555,13.145143508911133,11.314228057861328
114.8,SAFETY_HOLD,4,OUTBOUND,0.3,0.9052,141.0399,11.127,True,NORMAL,MONITOR,True,{},"[""uav2"", ""uav1"", ""uav0""]",limited,False,{},NONE,NORMAL,SAFE,1.0,IDLE,0.0,0.0,0.0,,orca3d,0.0,False,avoidance not required,,{},,,,,,,,,,,2,obstacle clearance violation,6.691,0.335,3.077,0,0,0.0,0.0,[],61.58333969116211,59.208736419677734,14.085797309875488,61.28477096557617,65.20077514648438,14.105809211730957,58.457313537597656,13.026288986206055,11.67019271850586
115.0,SAFETY_HOLD,4,OUTBOUND,0.3,0.9052,141.0399,11.127,True,NORMAL,MONITOR,True,{},"[""uav2"", ""uav1"", ""uav0""]",limited,False,{},NONE,NORMAL,SAFE,1.0,IDLE,0.0,0.0,0.0,,orca3d,0.0,False,avoidance not required,,{},,,,,,,,,,,2,obstacle clearance violation,6.702,0.243,2.754,0,0,0.0,0.0,[],61.5469970703125,59.186241149902344,14.095184326171875,61.253318786621094,65.1795654296875,14.108540534973145,58.60386276245117,12.961910247802734,12.014622688293457
115.2,SAFETY_HOLD,4,OUTBOUND,0.3,0.9049,140.9894,11.127,True,NORMAL,MONITOR,True,{},"[""uav2"", ""uav1"", ""uav0""]",limited,False,{},NONE,NORMAL,SAFE,1.0,IDLE,0.0,0.0,0.0,,orca3d,0.0,False,avoidance not required,,{},,,,,,,,,,,2,obstacle clearance violation,6.705,0.096,2.512,0,0,0.0,0.0,[],61.520076751708984,59.16855239868164,14.099984169006348,61.228885650634766,65.17452239990234,14.117469787597656,58.71205139160156,12.903319358825684,12.303852081298828
115.4,SAFETY_HOLD,4,OUTBOUND,0.3,0.9049,140.9894,11.127,True,NORMAL,MONITOR,True,{},"[""uav2"", ""uav1"", ""uav0""]",limited,False,{},NONE,NORMAL,SAFE,1.0,IDLE,0.0,0.0,0.0,,orca3d,0.0,False,avoidance not required,,{},,,,,,,,,,,2,obstacle clearance violation,6.718,0.000,2.328,1,1,0.523,0.0,"[""lidar_target_56""]",61.49587631225586,59.165645599365234,14.1112060546875,61.20936584472656,65.17813110351562,14.125541687011719,58.743324279785156,12.903984069824219,12.547629356384277
115.6,SAFETY_HOLD,4,OUTBOUND,0.3,0.9047,140.9487,11.127,True,NORMAL,MONITOR,True,{},"[""uav2"", ""uav1"", ""uav0""]",limited,False,{},NONE,HOLD,CRITICAL,0.0,HOLD,0.0,0.0,0.0,critical risk requires synchronized hold,orca3d,0.0,True,3D ORCA velocity solution generated for external safety gating,3.026,{},,,,,,,,6.0,15.492,,2,obstacle clearance violation,6.725,0.000,2.209,1,0,0.455,0.2,"[""lidar_target_56""]",61.47840881347656,59.162010192871094,14.115311622619629,61.193763732910156,65.17665100097656,14.127523422241211,58.730525970458984,12.882264137268066,12.731291770935059
115.8,SAFETY_HOLD,4,OUTBOUND,0.3,0.9047,140.9487,11.127,True,NORMAL,MONITOR,True,{},"[""uav2"", ""uav1"", ""uav0""]",limited,False,{},NONE,HOLD,CRITICAL,0.0,HOLD,0.0,0.0,0.0,critical risk requires synchronized hold,orca3d,0.0,False,"3D ORCA command failed dynamic, static or fleet constraints; hold required",4.633,"{""E_CORRIDOR_TOO_NARROW"": 1}",,,,,,,,6.0,15.475,,2,obstacle clearance violation,6.728,0.000,2.100,1,0,0.395,0.4,"[""lidar_target_56""]",61.465213775634766,59.1676139831543,14.125153541564941,61.18449783325195,65.18196868896484,14.132292747497559,58.67456817626953,12.914324760437012,12.891830444335938
116.0,SAFETY_HOLD,4,OUTBOUND,0.3,0.9047,140.9487,11.127,True,NORMAL,MONITOR,True,{},"[""uav2"", ""uav1"", ""uav0""]",limited,False,{},NONE,HOLD,CRITICAL,0.0,HOLD,0.0,0.0,0.0,critical risk requires synchronized hold,orca3d,0.0,False,"3D ORCA command failed dynamic, static or fleet constraints; hold required",4.72,"{""E_CORRIDOR_TOO_NARROW"": 1}",,,,,,,,6.0,15.46,,2,obstacle clearance violation,6.730,0.025,2.038,1,0,0.344,0.6,"[""lidar_target_56""]",61.45846939086914,59.169227600097656,14.12723445892334,61.17740249633789,65.1816177368164,14.133477210998535,58.60868453979492,12.9048433303833,13.00941276550293
116.2,SAFETY_HOLD,4,OUTBOUND,0.3,0.9046,140.9133,11.127,True,NORMAL,MONITOR,True,{},"[""uav2"", ""uav1"", ""uav0""]",limited,False,{},NONE,HOLD,CRITICAL,0.0,HOLD,0.0,0.0,0.0,critical risk requires synchronized hold,orca3d,0.0,False,"3D ORCA command failed dynamic, static or fleet constraints; hold required",4.942,"{""E_CORRIDOR_TOO_NARROW"": 1}",,,,,,,,6.0,15.452,,2,obstacle clearance violation,6.728,0.091,1.962,1,0,0.299,0.8,"[""lidar_target_56""]",61.4540901184082,59.177608489990234,14.137934684753418,61.172874450683594,65.18336486816406,14.138827323913574,58.5183219909668,12.950523376464844,13.124590873718262
116.4,SAFETY_HOLD,4,OUTBOUND,0.3,0.9046,140.9133,11.127,True,NORMAL,MONITOR,True,{},"[""uav2"", ""uav1"", ""uav0""]",limited,False,{},NONE,HOLD,CRITICAL,0.0,HOLD,0.0,0.0,0.0,critical risk requires synchronized hold,orca3d,0.0,False,"3D ORCA command failed dynamic, static or fleet constraints; hold required",2.045,"{""E_CORRIDOR_TOO_NARROW"": 1}",,,,,,,,6.0,15.445,,2,obstacle clearance violation,6.722,0.182,1.934,1,0,0.26,1.0,"[""lidar_target_56""]",61.45272445678711,59.19157409667969,14.146533012390137,61.169857025146484,65.18144989013672,14.141389846801758,58.43653106689453,12.939229965209961,13.203371047973633
116.6,SAFETY_HOLD,4,OUTBOUND,0.3,0.9044,140.8813,11.127,True,NORMAL,MONITOR,True,{},"[""uav2"", ""uav1"", ""uav0""]",limited,False,{},NONE,HOLD,SAFE,0.0,IDLE,0.0,0.0,0.0,,orca3d,0.0,False,avoidance not required,,{},,,,,,,,6.0,15.44,,2,obstacle clearance violation,6.707,0.263,1.877,1,0,0.226,1.2,"[""lidar_target_56""]",61.45478057861328,59.1968879699707,14.145821571350098,61.1683349609375,65.18702697753906,14.149081230163574,58.34619903564453,12.992856979370117,13.287697792053223
116.8,SAFETY_HOLD,4,OUTBOUND,0.3,0.9044,140.8813,11.127,True,NORMAL,MONITOR,True,{},"[""uav2"", ""uav1"", ""uav0""]",limited,False,{},NONE,HOLD,SAFE,0.0,IDLE,0.0,0.0,0.0,,orca3d,0.0,False,avoidance not required,,{},,,,,,,,6.0,15.441,,2,obstacle clearance violation,6.705,0.354,1.882,1,0,0.196,1.4,"[""lidar_target_56""]",61.45491027832031,59.209381103515625,14.147831916809082,61.167686462402344,65.1869888305664,14.151021003723145,58.27365493774414,12.976805686950684,13.341143608093262
117.0,SAFETY_HOLD,4,OUTBOUND,0.3,0.9044,140.8813,11.127,True,NORMAL,MONITOR,True,{},"[""uav2"", ""uav1"", ""uav0""]",limited,False,{},NONE,HOLD,SAFE,0.0,IDLE,0.0,0.0,0.0,,orca3d,0.0,False,avoidance not required,,{},,,,,,,,6.0,15.438,,2,obstacle clearance violation,6.694,0.426,1.839,0,0,0.0,0.0,[],61.45807647705078,59.21317672729492,14.14565658569336,61.16445541381836,65.19225311279297,14.161808967590332,58.196292877197266,13.0254487991333,13.404767990112305
117.2,SAFETY_HOLD,4,OUTBOUND,0.3,0.9043,140.8505,11.127,True,NORMAL,MONITOR,True,{},"[""uav2"", ""uav1"", ""uav0""]",limited,False,{},NONE,HOLD,SAFE,0.0,IDLE,0.0,0.0,0.0,,orca3d,0.0,False,avoidance not required,,{},,,,,,,,,,,2,obstacle clearance violation,6.692,0.504,1.860,0,0,0.0,0.0,[],61.45972442626953,59.22188186645508,14.151579856872559,61.16216278076172,65.20294189453125,14.170082092285156,58.14061737060547,12.994990348815918,13.44094467163086
117.4,SAFETY_HOLD,4,OUTBOUND,0.3,0.9043,140.8505,11.127,True,NORMAL,MONITOR,True,{},"[""uav2"", ""uav1"", ""uav0""]",limited,False,{},NONE,HOLD,SAFE,0.0,IDLE,0.0,0.0,0.0,,orca3d,0.0,False,avoidance not required,,{},,,,,,,,,,,2,obstacle clearance violation,6.692,0.559,1.816,0,0,0.0,0.0,[],61.46365737915039,59.222171783447266,14.151013374328613,61.162105560302734,65.20597076416016,14.172024726867676,58.0826301574707,13.028578758239746,13.497896194458008
117.6,SAFETY_HOLD,4,OUTBOUND,0.3,0.9041,140.8205,11.127,True,NORMAL,MONITOR,True,{},"[""uav2"", ""uav1"", ""uav0""]",limited,False,{},NONE,HOLD,SAFE,0.0,IDLE,0.0,0.0,0.0,,orca3d,0.0,False,avoidance not required,,{},,,,,,,,,,,2,obstacle clearance violation,6.693,0.617,1.835,0,0,0.0,0.0,[],61.464637756347656,59.22992706298828,14.152759552001953,61.16242599487305,65.2143325805664,14.180793762207031,58.04697036743164,12.980345726013184,13.526702880859375
117.8,SAFETY_HOLD,4,OUTBOUND,0.3,0.9041,140.8205,11.127,True,NORMAL,MONITOR,True,{},"[""uav2"", ""uav1"", ""uav0""]",limited,False,{},NONE,HOLD,SAFE,0.0,IDLE,0.0,0.0,0.0,,orca3d,0.0,False,avoidance not required,,{},,,,,,,,,,,2,obstacle clearance violation,6.693,0.653,1.780,0,0,0.0,0.0,[],61.46661376953125,59.237022399902344,14.156835556030273,61.16263198852539,65.22425079345703,14.18490219116211,58.014225006103516,13.000348091125488,13.576233863830566
118.0,SAFETY_HOLD,4,OUTBOUND,0.3,0.9041,140.8205,11.127,True,NORMAL,MONITOR,True,{},"[""uav2"", ""uav1"", ""uav0""]",limited,False,{},NONE,HOLD,SAFE,0.0,IDLE,0.0,0.0,0.0,,orca3d,0.0,False,avoidance not required,,{},,,,,,,,,,,2,obstacle clearance violation,6.695,0.686,1.794,0,0,0.0,0.0,[],61.470821380615234,59.23456954956055,14.154681205749512,61.16470718383789,65.22513580322266,14.182104110717773,57.99953079223633,12.938589096069336,13.595837593078613
118.2,SAFETY_HOLD,4,OUTBOUND,0.3,0.904,140.7915,11.127,True,NORMAL,MONITOR,True,{},"[""uav2"", ""uav1"", ""uav0""]",limited,False,{},NONE,HOLD,SAFE,0.0,IDLE,0.0,0.0,0.0,,orca3d,0.0,False,avoidance not required,,{},,,,,,,,,,,2,obstacle clearance violation,6.697,0.700,1.731,0,0,0.0,0.0,[],61.475074768066406,59.24220275878906,14.16195011138916,61.16720199584961,65.22906494140625,14.180636405944824,57.98775863647461,12.950236320495605,13.634198188781738
118.4,SAFETY_HOLD,4,OUTBOUND,0.3,0.904,140.7915,11.127,True,NORMAL,MONITOR,True,{},"[""uav2"", ""uav1"", ""uav0""]",limited,False,{},NONE,HOLD,SAFE,0.0,IDLE,0.0,0.0,0.0,,orca3d,0.0,False,avoidance not required,,{},,,,,,,,,,,2,obstacle clearance violation,6.693,0.712,1.740,0,0,0.0,0.0,[],61.477909088134766,59.249603271484375,14.170756340026855,61.17008590698242,65.22557067871094,14.174570083618164,57.98877716064453,12.879352569580078,13.645942687988281
118.6,SAFETY_HOLD,4,OUTBOUND,0.3,0.9038,140.7626,11.127,True,NORMAL,MONITOR,True,{},"[""uav2"", ""uav1"", ""uav0""]",limited,False,{},NONE,NORMAL,SAFE,1.0,IDLE,0.0,0.0,0.0,,orca3d,0.0,False,avoidance not required,,{},,,,,,,,,,,2,obstacle clearance violation,6.683,0.711,1.670,0,0,0.0,0.0,[],61.48204040527344,59.24671936035156,14.168510437011719,61.17060470581055,65.2289810180664,14.171689987182617,57.99049758911133,12.882110595703125,13.683097839355469
118.8,SAFETY_HOLD,4,OUTBOUND,0.3,0.9038,140.7626,11.127,True,NORMAL,MONITOR,True,{},"[""uav2"", ""uav1"", ""uav0""]",limited,False,{},NONE,NORMAL,SAFE,1.0,IDLE,0.0,0.0,0.0,,orca3d,0.0,False,avoidance not required,,{},,,,,,,,,,,2,obstacle clearance violation,6.687,0.710,1.673,1,1,0.545,0.0,"[""lidar_target_67""]",61.4850959777832,59.252601623535156,14.169486045837402,61.17158889770508,65.23341369628906,14.167506217956543,57.99977493286133,12.8038911819458,13.693254470825195
119.0,SAFETY_HOLD,4,OUTBOUND,0.3,0.9038,140.7626,11.127,True,NORMAL,MONITOR,True,{},"[""uav2"", ""uav1"", ""uav0""]",limited,False,{},NONE,SLOW,WARNING,0.35,WAITING,0.0,0.0,0.0,ORCA planner pending,orca3d,0.0,False,avoidance planner pending,,"{""PLANNER_PENDING"": 1}",,,,,,,,6.0,2.816,,2,obstacle clearance violation,6.685,0.700,1.596,1,0,0.474,0.2,"[""lidar_target_67""]",61.488853454589844,59.24906539916992,14.164362907409668,61.173648834228516,65.22923278808594,14.162220001220703,58.007347106933594,12.796123504638672,13.725852012634277
119.2,SAFETY_HOLD,4,OUTBOUND,0.3,0.9037,140.7337,11.127,True,NORMAL,MONITOR,True,{},"[""uav2"", ""uav1"", ""uav0""]",limited,False,{},NONE,HOLD,WARNING,0.0,HOLD,0.0,0.0,0.0,ORCA plan is not viable,orca3d,0.0,False,"3D ORCA command failed dynamic, static or fleet constraints; hold required",2.875,"{""E_CORRIDOR_TOO_NARROW"": 1}",,,,,,,,6.0,2.814,,2,obstacle clearance violation,6.684,0.693,1.590,1,1,0.567,0.0,"[""lidar_target_67""]",61.488277435302734,59.252777099609375,14.155913352966309,61.17403030395508,65.23011779785156,14.16386890411377,58.0185661315918,12.711553573608398,13.733476638793945
119.4,SAFETY_HOLD,4,OUTBOUND,0.3,0.9037,140.7337,11.127,True,NORMAL,MONITOR,True,{},"[""uav2"", ""uav1"", ""uav0""]",limited,False,{},NONE,HOLD,WARNING,0.0,HOLD,0.0,0.0,0.0,ORCA plan is not viable,orca3d,0.0,False,"3D ORCA command failed dynamic, static or fleet constraints; hold required",2.101,"{""E_CORRIDOR_TOO_NARROW"": 1}",,,,,,,,6.0,2.765,,2,obstacle clearance violation,6.682,0.681,1.508,1,0,0.493,0.2,"[""lidar_target_67""]",61.48932647705078,59.2474479675293,14.147692680358887,61.175254821777344,65.22413635253906,14.159197807312012,58.02122497558594,12.699028015136719,13.766406059265137
119.6,SAFETY_HOLD,4,OUTBOUND,0.3,0.9035,140.7045,11.127,True,NORMAL,MONITOR,True,{},"[""uav2"", ""uav1"", ""uav0""]",limited,False,{},NONE,HOLD,WARNING,0.0,HOLD,0.0,0.0,0.0,ORCA plan is not viable,orca3d,0.0,False,"3D ORCA command failed dynamic, static or fleet constraints; hold required",2.471,"{""E_CORRIDOR_TOO_NARROW"": 1}",,,,,,,,6.0,2.769,,2,obstacle clearance violation,6.681,0.679,1.498,1,0,0.429,0.4,"[""lidar_target_67""]",61.486778259277344,59.248592376708984,14.150096893310547,61.176795959472656,65.22584533691406,14.158851623535156,58.02705001831055,12.612994194030762,13.771087646484375
119.8,SAFETY_HOLD,4,OUTBOUND,0.3,0.9035,140.7045,11.127,True,NORMAL,MONITOR,True,{},"[""uav2"", ""uav1"", ""uav0""]",limited,False,{},NONE,HOLD,WARNING,0.0,HOLD,0.0,0.0,0.0,ORCA plan is not viable,orca3d,0.0,False,"3D ORCA command failed dynamic, static or fleet constraints; hold required",2.471,"{""E_CORRIDOR_TOO_NARROW"": 1}",,,,,,,,6.0,2.859,,2,obstacle clearance violation,6.683,0.673,1.414,1,0,0.373,0.6,"[""lidar_target_67""]",61.48643112182617,59.241973876953125,14.14869499206543,61.17842483520508,65.2212905883789,14.158072471618652,58.030391693115234,12.597628593444824,13.806280136108398
120.0,SAFETY_HOLD,4,OUTBOUND,0.3,0.9035,140.7045,11.127,True,NORMAL,MONITOR,True,{},"[""uav2"", ""uav1"", ""uav0""]",limited,False,{},NONE,HOLD,WARNING,0.0,HOLD,0.0,0.0,0.0,ORCA plan is not viable,orca3d,0.0,False,"3D ORCA command failed dynamic, static or fleet constraints; hold required",2.168,"{""E_CORRIDOR_TOO_NARROW"": 1}",,,,,,,,6.0,2.879,,2,obstacle clearance violation,6.686,0.670,1.402,1,0,0.324,0.8,"[""lidar_target_67""]",61.486385345458984,59.240631103515625,14.148733139038086,61.17861557006836,65.22281646728516,14.160479545593262,58.035316467285156,12.512433052062988,13.81578254699707
120.2,SAFETY_HOLD,4,OUTBOUND,0.3,0.9034,140.6755,11.127,True,NORMAL,MONITOR,True,{},"[""uav2"", ""uav1"", ""uav0""]",limited,False,{},NONE,HOLD,WARNING,0.0,HOLD,0.0,0.0,0.0,ORCA plan is not viable,orca3d,0.0,False,"3D ORCA command failed dynamic, static or fleet constraints; hold required",4.67,"{""E_CORRIDOR_TOO_NARROW"": 1}",,,,,,,,6.0,2.98,,2,obstacle clearance violation,6.689,0.665,1.320,1,0,0.282,1.0,"[""lidar_target_67""]",61.488033294677734,59.244598388671875,14.148810386657715,61.17938232421875,65.21783447265625,14.157699584960938,58.03834533691406,12.499488830566406,13.856141090393066
120.4,SAFETY_HOLD,4,OUTBOUND,0.3,0.9034,140.6755,11.127,True,NORMAL,MONITOR,True,{},"[""uav2"", ""uav1"", ""uav0""]",limited,False,{},NONE,HOLD,WARNING,0.0,HOLD,0.0,0.0,0.0,ORCA plan is not viable,orca3d,0.0,False,"3D ORCA command failed dynamic, static or fleet constraints; hold required",2.506,"{""E_CORRIDOR_TOO_NARROW"": 1}",,,,,,,,6.0,3.01,,2,obstacle clearance violation,6.680,0.662,1.314,1,0,0.245,1.2,"[""lidar_target_67""]",61.49089050292969,59.2396354675293,14.145689964294434,61.17855453491211,65.22196197509766,14.158164978027344,58.04133605957031,12.4187593460083,13.863030433654785
120.6,SAFETY_HOLD,4,OUTBOUND,0.3,0.9032,140.6465,11.127,True,NORMAL,MONITOR,True,{},"[""uav2"", ""uav1"", ""uav0""]",limited,False,{},NONE,HOLD,WARNING,0.0,HOLD,0.0,0.0,0.0,ORCA plan is not viable,orca3d,0.0,False,"3D ORCA command failed dynamic, static or fleet constraints; hold required",2.325,"{""E_CORRIDOR_TOO_NARROW"": 1}",,,,,,,,6.0,3.119,,2,obstacle clearance violation,6.687,0.659,1.236,1,0,0.213,1.4,"[""lidar_target_67""]",61.49191665649414,59.23793411254883,14.14367389678955,61.17744827270508,65.2259521484375,14.160445213317871,58.03864669799805,12.406914710998535,13.902429580688477
120.8,SAFETY_HOLD,4,OUTBOUND,0.3,0.9032,140.6465,11.127,True,NORMAL,MONITOR,True,{},"[""uav2"", ""uav1"", ""uav0""]",limited,False,{},NONE,HOLD,WARNING,0.0,HOLD,0.0,0.0,0.0,ORCA plan is not viable,orca3d,0.0,False,"3D ORCA command failed dynamic, static or fleet constraints; hold required",2.108,"{""E_CORRIDOR_TOO_NARROW"": 1}",,,,,,,,6.0,3.163,,2,obstacle clearance violation,6.691,0.661,1.232,0,0,0.0,0.0,[],61.49419403076172,59.22984313964844,14.13960075378418,61.1777458190918,65.22183227539062,14.157224655151367,58.036773681640625,12.329781532287598,13.907431602478027
121.0,SAFETY_HOLD,4,OUTBOUND,0.3,0.9032,140.6465,11.127,True,NORMAL,MONITOR,True,{},"[""uav2"", ""uav1"", ""uav0""]",limited,False,{},NONE,NORMAL,SAFE,1.0,IDLE,0.0,0.0,0.0,,orca3d,0.0,False,avoidance not required,,{},,,,,,,,,,,2,obstacle clearance violation,6.694,0.663,1.158,0,0,0.0,0.0,[],61.494842529296875,59.22564697265625,14.1400728225708,61.177581787109375,65.22298431396484,14.154047012329102,58.02857208251953,12.321343421936035,13.944580078125
121.2,SAFETY_HOLD,4,OUTBOUND,0.3,0.9031,140.6175,11.127,True,NORMAL,MONITOR,True,{},"[""uav2"", ""uav1"", ""uav0""]",limited,False,{},NONE,NORMAL,SAFE,1.0,IDLE,0.0,0.0,0.0,,orca3d,0.0,False,avoidance not required,,{},,,,,,,,,,,2,obstacle clearance violation,6.698,0.671,1.158,0,0,0.0,0.0,[],61.496604919433594,59.21693801879883,14.135210037231445,61.178794860839844,65.21703338623047,14.149032592773438,58.022987365722656,12.249675750732422,13.945394515991211
121.4,SAFETY_HOLD,4,OUTBOUND,0.3,0.9031,140.6175,11.127,True,NORMAL,MONITOR,True,{},"[""uav2"", ""uav1"", ""uav0""]",limited,False,{},NONE,NORMAL,SAFE,1.0,IDLE,0.0,0.0,0.0,,orca3d,0.0,False,avoidance not required,,{},,,,,,,,,,,2,obstacle clearance violation,6.700,0.677,1.089,0,0,0.0,0.0,[],61.49463653564453,59.21603012084961,14.134808540344238,61.180423736572266,65.2123031616211,14.148776054382324,58.0130615234375,12.249314308166504,13.977957725524902
121.6,SAFETY_HOLD,4,OUTBOUND,0.3,0.9029,140.5886,11.127,True,NORMAL,MONITOR,True,{},"[""uav2"", ""uav1"", ""uav0""]",limited,False,{},NONE,NORMAL,SAFE,1.0,IDLE,0.0,0.0,0.0,,orca3d,0.0,False,avoidance not required,,{},,,,,,,,,,,2,obstacle clearance violation,6.699,0.687,1.096,0,0,0.0,0.0,[],61.494380950927734,59.2105827331543,14.134261131286621,61.182212829589844,65.2032699584961,14.147334098815918,58.006378173828125,12.185676574707031,13.973908424377441
121.8,SAFETY_HOLD,4,OUTBOUND,0.3,0.9029,140.5886,11.127,True,NORMAL,MONITOR,True,{},"[""uav2"", ""uav1"", ""uav0""]",limited,False,{},NONE,NORMAL,SAFE,1.0,IDLE,0.0,0.0,0.0,,orca3d,0.0,False,avoidance not required,,{},,,,,,,,,,,2,obstacle clearance violation,6.696,0.694,1.034,0,0,0.0,0.0,[],61.48895263671875,59.20929718017578,14.136568069458008,61.181739807128906,65.19686126708984,14.151472091674805,57.99483871459961,12.194400787353516,14.003028869628906
122.0,SAFETY_HOLD,4,OUTBOUND,0.3,0.9029,140.5886,11.127,True,NORMAL,MONITOR,True,{},"[""uav2"", ""uav1"", ""uav0""]",limited,False,{},NONE,NORMAL,SAFE,1.0,IDLE,0.0,0.0,0.0,,orca3d,0.0,False,avoidance not required,,{},,,,,,,,,,,2,obstacle clearance violation,6.694,0.705,1.050,0,0,0.0,0.0,[],61.482696533203125,59.212120056152344,14.141185760498047,61.18217468261719,65.1881332397461,14.151214599609375,57.987220764160156,12.1381254196167,13.997443199157715
122.2,SAFETY_HOLD,4,OUTBOUND,0.3,0.9028,140.5598,11.127,True,NORMAL,MONITOR,True,{},"[""uav2"", ""uav1"", ""uav0""]",limited,False,{},NONE,NORMAL,SAFE,1.0,IDLE,0.0,0.0,0.0,,orca3d,0.0,False,avoidance not required,,{},,,,,,,,,,,2,obstacle clearance violation,6.687,0.713,0.994,0,0,0.0,0.0,[],61.48038101196289,59.20930480957031,14.141809463500977,61.18101119995117,65.1819839477539,14.15434455871582,57.974552154541016,12.145946502685547,14.019820213317871
122.4,SAFETY_HOLD,4,OUTBOUND,0.3,0.9028,140.5598,11.127,True,NORMAL,MONITOR,True,{},"[""uav2"", ""uav1"", ""uav0""]",limited,False,{},NONE,NORMAL,SAFE,1.0,IDLE,0.0,0.0,0.0,,orca3d,0.0,False,avoidance not required,,{},,,,,,,,,,,2,obstacle clearance violation,6.684,0.725,1.008,0,0,0.0,0.0,[],61.4780158996582,59.212486267089844,14.145103454589844,61.18050003051758,65.17427062988281,14.153541564941406,57.96681594848633,12.090808868408203,14.009387016296387
122.6,SAFETY_HOLD,4,OUTBOUND,0.3,0.9027,140.5312,11.127,True,NORMAL,MONITOR,True,{},"[""uav2"", ""uav1"", ""uav0""]",limited,False,{},NONE,NORMAL,SAFE,1.0,IDLE,0.0,0.0,0.0,,orca3d,0.0,False,avoidance not required,,{},,,,,,,,,,,2,obstacle clearance violation,6.675,0.733,0.952,0,0,0.0,0.0,[],61.47827911376953,59.2104377746582,14.143863677978516,61.17731475830078,65.16883087158203,14.157029151916504,57.95562744140625,12.106314659118652,14.025314331054688
122.8,SAFETY_HOLD,4,OUTBOUND,0.3,0.9027,140.5312,11.127,True,NORMAL,MONITOR,True,{},"[""uav2"", ""uav1"", ""uav0""]",limited,False,{},NONE,NORMAL,SAFE,1.0,IDLE,0.0,0.0,0.0,,orca3d,0.0,False,avoidance not required,,{},,,,,,,,,,,2,obstacle clearance violation,6.671,0.744,0.971,0,0,0.0,0.0,[],61.478240966796875,59.2098388671875,14.139527320861816,61.173648834228516,65.16297912597656,14.156082153320312,57.94900131225586,12.056982040405273,14.01324462890625
123.0,SAFETY_HOLD,4,OUTBOUND,0.3,0.9027,140.5312,11.127,True,NORMAL,MONITOR,True,{},"[""uav2"", ""uav1"", ""uav0""]",limited,False,{},NONE,NORMAL,SAFE,1.0,IDLE,0.0,0.0,0.0,,orca3d,0.0,False,avoidance not required,,{},,,,,,,,,,,2,obstacle clearance violation,6.664,0.751,0.920,0,0,0.0,0.0,[],61.47956085205078,59.20549774169922,14.133220672607422,61.17158508300781,65.15740203857422,14.151147842407227,57.93881607055664,12.068684577941895,14.028265953063965
123.2,SAFETY_HOLD,4,OUTBOUND,0.3,0.9025,140.5026,11.127,True,NORMAL,MONITOR,True,{},"[""uav2"", ""uav1"", ""uav0""]",limited,False,{},NONE,NORMAL,SAFE,1.0,IDLE,0.0,0.0,0.0,,orca3d,0.0,False,avoidance not required,,{},,,,,,,,,,,2,obstacle clearance violation,6.662,0.761,0.936,0,0,0.0,0.0,[],61.47770309448242,59.207557678222656,14.12881851196289,61.16728591918945,65.1551513671875,14.14378833770752,57.93355941772461,12.018328666687012,14.016193389892578
123.4,SAFETY_HOLD,4,OUTBOUND,0.3,0.9025,140.5026,11.127,True,NORMAL,MONITOR,True,{},"[""uav2"", ""uav1"", ""uav0""]",limited,False,{},NONE,NORMAL,SAFE,1.0,IDLE,0.0,0.0,0.0,,orca3d,0.0,False,avoidance not required,,{},,,,,,,,,,,2,obstacle clearance violation,6.657,0.766,0.885,0,0,0.0,0.0,[],61.47787857055664,59.20529556274414,14.124724388122559,61.165252685546875,65.15263366699219,14.136821746826172,57.92688751220703,12.036134719848633,14.029708862304688
123.6,SAFETY_HOLD,4,OUTBOUND,0.3,0.9024,140.474,11.127,True,NORMAL,MONITOR,True,{},"[""uav2"", ""uav1"", ""uav0""]",limited,False,{},NONE,NORMAL,SAFE,1.0,IDLE,0.0,0.0,0.0,,orca3d,0.0,False,avoidance not required,,{},,,,,,,,,,,2,obstacle clearance violation,6.655,0.773,0.906,0,0,0.0,0.0,[],61.47721862792969,59.19871520996094,14.126172065734863,61.16463851928711,65.154541015625,14.13076400756836,57.923484802246094,11.990438461303711,14.015118598937988
123.8,SAFETY_HOLD,4,OUTBOUND,0.3,0.9024,140.474,11.127,True,NORMAL,MONITOR,True,{},"[""uav2"", ""uav1"", ""uav0""]",limited,False,{},NONE,NORMAL,SAFE,1.0,IDLE,0.0,0.0,0.0,,orca3d,0.0,False,avoidance not required,,{},,,,,,,,,,,2,obstacle clearance violation,6.663,0.777,0.858,0,0,0.0,0.0,[],61.47797775268555,59.190494537353516,14.125322341918945,61.16432189941406,65.1583023071289,14.121082305908203,57.91220474243164,12.010713577270508,14.0270357131958
124.0,SAFETY_HOLD,4,OUTBOUND,0.3,0.9024,140.474,11.127,True,NORMAL,MONITOR,True,{},"[""uav2"", ""uav1"", ""uav0""]",limited,False,{},NONE,NORMAL,SAFE,1.0,IDLE,0.0,0.0,0.0,,orca3d,0.0,False,avoidance not required,,{},,,,,,,,,,,2,obstacle clearance violation,6.673,0.788,0.881,0,0,0.0,0.0,[],61.47816848754883,59.1894416809082,14.122767448425293,61.16478729248047,65.15977478027344,14.117691040039062,57.90658950805664,11.966777801513672,14.012818336486816
124.2,SAFETY_HOLD,4,OUTBOUND,0.3,0.9022,140.4455,11.127,True,NORMAL,MONITOR,True,{},"[""uav2"", ""uav1"", ""uav0""]",limited,False,{},NONE,NORMAL,SAFE,1.0,IDLE,0.0,0.0,0.0,,orca3d,0.0,False,avoidance not required,,{},,,,,,,,,,,2,obstacle clearance violation,6.676,0.793,0.835,0,0,0.0,0.0,[],61.47958755493164,59.18627166748047,14.118748664855957,61.16526412963867,65.16202545166016,14.121715545654297,57.90457534790039,11.991016387939453,14.023673057556152
124.4,SAFETY_HOLD,4,OUTBOUND,0.3,0.9022,140.4455,11.127,True,NORMAL,MONITOR,True,{},"[""uav2"", ""uav1"", ""uav0""]",limited,False,{},NONE,NORMAL,SAFE,1.0,IDLE,0.0,0.0,0.0,,orca3d,0.0,False,avoidance not required,,{},,,,,,,,,,,2,obstacle clearance violation,6.680,0.795,0.861,0,0,0.0,0.0,[],61.478477478027344,59.18635177612305,14.111409187316895,61.16621398925781,65.16385650634766,14.125225067138672,57.904014587402344,12.036025047302246,14.048561096191406
124.6,SAFETY_HOLD,4,OUTBOUND,0.3,0.9021,140.4168,11.127,True,NORMAL,MONITOR,True,{},"[""uav2"", ""uav1"", ""uav0""]",limited,False,{},NONE,NORMAL,SAFE,1.0,IDLE,0.0,0.0,0.0,,orca3d,0.0,False,avoidance not required,,{},,,,,,,,,,,2,obstacle clearance violation,6.683,0.796,0.912,0,0,0.0,0.0,[],61.4788932800293,59.18434143066406,14.107161521911621,61.167564392089844,65.16329193115234,14.12451457977295,57.905296325683594,12.003971099853516,14.034287452697754
124.8,SAFETY_HOLD,4,OUTBOUND,0.3,0.9021,140.4168,11.127,True,NORMAL,MONITOR,True,{},"[""uav2"", ""uav1"", ""uav0""]",limited,False,{},NONE,NORMAL,SAFE,1.0,IDLE,0.0,0.0,0.0,,orca3d,0.0,False,avoidance not required,,{},,,,,,,,,,,2,obstacle clearance violation,6.684,0.795,0.877,0,0,0.0,0.0,[],61.479774475097656,59.18433380126953,14.100558280944824,61.17051315307617,65.16404724121094,14.12265396118164,57.90517044067383,12.01516056060791,14.035407066345215
125.0,SAFETY_HOLD,4,OUTBOUND,0.3,0.9021,140.4168,11.127,True,NORMAL,MONITOR,True,{},"[""uav2"", ""uav1"", ""uav0""]",limited,False,{},NONE,NORMAL,SAFE,1.0,IDLE,0.0,0.0,0.0,,orca3d,0.0,False,avoidance not required,,{},,,,,,,,,,,2,obstacle clearance violation,6.686,0.795,0.888,0,0,0.0,0.0,[],61.48151397705078,59.18230056762695,14.095470428466797,61.173213958740234,65.16315460205078,14.118223190307617,57.906700134277344,11.962438583374023,14.0111722946167
125.2,SAFETY_HOLD,4,OUTBOUND,0.3,0.9019,140.3882,11.127,True,NORMAL,MONITOR,True,{},"[""uav2"", ""uav1"", ""uav0""]",limited,False,{},NONE,NORMAL,SAFE,1.0,IDLE,0.0,0.0,0.0,,orca3d,0.0,False,avoidance not required,,{},,,,,,,,,,,2,obstacle clearance violation,6.687,0.793,0.830,0,0,0.0,0.0,[],61.48335266113281,59.17873764038086,14.095772743225098,61.17820739746094,65.16398620605469,14.112399101257324,57.91179656982422,11.967510223388672,14.00442886352539
125.4,SAFETY_HOLD,4,OUTBOUND,0.3,0.9019,140.3882,11.127,True,NORMAL,MONITOR,True,{},"[""uav2"", ""uav1"", ""uav0""]",limited,False,{},NONE,NORMAL,SAFE,1.0,IDLE,0.0,0.0,0.0,,orca3d,0.0,False,avoidance not required,,{},,,,,,,,,,,2,obstacle clearance violation,6.693,0.788,0.832,0,0,0.0,0.0,[],61.48546600341797,59.17469787597656,14.095495223999023,61.182106018066406,65.16329956054688,14.10831069946289,57.91575241088867,11.912590980529785,13.978766441345215
125.6,SAFETY_HOLD,4,OUTBOUND,0.3,0.9018,140.3596,11.127,True,NORMAL,MONITOR,True,{},"[""uav2"", ""uav1"", ""uav0""]",limited,False,{},NONE,NORMAL,SAFE,1.0,IDLE,0.0,0.0,0.0,,orca3d,0.0,False,avoidance not required,,{},,,,,,,,,,,2,obstacle clearance violation,6.697,0.784,0.772,0,0,0.0,0.0,[],61.489898681640625,59.17352294921875,14.095224380493164,61.18931579589844,65.16281127929688,14.098788261413574,57.9178581237793,11.918018341064453,13.976288795471191
125.8,SAFETY_HOLD,4,OUTBOUND,0.3,0.9018,140.3596,11.127,True,NORMAL,MONITOR,True,{},"[""uav2"", ""uav1"", ""uav0""]",limited,False,{},NONE,NORMAL,SAFE,1.0,IDLE,0.0,0.0,0.0,,orca3d,0.0,False,avoidance not required,,{},,,,,,,,,,,2,obstacle clearance violation,6.698,0.782,0.776,0,0,0.0,0.0,[],61.49264907836914,59.17156982421875,14.094693183898926,61.19364547729492,65.1613998413086,14.09592056274414,57.91910171508789,11.865922927856445,13.955618858337402
126.0,SAFETY_HOLD,4,OUTBOUND,0.3,0.9018,140.3596,11.127,True,NORMAL,MONITOR,True,{},"[""uav2"", ""uav1"", ""uav0""]",limited,False,{},NONE,NORMAL,SAFE,1.0,IDLE,0.0,0.0,0.0,,orca3d,0.0,False,avoidance not required,,{},,,,,,,,,,,2,obstacle clearance violation,6.700,0.781,0.720,0,0,0.0,0.0,[],61.49566650390625,59.1678581237793,14.08996868133545,61.19886779785156,65.16226959228516,14.091021537780762,57.91896438598633,11.880387306213379,13.951976776123047
126.2,SAFETY_HOLD,4,OUTBOUND,0.3,0.9017,140.3312,11.127,True,NORMAL,MONITOR,True,{},"[""uav2"", ""uav1"", ""uav0""]",limited,False,{},NONE,NORMAL,SAFE,1.0,IDLE,0.0,0.0,0.0,,orca3d,0.0,False,avoidance not required,,{},,,,,,,,,,,2,obstacle clearance violation,6.705,0.781,0.732,0,0,0.0,0.0,[],61.502437591552734,59.165889739990234,14.083171844482422,61.201377868652344,65.16136932373047,14.087445259094238,57.91775894165039,11.835661888122559,13.933233261108398
126.4,SAFETY_HOLD,4,OUTBOUND,0.3,0.9017,140.3312,11.127,True,NORMAL,MONITOR,True,{},"[""uav2"", ""uav1"", ""uav0""]",limited,False,{},NONE,NORMAL,SAFE,1.0,IDLE,0.0,0.0,0.0,,orca3d,0.0,False,avoidance not required,,{},,,,,,,,,,,2,obstacle clearance violation,6.704,0.782,0.684,0,0,0.0,0.0,[],61.50605010986328,59.16410827636719,14.080159187316895,61.201473236083984,65.1591796875,14.086845397949219,57.91713333129883,11.856042861938477,13.928752899169922
126.6,SAFETY_HOLD,4,OUTBOUND,0.3,0.9015,140.303,11.127,True,NORMAL,MONITOR,True,{},"[""uav2"", ""uav1"", ""uav0""]",limited,False,{},NONE,NORMAL,SAFE,1.0,IDLE,0.0,0.0,0.0,,orca3d,0.0,False,avoidance not required,,{},,,,,,,,,,,2,obstacle clearance violation,6.702,0.783,0.700,0,0,0.0,0.0,[],61.51179122924805,59.164833068847656,14.07650089263916,61.202186584472656,65.15642547607422,14.08713150024414,57.9157600402832,11.81580924987793,13.910517692565918
126.8,SAFETY_HOLD,4,OUTBOUND,0.3,0.9015,140.303,11.127,True,NORMAL,MONITOR,True,{},"[""uav2"", ""uav1"", ""uav0""]",limited,False,{},NONE,NORMAL,SAFE,1.0,IDLE,0.0,0.0,0.0,,orca3d,0.0,False,avoidance not required,,{},,,,,,,,,,,2,obstacle clearance violation,6.696,0.784,0.656,0,0,0.0,0.0,[],61.51376724243164,59.16493225097656,14.075896263122559,61.20112228393555,65.15361022949219,14.087230682373047,57.91349411010742,11.837968826293945,13.90892219543457
127.0,SAFETY_HOLD,4,OUTBOUND,0.3,0.9015,140.303,11.127,True,NORMAL,MONITOR,True,{},"[""uav2"", ""uav1"", ""uav0""]",limited,False,{},NONE,NORMAL,SAFE,1.0,IDLE,0.0,0.0,0.0,,orca3d,0.0,False,avoidance not required,,{},,,,,,,,,,,2,obstacle clearance violation,6.692,0.787,0.676,0,0,0.0,0.0,[],61.518802642822266,59.16619873046875,14.067403793334961,61.202781677246094,65.1527099609375,14.08503532409668,57.91095733642578,11.799773216247559,13.894054412841797
127.2,SAFETY_HOLD,4,OUTBOUND,0.3,0.9014,140.2749,11.127,True,NORMAL,MONITOR,True,{},"[""uav2"", ""uav1"", ""uav0""]",limited,False,{},NONE,NORMAL,SAFE,1.0,IDLE,0.0,0.0,0.0,,orca3d,0.0,False,avoidance not required,,{},,,,,,,,,,,2,obstacle clearance violation,6.689,0.789,0.635,0,0,0.0,0.0,[],61.5203742980957,59.16647720336914,14.0653076171875,61.202491760253906,65.15177917480469,14.082157135009766,57.91068649291992,11.828076362609863,13.892849922180176
127.4,SAFETY_HOLD,4,OUTBOUND,0.3,0.9014,140.2749,11.127,True,NORMAL,MONITOR,True,{},"[""uav2"", ""uav1"", ""uav0""]",limited,False,{},NONE,NORMAL,SAFE,1.0,IDLE,0.0,0.0,0.0,,orca3d,0.0,False,avoidance not required,,{},,,,,,,,,,,2,obstacle clearance violation,6.687,0.789,0.660,0,0,0.0,0.0,[],61.526065826416016,59.16565704345703,14.0592622756958,61.204898834228516,65.15282440185547,14.080748558044434,57.90924835205078,11.79415225982666,13.876710891723633
127.6,SAFETY_HOLD,4,OUTBOUND,0.3,0.9012,140.2469,11.127,True,NORMAL,MONITOR,True,{},"[""uav2"", ""uav1"", ""uav0""]",limited,False,{},NONE,NORMAL,SAFE,1.0,IDLE,0.0,0.0,0.0,,orca3d,0.0,False,avoidance not required,,{},,,,,,,,,,,2,obstacle clearance violation,6.687,0.791,0.623,0,0,0.0,0.0,[],61.53271484375,59.164573669433594,14.048561096191406,61.20502853393555,65.15279388427734,14.082194328308105,57.908260345458984,11.82292366027832,13.871816635131836
127.8,SAFETY_HOLD,4,OUTBOUND,0.3,0.9012,140.2469,11.127,True,NORMAL,MONITOR,True,{},"[""uav2"", ""uav1"", ""uav0""]",limited,False,{},NONE,NORMAL,SAFE,1.0,IDLE,0.0,0.0,0.0,,orca3d,0.0,False,avoidance not required,,{},,,,,,,,,,,2,obstacle clearance violation,6.685,0.792,0.648,0,0,0.0,0.0,[],61.53461456298828,59.16332244873047,14.046539306640625,61.2094841003418,65.15352630615234,14.081741333007812,57.90650177001953,11.788806915283203,13.85897445678711
128.0,SAFETY_HOLD,4,OUTBOUND,0.3,0.9012,140.2469,11.127,True,NORMAL,MONITOR,True,{},"[""uav2"", ""uav1"", ""uav0""]",limited,False,{},NONE,NORMAL,SAFE,1.0,IDLE,0.0,0.0,0.0,,orca3d,0.0,False,avoidance not required,,{},,,,,,,,,,,2,obstacle clearance violation,6.688,0.793,0.612,0,0,0.0,0.0,[],61.53593826293945,59.163597106933594,14.047051429748535,61.210655212402344,65.15316772460938,14.0800199508667,57.90706253051758,11.814661979675293,13.857932090759277
128.2,SAFETY_HOLD,4,OUTBOUND,0.3,0.9011,140.219,11.127,True,NORMAL,MONITOR,True,{},"[""uav2"", ""uav1"", ""uav0""]",limited,False,{},NONE,NORMAL,SAFE,1.0,IDLE,0.0,0.0,0.0,,orca3d,0.0,False,avoidance not required,,{},,,,,,,,,,,2,obstacle clearance violation,6.688,0.793,0.636,0,0,0.0,0.0,[],61.53395462036133,59.16385269165039,14.050708770751953,61.21348571777344,65.15345001220703,14.0725679397583,57.90653610229492,11.77841854095459,13.845355033874512
128.4,SAFETY_HOLD,4,OUTBOUND,0.3,0.9011,140.219,11.127,True,NORMAL,MONITOR,True,{},"[""uav2"", ""uav1"", ""uav0""]",limited,False,{},NONE,NORMAL,SAFE,1.0,IDLE,0.0,0.0,0.0,,orca3d,0.0,False,avoidance not required,,{},,,,,,,,,,,2,obstacle clearance violation,6.690,0.793,0.597,0,0,0.0,0.0,[],61.53258514404297,59.164634704589844,14.05458927154541,61.21306228637695,65.15345001220703,14.069973945617676,57.906822204589844,11.801403045654297,13.844078063964844
128.6,SAFETY_HOLD,4,OUTBOUND,0.3,0.901,140.191,11.127,True,NORMAL,MONITOR,True,{},"[""uav2"", ""uav1"", ""uav0""]",limited,False,{},NONE,NORMAL,SAFE,1.0,IDLE,0.0,0.0,0.0,,orca3d,0.0,False,avoidance not required,,{},,,,,,,,,,,2,obstacle clearance violation,6.689,0.793,0.619,0,0,0.0,0.0,[],61.52909469604492,59.16484451293945,14.059392929077148,61.21358871459961,65.15386962890625,14.067817687988281,57.905704498291016,11.764080047607422,13.832290649414062
128.8,SAFETY_HOLD,4,OUTBOUND,0.3,0.901,140.191,11.127,True,NORMAL,MONITOR,True,{},"[""uav2"", ""uav1"", ""uav0""]",limited,False,{},NONE,NORMAL,SAFE,1.0,IDLE,0.0,0.0,0.0,,orca3d,0.0,False,avoidance not required,,{},,,,,,,,,,,2,obstacle clearance violation,6.691,0.794,0.580,0,0,0.0,0.0,[],61.526058197021484,59.16957092285156,14.058215141296387,61.21294021606445,65.15470886230469,14.06117057800293,57.903831481933594,11.783658981323242,13.827868461608887
129.0,SAFETY_HOLD,4,OUTBOUND,0.3,0.901,140.191,11.127,True,NORMAL,MONITOR,True,{},"[""uav2"", ""uav1"", ""uav0""]",limited,False,{},NONE,NORMAL,SAFE,1.0,IDLE,0.0,0.0,0.0,,orca3d,0.0,False,avoidance not required,,{},,,,,,,,,,,2,obstacle clearance violation,6.689,0.796,0.597,0,0,0.0,0.0,[],61.52190399169922,59.1719970703125,14.059684753417969,61.210174560546875,65.15457153320312,14.0588960647583,57.90142822265625,11.744769096374512,13.815357208251953
129.2,SAFETY_HOLD,4,OUTBOUND,0.3,0.9008,140.1632,11.127,True,NORMAL,MONITOR,True,{},"[""uav2"", ""uav1"", ""uav0""]",limited,False,{},NONE,NORMAL,SAFE,1.0,IDLE,0.0,0.0,0.0,,orca3d,0.0,False,avoidance not required,,{},,,,,,,,,,,2,obstacle clearance violation,6.687,0.799,0.556,0,0,0.0,0.0,[],61.516578674316406,59.17256164550781,14.057677268981934,61.207828521728516,65.15299987792969,14.057469367980957,57.899173736572266,11.766250610351562,13.806985855102539
129.4,SAFETY_HOLD,4,OUTBOUND,0.3,0.9008,140.1632,11.127,True,NORMAL,MONITOR,True,{},"[""uav2"", ""uav1"", ""uav0""]",limited,False,{},NONE,NORMAL,SAFE,1.0,IDLE,0.0,0.0,0.0,,orca3d,0.0,False,avoidance not required,,{},,,,,,,,,,,2,obstacle clearance violation,6.687,0.801,0.574,0,0,0.0,0.0,[],61.51130676269531,59.17155838012695,14.05980110168457,61.204166412353516,65.1513442993164,14.059518814086914,57.8964958190918,11.728572845458984,13.794365882873535
129.6,SAFETY_HOLD,4,OUTBOUND,0.3,0.9007,140.1355,11.127,True,NORMAL,MONITOR,True,{},"[""uav2"", ""uav1"", ""uav0""]",limited,False,{},NONE,NORMAL,SAFE,1.0,IDLE,0.0,0.0,0.0,,orca3d,0.0,False,avoidance not required,,{},,,,,,,,,,,2,obstacle clearance violation,6.687,0.804,0.534,0,0,0.0,0.0,[],61.50386047363281,59.17306137084961,14.062373161315918,61.19927978515625,65.15292358398438,14.059379577636719,57.889915466308594,11.740365982055664,13.785505294799805
129.8,SAFETY_HOLD,4,OUTBOUND,0.3,0.9007,140.1355,11.127,True,NORMAL,MONITOR,True,{},"[""uav2"", ""uav1"", ""uav0""]",limited,False,{},NONE,NORMAL,SAFE,1.0,IDLE,0.0,0.0,0.0,,orca3d,0.0,False,avoidance not required,,{},,,,,,,,,,,2,obstacle clearance violation,6.688,0.810,0.543,1,1,0.545,0.0,"[""lidar_target_75""]",61.49707794189453,59.1725959777832,14.066460609436035,61.193504333496094,65.1543197631836,14.062094688415527,57.88457489013672,11.698128700256348,13.775374412536621
130.0,SAFETY_HOLD,4,OUTBOUND,0.3,0.9007,140.1355,11.127,True,NORMAL,MONITOR,True,{},"[""uav2"", ""uav1"", ""uav0""]",limited,False,{},NONE,HOLD,WARNING,0.0,HOLD,0.0,0.0,0.0,ORCA plan is not viable,orca3d,0.0,False,"3D ORCA command failed dynamic, static or fleet constraints; hold required",2.492,"{""E_CORRIDOR_TOO_NARROW"": 1}",,,,,,,,6.0,15.392,,2,obstacle clearance violation,6.690,0.815,0.499,1,0,0.474,0.2,"[""lidar_target_75""]",61.491336822509766,59.17832946777344,14.070783615112305,61.18489074707031,65.16016387939453,14.061278343200684,57.87648391723633,11.714929580688477,13.773887634277344
130.2,SAFETY_HOLD,4,OUTBOUND,0.3,0.9005,140.1078,11.127,True,NORMAL,MONITOR,True,{},"[""uav2"", ""uav1"", ""uav0""]",limited,False,{},NONE,HOLD,WARNING,0.0,HOLD,0.0,0.0,0.0,ORCA plan is not viable,orca3d,0.0,False,"3D ORCA command failed dynamic, static or fleet constraints; hold required",4.967,"{""E_CORRIDOR_TOO_NARROW"": 1}",,,,,,,,6.0,15.386,,2,obstacle clearance violation,6.689,0.824,0.514,1,0,0.412,0.4,"[""lidar_target_75""]",61.487335205078125,59.180049896240234,14.0740327835083,61.17816925048828,65.16236877441406,14.06238842010498,57.8706169128418,11.677249908447266,13.76749324798584
130.4,SAFETY_HOLD,4,OUTBOUND,0.3,0.9005,140.1078,11.127,True,NORMAL,MONITOR,True,{},"[""uav2"", ""uav1"", ""uav0""]",limited,False,{},NONE,HOLD,WARNING,0.0,HOLD,0.0,0.0,0.0,ORCA plan is not viable,orca3d,0.0,False,"3D ORCA command failed dynamic, static or fleet constraints; hold required",4.948,"{""E_CORRIDOR_TOO_NARROW"": 1}",,,,,,,,6.0,15.381,,2,obstacle clearance violation,6.688,0.829,0.476,1,0,0.358,0.6,"[""lidar_target_75""]",61.4869270324707,59.186702728271484,14.073450088500977,61.17184066772461,65.16326904296875,14.061156272888184,57.86105728149414,11.694868087768555,13.767257690429688
130.6,SAFETY_HOLD,4,OUTBOUND,0.3,0.9004,140.0802,11.127,True,NORMAL,MONITOR,True,{},"[""uav2"", ""uav1"", ""uav0""]",limited,False,{},NONE,HOLD,WARNING,0.0,HOLD,0.0,0.0,0.0,ORCA plan is not viable,orca3d,0.0,False,"3D ORCA command failed dynamic, static or fleet constraints; hold required",3.286,"{""E_CORRIDOR_TOO_NARROW"": 1}",,,,,,,,6.0,15.381,,2,obstacle clearance violation,6.681,0.839,0.492,1,0,0.311,0.8,"[""lidar_target_75""]",61.48662185668945,59.188106536865234,14.0728759765625,61.167701721191406,65.16180419921875,14.063486099243164,57.85551452636719,11.658594131469727,13.760760307312012
130.8,SAFETY_HOLD,4,OUTBOUND,0.3,0.9004,140.0802,11.127,True,NORMAL,MONITOR,True,{},"[""uav2"", ""uav1"", ""uav0""]",limited,False,{},NONE,HOLD,WARNING,0.0,HOLD,0.0,0.0,0.0,ORCA plan is not viable,orca3d,0.0,False,"3D ORCA command failed dynamic, static or fleet constraints; hold required",4.555,"{""E_CORRIDOR_TOO_NARROW"": 1}",,,,,,,,6.0,15.381,,2,obstacle clearance violation,6.676,0.844,0.456,1,0,0.271,1.0,"[""lidar_target_75""]",61.486839294433594,59.194786071777344,14.064813613891602,61.16683578491211,65.16078186035156,14.062918663024902,57.846038818359375,11.67513370513916,13.753260612487793
131.0,SAFETY_HOLD,4,OUTBOUND,0.3,0.9004,140.0802,11.127,True,NORMAL,MONITOR,True,{},"[""uav2"", ""uav1"", ""uav0""]",limited,False,{},NONE,NORMAL,SAFE,1.0,IDLE,0.0,0.0,0.0,,orca3d,0.0,False,avoidance not required,,{},,,,,,,,6.0,15.382,,2,obstacle clearance violation,6.669,0.854,0.470,1,0,0.235,1.2,"[""lidar_target_75""]",61.486846923828125,59.19594192504883,14.061766624450684,61.16676712036133,65.15833282470703,14.064403533935547,57.84141540527344,11.639188766479492,13.743574142456055
131.2,SAFETY_HOLD,4,OUTBOUND,0.3,0.9003,140.0526,11.127,True,NORMAL,MONITOR,True,{},"[""uav2"", ""uav1"", ""uav0""]",limited,False,{},NONE,NORMAL,SAFE,1.0,IDLE,0.0,0.0,0.0,,orca3d,0.0,False,avoidance not required,,{},,,,,,,,6.0,15.382,,2,obstacle clearance violation,6.666,0.859,0.433,1,0,0.205,1.4,"[""lidar_target_75""]",61.486427307128906,59.20157241821289,14.056503295898438,61.16827392578125,65.16127014160156,14.064485549926758,57.84010314941406,11.655220985412598,13.736143112182617
131.4,SAFETY_HOLD,4,OUTBOUND,0.3,0.9003,140.0526,11.127,True,NORMAL,MONITOR,True,{},"[""uav2"", ""uav1"", ""uav0""]",limited,False,{},NONE,NORMAL,SAFE,1.0,IDLE,0.0,0.0,0.0,,orca3d,0.0,False,avoidance not required,,{},,,,,,,,6.0,15.382,,2,obstacle clearance violation,6.664,0.860,0.447,0,0,0.0,0.0,[],61.48594665527344,59.201698303222656,14.056068420410156,61.16922378540039,65.1615219116211,14.065643310546875,57.840980529785156,11.62026309967041,13.728534698486328
131.6,SAFETY_HOLD,4,OUTBOUND,0.3,0.9001,140.0251,11.127,True,NORMAL,MONITOR,True,{},"[""uav2"", ""uav1"", ""uav0""]",limited,False,{},NONE,NORMAL,SAFE,1.0,IDLE,0.0,0.0,0.0,,orca3d,0.0,False,avoidance not required,,{},,,,,,,,,,,2,obstacle clearance violation,6.665,0.859,0.411,0,0,0.0,0.0,[],61.48553466796875,59.2108268737793,14.05350112915039,61.1702766418457,65.16593933105469,14.062957763671875,57.840309143066406,11.636208534240723,13.719498634338379
131.8,SAFETY_HOLD,4,OUTBOUND,0.3,0.9001,140.0251,11.127,True,NORMAL,MONITOR,True,{},"[""uav2"", ""uav1"", ""uav0""]",limited,False,{},NONE,NORMAL,SAFE,1.0,IDLE,0.0,0.0,0.0,,orca3d,0.0,False,avoidance not required,,{},,,,,,,,,,,2,obstacle clearance violation,6.661,0.860,0.425,0,0,0.0,0.0,[],61.48501205444336,59.2129020690918,14.055583000183105,61.17097473144531,65.16805267333984,14.064068794250488,57.840694427490234,11.66897201538086,13.711175918579102
132.0,SAFETY_HOLD,4,OUTBOUND,0.3,0.9001,140.0251,11.127,True,NORMAL,MONITOR,True,{},"[""uav2"", ""uav1"", ""uav0""]",limited,False,{},NONE,NORMAL,SAFE,1.0,IDLE,0.0,0.0,0.0,,orca3d,0.0,False,avoidance not required,,{},,,,,,,,,,,2,obstacle clearance violation,6.662,0.859,0.457,0,0,0.0,0.0,[],61.488067626953125,59.219642639160156,14.058120727539062,61.17215347290039,65.17850494384766,14.062359809875488,57.84252166748047,11.643519401550293,13.705734252929688
132.2,SAFETY_HOLD,4,OUTBOUND,0.3,0.9,139.9978,11.127,True,NORMAL,MONITOR,True,{},"[""uav2"", ""uav1"", ""uav0""]",limited,False,{},NONE,NORMAL,SAFE,1.0,IDLE,0.0,0.0,0.0,,orca3d,0.0,False,avoidance not required,,{},,,,,,,,,,,2,obstacle clearance violation,6.664,0.857,0.431,0,0,0.0,0.0,[],61.490013122558594,59.21869659423828,14.061983108520508,61.176239013671875,65.18803405761719,14.060890197753906,57.84384536743164,11.65282917022705,13.699214935302734
132.4,SAFETY_HOLD,4,OUTBOUND,0.3,0.9,139.9978,11.127,True,NORMAL,MONITOR,True,{},"[""uav2"", ""uav1"", ""uav0""]",limited,False,{},NONE,NORMAL,SAFE,1.0,IDLE,0.0,0.0,0.0,,orca3d,0.0,False,avoidance not required,,{},,,,,,,,,,,2,obstacle clearance violation,6.675,0.856,0.439,0,0,0.0,0.0,[],61.49055862426758,59.228271484375,14.060256004333496,61.178680419921875,65.19082641601562,14.062610626220703,57.84614562988281,11.614020347595215,13.694855690002441
132.6,SAFETY_HOLD,4,OUTBOUND,0.3,0.8999,139.9705,11.127,True,NORMAL,MONITOR,True,{},"[""uav2"", ""uav1"", ""uav0""]",limited,False,{},NONE,NORMAL,SAFE,1.0,IDLE,0.0,0.0,0.0,,orca3d,0.0,False,avoidance not required,,{},,,,,,,,,,,2,obstacle clearance violation,6.669,0.854,0.400,0,0,0.0,0.0,[],61.49030685424805,59.22915267944336,14.060586929321289,61.180564880371094,65.19646453857422,14.058161735534668,57.85176086425781,11.614128112792969,13.69021224975586
132.8,SAFETY_HOLD,4,OUTBOUND,0.3,0.8999,139.9705,11.127,True,NORMAL,MONITOR,True,{},"[""uav2"", ""uav1"", ""uav0""]",limited,False,{},NONE,NORMAL,SAFE,1.0,IDLE,0.0,0.0,0.0,,orca3d,0.0,False,avoidance not required,,{},,,,,,,,,,,2,obstacle clearance violation,6.675,0.848,0.400,0,0,0.0,0.0,[],61.489952087402344,59.23429870605469,14.056291580200195,61.18144226074219,65.19638061523438,14.058995246887207,57.85649871826172,11.572123527526855,13.687082290649414
133.0,SAFETY_HOLD,4,OUTBOUND,0.3,0.8999,139.9705,11.127,True,NORMAL,MONITOR,True,{},"[""uav2"", ""uav1"", ""uav0""]",limited,False,{},NONE,NORMAL,SAFE,1.0,IDLE,0.0,0.0,0.0,,orca3d,0.0,False,avoidance not required,,{},,,,,,,,,,,2,obstacle clearance violation,6.670,0.844,0.358,0,0,0.0,0.0,[],61.489044189453125,59.23103713989258,14.055614471435547,61.185699462890625,65.20364379882812,14.060294151306152,57.864410400390625,11.575589179992676,13.68902587890625
133.2,SAFETY_HOLD,4,OUTBOUND,0.3,0.8997,139.9432,11.127,True,NORMAL,MONITOR,True,{},"[""uav2"", ""uav1"", ""uav0""]",limited,False,{},NONE,NORMAL,SAFE,1.0,IDLE,0.0,0.0,0.0,,orca3d,0.0,False,avoidance not required,,{},,,,,,,,,,,2,obstacle clearance violation,6.682,0.836,0.362,0,0,0.0,0.0,[],61.494483947753906,59.23445510864258,14.053552627563477,61.187252044677734,65.20391845703125,14.063036918640137,57.86954116821289,11.538390159606934,13.687561988830566
133.4,SAFETY_HOLD,4,OUTBOUND,0.3,0.8997,139.9432,11.127,True,NORMAL,MONITOR,True,{},"[""uav2"", ""uav1"", ""uav0""]",limited,False,{},NONE,NORMAL,SAFE,1.0,IDLE,0.0,0.0,0.0,,orca3d,0.0,False,avoidance not required,,{},,,,,,,,,,,2,obstacle clearance violation,6.678,0.830,0.325,0,0,0.0,0.0,[],61.49747848510742,59.23031234741211,14.053231239318848,61.18842697143555,65.20947265625,14.0648775100708,57.87749481201172,11.542378425598145,13.684046745300293
133.6,SAFETY_HOLD,4,OUTBOUND,0.3,0.8996,139.9159,11.127,True,NORMAL,MONITOR,True,{},"[""uav2"", ""uav1"", ""uav0""]",limited,False,{},NONE,NORMAL,SAFE,1.0,IDLE,0.0,0.0,0.0,,orca3d,0.0,False,avoidance not required,,{},,,,,,,,,,,2,obstacle clearance violation,6.686,0.823,0.329,0,0,0.0,0.0,[],61.503662109375,59.23622512817383,14.052640914916992,61.187808990478516,65.20816802978516,14.066285133361816,57.88108825683594,11.507746696472168,13.680929183959961
133.8,SAFETY_HOLD,4,OUTBOUND,0.3,0.8996,139.9159,11.127,True,NORMAL,MONITOR,True,{},"[""uav2"", ""uav1"", ""uav0""]",limited,False,{},NONE,NORMAL,SAFE,1.0,IDLE,0.0,0.0,0.0,,orca3d,0.0,False,avoidance not required,,{},,,,,,,,,,,2,obstacle clearance violation,6.676,0.819,0.295,0,0,0.0,0.0,[],61.50825500488281,59.24238967895508,14.045755386352539,61.18854904174805,65.21089172363281,14.068882942199707,57.88496398925781,11.520367622375488,13.67721176147461
134.0,SAFETY_HOLD,4,OUTBOUND,0.3,0.8996,139.9159,11.127,True,NORMAL,MONITOR,True,{},"[""uav2"", ""uav1"", ""uav0""]",limited,False,{},NONE,NORMAL,SAFE,1.0,IDLE,0.0,0.0,0.0,,orca3d,0.0,False,avoidance not required,,{},,,,,,,,,,,2,obstacle clearance violation,6.671,0.815,0.308,0,0,0.0,0.0,[],61.50901794433594,59.23924255371094,14.045063018798828,61.18798065185547,65.20758056640625,14.071432113647461,57.88518524169922,11.493488311767578,13.673675537109375
134.2,SAFETY_HOLD,4,OUTBOUND,0.3,0.8994,139.8887,11.127,True,NORMAL,MONITOR,True,{},"[""uav2"", ""uav1"", ""uav0""]",limited,False,{},NONE,NORMAL,SAFE,1.0,IDLE,0.0,0.0,0.0,,orca3d,0.0,False,avoidance not required,,{},,,,,,,,,,,2,obstacle clearance violation,6.671,0.815,0.281,0,0,0.0,0.0,[],61.5107421875,59.24089813232422,14.045012474060059,61.1933479309082,65.20835876464844,14.070499420166016,57.88520431518555,11.511452674865723,13.66578483581543
134.4,SAFETY_HOLD,4,OUTBOUND,0.3,0.8994,139.8887,11.127,True,NORMAL,MONITOR,True,{},"[""uav2"", ""uav1"", ""uav0""]",limited,False,{},NONE,NORMAL,SAFE,1.0,IDLE,0.0,0.0,0.0,,orca3d,0.0,False,avoidance not required,,{},,,,,,,,,,,2,obstacle clearance violation,6.671,0.815,0.298,0,0,0.0,0.0,[],61.50925827026367,59.235740661621094,14.047989845275879,61.19510269165039,65.2043228149414,14.070304870605469,57.88278579711914,11.488688468933105,13.660310745239258
134.6,SAFETY_HOLD,4,OUTBOUND,0.3,0.8993,139.8615,11.127,True,NORMAL,MONITOR,True,{},"[""uav2"", ""uav1"", ""uav0""]",limited,False,{},NONE,NORMAL,SAFE,1.0,IDLE,0.0,0.0,0.0,,orca3d,0.0,False,avoidance not required,,{},,,,,,,,,,,2,obstacle clearance violation,6.674,0.817,0.275,0,0,0.0,0.0,[],61.511837005615234,59.23398971557617,14.053817749023438,61.19880676269531,65.20648193359375,14.067792892456055,57.882476806640625,11.507569313049316,13.654240608215332
134.8,SAFETY_HOLD,4,OUTBOUND,0.3,0.8993,139.8615,11.127,True,NORMAL,MONITOR,True,{},"[""uav2"", ""uav1"", ""uav0""]",limited,False,{},NONE,NORMAL,SAFE,1.0,IDLE,0.0,0.0,0.0,,orca3d,0.0,False,avoidance not required,,{},,,,,,,,,,,2,obstacle clearance violation,6.678,0.818,0.294,0,0,0.0,0.0,[],61.51094055175781,59.22617721557617,14.058606147766113,61.199581146240234,65.20317840576172,14.068167686462402,57.87957000732422,11.486235618591309,13.651549339294434
135.0,SAFETY_HOLD,4,OUTBOUND,0.3,0.8993,139.8615,11.127,True,NORMAL,MONITOR,True,{},"[""uav2"", ""uav1"", ""uav0""]",limited,False,{},NONE,NORMAL,SAFE,1.0,IDLE,0.0,0.0,0.0,,orca3d,0.0,False,avoidance not required,,{},,,,,,,,,,,2,obstacle clearance violation,6.683,0.820,0.272,0,0,0.0,0.0,[],61.51560592651367,59.221954345703125,14.063834190368652,61.207401275634766,65.2058334350586,14.067620277404785,57.88051986694336,11.500740051269531,13.650333404541016
135.2,SAFETY_HOLD,4,OUTBOUND,0.3,0.8992,139.8344,11.127,True,NORMAL,MONITOR,True,{},"[""uav2"", ""uav1"", ""uav0""]",limited,False,{},NONE,NORMAL,SAFE,1.0,IDLE,0.0,0.0,0.0,,orca3d,0.0,False,avoidance not required,,{},,,,,,,,,,,2,obstacle clearance violation,6.690,0.819,0.287,0,0,0.0,0.0,[],61.51569747924805,59.214111328125,14.069002151489258,61.20997619628906,65.20265197753906,14.068857192993164,57.878700256347656,11.477210998535156,13.649868965148926
135.4,SAFETY_HOLD,4,OUTBOUND,0.3,0.8992,139.8344,11.127,True,NORMAL,MONITOR,True,{},"[""uav2"", ""uav1"", ""uav0""]",limited,False,{},NONE,NORMAL,SAFE,1.0,IDLE,0.0,0.0,0.0,,orca3d,0.0,False,avoidance not required,,{},,,,,,,,,,,2,obstacle clearance violation,6.695,0.821,0.263,0,0,0.0,0.0,[],61.51945495605469,59.208839416503906,14.075117111206055,61.21767044067383,65.202392578125,14.068656921386719,57.882110595703125,11.490920066833496,13.649545669555664
135.6,SAFETY_HOLD,4,OUTBOUND,0.3,0.899,139.8074,11.127,True,NORMAL,MONITOR,True,{},"[""uav2"", ""uav1"", ""uav0""]",limited,False,{},NONE,NORMAL,SAFE,1.0,IDLE,0.0,0.0,0.0,,orca3d,0.0,False,avoidance not required,,{},,,,,,,,,,,2,obstacle clearance violation,6.702,0.818,0.277,0,0,0.0,0.0,[],61.51880645751953,59.20026779174805,14.07784366607666,61.218910217285156,65.19767761230469,14.071063995361328,57.88159942626953,11.46833610534668,13.650853157043457
135.8,SAFETY_HOLD,4,OUTBOUND,0.3,0.899,139.8074,11.127,True,NORMAL,MONITOR,True,{},"[""uav2"", ""uav1"", ""uav0""]",limited,False,{},NONE,NORMAL,SAFE,1.0,IDLE,0.0,0.0,0.0,,orca3d,0.0,False,avoidance not required,,{},,,,,,,,,,,2,obstacle clearance violation,6.706,0.818,0.255,0,0,0.0,0.0,[],61.52316665649414,59.1979866027832,14.080772399902344,61.22146987915039,65.19960021972656,14.071869850158691,57.88695526123047,11.48338794708252,13.64941120147705
136.0,SAFETY_HOLD,4,OUTBOUND,0.3,0.899,139.8074,11.127,True,NORMAL,MONITOR,True,{},"[""uav2"", ""uav1"", ""uav0""]",limited,False,{},NONE,NORMAL,SAFE,1.0,IDLE,0.0,0.0,0.0,,orca3d,0.0,False,avoidance not required,,{},,,,,,,,,,,2,obstacle clearance violation,6.709,0.813,0.271,0,0,0.0,0.0,[],61.52279281616211,59.19221115112305,14.082140922546387,61.21945571899414,65.19617462158203,14.073884963989258,57.88727951049805,11.461952209472656,13.648336410522461
136.2,SAFETY_HOLD,4,OUTBOUND,0.3,0.8989,139.7803,11.127,True,NORMAL,MONITOR,True,{},"[""uav2"", ""uav1"", ""uav0""]",limited,False,{},NONE,NORMAL,SAFE,1.0,IDLE,0.0,0.0,0.0,,orca3d,0.0,False,avoidance not required,,{},,,,,,,,,,,2,obstacle clearance violation,6.710,0.813,0.250,0,0,0.0,0.0,[],61.5281982421875,59.19034957885742,14.080351829528809,61.2216682434082,65.19622039794922,14.07388973236084,57.889495849609375,11.475240707397461,13.648819923400879
136.4,SAFETY_HOLD,4,OUTBOUND,0.3,0.8989,139.7803,11.127,True,NORMAL,MONITOR,True,{},"[""uav2"", ""uav1"", ""uav0""]",limited,False,{},NONE,NORMAL,SAFE,1.0,IDLE,0.0,0.0,0.0,,orca3d,0.0,False,avoidance not required,,{},,,,,,,,,,,2,obstacle clearance violation,6.711,0.811,0.263,0,0,0.0,0.0,[],61.52736282348633,59.185829162597656,14.079950332641602,61.2204475402832,65.19218444824219,14.07440185546875,57.88767623901367,11.4531888961792,13.64902114868164
136.6,SAFETY_HOLD,4,OUTBOUND,0.3,0.8988,139.7533,11.127,True,NORMAL,MONITOR,True,{},"[""uav2"", ""uav1"", ""uav0""]",limited,False,{},NONE,NORMAL,SAFE,1.0,IDLE,0.0,0.0,0.0,,orca3d,0.0,False,avoidance not required,,{},,,,,,,,,,,2,obstacle clearance violation,6.711,0.812,0.241,0,0,0.0,0.0,[],61.53204345703125,59.18735885620117,14.079427719116211,61.225791931152344,65.19409942626953,14.075814247131348,57.8896598815918,11.463089942932129,13.643696784973145
136.8,SAFETY_HOLD,4,OUTBOUND,0.3,0.8988,139.7533,11.127,True,NORMAL,MONITOR,True,{},"[""uav2"", ""uav1"", ""uav0""]",limited,False,{},NONE,NORMAL,SAFE,1.0,IDLE,0.0,0.0,0.0,,orca3d,0.0,False,avoidance not required,,{},,,,,,,,,,,2,obstacle clearance violation,6.711,0.810,0.251,0,0,0.0,0.0,[],61.530879974365234,59.185646057128906,14.079505920410156,61.22515869140625,65.19110870361328,14.07938289642334,57.886905670166016,11.440105438232422,13.641581535339355
137.0,SAFETY_HOLD,4,OUTBOUND,0.3,0.8988,139.7533,11.127,True,NORMAL,MONITOR,True,{},"[""uav2"", ""uav1"", ""uav0""]",limited,False,{},NONE,NORMAL,SAFE,1.0,IDLE,0.0,0.0,0.0,,orca3d,0.0,False,avoidance not required,,{},,,,,,,,,,,2,obstacle clearance violation,6.711,0.813,0.228,0,0,0.0,0.0,[],61.54228591918945,59.18427658081055,14.074210166931152,61.23179626464844,65.19126892089844,14.083436965942383,57.88689041137695,11.44839859008789,13.63952922821045
137.2,SAFETY_HOLD,4,OUTBOUND,0.3,0.8986,139.7261,11.127,True,NORMAL,MONITOR,True,{},"[""uav2"", ""uav1"", ""uav0""]",limited,False,{},NONE,NORMAL,SAFE,1.0,IDLE,0.0,0.0,0.0,,orca3d,0.0,False,avoidance not required,,{},,,,,,,,,,,2,obstacle clearance violation,6.710,0.813,0.237,0,0,0.0,0.0,[],61.544742584228516,59.17988204956055,14.071166038513184,61.231239318847656,65.18694305419922,14.087105751037598,57.88359832763672,11.425711631774902,13.639593124389648
137.4,SAFETY_HOLD,4,OUTBOUND,0.3,0.8986,139.7261,11.127,True,NORMAL,MONITOR,True,{},"[""uav2"", ""uav1"", ""uav0""]",limited,False,{},NONE,NORMAL,SAFE,1.0,IDLE,0.0,0.0,0.0,,orca3d,0.0,False,avoidance not required,,{},,,,,,,,,,,2,obstacle clearance violation,6.703,0.808,0.222,0,0,0.0,0.0,[],61.549015045166016,59.181495666503906,14.072410583496094,61.23243713378906,65.18412780761719,14.08563232421875,57.89189529418945,11.43203067779541,13.633509635925293
137.6,SAFETY_HOLD,4,OUTBOUND,0.3,0.8985,139.6989,11.127,True,NORMAL,MONITOR,True,{},"[""uav2"", ""uav1"", ""uav0""]",limited,False,{},NONE,NORMAL,SAFE,1.0,IDLE,0.0,0.0,0.0,,orca3d,0.0,False,avoidance not required,,{},,,,,,,,,,,2,obstacle clearance violation,6.703,0.808,0.222,0,0,0.0,0.0,[],61.546085357666016,59.180267333984375,14.074660301208496,61.22893142700195,65.17880249023438,14.08624267578125,57.893409729003906,11.409317970275879,13.630955696105957
137.8,SAFETY_HOLD,4,OUTBOUND,0.3,0.8985,139.6989,11.127,True,NORMAL,MONITOR,True,{},"[""uav2"", ""uav1"", ""uav0""]",limited,False,{},NONE,NORMAL,SAFE,1.0,IDLE,0.0,0.0,0.0,,orca3d,0.0,False,avoidance not required,,{},,,,,,,,,,,2,obstacle clearance violation,6.699,0.807,0.200,0,0,0.0,0.0,[],61.54951095581055,59.18239974975586,14.07479190826416,61.23021697998047,65.17595672607422,14.090141296386719,57.89852523803711,11.420641899108887,13.62894344329834
138.0,SAFETY_HOLD,4,OUTBOUND,0.3,0.8985,139.6989,11.127,True,NORMAL,MONITOR,True,{},"[""uav2"", ""uav1"", ""uav0""]",limited,False,{},NONE,NORMAL,SAFE,1.0,IDLE,0.0,0.0,0.0,,orca3d,0.0,False,avoidance not required,,{},,,,,,,,,,,2,obstacle clearance violation,6.694,0.801,0.213,0,0,0.0,0.0,[],61.54615020751953,59.18124771118164,14.077199935913086,61.22623062133789,65.17072296142578,14.09377670288086,57.89725112915039,11.402708053588867,13.630395889282227
138.2,SAFETY_HOLD,4,OUTBOUND,0.3,0.8984,139.6716,11.127,True,NORMAL,MONITOR,True,{},"[""uav2"", ""uav1"", ""uav0""]",limited,False,{},NONE,NORMAL,SAFE,1.0,IDLE,0.0,0.0,0.0,,orca3d,0.0,False,avoidance not required,,{},,,,,,,,,,,2,obstacle clearance violation,6.690,0.803,0.195,0,0,0.0,0.0,[],61.549922943115234,59.184810638427734,14.080559730529785,61.2269172668457,65.16594696044922,14.099535942077637,57.9017448425293,11.41605281829834,13.63383960723877
138.4,SAFETY_HOLD,4,OUTBOUND,0.3,0.8984,139.6716,11.127,True,NORMAL,MONITOR,True,{},"[""uav2"", ""uav1"", ""uav0""]",limited,False,{},NONE,NORMAL,SAFE,1.0,IDLE,0.0,0.0,0.0,,orca3d,0.0,False,avoidance not required,,{},,,,,,,,,,,2,obstacle clearance violation,6.681,0.798,0.209,0,0,0.0,0.0,[],61.546573638916016,59.1843376159668,14.081803321838379,61.22260665893555,65.16001892089844,14.10194206237793,57.90008544921875,11.4000883102417,13.638567924499512
138.6,SAFETY_HOLD,4,OUTBOUND,0.3,0.8982,139.6445,11.127,True,NORMAL,MONITOR,True,{},"[""uav2"", ""uav1"", ""uav0""]",limited,False,{},NONE,NORMAL,SAFE,1.0,IDLE,0.0,0.0,0.0,,orca3d,0.0,False,avoidance not required,,{},,,,,,,,,,,2,obstacle clearance violation,6.676,0.800,0.193,0,0,0.0,0.0,[],61.551876068115234,59.1849365234375,14.086455345153809,61.22103500366211,65.15459442138672,14.101314544677734,57.90304946899414,11.416394233703613,13.6412353515625
138.8,SAFETY_HOLD,4,OUTBOUND,0.3,0.8982,139.6445,11.127,True,NORMAL,MONITOR,True,{},"[""uav2"", ""uav1"", ""uav0""]",limited,False,{},NONE,NORMAL,SAFE,1.0,IDLE,0.0,0.0,0.0,,orca3d,0.0,False,avoidance not required,,{},,,,,,,,,,,2,obstacle clearance violation,6.667,0.797,0.209,0,0,0.0,0.0,[],61.54977798461914,59.182533264160156,14.090246200561523,61.2159309387207,65.1495590209961,14.10122299194336,57.90540313720703,11.436164855957031,13.640405654907227
139.0,SAFETY_HOLD,4,OUTBOUND,0.3,0.8982,139.6445,11.127,True,NORMAL,MONITOR,True,{},"[""uav2"", ""uav1"", ""uav0""]",limited,False,{},NONE,NORMAL,SAFE,1.0,IDLE,0.0,0.0,0.0,,orca3d,0.0,False,avoidance not required,,{},,,,,,,,,,,2,obstacle clearance violation,6.664,0.795,0.229,0,0,0.0,0.0,[],61.54991912841797,59.18472671508789,14.09756088256836,61.21847915649414,65.15113067626953,14.103889465332031,57.9018440246582,11.422876358032227,13.641328811645508
139.2,SAFETY_HOLD,4,OUTBOUND,0.3,0.8981,139.6174,11.127,True,NORMAL,MONITOR,True,{},"[""uav2"", ""uav1"", ""uav0""]",limited,False,{},NONE,NORMAL,SAFE,1.0,IDLE,0.0,0.0,0.0,,orca3d,0.0,False,avoidance not required,,{},,,,,,,,,,,2,obstacle clearance violation,6.664,0.798,0.215,0,0,0.0,0.0,[],61.54387664794922,59.18379592895508,14.101232528686523,61.222415924072266,65.15708923339844,14.107213973999023,57.90439987182617,11.428693771362305,13.643205642700195
139.4,SAFETY_HOLD,4,OUTBOUND,0.3,0.8981,139.6174,11.127,True,NORMAL,MONITOR,True,{},"[""uav2"", ""uav1"", ""uav0""]",limited,False,{},NONE,NORMAL,SAFE,1.0,IDLE,0.0,0.0,0.0,,orca3d,0.0,False,avoidance not required,,{},,,,,,,,,,,2,obstacle clearance violation,6.675,0.796,0.221,0,0,0.0,0.0,[],61.547096252441406,59.188072204589844,14.104233741760254,61.220252990722656,65.15929412841797,14.108488082885742,57.9009895324707,11.407742500305176,13.645997047424316
139.6,SAFETY_HOLD,4,OUTBOUND,0.3,0.898,139.5904,11.127,True,NORMAL,MONITOR,True,{},"[""uav2"", ""uav1"", ""uav0""]",limited,False,{},NONE,NORMAL,SAFE,1.0,IDLE,0.0,0.0,0.0,,orca3d,0.0,False,avoidance not required,,{},,,,,,,,,,,2,obstacle clearance violation,6.670,0.799,0.200,0,0,0.0,0.0,[],61.5433464050293,59.18827819824219,14.104388236999512,61.21989440917969,65.1604232788086,14.107765197753906,57.90208435058594,11.409429550170898,13.646390914916992
139.8,SAFETY_HOLD,4,OUTBOUND,0.3,0.898,139.5904,11.127,True,NORMAL,MONITOR,True,{},"[""uav2"", ""uav1"", ""uav0""]",limited,False,{},NONE,NORMAL,SAFE,1.0,IDLE,0.0,0.0,0.0,,orca3d,0.0,False,avoidance not required,,{},,,,,,,,,,,2,obstacle clearance violation,6.673,0.798,0.202,0,0,0.0,0.0,[],61.54498291015625,59.19221878051758,14.107185363769531,61.215362548828125,65.15959930419922,14.10683822631836,57.89767074584961,11.3873291015625,13.647868156433105
140.0,SAFETY_HOLD,4,OUTBOUND,0.3,0.898,139.5904,11.127,True,NORMAL,MONITOR,True,{},"[""uav2"", ""uav1"", ""uav0""]",limited,False,{},NONE,NORMAL,SAFE,1.0,IDLE,0.0,0.0,0.0,,orca3d,0.0,False,avoidance not required,,{},,,,,,,,,,,2,obstacle clearance violation,6.666,0.802,0.179,0,0,0.0,0.0,[],61.54956817626953,59.19721984863281,14.109733581542969,61.212310791015625,65.15828704833984,14.106058120727539,57.895668029785156,11.391932487487793,13.650728225708008
140.2,SAFETY_HOLD,4,OUTBOUND,0.3,0.8978,139.5635,11.127,True,NORMAL,MONITOR,True,{},"[""uav2"", ""uav1"", ""uav0""]",limited,False,{},NONE,NORMAL,SAFE,1.0,IDLE,0.0,0.0,0.0,,orca3d,0.0,False,avoidance not required,,{},,,,,,,,,,,2,obstacle clearance violation,6.657,0.804,0.183,0,0,0.0,0.0,[],61.546302795410156,59.196746826171875,14.108280181884766,61.20686340332031,65.15583801269531,14.104602813720703,57.889530181884766,11.37325668334961,13.652275085449219
140.4,SAFETY_HOLD,4,OUTBOUND,0.3,0.8978,139.5635,11.127,True,NORMAL,MONITOR,True,{},"[""uav2"", ""uav1"", ""uav0""]",limited,False,{},NONE,NORMAL,SAFE,1.0,IDLE,0.0,0.0,0.0,,orca3d,0.0,False,avoidance not required,,{},,,,,,,,,,,2,obstacle clearance violation,6.654,0.810,0.163,0,0,0.0,0.0,[],61.548004150390625,59.19818878173828,14.109075546264648,61.20612335205078,65.15709686279297,14.105314254760742,57.8904914855957,11.380609512329102,13.655220985412598
140.6,SAFETY_HOLD,4,OUTBOUND,0.3,0.8977,139.5366,11.127,True,NORMAL,MONITOR,True,{},"[""uav2"", ""uav1"", ""uav0""]",limited,False,{},NONE,NORMAL,SAFE,1.0,IDLE,0.0,0.0,0.0,,orca3d,0.0,False,avoidance not required,,{},,,,,,,,,,,2,obstacle clearance violation,6.653,0.810,0.171,0,0,0.0,0.0,[],61.548831939697266,59.20033645629883,14.112281799316406,61.20822525024414,65.16651916503906,14.107809066772461,57.88664627075195,11.364239692687988,13.656569480895996
140.8,SAFETY_HOLD,4,OUTBOUND,0.3,0.8977,139.5366,11.127,True,NORMAL,MONITOR,True,{},"[""uav2"", ""uav1"", ""uav0""]",limited,False,{},NONE,NORMAL,SAFE,1.0,IDLE,0.0,0.0,0.0,,orca3d,0.0,False,avoidance not required,,{},,,,,,,,,,,2,obstacle clearance violation,6.660,0.813,0.154,0,0,0.0,0.0,[],61.543609619140625,59.19877624511719,14.111330032348633,61.20626449584961,65.17044067382812,14.109801292419434,57.8889045715332,11.370285034179688,13.659662246704102
141.0,SAFETY_HOLD,4,OUTBOUND,0.3,0.8977,139.5366,11.127,True,NORMAL,MONITOR,True,{},"[""uav2"", ""uav1"", ""uav0""]",limited,False,{},NONE,NORMAL,SAFE,1.0,IDLE,0.0,0.0,0.0,,orca3d,0.0,False,avoidance not required,,{},,,,,,,,,,,2,obstacle clearance violation,6.666,0.811,0.160,0,0,0.0,0.0,[],61.53923797607422,59.1942253112793,14.111610412597656,61.20893096923828,65.16901397705078,14.111746788024902,57.88615417480469,11.354439735412598,13.661460876464844
141.2,SAFETY_HOLD,4,OUTBOUND,0.3,0.8975,139.5096,11.127,True,NORMAL,MONITOR,True,{},"[""uav2"", ""uav1"", ""uav0""]",limited,False,{},NONE,NORMAL,SAFE,1.0,IDLE,0.0,0.0,0.0,,orca3d,0.0,False,avoidance not required,,{},,,,,,,,,,,2,obstacle clearance violation,6.672,0.814,0.144,0,0,0.0,0.0,[],61.530879974365234,59.18819046020508,14.108656883239746,61.20768356323242,65.16654205322266,14.113962173461914,57.89017868041992,11.356776237487793,13.660990715026855
141.4,SAFETY_HOLD,4,OUTBOUND,0.3,0.8975,139.5096,11.127,True,NORMAL,MONITOR,True,{},"[""uav2"", ""uav1"", ""uav0""]",limited,False,{},NONE,NORMAL,SAFE,1.0,IDLE,0.0,0.0,0.0,,orca3d,0.0,False,avoidance not required,,{},,,,,,,,,,,2,obstacle clearance violation,6.678,0.810,0.148,0,0,0.0,0.0,[],61.52763366699219,59.18598175048828,14.108464241027832,61.21047592163086,65.16736602783203,14.121774673461914,57.88836669921875,11.340246200561523,13.661069869995117
141.6,SAFETY_HOLD,4,OUTBOUND,0.3,0.8974,139.4827,11.127,True,NORMAL,MONITOR,True,{},"[""uav2"", ""uav1"", ""uav0""]",limited,False,{},NONE,NORMAL,SAFE,1.0,IDLE,0.0,0.0,0.0,,orca3d,0.0,False,avoidance not required,,{},,,,,,,,,,,2,obstacle clearance violation,6.684,0.812,0.132,0,0,0.0,0.0,[],61.52088928222656,59.1826286315918,14.105415344238281,61.20855712890625,65.16630554199219,14.12463665008545,57.892738342285156,11.351466178894043,13.667158126831055
141.8,SAFETY_HOLD,4,OUTBOUND,0.3,0.8974,139.4827,11.127,True,NORMAL,MONITOR,True,{},"[""uav2"", ""uav1"", ""uav0""]",limited,False,{},NONE,NORMAL,SAFE,1.0,IDLE,0.0,0.0,0.0,,orca3d,0.0,False,avoidance not required,,{},,,,,,,,,,,2,obstacle clearance violation,6.688,0.807,0.144,0,0,0.0,0.0,[],61.520118713378906,59.181434631347656,14.108911514282227,61.21005630493164,65.16836547851562,14.127776145935059,57.890769958496094,11.341238021850586,13.669262886047363
142.0,SAFETY_HOLD,4,OUTBOUND,0.3,0.8974,139.4827,11.127,True,NORMAL,MONITOR,True,{},"[""uav2"", ""uav1"", ""uav0""]",limited,False,{},NONE,NORMAL,SAFE,1.0,IDLE,0.0,0.0,0.0,,orca3d,0.0,False,avoidance not required,,{},,,,,,,,,,,2,obstacle clearance violation,6.692,0.809,0.134,0,0,0.0,0.0,[],61.51542663574219,59.179176330566406,14.110769271850586,61.20795822143555,65.16808319091797,14.128321647644043,57.8928108215332,11.353367805480957,13.671521186828613
142.2,SAFETY_HOLD,4,OUTBOUND,0.3,0.8973,139.4557,11.127,True,NORMAL,MONITOR,True,{},"[""uav2"", ""uav1"", ""uav0""]",limited,False,{},NONE,NORMAL,SAFE,1.0,IDLE,0.0,0.0,0.0,,orca3d,0.0,False,avoidance not required,,{},,,,,,,,,,,2,obstacle clearance violation,6.695,0.807,0.146,0,0,0.0,0.0,[],61.51756286621094,59.17680358886719,14.107672691345215,61.21217346191406,65.16876983642578,14.13161563873291,57.888938903808594,11.343952178955078,13.67181396484375
142.4,SAFETY_HOLD,4,OUTBOUND,0.3,0.8973,139.4557,11.127,True,NORMAL,MONITOR,True,{},"[""uav2"", ""uav1"", ""uav0""]",limited,False,{},NONE,NORMAL,SAFE,1.0,IDLE,0.0,0.0,0.0,,orca3d,0.0,False,avoidance not required,,{},,,,,,,,,,,2,obstacle clearance violation,6.699,0.811,0.136,0,0,0.0,0.0,[],61.514854431152344,59.17422866821289,14.103992462158203,61.21091079711914,65.16779327392578,14.130870819091797,57.88911819458008,11.355648040771484,13.678061485290527
142.6,SAFETY_HOLD,4,OUTBOUND,0.3,0.8971,139.4288,11.127,True,NORMAL,MONITOR,True,{},"[""uav2"", ""uav1"", ""uav0""]",limited,False,{},NONE,NORMAL,SAFE,1.0,IDLE,0.0,0.0,0.0,,orca3d,0.0,False,avoidance not required,,{},,,,,,,,,,,2,obstacle clearance violation,6.701,0.811,0.148,0,0,0.0,0.0,[],61.51743698120117,59.173553466796875,14.106877326965332,61.212730407714844,65.16842651367188,14.134121894836426,57.88445281982422,11.34632396697998,13.678581237792969
142.8,SAFETY_HOLD,4,OUTBOUND,0.3,0.8971,139.4288,11.127,True,NORMAL,MONITOR,True,{},"[""uav2"", ""uav1"", ""uav0""]",limited,False,{},NONE,NORMAL,SAFE,1.0,IDLE,0.0,0.0,0.0,,orca3d,0.0,False,avoidance not required,,{},,,,,,,,,,,2,obstacle clearance violation,6.702,0.816,0.138,0,0,0.0,0.0,[],61.51505661010742,59.172367095947266,14.108555793762207,61.210105895996094,65.16743469238281,14.135485649108887,57.88644027709961,11.355785369873047,13.683512687683105
143.0,SAFETY_HOLD,4,OUTBOUND,0.3,0.8971,139.4288,11.127,True,NORMAL,MONITOR,True,{},"[""uav2"", ""uav1"", ""uav0""]",limited,False,{},NONE,NORMAL,SAFE,1.0,IDLE,0.0,0.0,0.0,,orca3d,0.0,False,avoidance not required,,{},,,,,,,,,,,2,obstacle clearance violation,6.702,0.814,0.149,0,0,0.0,0.0,[],61.52104568481445,59.172035217285156,14.116802215576172,61.21174240112305,65.16593170166016,14.145791053771973,57.88288116455078,11.345434188842773,13.683796882629395
143.2,SAFETY_HOLD,4,OUTBOUND,0.3,0.897,139.4019,11.127,True,NORMAL,MONITOR,True,{},"[""uav2"", ""uav1"", ""uav0""]",limited,False,{},NONE,NORMAL,SAFE,1.0,IDLE,0.0,0.0,0.0,,orca3d,0.0,False,avoidance not required,,{},,,,,,,,,,,2,obstacle clearance violation,6.699,0.817,0.138,0,0,0.0,0.0,[],61.527034759521484,59.17310333251953,14.130208015441895,61.20919418334961,65.16368865966797,14.150039672851562,57.88570022583008,11.353524208068848,13.693804740905762
143.4,SAFETY_HOLD,4,OUTBOUND,0.3,0.897,139.4019,11.127,True,NORMAL,MONITOR,True,{},"[""uav2"", ""uav1"", ""uav0""]",limited,False,{},NONE,NORMAL,SAFE,1.0,IDLE,0.0,0.0,0.0,,orca3d,0.0,False,avoidance not required,,{},,,,,,,,,,,2,obstacle clearance violation,6.692,0.814,0.149,0,0,0.0,0.0,[],61.525634765625,59.1734619140625,14.135279655456543,61.21479797363281,65.1619644165039,14.159492492675781,57.88279724121094,11.342662811279297,13.69680118560791
143.6,SAFETY_HOLD,4,OUTBOUND,0.3,0.8969,139.3749,11.127,True,NORMAL,MONITOR,True,{},"[""uav2"", ""uav1"", ""uav0""]",limited,False,{},NONE,NORMAL,SAFE,1.0,IDLE,0.0,0.0,0.0,,orca3d,0.0,False,avoidance not required,,{},,,,,,,,,,,2,obstacle clearance violation,6.693,0.817,0.139,0,0,0.0,0.0,[],61.52952575683594,59.169456481933594,14.14257526397705,61.214263916015625,65.15995025634766,14.161425590515137,57.883541107177734,11.348752975463867,13.70407772064209
143.8,SAFETY_HOLD,4,OUTBOUND,0.3,0.8969,139.3749,11.127,True,NORMAL,MONITOR,True,{},"[""uav2"", ""uav1"", ""uav0""]",limited,False,{},NONE,NORMAL,SAFE,1.0,IDLE,0.0,0.0,0.0,,orca3d,0.0,False,avoidance not required,,{},,,,,,,,,,,2,obstacle clearance violation,6.693,0.816,0.147,0,0,0.0,0.0,[],61.52751159667969,59.16642379760742,14.143406867980957,61.21849822998047,65.1576156616211,14.165846824645996,57.879051208496094,11.337262153625488,13.70429801940918
144.0,SAFETY_HOLD,4,OUTBOUND,0.3,0.8969,139.3749,11.127,True,NORMAL,MONITOR,True,{},"[""uav2"", ""uav1"", ""uav0""]",limited,False,{},NONE,NORMAL,SAFE,1.0,IDLE,0.0,0.0,0.0,,orca3d,0.0,False,avoidance not required,,{},,,,,,,,,,,2,obstacle clearance violation,6.696,0.821,0.136,0,0,0.0,0.0,[],61.53181457519531,59.16270065307617,14.152425765991211,61.22371292114258,65.15526580810547,14.171455383300781,57.88251876831055,11.34237289428711,13.706924438476562
144.2,SAFETY_HOLD,4,OUTBOUND,0.3,0.8967,139.3479,11.127,True,NORMAL,MONITOR,True,{},"[""uav2"", ""uav1"", ""uav0""]",limited,False,{},NONE,NORMAL,SAFE,1.0,IDLE,0.0,0.0,0.0,,orca3d,0.0,False,avoidance not required,,{},,,,,,,,,,,2,obstacle clearance violation,6.698,0.817,0.142,0,0,0.0,0.0,[],61.52915573120117,59.16079330444336,14.152932167053223,61.22207260131836,65.15328216552734,14.169402122497559,57.88056564331055,11.33086109161377,13.704841613769531
144.4,SAFETY_HOLD,4,OUTBOUND,0.3,0.8967,139.3479,11.127,True,NORMAL,MONITOR,True,{},"[""uav2"", ""uav1"", ""uav0""]",limited,False,{},NONE,NORMAL,SAFE,1.0,IDLE,0.0,0.0,0.0,,orca3d,0.0,False,avoidance not required,,{},,,,,,,,,,,2,obstacle clearance violation,6.698,0.819,0.130,0,0,0.0,0.0,[],61.53538131713867,59.16082000732422,14.163467407226562,61.22597885131836,65.14923858642578,14.171717643737793,57.88860321044922,11.334125518798828,13.711663246154785
144.6,SAFETY_HOLD,4,OUTBOUND,0.3,0.8966,139.3208,11.127,True,NORMAL,MONITOR,True,{},"[""uav2"", ""uav1"", ""uav0""]",limited,False,{},NONE,NORMAL,SAFE,1.0,IDLE,0.0,0.0,0.0,,orca3d,0.0,False,avoidance not required,,{},,,,,,,,,,,2,obstacle clearance violation,6.694,0.811,0.138,0,0,0.0,0.0,[],61.534217834472656,59.16145324707031,14.16370964050293,61.22365188598633,65.14657592773438,14.168737411499023,57.888816833496094,11.3221435546875,13.710680961608887
144.8,SAFETY_HOLD,4,OUTBOUND,0.3,0.8966,139.3208,11.127,True,NORMAL,MONITOR,True,{},"[""uav2"", ""uav1"", ""uav0""]",limited,False,{},NONE,NORMAL,SAFE,1.0,IDLE,0.0,0.0,0.0,,orca3d,0.0,False,avoidance not required,,{},,,,,,,,,,,2,obstacle clearance violation,6.690,0.811,0.128,0,0,0.0,0.0,[],61.53955078125,59.158164978027344,14.165301322937012,61.2296257019043,65.14236450195312,14.169901847839355,57.89734649658203,11.322951316833496,13.711337089538574
145.0,SAFETY_HOLD,4,OUTBOUND,0.3,0.8966,139.3208,11.127,True,NORMAL,MONITOR,True,{},"[""uav2"", ""uav1"", ""uav0""]",limited,False,{},NONE,NORMAL,SAFE,1.0,IDLE,0.0,0.0,0.0,,orca3d,0.0,False,avoidance not required,,{},,,,,,,,,,,2,obstacle clearance violation,6.690,0.803,0.132,0,0,0.0,0.0,[],61.537235260009766,59.15652084350586,14.162518501281738,61.228736877441406,65.14030456542969,14.166147232055664,57.897064208984375,11.310321807861328,13.707535743713379
145.2,SAFETY_HOLD,4,OUTBOUND,0.3,0.8965,139.2937,11.127,True,NORMAL,MONITOR,True,{},"[""uav2"", ""uav1"", ""uav0""]",limited,False,{},NONE,NORMAL,SAFE,1.0,IDLE,0.0,0.0,0.0,,orca3d,0.0,False,avoidance not required,,{},,,,,,,,,,,2,obstacle clearance violation,6.688,0.797,0.127,0,0,0.0,0.0,[],61.545223236083984,59.156005859375,14.162446022033691,61.2336540222168,65.13926696777344,14.16592025756836,57.90336608886719,11.314485549926758,13.709717750549316
145.4,SAFETY_HOLD,4,OUTBOUND,0.3,0.8965,139.2937,11.127,True,NORMAL,MONITOR,True,{},"[""uav2"", ""uav1"", ""uav0""]",limited,False,{},NONE,NORMAL,SAFE,1.0,IDLE,0.0,0.0,0.0,,orca3d,0.0,False,avoidance not required,,{},,,,,,,,,,,2,obstacle clearance violation,6.688,0.797,0.127,0,0,0.0,0.0,[],61.543766021728516,59.15667724609375,14.156766891479492,61.23125457763672,65.13917541503906,14.161221504211426,57.90131759643555,11.304798126220703,13.709341049194336
145.6,SAFETY_HOLD,4,OUTBOUND,0.3,0.8963,139.2666,11.127,True,NORMAL,MONITOR,True,{},"[""uav2"", ""uav1"", ""uav0""]",limited,False,{},NONE,NORMAL,SAFE,1.0,IDLE,0.0,0.0,0.0,,orca3d,0.0,False,avoidance not required,,{},,,,,,,,,,,2,obstacle clearance violation,6.687,0.799,0.118,0,0,0.0,0.0,[],61.5478515625,59.151737213134766,14.15356731414795,61.236351013183594,65.1362533569336,14.161977767944336,57.91004943847656,11.309276580810547,13.710749626159668
145.8,SAFETY_HOLD,4,OUTBOUND,0.3,0.8963,139.2666,11.127,True,NORMAL,MONITOR,True,{},"[""uav2"", ""uav1"", ""uav0""]",limited,False,{},NONE,NORMAL,SAFE,1.0,IDLE,0.0,0.0,0.0,,orca3d,0.0,False,avoidance not required,,{},,,,,,,,,,,2,obstacle clearance violation,6.689,0.790,0.127,0,0,0.0,0.0,[],61.54444122314453,59.14909744262695,14.147904396057129,61.23427200317383,65.13528442382812,14.15900993347168,57.90898513793945,11.300333976745605,13.707220077514648
146.0,SAFETY_HOLD,4,OUTBOUND,0.3,0.8963,139.2666,11.127,True,NORMAL,MONITOR,True,{},"[""uav2"", ""uav1"", ""uav0""]",limited,False,{},NONE,NORMAL,SAFE,1.0,IDLE,0.0,0.0,0.0,,orca3d,0.0,False,avoidance not required,,{},,,,,,,,,,,2,obstacle clearance violation,6.691,0.791,0.118,0,0,0.0,0.0,[],61.548946380615234,59.14614486694336,14.148443222045898,61.24325942993164,65.13184356689453,14.161602973937988,57.915828704833984,11.304021835327148,13.708150863647461
146.2,SAFETY_HOLD,4,OUTBOUND,0.3,0.8962,139.2396,11.127,True,NORMAL,MONITOR,True,{},"[""uav2"", ""uav1"", ""uav0""]",limited,False,{},NONE,NORMAL,SAFE,1.0,IDLE,0.0,0.0,0.0,,orca3d,0.0,False,avoidance not required,,{},,,,,,,,,,,2,obstacle clearance violation,6.693,0.784,0.125,0,0,0.0,0.0,[],61.5454216003418,59.14596176147461,14.145301818847656,61.24351501464844,65.130126953125,14.158827781677246,57.91336441040039,11.294755935668945,13.705361366271973
146.4,SAFETY_HOLD,4,OUTBOUND,0.3,0.8962,139.2396,11.127,True,NORMAL,MONITOR,True,{},"[""uav2"", ""uav1"", ""uav0""]",limited,False,{},NONE,NORMAL,SAFE,1.0,IDLE,0.0,0.0,0.0,,orca3d,0.0,False,avoidance not required,,{},,,,,,,,,,,2,obstacle clearance violation,6.693,0.787,0.116,0,0,0.0,0.0,[],61.54787826538086,59.139835357666016,14.148087501525879,61.247467041015625,65.12520599365234,14.158599853515625,57.91855239868164,11.295238494873047,13.706168174743652
146.6,SAFETY_HOLD,4,OUTBOUND,0.3,0.8961,139.2125,11.127,True,NORMAL,MONITOR,True,{},"[""uav2"", ""uav1"", ""uav0""]",limited,False,{},NONE,NORMAL,SAFE,1.0,IDLE,0.0,0.0,0.0,,orca3d,0.0,False,avoidance not required,,{},,,,,,,,,,,2,obstacle clearance violation,6.695,0.781,0.120,0,0,0.0,0.0,[],61.55094909667969,59.13618850708008,14.148642539978027,61.24422073364258,65.12367248535156,14.155977249145508,57.914764404296875,11.28488826751709,13.704241752624512
146.8,SAFETY_HOLD,4,OUTBOUND,0.3,0.8961,139.2125,11.127,True,NORMAL,MONITOR,True,{},"[""uav2"", ""uav1"", ""uav0""]",limited,False,{},NONE,NORMAL,SAFE,1.0,IDLE,0.0,0.0,0.0,,orca3d,0.0,False,avoidance not required,,{},,,,,,,,,,,2,obstacle clearance violation,6.694,0.785,0.110,0,0,0.0,0.0,[],61.546226501464844,59.1359977722168,14.143387794494629,61.24669647216797,65.12198638916016,14.155335426330566,57.91773223876953,11.281391143798828,13.708481788635254
147.0,SAFETY_HOLD,4,OUTBOUND,0.3,0.8961,139.2125,11.127,True,NORMAL,MONITOR,True,{},"[""uav2"", ""uav1"", ""uav0""]",limited,False,{},NONE,NORMAL,SAFE,1.0,IDLE,0.0,0.0,0.0,,orca3d,0.0,False,avoidance not required,,{},,,,,,,,,,,2,obstacle clearance violation,6.696,0.782,0.111,0,0,0.0,0.0,[],61.54593276977539,59.13579177856445,14.13794231414795,61.24159622192383,65.12228393554688,14.15054702758789,57.91248321533203,11.26971435546875,13.704891204833984
147.2,SAFETY_HOLD,4,OUTBOUND,0.3,0.8959,139.1854,11.127,True,NORMAL,MONITOR,True,{},"[""uav2"", ""uav1"", ""uav0""]",limited,False,{},NONE,NORMAL,SAFE,1.0,IDLE,0.0,0.0,0.0,,orca3d,0.0,False,avoidance not required,,{},,,,,,,,,,,2,obstacle clearance violation,6.694,0.788,0.100,0,0,0.0,0.0,[],61.548240661621094,59.13839340209961,14.130361557006836,61.23906326293945,65.11944580078125,14.147470474243164,57.91510772705078,11.273393630981445,13.70484733581543
147.4,SAFETY_HOLD,4,OUTBOUND,0.3,0.8959,139.1854,11.127,True,NORMAL,MONITOR,True,{},"[""uav2"", ""uav1"", ""uav0""]",limited,False,{},NONE,NORMAL,SAFE,1.0,IDLE,0.0,0.0,0.0,,orca3d,0.0,False,avoidance not required,,{},,,,,,,,,,,2,obstacle clearance violation,6.687,0.785,0.103,0,0,0.0,0.0,[],61.5433235168457,59.142127990722656,14.123444557189941,61.23161697387695,65.11888122558594,14.143904685974121,57.909908294677734,11.267151832580566,13.700150489807129
147.6,SAFETY_HOLD,4,OUTBOUND,0.3,0.8958,139.1584,11.127,True,NORMAL,MONITOR,True,{},"[""uav2"", ""uav1"", ""uav0""]",limited,False,{},NONE,NORMAL,SAFE,1.0,IDLE,0.0,0.0,0.0,,orca3d,0.0,False,avoidance not required,,{},,,,,,,,,,,2,obstacle clearance violation,6.682,0.790,0.094,0,0,0.0,0.0,[],61.54358673095703,59.143611907958984,14.123067855834961,61.227909088134766,65.11753845214844,14.141304016113281,57.912803649902344,11.273920059204102,13.693339347839355
147.8,SAFETY_HOLD,4,OUTBOUND,0.3,0.8958,139.1584,11.127,True,NORMAL,MONITOR,True,{},"[""uav2"", ""uav1"", ""uav0""]",limited,False,{},NONE,NORMAL,SAFE,1.0,IDLE,0.0,0.0,0.0,,orca3d,0.0,False,avoidance not required,,{},,,,,,,,,,,2,obstacle clearance violation,6.678,0.787,0.097,0,0,0.0,0.0,[],61.54513931274414,59.14832305908203,14.121399879455566,61.2197380065918,65.11872863769531,14.137287139892578,57.907649993896484,11.269416809082031,13.687594413757324
148.0,SAFETY_HOLD,4,OUTBOUND,0.3,0.8958,139.1584,11.127,True,NORMAL,MONITOR,True,{},"[""uav2"", ""uav1"", ""uav0""]",limited,False,{},NONE,NORMAL,SAFE,1.0,IDLE,0.0,0.0,0.0,,orca3d,0.0,False,avoidance not required,,{},,,,,,,,,,,2,obstacle clearance violation,6.670,0.792,0.088,0,0,0.0,0.0,[],61.540069580078125,59.152767181396484,14.117877960205078,61.21302032470703,65.12019348144531,14.137128829956055,57.90666961669922,11.27639389038086,13.686220169067383
148.2,SAFETY_HOLD,4,OUTBOUND,0.3,0.8957,139.1314,11.127,True,NORMAL,MONITOR,True,{},"[""uav2"", ""uav1"", ""uav0""]",limited,False,{},NONE,NORMAL,SAFE,1.0,IDLE,0.0,0.0,0.0,,orca3d,0.0,False,avoidance not required,,{},,,,,,,,,,,2,obstacle clearance violation,6.667,0.793,0.092,0,0,0.0,0.0,[],61.532005310058594,59.157413482666016,14.111074447631836,61.20347595214844,65.12293243408203,14.13346004486084,57.89932632446289,11.272185325622559,13.68366527557373
148.4,SAFETY_HOLD,4,OUTBOUND,0.3,0.8957,139.1314,11.127,True,NORMAL,MONITOR,True,{},"[""uav2"", ""uav1"", ""uav0""]",limited,False,{},NONE,NORMAL,SAFE,1.0,IDLE,0.0,0.0,0.0,,orca3d,0.0,False,avoidance not required,,{},,,,,,,,,,,2,obstacle clearance violation,6.665,0.801,0.083,0,0,0.0,0.0,[],61.52111053466797,59.16099548339844,14.105318069458008,61.19499206542969,65.12608337402344,14.125151634216309,57.89960861206055,11.280416488647461,13.68409538269043
148.6,SAFETY_HOLD,4,OUTBOUND,0.3,0.8955,139.1044,11.127,True,NORMAL,MONITOR,True,{},"[""uav2"", ""uav1"", ""uav0""]",limited,False,{},NONE,NORMAL,SAFE,1.0,IDLE,0.0,0.0,0.0,,orca3d,0.0,False,avoidance not required,,{},,,,,,,,,,,2,obstacle clearance violation,6.665,0.800,0.089,0,0,0.0,0.0,[],61.51736068725586,59.16341781616211,14.09634017944336,61.18607711791992,65.12998962402344,14.11786937713623,57.89384841918945,11.276863098144531,13.681260108947754
148.8,SAFETY_HOLD,4,OUTBOUND,0.3,0.8955,139.1044,11.127,True,NORMAL,MONITOR,True,{},"[""uav2"", ""uav1"", ""uav0""]",limited,False,{},NONE,NORMAL,SAFE,1.0,IDLE,0.0,0.0,0.0,,orca3d,0.0,False,avoidance not required,,{},,,,,,,,,,,2,obstacle clearance violation,6.664,0.806,0.082,0,0,0.0,0.0,[],61.5107307434082,59.16547393798828,14.092833518981934,61.1848030090332,65.13540649414062,14.11486530303955,57.89295196533203,11.284643173217773,13.677062034606934
149.0,SAFETY_HOLD,4,OUTBOUND,0.3,0.8955,139.1044,11.127,True,NORMAL,MONITOR,True,{},"[""uav2"", ""uav1"", ""uav0""]",limited,False,{},NONE,NORMAL,SAFE,1.0,IDLE,0.0,0.0,0.0,,orca3d,0.0,False,avoidance not required,,{},,,,,,,,,,,2,obstacle clearance violation,6.670,0.807,0.086,0,0,0.0,0.0,[],61.50606155395508,59.16965103149414,14.096502304077148,61.18110275268555,65.13996124267578,14.112611770629883,57.89443588256836,11.296233177185059,13.67613410949707
149.2,SAFETY_HOLD,4,OUTBOUND,0.3,0.8954,139.0775,11.127,True,NORMAL,MONITOR,True,{},"[""uav2"", ""uav1"", ""uav0""]",limited,False,{},NONE,NORMAL,SAFE,1.0,IDLE,0.0,0.0,0.0,,orca3d,0.0,False,avoidance not required,,{},,,,,,,,,,,2,obstacle clearance violation,6.671,0.806,0.096,0,0,0.0,0.0,[],61.49972152709961,59.17255783081055,14.09781265258789,61.17984390258789,65.14292907714844,14.11151123046875,57.88950729370117,11.294154167175293,13.67436695098877
149.4,SAFETY_HOLD,4,OUTBOUND,0.3,0.8954,139.0775,11.127,True,NORMAL,MONITOR,True,{},"[""uav2"", ""uav1"", ""uav0""]",limited,False,{},NONE,NORMAL,SAFE,1.0,IDLE,0.0,0.0,0.0,,orca3d,0.0,False,avoidance not required,,{},,,,,,,,,,,2,obstacle clearance violation,6.673,0.810,0.092,0,0,0.0,0.0,[],61.5011100769043,59.17394256591797,14.09290599822998,61.177520751953125,65.14550018310547,14.10872745513916,57.88767623901367,11.301766395568848,13.675213813781738
149.6,SAFETY_HOLD,4,OUTBOUND,0.3,0.8953,139.0505,11.127,True,NORMAL,MONITOR,True,{},"[""uav2"", ""uav1"", ""uav0""]",limited,False,{},NONE,NORMAL,SAFE,1.0,IDLE,0.0,0.0,0.0,,orca3d,0.0,False,avoidance not required,,{},,,,,,,,,,,2,obstacle clearance violation,6.672,0.812,0.098,0,0,0.0,0.0,[],61.50010681152344,59.17427444458008,14.09095287322998,61.18077087402344,65.14796447753906,14.104575157165527,57.88766098022461,11.309897422790527,13.67098331451416
149.8,SAFETY_HOLD,4,OUTBOUND,0.3,0.8953,139.0505,11.127,True,NORMAL,MONITOR,True,{},"[""uav2"", ""uav1"", ""uav0""]",limited,False,{},NONE,NORMAL,SAFE,1.0,IDLE,0.0,0.0,0.0,,orca3d,0.0,False,avoidance not required,,{},,,,,,,,,,,2,obstacle clearance violation,6.676,0.812,0.104,0,0,0.0,0.0,[],61.50237274169922,59.17499923706055,14.079962730407715,61.18153762817383,65.14981079101562,14.101655960083008,57.88300323486328,11.30496883392334,13.666298866271973
150.0,SAFETY_HOLD,4,OUTBOUND,0.3,0.8953,139.0505,11.127,True,NORMAL,MONITOR,True,{},"[""uav2"", ""uav1"", ""uav0""]",limited,False,{},NONE,NORMAL,SAFE,1.0,IDLE,0.0,0.0,0.0,,orca3d,0.0,False,avoidance not required,,{},,,,,,,,,,,2,obstacle clearance violation,6.676,0.817,0.097,0,0,0.0,0.0,[],61.50141906738281,59.17485809326172,14.078368186950684,61.18657302856445,65.15275573730469,14.095999717712402,57.87990951538086,11.308818817138672,13.665177345275879
150.2,SAFETY_HOLD,4,OUTBOUND,0.3,0.8951,139.0233,11.127,True,NORMAL,MONITOR,True,{},"[""uav2"", ""uav1"", ""uav0""]",limited,False,{},NONE,NORMAL,SAFE,1.0,IDLE,0.0,0.0,0.0,,orca3d,0.0,False,avoidance not required,,{},,,,,,,,,,,2,obstacle clearance violation,6.682,0.820,0.100,0,0,0.0,0.0,[],61.502159118652344,59.176265716552734,14.075705528259277,61.18804168701172,65.1556625366211,14.094768524169922,57.8737907409668,11.301387786865234,13.663755416870117
150.4,SAFETY_HOLD,4,OUTBOUND,0.3,0.8951,139.0233,11.127,True,NORMAL,MONITOR,True,{},"[""uav2"", ""uav1"", ""uav0""]",limited,False,{},NONE,NORMAL,SAFE,1.0,IDLE,0.0,0.0,0.0,,orca3d,0.0,False,avoidance not required,,{},,,,,,,,,,,2,obstacle clearance violation,6.683,0.826,0.090,0,0,0.0,0.0,[],61.50063705444336,59.176719665527344,14.076691627502441,61.191383361816406,65.16463470458984,14.092071533203125,57.86975860595703,11.306435585021973,13.664003372192383
150.6,SAFETY_HOLD,4,OUTBOUND,0.3,0.895,138.9964,11.127,True,NORMAL,MONITOR,True,{},"[""uav2"", ""uav1"", ""uav0""]",limited,False,{},NONE,NORMAL,SAFE,1.0,IDLE,0.0,0.0,0.0,,orca3d,0.0,False,avoidance not required,,{},,,,,,,,,,,2,obstacle clearance violation,6.693,0.830,0.094,0,0,0.0,0.0,[],61.498756408691406,59.1768684387207,14.07634162902832,61.195682525634766,65.1719970703125,14.087966918945312,57.86406326293945,11.299819946289062,13.662014961242676
150.8,SAFETY_HOLD,4,OUTBOUND,0.3,0.895,138.9964,11.127,True,NORMAL,MONITOR,True,{},"[""uav2"", ""uav1"", ""uav0""]",limited,False,{},NONE,NORMAL,SAFE,1.0,IDLE,0.0,0.0,0.0,,orca3d,0.0,False,avoidance not required,,{},,,,,,,,,,,2,obstacle clearance violation,6.702,0.836,0.086,0,0,0.0,0.0,[],61.49570846557617,59.17615509033203,14.077787399291992,61.19597625732422,65.17559814453125,14.086089134216309,57.8650016784668,11.302474975585938,13.654065132141113
151.0,SAFETY_HOLD,4,OUTBOUND,0.3,0.895,138.9964,11.127,True,NORMAL,MONITOR,True,{},"[""uav2"", ""uav1"", ""uav0""]",limited,False,{},NONE,NORMAL,SAFE,1.0,IDLE,0.0,0.0,0.0,,orca3d,0.0,False,avoidance not required,,{},,,,,,,,,,,2,obstacle clearance violation,6.708,0.835,0.089,0,0,0.0,0.0,[],61.49230194091797,59.177310943603516,14.074796676635742,61.19560241699219,65.17697143554688,14.079915046691895,57.86262893676758,11.294766426086426,13.64871597290039
151.2,SAFETY_HOLD,4,OUTBOUND,0.3,0.8948,138.9694,11.127,True,NORMAL,MONITOR,True,{},"[""uav2"", ""uav1"", ""uav0""]",limited,False,{},NONE,NORMAL,SAFE,1.0,IDLE,0.0,0.0,0.0,,orca3d,0.0,False,avoidance not required,,{},,,,,,,,,,,2,obstacle clearance violation,6.709,0.837,0.081,0,0,0.0,0.0,[],61.48504638671875,59.18081283569336,14.071673393249512,61.195030212402344,65.17744445800781,14.075304985046387,57.858924865722656,11.29513168334961,13.638508796691895
151.4,SAFETY_HOLD,4,OUTBOUND,0.3,0.8948,138.9694,11.127,True,NORMAL,MONITOR,True,{},"[""uav2"", ""uav1"", ""uav0""]",limited,False,{},NONE,NORMAL,SAFE,1.0,IDLE,0.0,0.0,0.0,,orca3d,0.0,False,avoidance not required,,{},,,,,,,,,,,2,obstacle clearance violation,6.710,0.841,0.082,0,0,0.0,0.0,[],61.4790153503418,59.1822624206543,14.07303237915039,61.191497802734375,65.1761474609375,14.075846672058105,57.854209899902344,11.286264419555664,13.634283065795898
151.6,SAFETY_HOLD,4,OUTBOUND,0.3,0.8947,138.9423,11.127,True,NORMAL,MONITOR,True,{},"[""uav2"", ""uav1"", ""uav0""]",limited,False,{},NONE,NORMAL,SAFE,1.0,IDLE,0.0,0.0,0.0,,orca3d,0.0,False,avoidance not required,,{},,,,,,,,,,,2,obstacle clearance violation,6.708,0.846,0.074,0,0,0.0,0.0,[],61.47578811645508,59.184078216552734,14.069583892822266,61.18519973754883,65.17804718017578,14.075613975524902,57.84760284423828,11.290122032165527,13.627307891845703
151.8,SAFETY_HOLD,4,OUTBOUND,0.3,0.8947,138.9423,11.127,True,NORMAL,MONITOR,True,{},"[""uav2"", ""uav1"", ""uav0""]",limited,False,{},NONE,NORMAL,SAFE,1.0,IDLE,0.0,0.0,0.0,,orca3d,0.0,False,avoidance not required,,{},,,,,,,,,,,2,obstacle clearance violation,6.707,0.852,0.079,0,0,0.0,0.0,[],61.47340393066406,59.18415451049805,14.06908893585205,61.17920684814453,65.17778778076172,14.076682090759277,57.84164810180664,11.284106254577637,13.625924110412598
152.0,SAFETY_HOLD,4,OUTBOUND,0.3,0.8947,138.9423,11.127,True,NORMAL,MONITOR,True,{},"[""uav2"", ""uav1"", ""uav0""]",limited,False,{},NONE,NORMAL,SAFE,1.0,IDLE,0.0,0.0,0.0,,orca3d,0.0,False,avoidance not required,,{},,,,,,,,,,,2,obstacle clearance violation,6.705,0.858,0.074,0,0,0.0,0.0,[],61.46846008300781,59.18515396118164,14.066125869750977,61.175262451171875,65.17810821533203,14.071730613708496,57.83662033081055,11.286900520324707,13.621557235717773
152.2,SAFETY_HOLD,4,OUTBOUND,0.3,0.8946,138.9149,11.127,True,NORMAL,MONITOR,True,{},"[""uav2"", ""uav1"", ""uav0""]",limited,False,{},NONE,NORMAL,SAFE,1.0,IDLE,0.0,0.0,0.0,,orca3d,0.0,False,avoidance not required,,{},,,,,,,,,,,2,obstacle clearance violation,6.705,0.863,0.079,0,0,0.0,0.0,[],61.46633529663086,59.186771392822266,14.062355041503906,61.1716194152832,65.17652130126953,14.070385932922363,57.83249282836914,11.280712127685547,13.620428085327148
152.4,SAFETY_HOLD,4,OUTBOUND,0.3,0.8946,138.9149,11.127,True,NORMAL,MONITOR,True,{},"[""uav2"", ""uav1"", ""uav0""]",limited,False,{},NONE,NORMAL,SAFE,1.0,IDLE,0.0,0.0,0.0,,orca3d,0.0,False,avoidance not required,,{},,,,,,,,,,,2,obstacle clearance violation,6.701,0.868,0.074,0,0,0.0,0.0,[],61.46622085571289,59.18682861328125,14.065004348754883,61.16822814941406,65.17704772949219,14.06580638885498,57.828269958496094,11.285645484924316,13.615338325500488
152.6,SAFETY_HOLD,4,OUTBOUND,0.3,0.8944,138.8873,11.127,True,NORMAL,MONITOR,True,{},"[""uav2"", ""uav1"", ""uav0""]",limited,False,{},NONE,NORMAL,SAFE,1.0,IDLE,0.0,0.0,0.0,,orca3d,0.0,False,avoidance not required,,{},,,,,,,,,,,2,obstacle clearance violation,6.700,0.872,0.082,0,0,0.0,0.0,[],61.46617126464844,59.18635940551758,14.06612777709961,61.164093017578125,65.1767578125,14.063772201538086,57.82572937011719,11.281169891357422,13.614998817443848
152.8,SAFETY_HOLD,4,OUTBOUND,0.3,0.8944,138.8873,11.127,True,NORMAL,MONITOR,True,{},"[""uav2"", ""uav1"", ""uav0""]",limited,False,{},NONE,NORMAL,SAFE,1.0,IDLE,0.0,0.0,0.0,,orca3d,0.0,False,avoidance not required,,{},,,,,,,,,,,2,obstacle clearance violation,6.699,0.874,0.079,0,0,0.0,0.0,[],61.46724319458008,59.185035705566406,14.068243980407715,61.16158676147461,65.17489624023438,14.064225196838379,57.825164794921875,11.286812782287598,13.619638442993164
153.0,SAFETY_HOLD,4,OUTBOUND,0.3,0.8944,138.8873,11.127,True,NORMAL,MONITOR,True,{},"[""uav2"", ""uav1"", ""uav0""]",limited,False,{},NONE,NORMAL,SAFE,1.0,IDLE,0.0,0.0,0.0,,orca3d,0.0,False,avoidance not required,,{},,,,,,,,,,,2,obstacle clearance violation,6.697,0.875,0.082,0,0,0.0,0.0,[],61.46683120727539,59.18415451049805,14.06790542602539,61.160072326660156,65.17134094238281,14.062363624572754,57.82570266723633,11.282981872558594,13.623169898986816
153.2,SAFETY_HOLD,4,OUTBOUND,0.3,0.8943,138.8598,11.127,True,NORMAL,MONITOR,True,{},"[""uav2"", ""uav1"", ""uav0""]",limited,False,{},NONE,NORMAL,SAFE,1.0,IDLE,0.0,0.0,0.0,,orca3d,0.0,False,avoidance not required,,{},,,,,,,,,,,2,obstacle clearance violation,6.694,0.874,0.077,0,0,0.0,0.0,[],61.46821212768555,59.182647705078125,14.068992614746094,61.159278869628906,65.16748809814453,14.062498092651367,57.826904296875,11.287487983703613,13.620462417602539
153.4,SAFETY_HOLD,4,OUTBOUND,0.3,0.8943,138.8598,11.127,True,NORMAL,MONITOR,True,{},"[""uav2"", ""uav1"", ""uav0""]",limited,False,{},NONE,NORMAL,SAFE,1.0,IDLE,0.0,0.0,0.0,,orca3d,0.0,False,avoidance not required,,{},,,,,,,,,,,2,obstacle clearance violation,6.691,0.873,0.081,0,0,0.0,0.0,[],61.468875885009766,59.18276596069336,14.068574905395508,61.15456008911133,65.15995025634766,14.059220314025879,57.828636169433594,11.282781600952148,13.620094299316406
153.6,SAFETY_HOLD,4,OUTBOUND,0.3,0.8942,138.8325,11.127,True,NORMAL,MONITOR,True,{},"[""uav2"", ""uav1"", ""uav0""]",limited,False,{},NONE,NORMAL,SAFE,1.0,IDLE,0.0,0.0,0.0,,orca3d,0.0,False,avoidance not required,,{},,,,,,,,,,,2,obstacle clearance violation,6.681,0.871,0.077,0,0,0.0,0.0,[],61.47092819213867,59.18207550048828,14.070313453674316,61.15264129638672,65.15412139892578,14.059391975402832,57.827510833740234,11.283388137817383,13.613128662109375
153.8,SAFETY_HOLD,4,OUTBOUND,0.3,0.8942,138.8325,11.127,True,NORMAL,MONITOR,True,{},"[""uav2"", ""uav1"", ""uav0""]",limited,False,{},NONE,NORMAL,SAFE,1.0,IDLE,0.0,0.0,0.0,,orca3d,0.0,False,avoidance not required,,{},,,,,,,,,,,2,obstacle clearance violation,6.675,0.872,0.081,0,0,0.0,0.0,[],61.46634292602539,59.182373046875,14.068877220153809,61.150474548339844,65.14805603027344,14.0562162399292,57.82796096801758,11.276466369628906,13.611499786376953
154.0,SAFETY_HOLD,4,OUTBOUND,0.3,0.8942,138.8325,11.127,True,NORMAL,MONITOR,True,{},"[""uav2"", ""uav1"", ""uav0""]",limited,False,{},NONE,NORMAL,SAFE,1.0,IDLE,0.0,0.0,0.0,,orca3d,0.0,False,avoidance not required,,{},,,,,,,,,,,2,obstacle clearance violation,6.670,0.872,0.076,0,0,0.0,0.0,[],61.46525573730469,59.181636810302734,14.067388534545898,61.15088653564453,65.14405822753906,14.056478500366211,57.824241638183594,11.280041694641113,13.605627059936523
154.2,SAFETY_HOLD,4,OUTBOUND,0.3,0.894,138.8051,11.127,True,NORMAL,MONITOR,True,{},"[""uav2"", ""uav1"", ""uav0""]",limited,False,{},NONE,NORMAL,SAFE,1.0,IDLE,0.0,0.0,0.0,,orca3d,0.0,False,avoidance not required,,{},,,,,,,,,,,2,obstacle clearance violation,6.668,0.876,0.083,0,0,0.0,0.0,[],61.46247100830078,59.17815017700195,14.062728881835938,61.15085983276367,65.14177703857422,14.056168556213379,57.82370376586914,11.274991989135742,13.605240821838379
154.4,SAFETY_HOLD,4,OUTBOUND,0.3,0.894,138.8051,11.127,True,NORMAL,MONITOR,True,{},"[""uav2"", ""uav1"", ""uav0""]",limited,False,{},NONE,NORMAL,SAFE,1.0,IDLE,0.0,0.0,0.0,,orca3d,0.0,False,avoidance not required,,{},,,,,,,,,,,2,obstacle clearance violation,6.670,0.876,0.080,0,0,0.0,0.0,[],61.46304702758789,59.175411224365234,14.063425064086914,61.15235900878906,65.14087677001953,14.058551788330078,57.82379913330078,11.275721549987793,13.60189437866211
154.6,SAFETY_HOLD,4,OUTBOUND,0.3,0.8939,138.7775,11.127,True,NORMAL,MONITOR,True,{},"[""uav2"", ""uav1"", ""uav0""]",limited,False,{},NONE,NORMAL,SAFE,1.0,IDLE,0.0,0.0,0.0,,orca3d,0.0,False,avoidance not required,,{},,,,,,,,,,,2,obstacle clearance violation,6.673,0.876,0.082,0,0,0.0,0.0,[],61.45936965942383,59.17116928100586,14.06149673461914,61.15088653564453,65.14124298095703,14.058154106140137,57.82563400268555,11.269305229187012,13.604466438293457
154.8,SAFETY_HOLD,4,OUTBOUND,0.3,0.8939,138.7775,11.127,True,NORMAL,MONITOR,True,{},"[""uav2"", ""uav1"", ""uav0""]",limited,False,{},NONE,NORMAL,SAFE,1.0,IDLE,0.0,0.0,0.0,,orca3d,0.0,False,avoidance not required,,{},,,,,,,,,,,2,obstacle clearance violation,6.678,0.874,0.076,0,0,0.0,0.0,[],61.4505729675293,59.16438674926758,14.062769889831543,61.14622116088867,65.14109802246094,14.055561065673828,57.821800231933594,11.269553184509277,13.604031562805176
155.0,SAFETY_HOLD,4,OUTBOUND,0.3,0.8939,138.7775,11.127,True,NORMAL,MONITOR,True,{},"[""uav2"", ""uav1"", ""uav0""]",limited,False,{},NONE,NORMAL,SAFE,1.0,IDLE,0.0,0.0,0.0,,orca3d,0.0,False,avoidance not required,,{},,,,,,,,,,,2,obstacle clearance violation,6.685,0.878,0.077,0,0,0.0,0.0,[],61.44810104370117,59.16014099121094,14.065103530883789,61.14484405517578,65.14153289794922,14.055688858032227,57.82174301147461,11.263242721557617,13.606109619140625
155.2,SAFETY_HOLD,4,OUTBOUND,0.3,0.8938,138.7501,11.127,True,NORMAL,MONITOR,True,{},"[""uav2"", ""uav1"", ""uav0""]",limited,False,{},NONE,NORMAL,SAFE,1.0,IDLE,0.0,0.0,0.0,,orca3d,0.0,False,avoidance not required,,{},,,,,,,,,,,2,obstacle clearance violation,6.690,0.878,0.072,0,0,0.0,0.0,[],61.443851470947266,59.15835189819336,14.06455135345459,61.136775970458984,65.14098358154297,14.051981925964355,57.8203239440918,11.259750366210938,13.602866172790527
155.4,SAFETY_HOLD,4,OUTBOUND,0.3,0.8938,138.7501,11.127,True,NORMAL,MONITOR,True,{},"[""uav2"", ""uav1"", ""uav0""]",limited,False,{},NONE,NORMAL,SAFE,1.0,IDLE,0.0,0.0,0.0,,orca3d,0.0,False,avoidance not required,,{},,,,,,,,,,,2,obstacle clearance violation,6.690,0.880,0.072,0,0,0.0,0.0,[],61.4452018737793,59.1580696105957,14.063958168029785,61.13433074951172,65.14111328125,14.053689002990723,57.818843841552734,11.260019302368164,13.602826118469238
155.6,SAFETY_HOLD,4,OUTBOUND,0.3,0.8936,138.7226,11.127,True,NORMAL,MONITOR,True,{},"[""uav2"", ""uav1"", ""uav0""]",limited,False,{},NONE,NORMAL,SAFE,1.0,IDLE,0.0,0.0,0.0,,orca3d,0.0,False,avoidance not required,,{},,,,,,,,,,,2,obstacle clearance violation,6.688,0.881,0.073,0,0,0.0,0.0,[],61.439029693603516,59.153663635253906,14.055248260498047,61.13085174560547,65.1405258178711,14.05169677734375,57.82057189941406,11.254568099975586,13.607490539550781
155.8,SAFETY_HOLD,4,OUTBOUND,0.3,0.8936,138.7226,11.127,True,NORMAL,MONITOR,True,{},"[""uav2"", ""uav1"", ""uav0""]",limited,False,{},NONE,NORMAL,SAFE,1.0,IDLE,0.0,0.0,0.0,,orca3d,0.0,False,avoidance not required,,{},,,,,,,,,,,2,obstacle clearance violation,6.693,0.879,0.066,0,0,0.0,0.0,[],61.43888854980469,59.15142822265625,14.054128646850586,61.131736755371094,65.14054107666016,14.05327033996582,57.82004928588867,11.257331848144531,13.606210708618164
156.0,SAFETY_HOLD,4,OUTBOUND,0.3,0.8936,138.7226,11.127,True,NORMAL,MONITOR,True,{},"[""uav2"", ""uav1"", ""uav0""]",limited,False,{},NONE,NORMAL,SAFE,1.0,IDLE,0.0,0.0,0.0,,orca3d,0.0,False,avoidance not required,,{},,,,,,,,,,,2,obstacle clearance violation,6.695,0.880,0.068,0,0,0.0,0.0,[],61.436561584472656,59.151283264160156,14.052545547485352,61.12713623046875,65.13957214355469,14.055575370788574,57.82225036621094,11.253694534301758,13.608660697937012
156.2,SAFETY_HOLD,4,OUTBOUND,0.3,0.8935,138.6952,11.127,True,NORMAL,MONITOR,True,{},"[""uav2"", ""uav1"", ""uav0""]",limited,False,{},NONE,NORMAL,SAFE,1.0,IDLE,0.0,0.0,0.0,,orca3d,0.0,False,avoidance not required,,{},,,,,,,,,,,2,obstacle clearance violation,6.694,0.878,0.064,0,0,0.0,0.0,[],61.44007873535156,59.15218734741211,14.055228233337402,61.127662658691406,65.139404296875,14.059207916259766,57.81608200073242,11.25622844696045,13.612508773803711
156.4,SAFETY_HOLD,4,OUTBOUND,0.3,0.8935,138.6952,11.127,True,NORMAL,MONITOR,True,{},"[""uav2"", ""uav1"", ""uav0""]",limited,False,{},NONE,NORMAL,SAFE,1.0,IDLE,0.0,0.0,0.0,,orca3d,0.0,False,avoidance not required,,{},,,,,,,,,,,2,obstacle clearance violation,6.691,0.885,0.060,0,0,0.0,0.0,[],61.4377555847168,59.15123748779297,14.056499481201172,61.124969482421875,65.13813781738281,14.060769081115723,57.81514358520508,11.252396583557129,13.617668151855469
156.6,SAFETY_HOLD,4,OUTBOUND,0.3,0.8933,138.668,11.127,True,NORMAL,MONITOR,True,{},"[""uav2"", ""uav1"", ""uav0""]",limited,False,{},NONE,NORMAL,SAFE,1.0,IDLE,0.0,0.0,0.0,,orca3d,0.0,False,avoidance not required,,{},,,,,,,,,,,2,obstacle clearance violation,6.691,0.885,0.060,0,0,0.0,0.0,[],61.435302734375,59.149784088134766,14.055601119995117,61.121726989746094,65.13697052001953,14.065499305725098,57.807159423828125,11.25308895111084,13.620621681213379
156.8,SAFETY_HOLD,4,OUTBOUND,0.3,0.8933,138.668,11.127,True,NORMAL,MONITOR,True,{},"[""uav2"", ""uav1"", ""uav0""]",limited,False,{},NONE,NORMAL,SAFE,1.0,IDLE,0.0,0.0,0.0,,orca3d,0.0,False,avoidance not required,,{},,,,,,,,,,,2,obstacle clearance violation,6.691,0.893,0.063,0,0,0.0,0.0,[],61.4390983581543,59.149757385253906,14.05699634552002,61.12421798706055,65.13724517822266,14.068526268005371,57.80583953857422,11.248540878295898,13.624610900878906
157.0,SAFETY_HOLD,4,OUTBOUND,0.3,0.8933,138.668,11.127,True,NORMAL,MONITOR,True,{},"[""uav2"", ""uav1"", ""uav0""]",limited,False,{},NONE,NORMAL,SAFE,1.0,IDLE,0.0,0.0,0.0,,orca3d,0.0,False,avoidance not required,,{},,,,,,,,,,,2,obstacle clearance violation,6.690,0.894,0.060,0,0,0.0,0.0,[],61.43828201293945,59.1486701965332,14.055282592773438,61.12491989135742,65.14019012451172,14.066596984863281,57.80292510986328,11.255797386169434,13.625046730041504
157.2,SAFETY_HOLD,4,OUTBOUND,0.3,0.8932,138.6404,11.127,True,NORMAL,MONITOR,True,{},"[""uav2"", ""uav1"", ""uav0""]",limited,False,{},NONE,NORMAL,SAFE,1.0,IDLE,0.0,0.0,0.0,,orca3d,0.0,False,avoidance not required,,{},,,,,,,,,,,2,obstacle clearance violation,6.695,0.897,0.066,0,0,0.0,0.0,[],61.44292068481445,59.149009704589844,14.056360244750977,61.12969207763672,65.14227294921875,14.066271781921387,57.800018310546875,11.261252403259277,13.625873565673828
157.4,SAFETY_HOLD,4,OUTBOUND,0.3,0.8932,138.6404,11.127,True,NORMAL,MONITOR,True,{},"[""uav2"", ""uav1"", ""uav0""]",limited,False,{},NONE,NORMAL,SAFE,1.0,IDLE,0.0,0.0,0.0,,orca3d,0.0,False,avoidance not required,,{},,,,,,,,,,,2,obstacle clearance violation,6.696,0.900,0.071,0,0,0.0,0.0,[],61.44343566894531,59.150264739990234,14.054158210754395,61.12914276123047,65.14260864257812,14.062112808227539,57.80275344848633,11.258934020996094,13.627525329589844
157.6,SAFETY_HOLD,4,OUTBOUND,0.3,0.8931,138.6133,11.127,True,NORMAL,MONITOR,True,{},"[""uav2"", ""uav1"", ""uav0""]",limited,False,{},NONE,NORMAL,SAFE,1.0,IDLE,0.0,0.0,0.0,,orca3d,0.0,False,avoidance not required,,{},,,,,,,,,,,2,obstacle clearance violation,6.695,0.897,0.067,0,0,0.0,0.0,[],61.448150634765625,59.15202331542969,14.054888725280762,61.13242721557617,65.14348602294922,14.061735153198242,57.79884719848633,11.261180877685547,13.624043464660645
157.8,SAFETY_HOLD,4,OUTBOUND,0.3,0.8931,138.6133,11.127,True,NORMAL,MONITOR,True,{},"[""uav2"", ""uav1"", ""uav0""]",limited,False,{},NONE,NORMAL,SAFE,1.0,IDLE,0.0,0.0,0.0,,orca3d,0.0,False,avoidance not required,,{},,,,,,,,,,,2,obstacle clearance violation,6.694,0.901,0.072,0,0,0.0,0.0,[],61.44670104980469,59.15613555908203,14.056670188903809,61.12966537475586,65.1469497680664,14.057624816894531,57.801170349121094,11.257097244262695,13.6245756149292
158.0,SAFETY_HOLD,4,OUTBOUND,0.3,0.8931,138.6133,11.127,True,NORMAL,MONITOR,True,{},"[""uav2"", ""uav1"", ""uav0""]",limited,False,{},NONE,NORMAL,SAFE,1.0,IDLE,0.0,0.0,0.0,,orca3d,0.0,False,avoidance not required,,{},,,,,,,,,,,2,obstacle clearance violation,6.692,0.899,0.068,0,0,0.0,0.0,[],61.4429931640625,59.161720275878906,14.062491416931152,61.12622833251953,65.14906311035156,14.054590225219727,57.799102783203125,11.261005401611328,13.621236801147461
158.2,SAFETY_HOLD,4,OUTBOUND,0.3,0.8929,138.5861,11.127,True,NORMAL,MONITOR,True,{},"[""uav2"", ""uav1"", ""uav0""]",limited,False,{},NONE,NORMAL,SAFE,1.0,IDLE,0.0,0.0,0.0,,orca3d,0.0,False,avoidance not required,,{},,,,,,,,,,,2,obstacle clearance violation,6.689,0.901,0.073,0,0,0.0,0.0,[],61.44481658935547,59.166046142578125,14.066763877868652,61.12849044799805,65.15068817138672,14.057220458984375,57.80256652832031,11.258379936218262,13.622117042541504
158.4,SAFETY_HOLD,4,OUTBOUND,0.3,0.8929,138.5861,11.127,True,NORMAL,MONITOR,True,{},"[""uav2"", ""uav1"", ""uav0""]",limited,False,{},NONE,NORMAL,SAFE,1.0,IDLE,0.0,0.0,0.0,,orca3d,0.0,False,avoidance not required,,{},,,,,,,,,,,2,obstacle clearance violation,6.687,0.897,0.069,0,0,0.0,0.0,[],61.44208526611328,59.16994094848633,14.067782402038574,61.12772750854492,65.15553283691406,14.05935287475586,57.7982177734375,11.263679504394531,13.626009941101074
158.6,SAFETY_HOLD,4,OUTBOUND,0.3,0.8928,138.559,11.127,True,NORMAL,MONITOR,True,{},"[""uav2"", ""uav1"", ""uav0""]",limited,False,{},NONE,NORMAL,SAFE,1.0,IDLE,0.0,0.0,0.0,,orca3d,0.0,False,avoidance not required,,{},,,,,,,,,,,2,obstacle clearance violation,6.689,0.902,0.073,0,0,0.0,0.0,[],61.43726348876953,59.1734619140625,14.07063102722168,61.12553787231445,65.1621322631836,14.059645652770996,57.792240142822266,11.270248413085938,13.626205444335938
158.8,SAFETY_HOLD,4,OUTBOUND,0.3,0.8928,138.559,11.127,True,NORMAL,MONITOR,True,{},"[""uav2"", ""uav1"", ""uav0""]",limited,False,{},NONE,NORMAL,SAFE,1.0,IDLE,0.0,0.0,0.0,,orca3d,0.0,False,avoidance not required,,{},,,,,,,,,,,2,obstacle clearance violation,6.693,0.908,0.081,0,0,0.0,0.0,[],61.438838958740234,59.175113677978516,14.072856903076172,61.12828826904297,65.1656494140625,14.063371658325195,57.79363250732422,11.268735885620117,13.62805461883545
159.0,SAFETY_HOLD,4,OUTBOUND,0.3,0.8928,138.559,11.127,True,NORMAL,MONITOR,True,{},"[""uav2"", ""uav1"", ""uav0""]",limited,False,{},NONE,NORMAL,SAFE,1.0,IDLE,0.0,0.0,0.0,,orca3d,0.0,False,avoidance not required,,{},,,,,,,,,,,2,obstacle clearance violation,6.695,0.906,0.079,0,0,0.0,0.0,[],61.4415168762207,59.17812728881836,14.074311256408691,61.127742767333984,65.16973876953125,14.069694519042969,57.790035247802734,11.27716064453125,13.62996768951416
159.2,SAFETY_HOLD,4,OUTBOUND,0.3,0.8927,138.532,11.127,True,NORMAL,MONITOR,True,{},"[""uav2"", ""uav1"", ""uav0""]",limited,False,{},NONE,NORMAL,SAFE,1.0,IDLE,0.0,0.0,0.0,,orca3d,0.0,False,avoidance not required,,{},,,,,,,,,,,2,obstacle clearance violation,6.695,0.910,0.086,0,0,0.0,0.0,[],61.44874954223633,59.17920684814453,14.076139450073242,61.13207244873047,65.17076873779297,14.07534408569336,57.79328918457031,11.276165962219238,13.632774353027344
159.4,SAFETY_HOLD,4,OUTBOUND,0.3,0.8927,138.532,11.127,True,NORMAL,MONITOR,True,{},"[""uav2"", ""uav1"", ""uav0""]",limited,False,{},NONE,NORMAL,SAFE,1.0,IDLE,0.0,0.0,0.0,,orca3d,0.0,False,avoidance not required,,{},,,,,,,,,,,2,obstacle clearance violation,6.693,0.907,0.083,0,0,0.0,0.0,[],61.45071792602539,59.1806526184082,14.078397750854492,61.134891510009766,65.1710433959961,14.081195831298828,57.795082092285156,11.280747413635254,13.634745597839355
159.6,SAFETY_HOLD,4,OUTBOUND,0.3,0.8925,138.5049,11.127,True,NORMAL,MONITOR,True,{},"[""uav2"", ""uav1"", ""uav0""]",limited,False,{},NONE,NORMAL,SAFE,1.0,IDLE,0.0,0.0,0.0,,orca3d,0.0,False,avoidance not required,,{},,,,,,,,,,,2,obstacle clearance violation,6.693,0.905,0.085,0,0,0.0,0.0,[],61.456851959228516,59.1802864074707,14.079431533813477,61.14060974121094,65.1694107055664,14.083457946777344,57.80191421508789,11.27686595916748,13.637434005737305
159.8,SAFETY_HOLD,4,OUTBOUND,0.3,0.8925,138.5049,11.127,True,NORMAL,MONITOR,True,{},"[""uav2"", ""uav1"", ""uav0""]",limited,False,{},NONE,NORMAL,SAFE,1.0,IDLE,0.0,0.0,0.0,,orca3d,0.0,False,avoidance not required,,{},,,,,,,,,,,2,obstacle clearance violation,6.691,0.898,0.077,0,0,0.0,0.0,[],61.45928955078125,59.18215560913086,14.0819673538208,61.14171600341797,65.16949462890625,14.082408905029297,57.8033332824707,11.27929973602295,13.637035369873047
160.0,SAFETY_HOLD,4,OUTBOUND,0.3,0.8925,138.5049,11.127,True,NORMAL,MONITOR,True,{},"[""uav2"", ""uav1"", ""uav0""]",limited,False,{},NONE,NORMAL,SAFE,1.0,IDLE,0.0,0.0,0.0,,orca3d,0.0,False,avoidance not required,,{},,,,,,,,,,,2,obstacle clearance violation,6.689,0.897,0.078,0,0,0.0,0.0,[],61.464725494384766,59.18174362182617,14.084129333496094,61.14570999145508,65.16787719726562,14.08275032043457,57.8091926574707,11.274192810058594,13.637636184692383
160.2,SAFETY_HOLD,4,OUTBOUND,0.3,0.8924,138.4778,11.127,True,NORMAL,MONITOR,True,{},"[""uav2"", ""uav1"", ""uav0""]",limited,False,{},NONE,NORMAL,SAFE,1.0,IDLE,0.0,0.0,0.0,,orca3d,0.0,False,avoidance not required,,{},,,,,,,,,,,2,obstacle clearance violation,6.687,0.891,0.071,0,0,0.0,0.0,[],61.46393966674805,59.183929443359375,14.086885452270508,61.14439392089844,65.16840362548828,14.083377838134766,57.80781173706055,11.277093887329102,13.642498016357422
160.4,SAFETY_HOLD,4,OUTBOUND,0.3,0.8924,138.4778,11.127,True,NORMAL,MONITOR,True,{},"[""uav2"", ""uav1"", ""uav0""]",limited,False,{},NONE,NORMAL,SAFE,1.0,IDLE,0.0,0.0,0.0,,orca3d,0.0,False,avoidance not required,,{},,,,,,,,,,,2,obstacle clearance violation,6.686,0.892,0.073,0,0,0.0,0.0,[],61.46699142456055,59.183528900146484,14.087489128112793,61.146305084228516,65.16727447509766,14.084383964538574,57.81133270263672,11.272185325622559,13.64685344696045
160.6,SAFETY_HOLD,4,OUTBOUND,0.3,0.8923,138.4508,11.127,True,NORMAL,MONITOR,True,{},"[""uav2"", ""uav1"", ""uav0""]",limited,False,{},NONE,NORMAL,SAFE,1.0,IDLE,0.0,0.0,0.0,,orca3d,0.0,False,avoidance not required,,{},,,,,,,,,,,2,obstacle clearance violation,6.684,0.889,0.067,0,0,0.0,0.0,[],61.4653434753418,59.185752868652344,14.08618450164795,61.14280700683594,65.16934967041016,14.085485458374023,57.80814743041992,11.275078773498535,13.651034355163574
160.8,SAFETY_HOLD,4,OUTBOUND,0.3,0.8923,138.4508,11.127,True,NORMAL,MONITOR,True,{},"[""uav2"", ""uav1"", ""uav0""]",limited,False,{},NONE,NORMAL,SAFE,1.0,IDLE,0.0,0.0,0.0,,orca3d,0.0,False,avoidance not required,,{},,,,,,,,,,,2,obstacle clearance violation,6.683,0.892,0.070,0,0,0.0,0.0,[],61.467628479003906,59.18536376953125,14.08615493774414,61.139156341552734,65.1757583618164,14.08795166015625,57.81085205078125,11.270230293273926,13.652764320373535
161.0,SAFETY_HOLD,4,OUTBOUND,0.3,0.8923,138.4508,11.127,True,NORMAL,MONITOR,True,{},"[""uav2"", ""uav1"", ""uav0""]",limited,False,{},NONE,NORMAL,SAFE,1.0,IDLE,0.0,0.0,0.0,,orca3d,0.0,False,avoidance not required,,{},,,,,,,,,,,2,obstacle clearance violation,6.687,0.889,0.065,0,0,0.0,0.0,[],61.465797424316406,59.18421936035156,14.08151626586914,61.14031982421875,65.17790985107422,14.091174125671387,57.807273864746094,11.273453712463379,13.6535062789917
161.2,SAFETY_HOLD,4,OUTBOUND,0.3,0.8921,138.424,11.127,True,NORMAL,MONITOR,True,{},"[""uav2"", ""uav1"", ""uav0""]",limited,False,{},NONE,NORMAL,SAFE,1.0,IDLE,0.0,0.0,0.0,,orca3d,0.0,False,avoidance not required,,{},,,,,,,,,,,2,obstacle clearance violation,6.691,0.893,0.069,0,0,0.0,0.0,[],61.46098709106445,59.18437194824219,14.073278427124023,61.13987731933594,65.1790771484375,14.096019744873047,57.8097038269043,11.269013404846191,13.653934478759766
161.4,SAFETY_HOLD,4,OUTBOUND,0.3,0.8921,138.424,11.127,True,NORMAL,MONITOR,True,{},"[""uav2"", ""uav1"", ""uav0""]",limited,False,{},NONE,NORMAL,SAFE,1.0,IDLE,0.0,0.0,0.0,,orca3d,0.0,False,avoidance not required,,{},,,,,,,,,,,2,obstacle clearance violation,6.694,0.890,0.064,0,0,0.0,0.0,[],61.46173095703125,59.18232345581055,14.069506645202637,61.143192291259766,65.17708587646484,14.0975341796875,57.80632781982422,11.268829345703125,13.649711608886719
161.6,SAFETY_HOLD,4,OUTBOUND,0.3,0.892,138.3972,11.127,True,NORMAL,MONITOR,True,{},"[""uav2"", ""uav1"", ""uav0""]",limited,False,{},NONE,NORMAL,SAFE,1.0,IDLE,0.0,0.0,0.0,,orca3d,0.0,False,avoidance not required,,{},,,,,,,,,,,2,obstacle clearance violation,6.695,0.894,0.066,0,0,0.0,0.0,[],61.4571418762207,59.18399429321289,14.068063735961914,61.1428108215332,65.17740631103516,14.096415519714355,57.808807373046875,11.26234245300293,13.6475191116333
161.8,SAFETY_HOLD,4,OUTBOUND,0.3,0.892,138.3972,11.127,True,NORMAL,MONITOR,True,{},"[""uav2"", ""uav1"", ""uav0""]",limited,False,{},NONE,NORMAL,SAFE,1.0,IDLE,0.0,0.0,0.0,,orca3d,0.0,False,avoidance not required,,{},,,,,,,,,,,2,obstacle clearance violation,6.696,0.891,0.060,0,0,0.0,0.0,[],61.45817565917969,59.18303680419922,14.070283889770508,61.14626693725586,65.17530822753906,14.094703674316406,57.80341720581055,11.263957977294922,13.645572662353516
162.0,SAFETY_HOLD,4,OUTBOUND,0.3,0.892,138.3972,11.127,True,NORMAL,MONITOR,True,{},"[""uav2"", ""uav1"", ""uav0""]",limited,False,{},NONE,NORMAL,SAFE,1.0,IDLE,0.0,0.0,0.0,,orca3d,0.0,False,avoidance not required,,{},,,,,,,,,,,2,obstacle clearance violation,6.696,0.897,0.065,0,0,0.0,0.0,[],61.45695114135742,59.18719482421875,14.073047637939453,61.14877700805664,65.17598724365234,14.095453262329102,57.80520248413086,11.259078025817871,13.644367218017578
162.2,SAFETY_HOLD,4,OUTBOUND,0.3,0.8919,138.3701,11.127,True,NORMAL,MONITOR,True,{},"[""uav2"", ""uav1"", ""uav0""]",limited,False,{},NONE,NORMAL,SAFE,1.0,IDLE,0.0,0.0,0.0,,orca3d,0.0,False,avoidance not required,,{},,,,,,,,,,,2,obstacle clearance violation,6.695,0.895,0.060,0,0,0.0,0.0,[],61.46001052856445,59.18775939941406,14.075395584106445,61.15363693237305,65.17394256591797,14.094802856445312,57.80326843261719,11.263350486755371,13.646699905395508
162.4,SAFETY_HOLD,4,OUTBOUND,0.3,0.8919,138.3701,11.127,True,NORMAL,MONITOR,True,{},"[""uav2"", ""uav1"", ""uav0""]",limited,False,{},NONE,NORMAL,SAFE,1.0,IDLE,0.0,0.0,0.0,,orca3d,0.0,False,avoidance not required,,{},,,,,,,,,,,2,obstacle clearance violation,6.693,0.897,0.064,0,0,0.0,0.0,[],61.45326232910156,59.19318771362305,14.077533721923828,61.15177536010742,65.17748260498047,14.093484878540039,57.8072509765625,11.259990692138672,13.648042678833008
162.6,SAFETY_HOLD,4,OUTBOUND,0.3,0.8917,138.3432,11.127,True,NORMAL,MONITOR,True,{},"[""uav2"", ""uav1"", ""uav0""]",limited,False,{},NONE,NORMAL,SAFE,1.0,IDLE,0.0,0.0,0.0,,orca3d,0.0,False,avoidance not required,,{},,,,,,,,,,,2,obstacle clearance violation,6.694,0.893,0.059,0,0,0.0,0.0,[],61.45238494873047,59.194000244140625,14.079060554504395,61.149452209472656,65.18082427978516,14.094428062438965,57.80378341674805,11.264626502990723,13.649320602416992
